center_0,center_1,center_2,center_3,center_4,center_5,center_6,center_7,center_8,center_9,center_10,center_11,center_12,center_13,center_14,center_15,center_16,center_17,center_18,center_19,center_20,center_21,center_22,center_23,center_24,center_25,center_26,center_27,center_28,center_29,center_30,center_31,center_32,center_33,center_34,center_35,center_36,center_37,center_38,center_39,center_40,radius
0.6211614014340582,0.8435026119152762,0.538120195006196,0.5496989224731628,0.27138679974548363,0.5552675290409326,0.2924068901216944,0.3334920197652944,0.1823345814990318,0.13180121142564094,0.030721811727532522,0.08831183452756497,0.021740041722371206,0.718361566402979,0.6307549868830555,0.05569729395673073,0.46858008450929056,0.005203869814118689,0.8561394033354548,0.3370846928004738,0.760560196186496,0.27976202826483754,0.8113205450412377,0.12399651726346761,0.6686177254082684,0.4298016484886955,0.25175558654591423,0.48577218447911996,0.9053315265458066,0.1477596071298083,0.6301178975097046,0.008390946234887897,0.22942476372683496,0.27219737052823956,0.47370577315046736,0.372714354649508,0.7953902171433782,0.6514575331065343,0.41086314334722396,0.27207293031551105,0.42515823439803946,2.5243028149247504
0.4087920094361246,0.7461435088378479,0.4867757525954777,0.8513366964425506,0.8246345182288076,0.8631109785374488,0.880103923910152,0.08459247373302736,0.5143276374602925,0.6692963834652718,0.6779418385854802,0.5259320698025769,0.8055585849177593,0.2950757155861796,0.8414916609404107,0.4427420137283369,0.28387571887217655,0.8797466019777975,0.2465899928333285,0.031305456236364826,0.8819773631617908,0.5558325677886885,0.7915880538680786,0.6846520803896501,0.47255188230170597,0.20867143959522383,0.890157338362088,0.06772783706242314,0.6849680719253624,0.4919613087519418,0.7955541408860048,0.021415160493058027,0.5064880680079282,0.5860667664555415,0.6966426012566855,0.12195287771389651,0.2121387049311526,0.25243034317267476,0.9033313456210598,0.5371996326393629,0.11515027219752605,3.37922889383268
