center_0,center_1,center_2,center_3,center_4,center_5,center_6,center_7,center_8,center_9,center_10,center_11,center_12,center_13,center_14,center_15,center_16,center_17,center_18,center_19,center_20,center_21,center_22,center_23,center_24,center_25,center_26,center_27,center_28,center_29,center_30,center_31,center_32,center_33,center_34,center_35,center_36,center_37,center_38,center_39,center_40,radius
0.7820362153543594,0.539873791384845,0.8590199317320018,0.2434327709644274,0.18361964064928238,0.572042163418468,0.4041878040517132,0.5373835685349709,0.37527612788302145,0.8558771979586528,0.22040391670154624,0.8819897736855284,0.19939142874600724,0.754183966992645,0.443869119482899,0.727706292890762,0.35216137506326683,0.7158426392417436,0.8592513284684591,0.025403664246111957,0.8653659752085965,0.5430657433961088,0.4770204156143424,0.7523982366010974,0.8557756004614887,0.4727004177934301,0.65835825549671,0.5284981883949729,0.10829508447561009,0.8743933561048084,0.5580113843452791,0.33647638889824905,0.9119180478070003,0.8620638090960856,0.6697664643971409,0.5402678404547975,0.047504111260876614,0.7402046305871226,0.8061561734160766,0.5736973469866509,0.9429483280078914,3.5077623402537066
