center_0,center_1,center_2,center_3,center_4,center_5,center_6,center_7,center_8,center_9,center_10,center_11,center_12,center_13,center_14,center_15,center_16,center_17,center_18,center_19,center_20,center_21,center_22,center_23,center_24,center_25,center_26,center_27,center_28,center_29,center_30,center_31,center_32,center_33,center_34,center_35,center_36,center_37,center_38,center_39,center_40,radius
0.17675369185226086,0.9949981889573976,0.730047020976817,0.6626058388962028,0.33523695388031305,0.03380913854523793,0.3880777706677033,0.9934294984610221,0.8794142820668078,0.8620946205177641,0.49782659000207397,0.19252534233253593,0.9340007670650998,0.8822363826425204,0.3283238392811102,0.15480941578611795,0.5095025161533777,0.48721532499654296,0.003234784923216494,0.08902299712865613,0.7364001776125594,0.04340220103020909,0.6502263183898582,0.543283023911082,0.8177871562731509,0.6009360420519575,0.8240322947148268,0.6961410093972531,0.4848801759575554,0.6153746973106748,0.18110863904966812,0.5575991941372952,0.34832807024892587,0.6505442250030514,0.059134900087718156,0.06252693884196181,0.6025589555154577,0.540855786812512,0.6708439909664141,0.8676708171519139,0.27953071109965566,3.2901584580796315
0.9959752469859307,0.07543300782251128,0.06727118574676183,0.28472673344256627,0.05939874567181025,0.1011891414725451,0.3806465810587991,0.026348246860819713,0.7215168132627576,0.3557770718104416,0.8673699379836308,0.7946990108229189,0.24113478798752475,0.14072620525180435,0.7170152528003696,0.9748743984092094,0.5673500084190767,0.3996274311919995,0.7813709461598398,0.9382192073024906,0.05911667018526667,0.786833849820006,0.5510444117092202,0.5125365351737218,0.5658221351243216,0.019926873521373456,0.024079143366512734,0.8471720597670599,0.4385613595832195,0.5612703833800221,0.5958390218326045,0.9190328431856346,0.6317290979721784,0.1529472373889057,0.3254098641760451,0.5808404060544201,0.3013402277814867,0.49194697685522026,0.7132585413495744,0.13635284241747148,0.6397504488415806,3.301921553201845
