center_0,center_1,center_2,center_3,center_4,center_5,center_6,center_7,center_8,center_9,center_10,center_11,center_12,center_13,center_14,center_15,center_16,center_17,center_18,center_19,center_20,center_21,center_22,center_23,center_24,center_25,center_26,center_27,center_28,center_29,center_30,center_31,center_32,center_33,center_34,center_35,center_36,center_37,center_38,center_39,center_40,radius
0.7974071244779896,0.5388627858802697,0.7411460572516164,0.7708730752701224,0.4483841574092745,0.5289877023696306,0.46359426651402824,0.3827800800395247,0.8454967587410864,0.8229366384797726,0.3229686369848781,0.3530522370599787,0.5630077333182955,0.7346690979058348,0.4615434348919064,0.9455068261324339,0.6829465911443585,0.16790482638719983,0.6455272380557044,0.8099072670508934,0.8386278550002483,0.0817918960728432,0.873871749828948,0.10598068593596022,0.5399839572999909,0.0009438730870365841,0.6898905237910871,0.08699224859624966,0.7718886045464097,0.36295861572420285,0.5487076395858468,0.10423389738573496,0.6043358624293447,0.6829057639779826,0.24790998301522638,0.18607713452760333,0.03670055256787952,0.9874224618444775,0.7853521007287935,0.11019773593073479,0.9545721002856133,3.351014946665241
0.25900387414597625,0.40624197329897527,0.06303892892696095,0.21384576167614233,0.5814244939103808,0.47914405626570644,0.42906627203826464,0.6171743389883492,0.015920443141506868,0.5714524116866215,0.264544585851606,0.8154090930594966,0.6265761001062847,0.9162292675615723,0.8136290256580959,0.14493527696847408,0.1544080201996061,0.9656024154555255,0.09693768654880319,0.9098470164561205,0.021050741144491014,0.8112233541168873,0.680990075792269,0.8210622828561974,0.3766352399657519,0.7164494799846273,0.211505048206454,0.8563900394403866,0.14979105136791215,0.6260946971340293,0.48134710144272663,0.9353260633426999,0.0269925086909254,0.18377347418034384,0.957206020154917,0.1778742561243467,0.7729132889173155,0.1730967343101122,0.7571439563705678,0.7916782892915318,0.16091352856976637,3.2834054590169814
