center_0,center_1,center_2,center_3,center_4,center_5,center_6,center_7,center_8,center_9,center_10,center_11,center_12,center_13,center_14,center_15,center_16,center_17,center_18,center_19,center_20,center_21,center_22,center_23,center_24,center_25,center_26,center_27,center_28,center_29,center_30,center_31,center_32,center_33,center_34,center_35,center_36,center_37,center_38,center_39,center_40,radius
0.8585947466750974,0.8528261180213513,0.294091347599589,0.8764926195728658,0.8307463344640017,0.43451864710858035,0.025482687769234902,0.6968833395579124,0.3724165422039878,0.7687058757901966,0.9565638038004238,0.30351288258511333,0.036624726489251413,0.21805945919258718,0.5205661725630802,0.05783659367320171,0.22251738318941672,0.009340401813537014,0.8426645622881729,0.04834765474798708,0.8509655903241293,0.26288841337688484,0.6092434746835796,0.6880507202439079,0.6180063291746993,0.20292470823936493,0.6394707337740653,0.528292851315967,0.7815422893538782,0.42541847008244615,0.8211625125338216,0.46130616995657414,0.7714654522223161,0.7260388450623577,0.9636348180599765,0.6065706457416731,0.6097357988417637,0.6403834003095785,0.2341715159012786,0.353616203933957,0.5576649944567227,3.2632618441257852
0.5405752418112832,0.102520033904269,0.5300017740720423,0.10544074289705585,0.8241791458282988,0.3148798749102907,0.6619035085802596,0.08262967977756297,0.9686757956189237,0.022330415007777438,0.2995615012565441,0.4454461298947411,0.8132517615461757,0.8459199131671996,0.9618996770136441,0.6469977958540134,0.6396525658632173,0.8658908664728976,0.280054008133127,0.741747933861065,0.2552177412835034,0.9855406044481019,0.10372507446439072,0.19048768134707594,0.8172345933030299,0.7234848996811688,0.039910854511868266,0.818612259232597,0.28500502388129123,0.7058779388434059,0.06605907043882298,0.12618580175092486,0.03819397810366065,0.23221535181950625,0.15563573002414433,0.061556398484612695,0.047863942767506606,0.0828586521135587,0.5023655832130375,0.7270631284871553,0.1930523559418733,3.4745115631852452
