center_0,center_1,center_2,center_3,center_4,center_5,center_6,center_7,center_8,center_9,center_10,center_11,center_12,center_13,center_14,center_15,center_16,center_17,center_18,center_19,center_20,center_21,center_22,center_23,center_24,center_25,center_26,center_27,center_28,center_29,center_30,center_31,center_32,center_33,center_34,center_35,center_36,center_37,center_38,center_39,center_40,radius
0.22959989871197528,0.3114953634596277,0.4807076184111827,0.18924411538705121,0.8705260743109208,0.6452542338766276,0.15270964697654232,0.7360560690845844,0.9961598717662852,0.6101825928886052,0.6067545650797129,0.30316792130147163,0.045729866675995656,0.7069120911057725,0.5241897871598362,0.4927876487264109,0.41225872499021377,0.12618893869183623,0.6647126369620151,0.6833542384172929,0.660729061097973,0.5126437013184492,0.8977029806938939,0.04105325876408916,0.10993757708497032,0.9690499497542079,0.5440899110283955,0.8308399042448252,0.6259285765102371,0.02586886064088123,0.796087637646226,0.3269086549918764,0.9881460859488451,0.18853444596540714,0.21801784945953295,0.7083395057342012,0.19913606288570618,0.6265943845895227,0.9852865841520133,0.22513525773084686,0.35596297786918485,3.254626879616473
0.9981741354251886,0.7083110017829307,0.7427290652683832,0.7676309732426858,0.0821615169311003,0.6839342137545296,0.9476695558052224,0.4634949790132441,0.018971196312927652,0.19580995379808808,0.6266369980103369,0.6007667185052006,0.43263443246171074,0.40962123029613795,0.24636654316117745,0.6536932905187985,0.15764510345175375,0.8846869428656389,0.8575142175146074,0.3862782132822711,0.6506402443390779,0.5166329778018287,0.23041118108739211,0.9179602407816152,0.8032887471186494,0.3617579405822733,0.1906589266760953,0.21187264937791306,0.7656848258855292,0.9742213274105006,0.4064735102468233,0.7091632218404396,0.17528833336205618,0.9216243811607235,0.15024323201257683,0.5613392973864014,0.9565321394292072,0.38720227902818305,0.5700033309518477,0.5302882653621191,0.01832873785189615,3.085805897498789
