center_0,center_1,center_2,center_3,center_4,center_5,center_6,center_7,center_8,center_9,center_10,center_11,center_12,center_13,center_14,center_15,center_16,center_17,center_18,center_19,center_20,center_21,center_22,center_23,center_24,center_25,center_26,center_27,center_28,center_29,center_30,center_31,center_32,center_33,center_34,center_35,center_36,center_37,center_38,center_39,center_40,radius
0.8642531209269475,0.5956061278985956,0.7663148389394707,0.030481406668857458,0.954443365519135,0.9290505072994106,0.7450755496915831,0.5331758942585696,0.7969028586814222,0.8125628942057195,0.887747704050874,0.029461462885103318,0.3989636264374564,0.4294577645734259,0.3959675594664456,0.18240666717491616,0.46853026837051504,0.8528939577953669,0.350857410772349,0.09459667606462996,0.7446196451800986,0.2548959803597356,0.7449093879848369,0.5705719474022112,0.35783573163524796,0.2268512249381225,0.004505415550642322,0.17766492651998156,0.8044770272399515,0.8361149570795737,0.8184875088687944,0.6800541355467367,0.8297736258186027,0.8104366275055813,0.7619052249097129,0.8571972421689952,0.2119759777267709,0.0028167440805300092,0.6177587076605142,0.7427257625690888,0.8350622852737101,3.691723265353305
