center_0,center_1,center_2,center_3,center_4,center_5,center_6,center_7,center_8,center_9,center_10,center_11,center_12,center_13,center_14,center_15,center_16,center_17,center_18,center_19,center_20,center_21,center_22,center_23,center_24,center_25,center_26,center_27,center_28,center_29,center_30,center_31,center_32,center_33,center_34,center_35,center_36,center_37,center_38,center_39,center_40,radius
0.9407017233164541,0.39026931581792734,0.16640943050292345,0.01621093462717149,0.010759842955518129,0.31560787452478267,0.5606006881474642,0.3428510585954879,0.5498950429655871,0.056663866083571546,0.8650342976792084,0.6189920716628985,0.6202057626669822,0.366824495032946,0.8791118747312777,0.9391949320119253,0.23451141737503634,0.8748461471432144,0.9688249700205793,0.32981599917182913,0.35618203011790983,0.17577615503980404,0.4156710106559529,0.3585386901670963,0.13302706519139196,0.13595282483835536,0.5974262896314672,0.7623156006332352,0.5663180165479782,0.9141512164746846,0.3432461766604361,0.5525535901983454,0.8435600505845962,0.9919599037521465,0.3017690937208123,0.7599542511150451,0.7308850168224831,0.3600218940787663,0.2511311400476459,0.00010398182533721823,0.6875947919240754,3.142230691759926
0.3050080983639277,0.7807516615056377,0.9757793290691704,0.7323761381485726,0.3918745892572807,0.8568763456891222,0.03163823629543949,0.7861530157261788,0.8774012457916618,0.7044324227541824,0.25610133204971586,0.7426969141578357,0.3364624597637189,0.4640135210634374,0.36235965181450036,0.45111524092574395,0.6806837425288256,0.9429279914476222,0.2334965762802521,0.3396380166722305,0.8875017736719043,0.5615852918333936,0.9151216424160765,0.9707071254270772,0.9617002172143376,0.11165210942559278,0.7688443897596725,0.40611023415596537,0.49398948477847715,0.1432872712945027,0.6949322614962342,0.00689551055468407,0.43917956482966924,0.25794893197507407,0.9129152225271239,0.9085219482231338,0.5034043524412426,0.8993967503789105,0.9205323230409124,0.4204924761089708,0.4689158392511731,3.5849770457103203
