center_0,center_1,center_2,center_3,center_4,center_5,center_6,center_7,center_8,center_9,center_10,center_11,center_12,center_13,center_14,center_15,center_16,center_17,center_18,center_19,center_20,center_21,center_22,center_23,center_24,center_25,center_26,center_27,center_28,center_29,center_30,center_31,center_32,center_33,center_34,center_35,center_36,center_37,center_38,center_39,center_40,radius
0.9881810329049054,0.8386382549631205,0.3172788874011674,0.5842580323125085,0.05125926108216905,0.8829519700947335,0.872919156709156,0.7603907430831653,0.8052537357193763,0.24609929119862584,0.8709902364355029,0.6576687661952118,0.39213834182400675,0.31539673877402796,0.32080094605111176,0.4507957150839428,0.30555493359090524,0.15001284034597384,0.35397715286031284,0.6211967618752898,0.9687219531784408,0.13377788451916006,0.4973523270379252,0.8551545271211899,0.13255476435157365,0.7391261785186704,0.2192032633071186,0.7942740925456996,0.27239424982448557,0.01584465628073617,0.7783557704989532,0.18326142008347324,0.17853524704678447,0.28922248960290764,0.07778485794944734,0.3027738697593555,0.2364530016164348,0.6597712789906621,0.5826178648955559,0.64786025668318,0.7504067371968219,3.2492773408238484
0.38231675745193405,0.030398834686084064,0.9012362743622658,0.09540424256594804,0.8413459947756878,0.5275436144322352,0.0866258138798005,0.7588263567844844,0.5098312689175056,0.8387226246239321,0.08927243370635518,0.7060615552528061,0.5993437914282159,0.4531436425343691,0.7154856281721534,0.6236257319982099,0.5961841188850643,0.41389628643461307,0.07526229390659978,0.024869292660257614,0.10285824528547782,0.8055949012432045,0.8224859128697319,0.06219382117180672,0.7593382161987845,0.10429392462569809,0.9407983542977018,0.8579231107433587,0.6452935051506244,0.9127182469513362,0.3175972188850007,0.6012459385853401,0.988179010922265,0.8052927658450864,0.01561890732200144,0.6028245783750495,0.49488083893417445,0.8491579462078707,0.5966952736388195,0.09879232041018227,0.7161979253444215,3.261998353916203
