center_0,center_1,center_2,center_3,center_4,center_5,center_6,center_7,center_8,center_9,center_10,center_11,center_12,center_13,center_14,center_15,center_16,center_17,center_18,center_19,center_20,center_21,center_22,center_23,center_24,center_25,center_26,center_27,center_28,center_29,center_30,center_31,center_32,center_33,center_34,center_35,center_36,center_37,center_38,center_39,center_40,radius
0.5227307913952525,0.5020939317980202,0.0055913878798704575,0.11709110066331652,0.20296927514893726,0.8184408343537567,0.45274253837507217,0.41131297147020296,0.2940539320460074,0.5190423336735398,0.16743741638619913,0.8051915184519283,0.658283170151919,0.34782795124563193,0.33892910005535926,0.13531750429818268,0.9082811345977077,0.6830859411630443,0.34727234491690384,0.7477994750002116,0.8493629695017489,0.34598312294692457,0.2736934504154952,0.7007051063666471,0.32062384423217694,0.06442199495231749,0.11238548534629411,0.6518326177948467,0.2697482149983519,0.7799048422826087,0.10224502883192887,0.38727893055578555,0.9434186288115484,0.9079970952287918,0.07663613707285055,0.22929048928973383,0.5564738788270293,0.013304909718580449,0.4995762967909547,0.7661283876546451,0.7317183516012601,2.8956518578423887
0.07280591246230572,0.7011118279940093,0.9178339092490948,0.1288587601201926,0.5382670572842856,0.3875892842886218,0.4711539859973034,0.34030674368560776,0.8207196507106651,0.8746374802799257,0.8287670634332749,0.7793708008540192,0.7611402584771028,0.06168189109138844,0.9078453896249091,0.4633114431393288,0.12399965223454212,0.9739317686318153,0.7410821898679963,0.401871380541289,0.6489129781817666,0.5046453326793177,0.7036798512551768,0.9004477138284228,0.1488838158509037,0.7383075699323087,0.630925487145108,0.6790495972683886,0.6956605399131102,0.5328815188180955,0.8190404335956701,0.16857253433458486,0.07200805575156011,0.015861992132987335,0.919119830582804,0.677757170255561,0.8268594676147287,0.48717381247823255,0.10974978175775751,0.447537591911886,0.5296153487278576,3.5228462553676683
