center_0,center_1,center_2,center_3,center_4,center_5,center_6,center_7,center_8,center_9,center_10,center_11,center_12,center_13,center_14,center_15,center_16,center_17,center_18,center_19,center_20,center_21,center_22,center_23,center_24,center_25,center_26,center_27,center_28,center_29,center_30,center_31,center_32,center_33,center_34,center_35,center_36,center_37,center_38,center_39,center_40,radius
0.05871153891608272,0.5619712449536524,0.25661205188873604,0.2228467959449032,0.8610940416975944,0.14086445580262152,0.25040089702107715,0.9069586219576616,0.8083199378912984,0.3671692592618001,0.5733151199198115,0.5640453877863305,0.03323171393482216,0.25185837882609574,0.9597129935922851,0.22681874907810584,0.42813285589481587,0.7347079819913379,0.4141702463573943,0.20649481567844463,0.3598636636265844,0.8979093009534765,0.2905819539650376,0.7208292256294797,0.8281346126950785,0.6288016960538233,0.9476083849567403,0.4805327808209471,0.27387399175415306,0.6550419496361106,0.6162817903890087,0.08720568067656542,0.6940454328335945,0.24760653647230557,0.1898269636991995,0.3216191487968989,0.7354887072693737,0.6701508776163667,0.33939079448449305,0.38027653203495015,0.048319656864311944,3.2485342073587042
