center_0,center_1,center_2,center_3,center_4,center_5,center_6,center_7,center_8,center_9,center_10,center_11,center_12,center_13,center_14,center_15,center_16,center_17,center_18,center_19,center_20,center_21,center_22,center_23,center_24,center_25,center_26,center_27,center_28,center_29,center_30,center_31,center_32,center_33,center_34,center_35,center_36,center_37,center_38,center_39,center_40,radius
0.7866504244878578,0.9931948287673482,0.07743676747972117,0.25127327152602863,0.6758348323448766,0.28284026112399174,0.3094401686332364,0.3880210268002121,0.4693131734229603,0.8764971149615969,0.6379967317606027,0.6773019658520788,0.9771782685581274,0.10453129957297369,0.8292061782693945,0.5846712091408165,0.04834496927192722,0.04286158845596888,0.5329475090342256,0.9380273132590713,0.3017712414700877,0.5363912735378119,0.7208880502304889,0.34660544492863754,0.46348414756311407,0.8457399443725663,0.4983470953686956,0.9844194313564437,0.41147976755908666,0.2285755357468473,0.19674410384318108,0.5201576873873969,0.5264697177322418,0.708691234589164,0.6151169080530747,0.8388912420728526,0.09629967635869696,0.9615814414581514,0.39011492646636825,0.7921062403301995,0.40595788471858185,3.3775616347726665
