center_0,center_1,center_2,center_3,center_4,center_5,center_6,center_7,center_8,center_9,center_10,center_11,center_12,center_13,center_14,center_15,center_16,center_17,center_18,center_19,center_20,center_21,center_22,center_23,center_24,center_25,center_26,center_27,center_28,center_29,center_30,center_31,center_32,center_33,center_34,center_35,center_36,center_37,center_38,center_39,center_40,radius
0.7532136475272107,0.5848056067478798,0.22872591934820896,0.7515706793381282,0.30381258498019525,0.8869472726472544,0.10575225168635394,0.14261700267197586,0.7508557521706853,0.7132224482445029,0.5802223742374704,0.0902366830228919,0.6475214129805814,0.9305291084685817,0.9939651185962338,0.37906522014171273,0.5616779247420278,0.05983259516811279,0.4032099883401664,0.1955474051480003,0.26389571329162376,0.4271331521012166,0.15080424934795267,0.13316116106247078,0.6360571387773211,0.8299283405518355,0.26140127243474687,0.7325853564052053,0.03972365258164445,0.0031005606259137952,0.9260552294904212,0.4355065675925377,0.17072250471317452,0.7709394959824207,0.7702497789464784,0.9184892611490872,0.4357622138079461,0.2369160939661199,0.031974061877965254,0.7013334510278083,0.14045406035207797,3.3336318450174067
0.00584172212838141,0.4226992634238649,0.437908714318616,0.27265778322701717,0.35782219313276364,0.15815634428436687,0.7487080317307011,0.8814948974041443,0.9639615942067052,0.07575862284258783,0.11079857288991557,0.7542845091784983,0.319680250252269,0.2877867607625989,0.2109965745514948,0.964763291432237,0.08861549554675252,0.8703376512800438,0.1811701863434565,0.7735362468107415,0.924634826211044,0.8113927821723785,0.15991664341869338,0.7064909912641081,0.6442432037024614,0.09791352170393597,0.0049163244163996644,0.0007536134840190334,0.41572397993274945,0.6792647298688287,0.4771316180820432,0.9872994730393932,0.30822361285732003,0.42704093067118976,0.8562741656078237,0.25714241752629496,0.14243791489092505,0.6899497449174827,0.963183991987105,0.17992000797674834,0.8104036878184192,3.3746885580662256
