center_0,center_1,center_2,center_3,center_4,center_5,center_6,center_7,center_8,center_9,center_10,center_11,center_12,center_13,center_14,center_15,center_16,center_17,center_18,center_19,center_20,center_21,center_22,center_23,center_24,center_25,center_26,center_27,center_28,center_29,center_30,center_31,center_32,center_33,center_34,center_35,center_36,center_37,center_38,center_39,center_40,radius
0.5729153655139729,0.8443552818744684,0.7200235662753744,0.8409925048896707,0.4935660171297851,0.21470324366308968,0.68720794129192,0.7625888918151138,0.8219982929915145,0.7935439840726085,0.4980418502376932,0.038437596640384264,0.6034184956527564,0.716613019416999,0.4917426809059432,0.38410543732062286,0.26860901412197147,0.7820006698074482,0.7213262408954996,0.6381343489406798,0.06782367751681329,0.8659325686176068,0.3077896208082138,0.11125602581637128,0.23061695152195538,0.896680523842682,0.7753369040536849,0.612982567546648,0.4394021675190768,0.6757180303775184,0.41007398571309106,0.5445505634894817,0.3796767879558377,0.816474475016087,0.38990432442356804,0.17923583853834402,0.17962310603154363,0.25259123844370257,0.6932195665359061,0.0659441460671415,0.6550257596951994,3.179039593655977
