center_0,center_1,center_2,center_3,center_4,center_5,center_6,center_7,center_8,center_9,center_10,center_11,center_12,center_13,center_14,center_15,center_16,center_17,center_18,center_19,center_20,center_21,center_22,center_23,center_24,center_25,center_26,center_27,center_28,center_29,center_30,center_31,center_32,center_33,center_34,center_35,center_36,center_37,center_38,center_39,center_40,center_41,radius
0.7405947252948829,0.27298570780565135,0.34959291649275237,0.33264587896997133,0.3897024043192415,0.30884237398945436,0.9092478882752733,0.3257324427422116,0.7575983872941634,0.43341275659798084,0.06491644627693915,0.44435635365701853,0.0015261487513448246,0.8507387100807968,0.19219271353771838,0.8688245255368038,0.4245922705825719,0.9578879690415969,0.20760118325929178,0.0009490662981841425,0.089338383720728,0.9962931099679452,0.4992425997872709,0.6421470753027051,0.8400787890150441,0.6303463168286702,0.32970514965159736,0.17880348686695435,0.34127831313133217,0.6574558845376852,0.5228297681765314,0.5649762197003461,0.9717253702435001,0.4947975712124263,0.878341382950767,0.031051201968762654,0.48391138376176834,0.15170732044382984,0.6068650211951716,0.6236816221552459,0.892368895572531,0.15958954086773902,3.5566598180736917
0.22044732334480477,0.8624115422763845,0.8063606306290199,0.9172913662761518,0.8882241562261529,0.0710589331099587,0.04975218825017447,0.8030682759574161,0.7554224385030066,0.9349588522087147,0.8823675948759252,0.8777955596286673,0.941004642364686,0.5411096651814449,0.9628707268323305,0.10230814637802599,0.12234857644550601,0.47485288199919173,0.9817539304893914,0.026525028171612064,0.7900533069939382,0.07711151949984019,0.9288565863949217,0.9819986936521073,6.649477152487204e-05,0.7770779014194119,0.6306096764491417,0.8918769294392498,0.3545066925671271,0.7460190298310424,0.23839333883389802,0.32328520712090114,0.2972801004472715,0.9795073303754567,0.8515325552459848,0.6674840891590271,0.7534037494109658,0.9394955603486459,0.6469924521203676,0.0718099039322736,0.01508826362628779,0.7326301835785534,3.914153329840549
