center_0,center_1,center_2,center_3,center_4,center_5,center_6,center_7,center_8,center_9,center_10,center_11,center_12,center_13,center_14,center_15,center_16,center_17,center_18,center_19,center_20,center_21,center_22,center_23,center_24,center_25,center_26,center_27,center_28,center_29,center_30,center_31,center_32,center_33,center_34,center_35,center_36,center_37,center_38,center_39,center_40,radius
0.20316512351747917,0.48437306438396266,0.5696773489855392,0.8484534475472122,0.6416959300694215,0.020181738510278047,0.7312395319136734,0.3399806759437737,0.9468816217015488,0.07024748107306755,0.7702054124099188,0.19402004690339303,0.30623860636777367,0.7995495426200676,0.9382275041902816,0.7618695038187974,0.027389796220691487,0.4366920222140249,0.08160295020335884,0.47814258018208056,0.4086224385861491,0.04052243907155828,0.024792984013195185,0.029555361793594748,0.7241777602867281,0.8906041275014668,0.10839657560556926,0.3423482987304921,0.6604957205854592,0.38150651551857817,0.8666158659478718,0.7411070540456152,0.09671842294392108,0.6825464674217563,0.480750853037188,0.9900121715849972,0.963333696223649,0.08250918467946389,0.7426568459748756,0.9683236760860979,0.7949565113156647,3.3590488747569487
0.702262863770527,0.00039345294274606424,0.7287625632762116,0.101000441760556,0.7073593420298893,0.5605966843767387,0.35305698578402733,0.8185017739613745,0.1378299336770793,0.9842470057213714,0.8401015961924447,0.9634468821427662,0.9260200503424795,0.04739917917163983,0.8294672454231786,0.5106708038398501,0.8944910980692035,0.1300135586842558,0.6818297547295041,0.4124791266951954,0.9985382335412183,0.8067755064740796,0.7751727224241175,0.4914736332606364,0.34386486858773013,0.3539382670758372,0.16016093409433863,0.9562057512665709,0.997874061361107,0.009751426234871352,0.45607598372206526,0.9058843559317641,0.37739899565634627,0.5806144019848362,0.698958847021834,0.004345059775085924,0.7641956383847801,0.728804642818546,0.6366998221305079,0.07294458029509687,0.9829077204500531,3.845726695135805
