center_0,center_1,center_2,center_3,center_4,center_5,center_6,center_7,center_8,center_9,center_10,center_11,center_12,center_13,center_14,center_15,center_16,center_17,center_18,center_19,center_20,center_21,center_22,center_23,center_24,center_25,center_26,center_27,center_28,center_29,center_30,center_31,center_32,center_33,center_34,center_35,center_36,center_37,center_38,center_39,center_40,radius
0.02722780989367124,0.041618652751943874,0.3719499613928444,0.6423958918192466,0.7396997071410967,0.31307461964148653,0.09410350771803344,0.21441990011946965,0.6162897021530019,0.7546262844497247,0.47811003176876965,0.40756687678028436,0.3462258735142718,0.8821700241398426,0.6457542980480911,0.2967733323659679,0.5788289717214287,0.7557309463156812,0.017031616673257033,0.9588440698972133,0.38881601458969484,0.47803422343589363,0.9596172843985737,0.0839042622686198,0.5806790197941434,0.7948207802558157,0.9006760881754041,0.6090304321509084,0.01985361098992433,0.9660619228438638,0.8338168249397483,0.7014670442252314,0.23363231631648773,0.10365896333231572,0.16317397565864578,0.6315888226757334,0.8182555638819364,0.692924699776674,0.4501060174357028,0.05531327529415131,0.10104542548891626,3.346505956203999
0.1963152144465129,0.8651515463175895,0.671479199233446,0.18051048837111305,0.5812072686831428,0.10622445656774127,0.9940914568036164,0.7083194102973163,0.4958119258760578,0.5319484469783217,0.7013038974672156,0.3810574680195239,0.7239315651228707,0.5705823622198609,0.010670010418808551,0.16305052238287632,0.3719916878192693,0.5206860246129902,0.9740907664263528,0.09869061513359745,0.80955527428455,0.046094038157682204,0.06562241479799258,0.9838716702689475,0.88978855087722,0.21113609301698855,0.04210719511962213,0.4948129307749902,0.8725982168977245,0.24822128731602844,0.032216903761389304,0.920593689376498,0.18118987902804806,0.7541757017125621,0.8025849450822883,0.006333720238441254,0.30684916271450824,0.37756838170391804,0.07021095203465877,0.8018400466284026,0.9468175057307779,3.1814286481506
