center_0,center_1,center_2,center_3,center_4,center_5,center_6,center_7,center_8,center_9,center_10,center_11,center_12,center_13,center_14,center_15,center_16,center_17,center_18,center_19,center_20,center_21,center_22,center_23,center_24,center_25,center_26,center_27,center_28,center_29,center_30,center_31,center_32,center_33,center_34,center_35,center_36,center_37,center_38,center_39,center_40,radius
0.7983289948236966,0.48951434935688287,0.4524124610609297,0.7817492195235787,0.441871662680396,0.6381734857524973,0.24882692932652695,0.4446738429232061,0.9386826033911189,0.7812865512855391,0.01525888142818721,0.6528745973549919,0.26485814121734996,0.6896849717611938,0.8886639456613065,0.894887481496955,0.9857941562721662,0.057485966102760244,0.5509820129162418,0.8437059652292924,0.051298752155148675,0.14322991260621742,0.9169233588190083,0.02118496713945983,0.4906365431474331,0.36379809730348867,0.9985446407298486,0.7194375544906914,0.26407588117447867,0.10146156059849243,0.3810829879558695,0.05493242543440602,0.7027261012871113,0.31899097003819077,0.4616606701171049,0.6618654140236667,0.9112192232623768,0.311040294766739,0.31046000247244043,0.5448938481851697,0.16049544423232487,3.3144467502667196
0.310280126320154,0.5847146194993185,0.41598200089435533,0.8856886634095252,0.18589245895213669,0.14862031428784905,0.3020248194641557,0.5312860300005808,0.15251028021843327,0.0012608186666924759,0.8264874200587243,0.3587712981520954,0.6962267461533129,0.6377373622124471,0.008431951929581238,0.19061575074522719,0.03870417372590007,0.7685288428825484,0.6781229673274861,0.47693528207628066,0.9641887982142502,0.49178520622576294,0.062403929290103965,0.8993465777515063,0.7061058068826089,0.9005275506011323,0.37901727008417085,0.7156752934727774,0.8864075418542002,0.993986499217223,0.9449139188267862,0.9734917515370332,0.6681908685777009,0.9446587460713528,0.5225237490057064,0.40842579897257025,0.15406596195521294,0.20187021561413687,0.7638383528005909,0.655299363089184,0.7985533713432531,3.1911650448945332
