center_0,center_1,center_2,center_3,center_4,center_5,center_6,center_7,center_8,center_9,center_10,center_11,center_12,center_13,center_14,center_15,center_16,center_17,center_18,center_19,center_20,center_21,center_22,center_23,center_24,center_25,center_26,center_27,center_28,center_29,center_30,center_31,center_32,center_33,center_34,center_35,center_36,center_37,center_38,center_39,center_40,radius
0.2224153166437315,0.4703301008046128,0.03460189777631406,0.7194256706925166,0.24949649744925906,0.3081410016867393,0.8958842720411073,0.3073560585849151,0.33960330251750326,0.8117426915288118,0.48794695856623593,0.02243608118756213,0.8778362225105688,0.7477789565991361,0.6159291209617664,0.2785962146251185,0.35289704789602416,0.367597818552435,0.6067561269466345,0.02217669283471002,0.05052385165267803,0.40384978733131127,0.44173086082704605,0.2585380007708814,0.3108964015381319,0.30487957264370436,0.9785152882526861,0.6762185715864232,0.3193827166276877,0.27585403431908795,0.6208643888493289,0.3077732191075202,0.3337651408063268,0.2101837284608261,0.9393570305304874,0.08145644932749796,0.4619305423287241,0.31965911374685196,0.34971382154221475,0.24769317424404425,0.5230007616323443,2.8180007352876815
0.6203683915977213,0.9211424883802889,0.5842724618509381,0.7676770007503753,0.5753334183860079,0.6521772974053586,0.7201415377494084,0.9617998823526236,0.4728363801545187,0.33282087562237805,0.29218023789278025,0.28808568358261055,0.68449619464363,0.49843553346579617,0.02698137799239453,0.8050120652662258,0.5315707425583328,0.14696902560807978,0.00866685678040191,0.7965770324042298,0.015136782092600276,0.9538428092197935,0.7253750708813216,0.7937170134551089,0.8570177589405825,0.6304790964199842,0.0615898799282798,0.03588971655461881,0.6485347240279413,0.8631981752145796,0.7493881546271335,0.6117935032331872,0.10762311969043648,0.9121208936539398,0.5168372022477613,0.5905500290373478,0.6608814980688585,0.45555953885640477,0.6815037744157044,0.9463640581375988,0.49094708639635676,3.3019765287199707
