center_0,center_1,center_2,center_3,center_4,center_5,center_6,center_7,center_8,center_9,center_10,center_11,center_12,center_13,center_14,center_15,center_16,center_17,center_18,center_19,center_20,center_21,center_22,center_23,center_24,center_25,center_26,center_27,center_28,center_29,center_30,center_31,center_32,center_33,center_34,center_35,center_36,center_37,center_38,center_39,center_40,radius
0.795583434788526,0.7151869081163337,0.317980311630631,0.4413452379833259,0.13613307106617567,0.7432069937302415,0.2695399349596569,0.14590945766522678,0.4530686691595065,0.14921132180003283,0.4629159500060053,0.9314319810784848,0.5393423932830947,0.7602976572716729,0.6999313822199604,0.9791441560547441,0.03217064386095747,0.9900315382386663,0.2973975690098346,0.013657349817246867,0.6827085619649352,0.7130497807475741,0.94155664884303,0.27852724408856755,0.25470268005201,0.8895772855295878,0.13191495360477112,0.9692591436496882,0.7968445950332042,0.4626635766990256,0.3310623189826035,0.32594879999214343,0.8837737639523917,0.4633766292197049,0.7748881681247636,0.3152900105554408,0.05645086909155872,0.03930888348981543,0.05999890844537625,0.5703044602634897,0.5305131021242426,3.219384709168475
0.8674356808551976,0.1968056538328925,0.5985585666125149,0.2057070351227278,0.9351161176049684,0.4645084601570795,0.19974075028333405,0.19998699811265108,0.36047625644882486,0.96378101182304,0.06212665770138903,0.4130143351922828,0.011373399239199888,0.015718512756325853,0.09844573939751,0.38144043478198986,0.6223763640207067,0.16975404623125234,0.6757339947433647,0.8907181442248355,0.278781481838389,0.33105955705147605,0.35995087726281216,0.6566534906860998,0.4860605657599355,0.5002862682351226,0.8839997891542047,0.2840494562077206,0.1617405176950466,0.3166767150559022,0.2526613717960302,0.2755811239208348,0.3694066716704403,0.07715068794313584,0.10764282227975341,0.48637104939837283,0.6518163864342852,0.7707740492224541,0.9605486071745338,0.9172743104541676,0.2957412569557675,3.3299755231384163
