center_0,center_1,center_2,center_3,center_4,center_5,center_6,center_7,center_8,center_9,center_10,center_11,center_12,center_13,center_14,center_15,center_16,center_17,center_18,center_19,center_20,center_21,center_22,center_23,center_24,center_25,center_26,center_27,center_28,center_29,center_30,center_31,center_32,center_33,center_34,center_35,center_36,center_37,center_38,center_39,center_40,radius
0.7304481736054523,0.5522135410368239,0.7229752709807277,0.24367889295871104,0.31781738640536517,0.09472054590686951,0.09137422887919144,0.35838904397459437,0.7760103756082063,0.8998693823171622,0.8939108948339118,0.4683620942309422,0.6045995565210791,0.3226841844477082,0.3360398814545458,0.2546874679491832,0.8825597188612178,0.6021561958124733,0.39110087204829636,0.7091739334510906,0.24592851614394529,0.6095568881877466,0.34726201574281623,0.8142566338539163,0.8711557549936215,0.11185182075317701,0.5252783392314636,0.04709654441502842,0.13408074637639322,0.8344875851428097,0.5125796001230556,0.5641156684034988,0.13591627132034134,0.7839988690697451,0.4923036477688094,0.09735268554822385,0.7508539864554895,0.836550024164099,0.12885860977035268,0.5465040669539832,0.4462951998185969,3.2617117319287994
0.0208082631465647,0.008020639909237848,0.5175931612961818,0.9889270102776949,0.8421077450404018,0.9915320180352377,0.19649577902444693,0.7874245380578919,0.32091132675051226,0.03069090501803673,0.06283097270155091,0.1112373932826255,0.7847490468554117,0.7661457226453862,0.9657381167011837,0.023815632829326194,0.061162458995538516,0.897882937220302,0.5046056346185023,0.24924378856454288,0.6298939512190315,0.076187884049298,0.1654608682228934,0.38636376095444647,0.43701088391806897,0.9759473243748013,0.9290135232019734,0.46214134933058815,0.7101164975363267,0.18616491303193405,0.9160268371540454,0.38732964072955745,0.09036776828791004,0.8660167841535106,0.9930987683857592,0.9948674705539576,0.9201742664242771,0.7807046900432082,0.6858616319397282,0.17542337125929564,0.8920053920072729,3.422434965286961
