center_0,center_1,center_2,center_3,center_4,center_5,center_6,center_7,center_8,center_9,center_10,center_11,center_12,center_13,center_14,center_15,center_16,center_17,center_18,center_19,center_20,center_21,center_22,center_23,center_24,center_25,center_26,center_27,center_28,center_29,center_30,center_31,center_32,center_33,center_34,center_35,center_36,center_37,center_38,center_39,center_40,center_41,radius
0.7886435859837178,0.07567778683336368,0.2870560315369106,0.8437610842250463,0.8345598236963804,0.26147367524143117,0.3253164618616823,0.6036065690136342,0.32295018692258426,0.7334212030375649,0.9861257670671323,0.5385863755991038,0.666070204305227,0.24984859330390663,0.7996370305268558,0.32168119154597175,0.8917311208055599,0.7711925715585902,0.3158664099708691,0.3652695470348416,0.276471826561272,0.8628282537560071,0.19451428349969457,0.6078717745604674,0.5514454846515806,0.4624469623409989,0.3530640938704245,0.7564049021028162,0.27438565354124633,0.41166773111714416,0.8980324585828092,0.5155435053663263,0.8153594057084084,0.6626242711072982,0.30612386311314,0.2813765799515968,0.561995584948764,0.8994862598303841,0.7264476542233375,0.8881311013798863,0.10345509858292656,0.09464862391852491,3.5966124080577555
