center_0,center_1,center_2,center_3,center_4,center_5,center_6,center_7,center_8,center_9,center_10,center_11,center_12,center_13,center_14,center_15,center_16,center_17,center_18,center_19,center_20,center_21,center_22,center_23,center_24,center_25,center_26,center_27,center_28,center_29,center_30,center_31,center_32,center_33,center_34,center_35,center_36,center_37,center_38,center_39,center_40,center_41,radius
0.2264219151426734,0.7897668898330393,0.2034203383380736,0.5190840588315672,0.5126905810216537,0.0034852607866440177,0.4355490434646735,0.6791798990309023,0.45311769055911577,0.4040433888611453,0.13763034482671277,0.7116857225709623,0.44486020029241713,0.28992258602010157,0.12976694058241633,0.06230904726906583,0.7042997708317436,0.1300687711767492,0.8370554957425737,0.4697649949440975,0.844187622191573,0.8762578626728412,0.12454840203744943,0.37046324217078586,0.9637674004960406,0.7762777314931378,0.09368073346968808,0.4220433889083315,0.2240293671732908,0.0019680065243270484,0.10660856474074121,0.04343890032720654,0.08353927815916529,0.14942191806645866,0.8726909226551592,0.594038501848686,0.36670848482020135,0.37269667272906704,0.5404253088744214,0.3480330718278921,0.531007830275135,0.8206925904506395,2.8888315593020457
0.7093069898314961,0.9733146230121246,0.7916930054896443,0.1075514145042411,0.042760966110015564,0.7177760703827063,0.5111344146420129,0.7510507739367001,0.8628229609143204,0.6572696848603697,0.1521326565216441,0.8514107044219292,0.9815401448624208,0.014845034686346015,0.4635204384551216,0.7679158277059412,0.5243938843729083,0.8768719572811002,0.33983795807080874,0.38848663676117134,0.15751975658607464,0.1476842089556042,0.3138292846895623,0.6609350461116474,0.2865178828852868,0.8618932616396994,0.7523674582248183,0.23066484944860943,0.3438925955237494,0.9970029895001028,0.3267005940680552,0.8177014280615498,0.3254491393480292,0.9560256187527354,0.041314959314167066,0.36464637767700847,0.427423235637443,0.581566056618264,0.29074655640732927,0.9617310668824486,0.9961841197450876,0.9383908644950505,3.7038222502438365
