center_0,center_1,center_2,center_3,center_4,center_5,center_6,center_7,center_8,center_9,center_10,center_11,center_12,center_13,center_14,center_15,center_16,center_17,center_18,center_19,center_20,center_21,center_22,center_23,center_24,center_25,center_26,center_27,center_28,center_29,center_30,center_31,center_32,center_33,center_34,center_35,center_36,center_37,center_38,center_39,center_40,radius
0.004690903508907773,0.8243829093136327,0.6984927725058373,0.6742681367432213,0.17418602169517494,0.2858594378234378,0.7797978856252333,0.6784554335059096,0.09526674221506881,0.5263250470384041,0.07817312344171168,0.3859966622552218,0.033325311305467675,0.7611148671736669,0.3497086894259195,0.5822131022548135,0.49513652070898484,0.12810412387841774,0.5967751518486651,0.3320289603692528,0.5995471298774274,0.2856235183388487,0.7915116646957182,0.19994194380990704,0.3840959993748493,0.7923865835059285,0.7579088442532277,0.4242571597790089,0.04319366561146565,0.5733415887679716,0.32661813052044186,0.6813837810457627,0.4537258549241442,0.10121535293407802,0.33652546097743175,0.6203873168711651,0.21793407058580594,0.5788196917630652,0.8770131153569206,0.40854572721159976,0.9648874937581192,2.9847079852915908
0.2533450395832062,0.07192162550673686,0.012896181794347927,0.804257667586051,0.9492042263829408,0.4391742057940168,0.5067704481706234,0.5905526049517883,0.9926983542692572,0.981535700247073,0.9737948695066957,0.9543238427715018,0.8774384416324145,0.15330129693801464,0.03341608104413252,0.4746808523916277,0.6382024782399687,0.8831334291581798,0.04098682740334947,0.9399038784254112,0.18353268121443322,0.47534442018022816,0.6075297293001833,0.6895332881924837,0.7250728610432722,0.6021711437588504,0.8792921120012661,0.9153801378395784,0.13003138884957754,0.32976002203326604,0.55643031809542,0.07011074259464556,0.8999535986407291,0.6047033540667258,0.3858787175839784,0.26035489369339027,0.045766596210603305,0.2364830154436538,0.5807276978492893,0.230870979813112,0.2785180393124329,3.5759484215360766
