center_0,center_1,center_2,center_3,center_4,center_5,center_6,center_7,center_8,center_9,center_10,center_11,center_12,center_13,center_14,center_15,center_16,center_17,center_18,center_19,center_20,center_21,center_22,center_23,center_24,center_25,center_26,center_27,center_28,center_29,center_30,center_31,center_32,center_33,center_34,center_35,center_36,center_37,center_38,center_39,center_40,radius
0.39798405675239834,0.11934384202367088,0.561457939815644,0.1541432609189528,0.5651693958140825,0.3023465686396778,0.3019172730944977,0.5332908235965893,0.3915637011206001,0.44103344833170466,0.48596794671910437,0.9094080667969269,0.19285813784702366,0.4211443871251309,0.0492690925833158,0.37231089087143254,0.21234941127772056,0.573246370673351,0.3655343499418422,0.48469668072409244,0.9099444174387878,0.8150830711161144,0.061979337712187,0.9510194450268488,0.22146352114004741,0.38036872549833056,0.5326980178526188,0.2522961760808251,0.8521538657273389,0.5574907484534873,0.3419805697524738,0.6667016866893102,0.7150644766083645,0.062464282601227716,0.27162232639082073,0.9060829037943415,0.8203450026129138,0.898154274384924,0.484118045994675,0.9431910676940807,0.15389839315728526,2.939560467642762
0.4323984469157468,0.4465162400040189,0.7903229383007337,0.4239170251607316,0.2603076951684369,0.5550673540504457,0.9354828520851258,0.11279396660774221,0.15246654795633663,0.6196207647044363,0.41347620023785747,0.343641936936514,0.5371681902818783,0.95879609593822,0.2009442589350121,0.03869834459586663,0.3564252981200231,0.31676286908541096,0.8441867542308608,0.4215144357118237,0.02336144762172998,0.3412633054411732,0.915352109057492,0.5140357322212286,0.9865081904553418,0.7300454137241583,0.9764168017943138,0.2587641298943095,0.6488225017119351,0.007945547283604304,0.2612425425430869,0.9625272116726138,0.15379541225789595,0.8484748669413854,0.8607581584611858,0.04220646405806383,0.4979723443560399,0.09695052345431854,0.33750065957957676,0.3489893173276952,0.9120132390192455,3.1605145454930064
