center_0,center_1,center_2,center_3,center_4,center_5,center_6,center_7,center_8,center_9,center_10,center_11,center_12,center_13,center_14,center_15,center_16,center_17,center_18,center_19,center_20,center_21,center_22,center_23,center_24,center_25,center_26,center_27,center_28,center_29,center_30,center_31,center_32,center_33,center_34,center_35,center_36,center_37,center_38,center_39,center_40,radius
0.2510398924357261,0.3048234208566606,0.7566914678661275,0.33227664564188164,0.31679838519329895,0.26372569514132493,0.4081871130262835,0.7424491104490681,0.8668885743158276,0.7280440165497181,0.2698207970307418,0.6717919804380875,0.5060019337239632,0.2187104451353895,0.4884797149261,0.8259714713924858,0.5332412978604302,0.7843151231300555,0.1961416304546233,0.15789078742286045,0.9636868690139838,0.10519293695203413,0.37142743867280115,0.5977365031363598,0.4530738981832527,0.6770883704859938,0.37673952976947656,0.26592310151027687,0.6849246893616949,0.6259643205032978,0.7136707740909501,0.7725376068470091,0.4706000516972616,0.6615667998822986,0.7186745183549218,0.5075195297787115,0.6579258142194302,0.24788608990139682,0.478806898754483,0.4047496277669459,0.4258452442203,2.9968753558241263
0.7080700251118678,0.5893650415405352,0.36118417502676536,0.28079570418987787,0.922409277340059,0.4950381345679712,0.6846535295354313,0.6205472054094324,0.03750878327706131,0.7458318241566992,0.06632826559423965,0.8310850298203448,0.5533869549189661,0.6729035354345,0.39826556217532316,0.024550814450384317,0.45464605183020534,0.06196160253223715,0.675907194867408,0.7870557175471288,0.002216803287097391,0.9825476728999044,0.6765761090928603,0.8889018736810094,0.9154184093128861,0.3878236778780092,0.39294404397537097,0.7199824055877702,0.02716971018054759,0.10491305483843105,0.1824663606217386,0.021328713730830895,0.8289662931617051,0.03706195088249942,0.5657406207097729,0.456282800410146,0.8631957993131192,0.850131017352047,0.04404348320455598,0.8343378466107176,0.6188606508882531,3.367668189697898
