center_0,center_1,center_2,center_3,center_4,center_5,center_6,center_7,center_8,center_9,center_10,center_11,center_12,center_13,center_14,center_15,center_16,center_17,center_18,center_19,center_20,center_21,center_22,center_23,center_24,center_25,center_26,center_27,center_28,center_29,center_30,center_31,center_32,center_33,center_34,center_35,center_36,center_37,center_38,center_39,center_40,radius
0.2662443974402585,0.035955536182620706,0.6021698510835081,0.5626190737764659,0.5491958420339816,0.5638944727564766,0.8863173865438735,0.3758716948383912,0.4636784463935443,0.590229926383018,0.3786500069332023,0.762875220608668,0.5689341261943891,0.5534537878330763,0.8548175504266531,0.022293008617075394,0.37313335366212663,0.9591727285387741,0.1140545692238647,0.15064630330674667,0.7882960400508867,0.6417572083935956,0.00981743571189253,0.6518507103311023,0.9653809297928504,0.8355245216597116,0.999912721945882,0.2519955083570158,0.08289752604934864,0.5401826777151898,0.5195241162086793,0.7104072258254669,0.4277210187988203,0.5109088530494391,0.7649037752115344,0.958119014817894,0.5512045759811537,0.2730779629361677,0.5755522498215047,0.5045140070379801,0.6526780098493467,3.533988803717183
