center_0,center_1,center_2,center_3,center_4,center_5,center_6,center_7,center_8,center_9,center_10,center_11,center_12,center_13,center_14,center_15,center_16,center_17,center_18,center_19,center_20,center_21,center_22,center_23,center_24,center_25,center_26,center_27,center_28,center_29,center_30,center_31,center_32,center_33,center_34,center_35,center_36,center_37,center_38,center_39,center_40,radius
0.08919663291297131,0.0009601046927141255,0.6097507207474976,0.8074646004668935,0.48496176339386865,0.6978683417064396,0.8405151942641178,0.2483395097894574,0.43466882179857613,0.002320838019731042,0.7267590800014957,0.917112443036328,0.5182865509912076,0.3298412251380606,0.32388926420022324,0.6776627982083813,0.5095727101086669,0.48307792520158543,0.14076705200234518,0.06931927909413504,0.3185169879570956,0.6011115191826297,0.44852950649368994,0.6801501107192479,0.7627792935460114,0.5541673695176824,0.24446554273414545,0.47639863435172347,0.23135608241518135,0.17235576800114583,0.29826419682623173,0.40422993477054203,0.870056731797448,0.4010666658262807,0.9036712141470359,0.38427980507379245,0.4646059868395195,0.7457449126021912,0.8861334525154266,0.10073920821939919,0.6958944814765243,3.0699620600432986
0.8237342328967898,0.8266148173593155,0.2594649325068564,0.303039610182371,0.69605642001232,0.6515551996360445,0.04111420926686171,0.921883394699492,0.652065077925528,0.86150518686752,0.5752734140346822,0.37824114484745186,0.05052662581273082,0.8716968156223898,0.9813195123849513,0.357182692652533,0.5256732858921153,0.03415120162835916,0.5292532311265384,0.7136244952870083,0.9280091463086364,0.026044889738917498,0.6015694182438417,0.19399432462800903,0.33623014499326964,0.2571780360868857,0.9066619835299222,0.8115604341891978,0.3830220459418292,0.8857759482932253,0.23206127796883558,0.059006501809228395,0.4694958334686048,0.4652038873315235,0.3703543187527495,0.852808070249447,0.356026925902703,0.49784787850120515,0.5398400473973309,0.8575547244550534,0.21082599156543924,3.5606044289392367
