center_0,center_1,center_2,center_3,center_4,center_5,center_6,center_7,center_8,center_9,center_10,center_11,center_12,center_13,center_14,center_15,center_16,center_17,center_18,center_19,center_20,center_21,center_22,center_23,center_24,center_25,center_26,center_27,center_28,center_29,center_30,center_31,center_32,center_33,center_34,center_35,center_36,center_37,center_38,center_39,center_40,radius
0.9770759138554579,0.7327059550253481,0.6352833048800204,0.6792118978673494,0.13471738142405199,0.48816273602149307,0.9508522304448194,0.6365098451541674,0.5600840785702947,0.26558654255714786,0.3339307521225767,0.6731609754816065,0.027092600537287237,0.5337447742708685,0.9234634405951357,0.013408642451389507,0.37459812341272714,0.5591452854918326,0.6720543301308369,0.7880340096573947,0.09422470019932183,0.9844295574623698,0.1737307933166492,0.05758281083235006,0.29614950160682907,0.4371779605843389,0.7185591925063888,0.6759067191846275,0.22112877762817584,0.28271546546650395,0.12592330833315157,0.040857870116377315,0.20680157253600773,0.7696893687986337,0.6092748577796067,0.27087243427014374,0.7637963366582837,0.5382953034171055,0.44344960210148654,0.3059999037201181,0.8272001674671318,3.2618064267388722
0.1392703036611347,0.9165348403382485,0.10427290857930915,0.21597336897391017,0.9468684357725762,0.1490178656981448,0.9145147035876712,0.23088574159443875,0.17711285727318704,0.9235388812721507,0.9156155209947513,0.8523777254361368,0.014553633016976542,0.06287725324686755,0.05661981159636775,0.9713208486181847,0.0741973069326326,0.32070479039559296,0.6882596448529019,0.05146232705620435,0.9407997625795398,0.15368999688226825,0.8299862561863868,0.7726705852934247,0.644843422161996,0.07436725013689471,0.6515649140603502,0.1536907643540234,0.5169787882921106,0.28196523372881765,0.9071020516871054,0.8467021947852363,0.8514120353351768,0.5837530843304006,0.9245222123420888,0.8703767453746942,0.10808308991636206,0.37739519738651606,0.7857851720238886,0.4090544231504617,0.42308599364094224,3.4718168028687693
