center_0,center_1,center_2,center_3,center_4,center_5,center_6,center_7,center_8,center_9,center_10,center_11,center_12,center_13,center_14,center_15,center_16,center_17,center_18,center_19,center_20,center_21,center_22,center_23,center_24,center_25,center_26,center_27,center_28,center_29,center_30,center_31,center_32,center_33,center_34,center_35,center_36,center_37,center_38,center_39,center_40,radius
0.541287418408746,0.75081916094923,0.2570109334115701,0.3976048514978058,0.35669384843542407,0.8691115313653064,0.47698139492547553,0.8270463440091889,0.19755633611087187,0.4668811652134548,0.9593387497642398,0.25262043020925795,0.6144444919019468,0.48023991404841193,0.3191119054168958,0.7445501290593618,0.3332538126084066,0.9888178856087476,0.8731232190715964,0.35141508538724564,0.5432645164779745,0.698681015576828,0.3183420948525516,0.7405700160838735,0.9908250567532935,0.6337149919668632,0.9329805037346427,0.2137954339571786,0.7062005856828835,0.7942204889461985,0.90698720429234,0.7694715191341338,0.9201110141085369,0.5351605361062103,0.44726991781069025,0.9509452193791421,0.529402866840919,0.43069309257370403,0.6542219944960255,0.4228845525017355,0.6744257877594052,3.3755604008506532
