center_0,center_1,center_2,center_3,center_4,center_5,center_6,center_7,center_8,center_9,center_10,center_11,center_12,center_13,center_14,center_15,center_16,center_17,center_18,center_19,center_20,center_21,center_22,center_23,center_24,center_25,center_26,center_27,center_28,center_29,center_30,center_31,center_32,center_33,center_34,center_35,center_36,center_37,center_38,center_39,center_40,center_41,radius
0.4463757628139047,0.5317139441112684,0.8891374843174965,0.47061948027707645,0.6008797748363912,0.28104962182278426,0.7287314834057596,0.5322983349888396,0.29310791990318485,0.9038976052305886,0.6276069056139054,0.8286156043932136,0.20561956666987213,0.7509716209060863,0.6764694479288659,0.47979375777303823,0.7810206789814859,0.793301157539143,0.2056435686074366,0.7667065376412531,0.6359087458410171,0.31157905935989627,0.23267807165713228,0.6791247415605961,0.36860056033114963,0.54653387756931,0.248883502753668,0.8940999486077351,0.029628378137464884,0.5827630439634452,0.9452122942245169,0.4284092481670442,0.06648099092369486,0.9664193753740187,0.08677996138796795,0.7329019816228597,0.09369359656579956,0.27163030389185483,0.5382071220234609,0.8880534219832052,0.81646875926289,0.8138944585941471,3.4634913188892607
0.40568916350545925,0.12692824987100104,0.010104049669919068,0.799864142542796,0.10943977030046048,0.9559168387966153,0.63880185185901,0.21338521771648544,0.5754888858846209,0.3130476950648384,0.2693207435055237,0.30410774365441817,0.2805199589101225,0.28260804002525086,0.950297813347416,0.06247672344054067,0.8341482609076294,0.32628160515580795,0.46492639892686105,0.03435396636275434,0.5840811253880714,0.6517027471984848,0.9459914281208288,0.7630818599120703,0.6589474321632545,0.06926354175333149,0.7583054270649551,0.029220622695251386,0.6457403485531741,0.14488480074912902,0.0010479338287124884,0.11721513763878721,0.994185011638768,0.023589451921110394,0.8898898182321099,0.015930101358062942,0.9870015989270873,0.6478065286375092,0.8632320382859622,0.7218975633949088,0.010600475924039676,0.20198391719650965,3.352117566472626
