center_0,center_1,center_2,center_3,center_4,center_5,center_6,center_7,center_8,center_9,center_10,center_11,center_12,center_13,center_14,center_15,center_16,center_17,center_18,center_19,center_20,center_21,center_22,center_23,center_24,center_25,center_26,center_27,center_28,center_29,center_30,center_31,center_32,center_33,center_34,center_35,center_36,center_37,center_38,center_39,center_40,radius
0.3604535939090462,0.44012161971335506,0.2015633326628289,0.19923760394063783,0.48292159740075213,0.977974877912215,0.565776722094477,0.12013892201043253,0.1997616068541248,0.504943923514818,0.9021586034030535,0.8146704759043113,0.3240585306559747,0.9499485958396084,0.3990285111262659,0.18575192907025906,0.020862930989438033,0.7695867379277607,0.8394027844100372,0.8887286905284573,0.396340881131114,0.01791795109022809,0.7705293216662954,0.4777602204227517,0.8006160936669029,0.40086154395150253,0.042284435012158283,0.4892767264778711,0.04106815427307864,0.14671873330705898,0.45735719354265436,0.7045032455541811,0.8967879546579803,0.48860987340161954,0.7412752045849634,0.06393822970299345,0.03682079028058305,0.6455639665129289,0.44030736667470505,0.6005399327755016,0.33717035018029795,3.3036857815825806
0.8429223009335923,0.5427139969624313,0.48267377542147816,0.8423565048922513,0.915053180800181,0.24003632297803046,0.8687460282087742,0.992038423551812,0.30767914962521836,0.48409299697734365,0.1866984059811958,0.4048738643517651,0.07021389789216115,0.010093414611396123,0.5778177704162489,0.881010273124812,0.7590352285148906,0.031088562507135653,0.2879805592809709,0.1715545756929544,0.40185788391552124,0.9032193797192644,0.3004322038866114,0.8137182239027474,0.7734371819675167,0.26104758185005816,0.8782556048923086,0.15223473484246408,0.27244807198568577,0.7618705841707637,0.931212616021927,0.7600820259401563,0.04590817267683822,0.03956373299325444,0.6846683392316516,0.41870749100194615,0.730522145101912,0.2642954654249592,0.019830053033023542,0.746975938956996,0.8998744836437076,3.54591075826689
