center_0,center_1,center_2,center_3,center_4,center_5,center_6,center_7,center_8,center_9,center_10,center_11,center_12,center_13,center_14,center_15,center_16,center_17,center_18,center_19,center_20,center_21,center_22,center_23,center_24,center_25,center_26,center_27,center_28,center_29,center_30,center_31,center_32,center_33,center_34,center_35,center_36,center_37,center_38,center_39,center_40,radius
0.14383919697158865,0.22664144269717756,0.5991120654254167,0.5378958533719053,0.48942002869616974,0.6283139227526346,0.8884331623865024,0.6977226171026458,0.334311401905904,0.4401625579411744,0.7574466740653413,0.2429108583556836,0.6822764644222226,0.9304921814996943,0.574313234960239,0.05681224909088567,0.6717263810273715,0.9512942085091494,0.605391327514664,0.667623058442073,0.8564267412709394,0.4807571502542053,0.6689459727111926,0.05675603176654431,0.47626868235491193,0.5440450902875327,0.429980420445078,0.13797751523822166,0.053912401124755926,0.08165723178146378,0.5037649395500797,0.14007376953541417,0.3809504733352065,0.41551581145303484,0.3925043233109232,0.7743532885051915,0.26764261318823057,0.5127150879612826,0.03073060917899051,0.6509469249811134,0.32573833566582444,3.283647223234381
0.18993118846482204,0.9595801270276519,0.0037065742723172423,0.644830997498646,0.46544160796891787,0.23850352685260867,0.048721307025265115,0.1597409283474428,0.9054569846022585,0.2929649346024711,0.05361763841874023,0.8114177904945391,0.8174994891601396,0.23122514520827886,0.40944274242139655,0.887336751310122,0.3572141922616616,0.5453901891716814,0.2173265816554819,0.3629034934184584,0.42257606344039633,0.342954844431013,0.5118791522330595,0.9920621824341292,0.6728023519859286,0.09109223718073933,0.8031429330407802,0.9913216602897048,0.966636942836241,0.6469080863467941,0.24093308356989762,0.5633732076473149,0.9114807073035285,0.9785001494906641,0.9781953564840975,0.28007525881048234,0.972063365049624,0.1758944306093293,0.8006118615945732,0.4116360168634404,0.048375286038667475,3.1252815094541817
