center_0,center_1,center_2,center_3,center_4,center_5,center_6,center_7,center_8,center_9,center_10,center_11,center_12,center_13,center_14,center_15,center_16,center_17,center_18,center_19,center_20,center_21,center_22,center_23,center_24,center_25,center_26,center_27,center_28,center_29,center_30,center_31,center_32,center_33,center_34,center_35,center_36,center_37,center_38,center_39,center_40,radius
0.3963204898364423,0.4203089696199961,0.8748265719664261,0.06519167629710376,0.6056910723609283,0.2272880173658448,0.9314087899630031,0.4703594603721296,0.8758003482462162,0.22571268503622166,0.32561121530113324,0.3919305553580298,0.22650122074591728,0.31249856879862914,0.21142502400855123,0.5019148875685482,0.7214127997216148,0.6013369654609853,0.9539929133614057,0.4509147388883653,0.6630324351849726,0.06640043235309978,0.006678616495241596,0.6456658183704476,0.08865442377974131,0.3674817702787917,0.9211676163053861,0.8955558692434908,0.24359230955742428,0.462075932708334,0.08032283913729599,0.12431082046937292,0.049842431544423804,0.05420648962245789,0.9939202063487644,0.6649386238713251,0.9625066709797625,0.07296548942670278,0.03291703982761385,0.8398420843636677,0.018782347290163592,3.4511355790154994
0.4864951083079381,0.854640489985638,0.3386798564187119,0.9466419186419062,0.35534104244782994,0.6296697678420087,0.7627178796568512,0.07417675156131143,0.28817241706080265,0.5980647719770251,0.3288385379070208,0.7397002033652836,0.8518307477928734,0.8786015460036526,0.11693005793952638,0.7619485086627217,0.9235129317460473,0.2552376563844909,0.3888158733788498,0.3943045175755654,0.35806981288275475,0.18307462694936383,0.8048383817913186,0.08394556817947885,0.8994282239416868,0.8448081427257306,0.3904789422075635,0.3599178178950748,0.35219045921046344,0.07215629332107376,0.9381827285170153,0.7421224934052131,0.9382499808702415,0.5473399732405148,0.23176756095881756,0.5738762820172449,0.14858253650721243,0.7418103327445318,0.9215516765539863,0.026789345033571,0.9159626437343762,3.2839589560955957
