center_0,center_1,center_2,center_3,center_4,center_5,center_6,center_7,center_8,center_9,center_10,center_11,center_12,center_13,center_14,center_15,center_16,center_17,center_18,center_19,center_20,center_21,center_22,center_23,center_24,center_25,center_26,center_27,center_28,center_29,center_30,center_31,center_32,center_33,center_34,center_35,center_36,center_37,center_38,center_39,center_40,radius
0.44582980229287916,0.4987917631216674,0.43147182439633813,0.7883342664507083,0.6665340436625763,0.6584945019093837,0.4261133486700983,0.28716530630992554,0.7784407092913243,0.31881374857387246,0.12563038170054852,0.38905064904600073,0.7238124545912206,0.03185132949746794,0.2896137691518643,0.98650085566502,0.6624782194644686,0.7001948327799825,0.2551637688181475,0.05205537859105358,0.7803550072266177,0.99809440182735,0.9479290396547463,0.8917462403656335,0.5036826944613101,0.992745808116809,0.48009486298511117,0.9279748575722672,0.8642463093612865,0.16008528803122724,0.3680137143569182,0.5388813990412746,0.6882582931858225,0.06788322706167904,0.3652078513348622,0.28832276360904063,0.01897413236474288,0.17876905729258574,0.6654670145472352,0.9407741450765812,0.5236986315395805,3.3254006886737715
0.9119827324067454,0.09163317344006527,0.14118940561858218,0.8675061504070307,0.21798979122475348,0.1648820781849325,0.1846020658812526,0.9866661555989671,0.8742255945107018,0.863916654860776,0.7983242138203734,0.6514035811736584,0.7402060463261353,0.8707262108107624,0.9167241730697775,0.43591695142378173,0.5054910898240416,0.8913764728231165,0.1142496841856191,0.6046346319231212,0.3696786408843602,0.10104974668607547,0.6726014568026497,0.041928898775922874,0.242430385111563,0.12196563488621115,0.8581602084528589,0.10467530583861406,0.1560480352796071,0.7654141549633221,0.5745870944817304,0.03075989966450532,0.2194187456086003,0.9703059415297749,0.37572388155404846,0.5721499548789857,0.0657562247813277,0.7203366270003357,0.7576180060414002,0.012812052815076691,0.09117523637419411,3.439467419350653
