center_0,center_1,center_2,center_3,center_4,center_5,center_6,center_7,center_8,center_9,center_10,center_11,center_12,center_13,center_14,center_15,center_16,center_17,center_18,center_19,center_20,center_21,center_22,center_23,center_24,center_25,center_26,center_27,center_28,center_29,center_30,center_31,center_32,center_33,center_34,center_35,center_36,center_37,center_38,center_39,center_40,radius
0.9260043039023593,0.01647509862098684,0.7963834902855864,0.4203038889467525,0.35221845512789585,0.4022728439407415,0.30440127443096665,0.5659221505601442,0.7029071428114118,0.5480069363594783,0.6351531946438359,0.8325952466607831,0.02975710824492428,0.7228475196523169,0.3013297513707237,0.27138858735002636,0.7597232573105986,0.36643224116183504,0.6630792882722454,0.882437764515926,0.7348758820948044,0.3112620082467472,0.34926224568906206,0.7496734261361868,0.839689073417893,0.1742001580480177,0.31066890115380486,0.1603507798491457,0.8331457820936837,0.00849353542945519,0.30311947092918456,0.519590357760033,0.3159008667020482,0.8296326113438309,0.11467753943920656,0.9568376319844835,0.5591096949385937,0.5634858545058022,0.6832019655095376,0.6506537614525416,0.9889687828184224,3.192528251550828
0.27251249378833153,0.9842725637281216,0.18925435554662196,0.27760846149146545,0.4941339312907421,0.327365717334722,0.6855698123739778,0.22257873785797755,0.9958365563209564,0.7634725875487816,0.932495703342209,0.5140818233733007,0.9599913883610702,0.22672479089005593,0.8437798613935201,0.9122692762056949,0.6264159108518015,0.8732659521196999,0.16110556949061372,0.6187314734274375,0.7698289794279316,0.8890703633138557,0.06716264037590658,0.40827721547735685,0.5784610026763902,0.8668276586943168,0.6062920846770515,0.9932994809298302,0.0064785896319928815,0.7903255743442906,0.9749003505245275,0.9386047464888715,0.35414132333083737,0.9081292364693972,0.003361992455727769,0.3812610745364894,0.9594617218059921,0.3826329404099561,0.14296203653304118,0.898161843768251,0.053663054285788436,3.853873606885065
