center_0,center_1,center_2,center_3,center_4,center_5,center_6,center_7,center_8,center_9,center_10,center_11,center_12,center_13,center_14,center_15,center_16,center_17,center_18,center_19,center_20,center_21,center_22,center_23,center_24,center_25,center_26,center_27,center_28,center_29,center_30,center_31,center_32,center_33,center_34,center_35,center_36,center_37,center_38,center_39,center_40,radius
0.5344694027074247,0.6196735227271414,0.973071088293453,0.8469511817008252,0.32475204057131735,0.2084453356655931,0.14985390899160034,0.11732617014095137,0.22949056027939196,0.7885161892686845,0.4268195599332256,0.4112304548505391,0.5228440787027797,0.8793670288974808,0.1773242708239966,0.9714442511499078,0.3921449025152086,0.3963474571837068,0.22132307713729138,0.8250356239735701,0.11368114792419437,0.23752862696633203,0.9204424038023806,0.36189543384686085,0.028644876899559746,0.6880086364619377,0.5479452581412328,0.8244369155629987,0.4665971362569864,0.6028663216821507,0.03486108869853333,0.36652151964720725,0.2999474826452122,0.5137616531846708,0.9641832098684326,0.5321344019063742,0.9782936844508431,0.44246699432048364,0.3623551887533878,0.5268048107651973,0.21127055234235037,3.2043779255536093
0.9214283139515379,0.2755743843050251,0.04134725204025713,0.2220492685566846,0.8461375907967019,0.9252150112915556,0.9698148479759753,0.9387656151466528,0.996559317188573,0.7866873176634475,0.9246596793691134,0.9381883610991483,0.44930336328195364,0.7170658887802487,0.9954637862013352,0.47918238627156895,0.5832303058003329,0.9980600600121264,0.8718411065293813,0.8825904706301888,0.932445885428297,0.5370485802017004,0.022728930635828704,0.6018861515012726,0.7802230965061696,0.7168980111108879,0.04996873947297342,0.16270902213819916,0.34684969207138505,0.6728742427522394,0.23309290126977056,0.025169417341084466,0.03591055306455837,0.1902536059293075,0.16599777063786636,0.15693153666814708,0.8571056729558112,0.7448577784690599,0.45383956648602664,0.11083027507675536,0.6646875416413074,4.197630605764007
