center_0,center_1,center_2,center_3,center_4,center_5,center_6,center_7,center_8,center_9,center_10,center_11,center_12,center_13,center_14,center_15,center_16,center_17,center_18,center_19,center_20,center_21,center_22,center_23,center_24,center_25,center_26,center_27,center_28,center_29,center_30,center_31,center_32,center_33,center_34,center_35,center_36,center_37,center_38,center_39,center_40,radius
0.4782644702350515,0.3920709011071203,0.5784027930121989,0.8970909372626695,0.026940681927730137,0.3544924924300932,0.5878113423077598,0.9757606495123953,0.7998306539309112,0.23918758728247103,0.911229007555957,0.7494591882116777,0.996336624560763,0.3761974168573873,0.6088756340189541,0.5304934146855655,0.3310193292432768,0.4142828724227713,0.3728142443415514,0.31799878280617255,0.4584487760882229,0.7064976493424763,0.1302323356678382,0.6427470351967766,0.5772332037167653,0.8336725846538228,0.8059945286816459,0.6929014716396134,0.3443790185970803,0.4035172744288552,0.5438107068591791,0.1509689098257473,0.727465558065716,0.9052270553354201,0.6361437258117676,0.14728621178627488,0.8429902902068754,0.18206117537399735,0.8875605333111493,0.9477318025682253,0.9196595654948179,3.443138582129704
