center_0,center_1,center_2,center_3,center_4,center_5,center_6,center_7,center_8,center_9,center_10,center_11,center_12,center_13,center_14,center_15,center_16,center_17,center_18,center_19,center_20,center_21,center_22,center_23,center_24,center_25,center_26,center_27,center_28,center_29,center_30,center_31,center_32,center_33,center_34,center_35,center_36,center_37,center_38,center_39,center_40,radius
0.22851310723906548,0.6484302860249392,0.31396306333992163,0.4581890852777234,0.4894226872414956,0.3739996808512521,0.9084194696121828,0.5091486457240343,0.337764720840808,0.30984944263796343,0.9738255812337192,0.12902512532301902,0.3743868698211734,0.6503519285079186,0.4566013696595006,0.30350366209924007,0.936535450546658,0.9099802775151361,0.06089199449307192,0.6499981153613537,0.6430914349173786,0.4945570329973745,0.6984156587850456,0.7406301059839373,0.6865439506142692,0.13677785799028108,0.824703854755269,0.2351371481725576,0.09332857373646342,0.09317112175347131,0.11946746890751503,0.3431281549858939,0.0836560844513825,0.1471990326167183,0.5506270310981036,0.27873480933972195,0.8705450113988269,0.7645100976602949,0.11841006321157688,0.2577120598428503,0.8702061942581298,3.311096501717261
0.9606784618353356,0.19221650818958602,0.6316068344182795,0.970550149299834,0.16292344417133697,0.4432091554193017,0.4285256894838313,0.8659105186522598,0.7947690859674548,0.05526852778082447,0.06227869019384635,0.685032310873342,0.9561691675651884,0.07229781579374706,0.35976261191433034,0.6653935765083905,0.062287584051762046,0.1237408272733792,0.9294451315045703,0.4289503915528381,0.4378478111095374,0.8116251320639857,0.35263901959137167,0.3685701261534502,0.3180305909520621,0.8946777812872939,0.18921192552993094,0.7232898811323926,0.9497473935194468,0.6948942642859499,0.5108178696660861,0.8157758129976153,0.5385891771853639,0.6049524019933126,0.43462731157549517,0.5471580496653731,0.5459229221324151,0.2594464406841256,0.9381034285970814,0.4106018263704131,0.3802232665551428,3.1526482822077107
