center_0,center_1,center_2,center_3,center_4,center_5,center_6,center_7,center_8,center_9,center_10,center_11,center_12,center_13,center_14,center_15,center_16,center_17,center_18,center_19,center_20,center_21,center_22,center_23,center_24,center_25,center_26,center_27,center_28,center_29,center_30,center_31,center_32,center_33,center_34,center_35,center_36,center_37,center_38,center_39,center_40,radius
0.4389486061905329,0.5433413006808354,0.7051615086239509,0.015570086375448988,0.9851191314438907,0.054780606769573637,0.7325586541524557,0.9746023191542272,0.6992742178937504,0.8780088450976691,0.2783904031398621,0.5072974413244755,0.3093438269523403,0.9278544727401309,0.8209517194254233,0.7082792101273933,0.05935107417664731,0.29768479449341334,0.6044474880511069,0.9701411984396023,0.939590614904321,0.7205689309010448,0.8636632712316434,0.528469162992979,0.8764819823724793,0.09997508940977173,0.3856221882066887,0.5085391874592365,0.8031914056239966,0.25706835706108255,0.28920152453382597,0.3286273344226983,0.4924728560634807,0.418793680293283,0.3500496012876514,0.7334649942161917,0.18901329777316755,0.32477025606858223,0.5363038845960562,0.5013933744570753,0.8964985824957395,3.5222644689345373
