center_0,center_1,center_2,center_3,center_4,center_5,center_6,center_7,center_8,center_9,center_10,center_11,center_12,center_13,center_14,center_15,center_16,center_17,center_18,center_19,center_20,center_21,center_22,center_23,center_24,center_25,center_26,center_27,center_28,center_29,center_30,center_31,center_32,center_33,center_34,center_35,center_36,center_37,center_38,center_39,center_40,radius
0.1160994588446479,0.5604522486010796,0.5522140248881622,0.9322124228627192,0.9582725326093586,0.42019144158028376,0.19520247318079142,0.013188512773878558,0.3737064170115193,0.5337087251997066,0.7021891793640009,0.891770622635525,0.600628013064675,0.45502953834921733,0.6981415121853077,0.36638699710424383,0.7785814542948413,0.7412407169848192,0.5074016791909416,0.752407504287782,0.7880658717945738,0.7264402659151613,0.4017853404490691,0.06709097636139871,0.08985213001924619,0.5040881483246332,0.3037029420268126,0.11896720896487845,0.007746631025505657,0.8171436378377414,0.498846676726332,0.25013478743202,0.13856205491699836,0.5618279238984889,0.5772120470810792,0.02104286639053865,0.8744160527769539,0.5740961873819297,0.7118024006476816,0.4648748945115364,0.80516581454796,3.3106233312701927
