center_0,center_1,center_2,center_3,center_4,center_5,center_6,center_7,center_8,center_9,center_10,center_11,center_12,center_13,center_14,center_15,center_16,center_17,center_18,center_19,center_20,center_21,center_22,center_23,center_24,center_25,center_26,center_27,center_28,center_29,center_30,center_31,center_32,center_33,center_34,center_35,center_36,center_37,center_38,center_39,center_40,radius
0.47891683766914295,0.08229327537498399,0.019657371500794274,0.4407169949320947,0.12481921601076396,0.23289685582031117,0.29830686671083995,0.2806426283171477,0.4582222811695986,0.022487988069325726,0.07579072429449607,0.632911969187426,0.3441600199715332,0.20382484080325702,0.6610223840948803,0.2231318976075456,0.05884756516747325,0.5514653891577487,0.9981635195152889,0.41146712642460104,0.9560651730643437,0.4104608811575766,0.617810576690018,0.7910950222574253,0.4186082650717359,0.3042693889750976,0.7066963279681561,0.2954145417354356,0.40309495488746805,0.97020280282409,0.3017279112664133,0.9579412655512034,0.7421428626394767,0.42074184420754135,0.4174192924293909,0.17923444671069055,0.7989721251859937,0.5658894575207127,0.8107406044795995,0.671452235994959,0.4837761840602183,3.0021873107270194
0.6078944892647744,0.9018281112229188,0.6787948909513765,0.5929334832371304,0.5824145007009641,0.21764845434495061,0.6549258595595181,0.8713066544146115,0.25892292848580867,0.9103716612299548,0.5922026501609976,0.5142076543945279,0.9290334410702824,0.7352764346728089,0.22818771016518669,0.5465636026110258,0.8169513984066039,0.9522938043617348,0.02197632797794602,0.8011240095006863,0.05342435524420053,0.6743902002740677,0.3118359174685411,0.8234703681841143,0.6126027789133369,0.6640693762219219,0.12156801185729993,0.6058427081126946,0.9662963023116,0.7386414362348221,0.8878550767961445,0.15168873177834552,0.7939875565669537,0.8308202765491735,0.34314131948445636,0.43271239882952994,0.7100535588593748,0.8510365020133156,0.7763292918795354,0.40656476855701706,0.7158073883959085,3.4676319909077225
