center_0,center_1,center_2,center_3,center_4,center_5,center_6,center_7,center_8,center_9,center_10,center_11,center_12,center_13,center_14,center_15,center_16,center_17,center_18,center_19,center_20,center_21,center_22,center_23,center_24,center_25,center_26,center_27,center_28,center_29,center_30,center_31,center_32,center_33,center_34,center_35,center_36,center_37,center_38,center_39,center_40,radius
0.4117165498453689,0.4220363381718162,0.20825939129706483,0.11963186265400827,0.2624668804314453,0.20867959666979563,0.9750060475525005,0.7905377083709658,0.8863318272783144,0.9184284978932067,0.4876674118124654,0.4564008199228061,0.9362052013714568,0.12821969252627763,0.8314397318636767,0.7392010123764394,0.5480202628043972,0.34325510796788383,0.05547512214739536,0.8315274892969523,0.6593253673329296,0.29091410784295657,0.8035714590423504,0.46840787357503233,0.5541315084727211,0.6446686370577447,0.3261986068367084,0.18375156370990142,0.06048402968298572,0.2465324724474025,0.12463195421246487,0.04473925188791428,0.7789427030979261,0.31852261908750534,0.1153719271799194,0.2040596840171114,0.5572739685113505,0.44488601887996626,0.2689134304810491,0.5630200664703264,0.395308448803114,3.474190782472666
