center_0,center_1,center_2,center_3,center_4,center_5,center_6,center_7,center_8,center_9,center_10,center_11,center_12,center_13,center_14,center_15,center_16,center_17,center_18,center_19,center_20,center_21,center_22,center_23,center_24,center_25,center_26,center_27,center_28,center_29,center_30,center_31,center_32,center_33,center_34,center_35,center_36,center_37,center_38,center_39,center_40,center_41,radius
0.7188873483480424,0.36740194123745873,0.7561142956515592,0.6836664072896158,0.20365680115261786,0.17889636686994648,0.760317129462076,0.16493770555564846,0.5766686308879959,0.3662831799201456,0.995101410084573,0.028459766214386062,0.01551646000216822,0.12013202883618768,0.6330248888550892,0.0012395335704890043,0.21781043800843913,0.06502478791922628,0.878083523227011,0.8627904765784182,0.2796241900413893,0.20026386902515902,0.4416391220046555,0.8222609991814848,0.02745432389263347,0.23399447829723485,0.7449928790973939,0.8319779449234438,0.32763633895212263,0.9238545229353977,0.5333140474797662,0.609704522240045,0.9222312396433374,0.6699095477795548,0.379622724494302,0.2672786644003001,0.12775995317052358,0.9889699723597912,0.3993782445352003,0.6283034252702063,0.7644619892799945,0.894026589030777,3.3625452276602665
0.8796620708760987,0.8040496040201699,0.17754059644182685,0.34859382148834095,0.8139050505216205,0.7745856625446543,0.02928558618251087,0.6166565438309343,0.1480139257174352,0.9744380767515485,0.06733914907799932,0.44234867343518713,0.430035387986448,0.9292880359295654,0.15824440821880548,0.7646369765420924,0.8091745103017762,0.9341374529931183,0.3198540075679681,0.08778709872641954,0.8527793951987936,0.9794023889072051,0.6295105160562334,0.8052211892810316,0.5918011231036571,0.940629389348756,0.18933824580138114,0.7540646887089851,0.3214367448484805,0.0947139820270193,0.40075630893160163,0.20207042167995404,0.5436539758364961,0.3418706064780139,0.07490172462277556,0.29786802504227516,0.44015556216713847,0.13912301835440943,0.8956643141302771,0.2627384985420237,0.23868778404645286,0.22809775815497046,3.2942507154121814
