center_0,center_1,center_2,center_3,center_4,center_5,center_6,center_7,center_8,center_9,center_10,center_11,center_12,center_13,center_14,center_15,center_16,center_17,center_18,center_19,center_20,center_21,center_22,center_23,center_24,center_25,center_26,center_27,center_28,center_29,center_30,center_31,center_32,center_33,center_34,center_35,center_36,center_37,center_38,center_39,center_40,radius
0.6076084303292768,0.10645776516020333,0.9897308422204153,0.8963805059309093,0.6496009324885087,0.5525380768133676,0.19570646413689974,0.18337842543632765,0.30926984467202945,0.4699751990595893,0.9343409287075575,0.1218561750296937,0.3186661100594371,0.7283653722968637,0.12675118999482748,0.3658728559353298,0.1208280805605052,0.2339202840601261,0.8729098791703607,0.595674224861834,0.15886647929584496,0.3809534839203149,0.5050049106766145,0.6839453974735458,0.9332616066234815,0.6936900183206227,0.5754116232344273,0.393403777690308,0.3614834402752126,0.5994040317494954,0.13313004777963433,0.03260867829219194,0.948829333135401,0.3969478584790591,0.5719952081774615,0.17524640586704265,0.1233961297183156,0.8219082144764076,0.4950092282844717,0.8065837050860598,0.37320583562110854,3.021644896503517
0.4836790808134084,0.04156273917277875,0.03491024139708632,0.40631445352407214,0.7332724242185246,0.6342011134965806,0.9817772191681404,0.9862773317623343,0.3477636111246486,0.8006846904191612,0.09036204473484966,0.4080763056866701,0.34354403309607784,0.02719045724179847,0.5550817343960767,0.2183301416134278,0.8657686726257431,0.593649845838175,0.9712566124724089,0.9942190623410014,0.356414667820558,0.5099177491460947,0.9860615978549947,0.06259920637036342,0.07497138250455548,0.9549699475969631,0.5053648362494201,0.22114293507895144,0.07170847608427455,0.9158237926728231,0.15662336076476857,0.949707814515095,0.5475414979188371,0.7273765195158615,0.9981394592412751,0.2540307717655049,0.8744613268234175,0.14327046895883355,0.8717913653419274,0.4505883863195328,0.8167501313720252,3.7552789441695684
