center_0,center_1,center_2,center_3,center_4,center_5,center_6,center_7,center_8,center_9,center_10,center_11,center_12,center_13,center_14,center_15,center_16,center_17,center_18,center_19,center_20,center_21,center_22,center_23,center_24,center_25,center_26,center_27,center_28,center_29,center_30,center_31,center_32,center_33,center_34,center_35,center_36,center_37,center_38,center_39,center_40,radius
0.9311122416337008,0.6904084445218472,0.582962025832725,0.16789774564921622,0.4139727886518777,0.8007541465695873,0.28481946462971963,0.563074419693051,0.026670236043758844,0.8186243496224629,0.05590489341353044,0.22918972881374866,0.117731397072674,0.9165740356460302,0.027052273007612815,0.016281238390289055,0.28614553029322176,0.337349082345753,0.9082849423899895,0.8182222397427398,0.6091562184859124,0.5835321604706291,0.10523313889957231,0.8240685794153803,0.8328041445546849,0.555491593277018,0.17639030038347736,0.8795760107314488,0.5883424677398572,0.834467812302427,0.15543176975130424,0.7464063027143735,0.749832629215292,0.3530896823934343,0.4731377004201901,0.07071969535771794,0.20096965652941567,0.019505594532187143,0.06078039873826957,0.37274391456601197,0.5310079797739858,2.9765857550293444
0.12510099666179508,0.4285176970680641,0.5261092363153673,0.8800324792383585,0.0052382132724196895,0.38906492771509515,0.5087371676270009,0.7104188727129855,0.8519316050533082,0.9716472703066751,0.5693119920042907,0.5582194515103206,0.7352134052353079,0.37866338891799534,0.6121140726305916,0.7365979348426749,0.49580980903199756,0.7998743845896298,0.32067580169995724,0.16242371588602744,0.23823640810800062,0.4529903792118555,0.6900336523135099,0.6370470545153002,0.703330041171014,0.13955220316010675,0.5588121014302119,0.5986628479611198,0.7579020647890169,0.9476156873782955,0.8210120492780796,0.8264058260950562,0.7265022495042496,0.5430702491811233,0.5097814495143185,0.9902968197697163,0.9250967906997294,0.942864554874226,0.5815990269254934,0.9985140011187007,0.8269262437744038,3.518366260665438
