center_0,center_1,center_2,center_3,center_4,center_5,center_6,center_7,center_8,center_9,center_10,center_11,center_12,center_13,center_14,center_15,center_16,center_17,center_18,center_19,center_20,center_21,center_22,center_23,center_24,center_25,center_26,center_27,center_28,center_29,center_30,center_31,center_32,center_33,center_34,center_35,center_36,center_37,center_38,center_39,center_40,radius
0.8469523086143587,0.05786121974262737,0.6841495656521551,0.3095427286939927,0.5831211608524507,0.6189649698204562,0.05754391462477526,0.9905364247380531,0.20463513265004174,0.5984400821986963,0.6205671595756089,0.23827133253026644,0.04541385136415177,0.6907143049853295,0.5375888039204731,0.7130396626880836,0.47529088802574504,0.3652565398197586,0.7381165667389653,0.3996640549442837,0.930489722388496,0.7363582591070127,0.9840000971813085,0.40890207811458246,0.05502459688429351,0.30944659009784015,0.1523947190161199,0.9961510499422598,0.7950229731059942,0.8130182851164978,0.9428608865366687,0.2839666059934771,0.6265707275900839,0.9856191792942866,0.9669007479071112,0.5314255395721498,0.1226723028099782,0.6610720252812038,0.9338494975947971,0.21798393570131913,0.0896725685408929,3.5818349860831002
