center_0,center_1,center_2,center_3,center_4,center_5,center_6,center_7,center_8,center_9,center_10,center_11,center_12,center_13,center_14,center_15,center_16,center_17,center_18,center_19,center_20,center_21,center_22,center_23,center_24,center_25,center_26,center_27,center_28,center_29,center_30,center_31,center_32,center_33,center_34,center_35,center_36,center_37,center_38,center_39,center_40,radius
0.9308418665277256,0.3214523447454616,0.3784498382204813,0.7766549505073298,0.23925925797049608,0.7555977033562866,0.5783505947928972,0.7446119980674974,0.06705404878460941,0.5195167453255266,0.24079995562962575,0.816301506584403,0.6126396248945122,0.6883214379613412,0.03060333271689497,0.762432667073995,0.9773973052610146,0.5581618079697127,0.19495868839555175,0.792151159134758,0.7274247913836619,0.9101941913546643,0.3427311969437965,0.07563505284475003,0.8645225930584176,0.4026582804359278,0.5741454466629743,0.15145511618718865,0.8473417830210482,0.8133856532227575,0.253040805945865,0.4588934878812576,0.6731733415366861,0.38985005220031643,0.38007994309819426,0.5765281266240923,0.7034175770221326,0.2996769691632176,0.4481624469637059,0.9058466455723939,0.9483505427080544,3.256339144148926
0.1124428384555517,0.8260906918722347,0.5473572256283854,0.6067960109700109,0.46892406238403284,0.028766813080656095,0.9213598016986937,0.5798819693263628,0.8836553762310664,0.7541837382326866,0.10528245190891705,0.5113231752730829,0.8902013983177144,0.3020256083148851,0.12280096327140999,0.2048452584210394,0.041233463193900866,0.04813687454238902,0.9948726407028532,0.025072373492335598,0.30558847688060076,0.19639752951343636,0.8704106462739122,0.9052687426792015,0.038163083817202126,0.653322352748988,0.13383336122966305,0.9473328475364154,0.14640389054745306,0.7518701525647009,0.6297135077167537,0.3020187325327235,0.33448523935323426,0.08637964040133095,0.844748318992708,0.21672299812815354,0.8389082910296591,0.2821217441276962,0.0010997761459896616,0.454672502612363,0.22757931094297135,3.1314657889115827
