center_0,center_1,center_2,center_3,center_4,center_5,center_6,center_7,center_8,center_9,center_10,center_11,center_12,center_13,center_14,center_15,center_16,center_17,center_18,center_19,center_20,center_21,center_22,center_23,center_24,center_25,center_26,center_27,center_28,center_29,center_30,center_31,center_32,center_33,center_34,center_35,center_36,center_37,center_38,center_39,center_40,radius
0.5477544872548867,0.7744924449578311,0.1547893229667594,0.33844377143031346,0.1596013376082085,0.6980228250957212,0.9694918147701972,0.691460251031793,0.9380263131384319,0.3579783460812793,0.10218384373297396,0.36190868443878554,0.29495282430665504,0.10212763594255703,0.9124255341225,0.6031034151543759,0.5731380810159308,0.7839015644002725,0.566918030787628,0.7335159043696067,0.7473776189558303,0.6555217509246202,0.34236988974202687,0.09736197628593246,0.3090636830006436,0.5322931749243061,0.334838681563995,0.6710809117808275,0.7035707945176876,0.6184577373584423,0.9178353534328211,0.20382326884336555,0.5524007988742292,0.025631790473009786,0.9216237532514204,0.11303338340039226,0.29300402522696123,0.5796755478074368,0.06020528697788541,0.15456554265341638,0.03482372080657292,3.218112133055124
0.4276346804283925,0.008538385034812301,0.32693419008599856,0.03248942531108001,0.4137781645409747,0.7949423907287466,0.2018913443032505,0.7667513040514229,0.2394500644752967,0.03292457391404047,0.16622890485392916,0.024766038093319453,0.7560917997239603,0.9049911212531394,0.020452664609751925,0.8392104118872556,0.2453091853793311,0.08081714593639566,0.44115675337036453,0.09206105502013984,0.579744012623404,0.03192517737647349,0.5746776525359583,0.5968199699035994,0.7951659611482885,0.33367930927536626,0.7952880550079903,0.27672094587961016,0.054440533784370526,0.45081353200816066,0.027072484734709024,0.9406620386155654,0.27199318371039205,0.64924364989487,0.13322991796123362,0.5295973729683326,0.05476866394348612,0.6020117590245132,0.7357051587485686,0.8245719604703801,0.7319502976710962,3.027950656017341
