center_0,center_1,center_2,center_3,center_4,center_5,center_6,center_7,center_8,center_9,center_10,center_11,center_12,center_13,center_14,center_15,center_16,center_17,center_18,center_19,center_20,center_21,center_22,center_23,center_24,center_25,center_26,center_27,center_28,center_29,center_30,center_31,center_32,center_33,center_34,center_35,center_36,center_37,center_38,center_39,center_40,radius
0.47520804234416114,0.9883057436910355,0.016117030800012255,0.6834588003357974,0.7664246746307783,0.3332303892294136,0.6675774643492183,0.706603334277825,0.7534351458804179,0.06715955996049572,0.2868884346746401,0.06515480506940452,0.770859037902662,0.9300313011088048,0.8076801006255759,0.12202212699070247,0.11481917164068423,0.9972353598062856,0.523077431000485,0.7226353813777702,0.3812453480559611,0.7041938143080997,0.8585253112828141,0.06746732925323196,0.8954450637506077,0.732088866924037,0.555563154050089,0.2683071783204286,0.04214335629384003,0.9584367233376544,0.24011792676554655,0.09434847951257952,0.48213359838739567,0.5752134391335859,0.9924488154472297,0.4488580483129536,0.6278818054251084,0.22209100766457246,0.7772136706118793,0.262370083009672,0.5051473123117519,3.682773122583899
