center_0,center_1,center_2,center_3,center_4,center_5,center_6,center_7,center_8,center_9,center_10,center_11,center_12,center_13,center_14,center_15,center_16,center_17,center_18,center_19,center_20,center_21,center_22,center_23,center_24,center_25,center_26,center_27,center_28,center_29,center_30,center_31,center_32,center_33,center_34,center_35,center_36,center_37,center_38,center_39,center_40,radius
0.7386274209818071,0.5970550755037188,0.8497474003730892,0.8697235563303021,0.7964983134297647,0.041896735779032634,0.7093836848075686,0.6882581300301974,0.7839783409927312,0.6806172527053257,0.7620026662380626,0.7728045681787353,0.5430115468423177,0.8873127002522201,0.2179958595915399,0.5616697697443901,0.8504219920869251,0.06415047571914989,0.6478484962079466,0.5611226562361106,0.5274859079228442,0.8116132473266148,0.14374445008921766,0.5653730661192947,0.06685604979317139,0.902750482949953,0.03890434677330612,0.7806376718082219,0.6368749310835502,0.13752597144520717,0.34381373940065363,0.7958534671566567,0.8754436051773368,0.07299274472045225,0.48647991618140507,0.2703600899667875,0.412174501256356,0.27982403447362325,0.7294689817932527,0.8038776016281284,0.0827751119156599,3.2598026416047956
0.972669573059845,0.5048404293450865,0.04042675451680888,0.290281294569369,0.5045892143850266,0.7821312676524546,0.3095689865173118,0.5107058291714941,0.055602810950993176,0.03812772120559327,0.07663563534064866,0.29924110412345617,0.9926036651337609,0.8227935813924436,0.6569892703449661,0.08869955873530921,0.5124689094823579,0.6906436963896223,0.21103431559579733,0.36970802991796803,0.8893797070447319,0.3789259162703864,0.4130399761380339,0.4948307320461115,0.9958060060145244,0.1292322316357679,0.9598828032586318,0.86425364055557,0.06540499542272404,0.7456598009887412,0.6133294656728239,0.21710111829815704,0.12625910710312038,0.8540209604884058,0.04147920116805681,0.25920183847012246,0.47714200263417683,0.8673288407489999,0.5083566421164659,0.2561950295871198,0.7485519183127353,3.1064644360824043
