center_0,center_1,center_2,center_3,center_4,center_5,center_6,center_7,center_8,center_9,center_10,center_11,center_12,center_13,center_14,center_15,center_16,center_17,center_18,center_19,center_20,center_21,center_22,center_23,center_24,center_25,center_26,center_27,center_28,center_29,center_30,center_31,center_32,center_33,center_34,center_35,center_36,center_37,center_38,center_39,center_40,radius
0.49974866094810344,0.365458830754843,0.07738235385148573,0.19663598391967374,0.3345314201893882,0.32342249050760263,0.06908333745282647,0.7719836987486538,0.7742621290651931,0.055967022703786395,0.39675945060696316,0.28879959004776157,0.9412558848248789,0.11652557039970513,0.7261957101366919,0.893056041942878,0.8655190641889748,0.8180595466102101,0.9546103941533164,0.6472260878217153,0.24649605287908605,0.06373626320942494,0.8217219567202478,0.3942133802463449,0.3258990246694097,0.9684559718460628,0.8518902365249564,0.780070024065896,0.6117351908755239,0.03758047310471235,0.0011171175185036297,0.11875004557261593,0.8399384248099871,0.2880126239488512,0.854707480523407,0.7768421861091426,0.3439973148688681,0.4196325019607231,0.7750810662638352,0.9523840531993575,0.31469239282336714,3.3637377625602816
0.031232496275734545,0.077862536002963,0.6248817155529549,0.7911000057185846,0.5354672518593392,0.3646216071073973,0.7944370685849864,0.9870050842803136,0.23690786757033666,0.6447128364507356,0.4321549742016352,0.03964852565852961,0.8252352538691973,0.7766337533475148,0.4737513132104463,0.07351360724123368,0.48260222711286715,0.30185896366777853,0.1820987191280048,0.4160629575485518,0.4595063169191995,0.5217616932054019,0.023390789377877308,0.1300944256296802,0.6572347539621325,0.11083336143841693,0.25283881623669857,0.15142172376486618,0.25118774427775425,0.5687648652594838,0.7837461522348937,0.9877615895603566,0.15301095844310397,0.7448162335985105,0.5496971175882691,0.13413882886946327,0.000475388953247613,0.5804821698651521,0.12217801343855039,0.22535864193425992,0.7831631708530453,2.8404339834822068
