center_0,center_1,center_2,center_3,center_4,center_5,center_6,center_7,center_8,center_9,center_10,center_11,center_12,center_13,center_14,center_15,center_16,center_17,center_18,center_19,center_20,center_21,center_22,center_23,center_24,center_25,center_26,center_27,center_28,center_29,center_30,center_31,center_32,center_33,center_34,center_35,center_36,center_37,center_38,center_39,center_40,radius
0.887855023276342,0.8265185148016235,0.30542340068240537,0.737925459281377,0.12089627003830528,0.9809766304086052,0.40246904382743953,0.8038203071705906,0.06734567497772137,0.5727051638794127,0.7197456661585675,0.6467693338630218,0.642175298315137,0.49647016901282914,0.6405158923909384,0.7620612526680506,0.01130518912362477,0.6865833597897976,0.5711546811212148,0.3972432663481682,0.6399414514455756,0.0272474941348253,0.5394875259308727,0.020088505168758153,0.06364186476655964,0.6312159901367531,0.7372410261207631,0.8550956725340328,0.6265087339187767,0.26601729000764374,0.47812591995172116,0.13029725289228478,0.12051760196219585,0.4022566572751841,0.4126762410677849,0.5603774150089507,0.9755431083602787,0.10948606294755481,0.930952018364303,0.18472834529306215,0.7091127647969233,3.080006427314013
0.020517946195779402,0.2884649608797515,0.9804021452114993,0.030646038178626323,0.39809075662523485,0.19882334654495437,0.7572430988124353,0.8951804921861702,0.48003665623963787,0.6180175926667117,0.08064313933970935,0.8564662825958608,0.032472004025032586,0.47487279348466893,0.6762975649661966,0.7314114452589708,0.8280207521054292,0.3618386224603397,0.6972955159719615,0.782336884775062,0.9235155889050816,0.9474681975432806,0.0767985155258738,0.9592863257524988,0.8242749612031178,0.805186124098565,0.33594792405557006,0.5693714357686127,0.8009521072812775,0.9026199823092224,0.3150278386723542,0.5540492259321798,0.7461094428845937,0.04836505703021754,0.45025636464839647,0.5428123215589831,0.9377319784983832,0.8771136395501766,0.34521263724077644,0.7777964077878607,0.922109809299498,3.6790587521904015
