center_0,center_1,center_2,center_3,center_4,center_5,center_6,center_7,center_8,center_9,center_10,center_11,center_12,center_13,center_14,center_15,center_16,center_17,center_18,center_19,center_20,center_21,center_22,center_23,center_24,center_25,center_26,center_27,center_28,center_29,center_30,center_31,center_32,center_33,center_34,center_35,center_36,center_37,center_38,center_39,center_40,radius
0.10075310961276451,0.8879096994857262,0.049957639580239244,0.21096650184023114,0.8490106073903058,0.19736695450652897,0.11092584143898632,0.8036573478976717,0.9333163995618942,0.09457269803342505,0.9231499629298562,0.4409125810554678,0.12159072203361776,0.33632488101478464,0.8931967805587105,0.8673620014661746,0.40103094197191214,0.44414706649631097,0.5771371143133031,0.3411066293120847,0.5769761619004802,0.6661164906645269,0.16982034107995014,0.7209131876671561,0.741852519090599,0.32934000021760856,0.021483298711361787,0.3017877420216084,0.7734238842818708,0.14638088186046205,0.02890885654444153,0.0881557163990987,0.062025461126461456,0.8062996257475123,0.35149586257663323,0.6479909642901156,0.7121538361699468,0.8539794413589349,0.5399465749108303,0.12270424581792017,0.619474213960014,3.154375334116931
0.8192958202867833,0.6319511764553988,0.9905541256862926,0.3937365537424524,0.9999200906921758,0.7495356280670017,0.4104199083882115,0.052936502080138004,0.8480773234945633,0.07725804126457636,0.38872007426431354,0.7193021911887499,0.8084899770074214,0.349044290372753,0.6893401152129743,0.08912374593501482,0.12029801460724399,0.5753895584306464,0.5294166968664805,0.5884766574657714,0.8292329928506966,0.061293957708795976,0.7690582507934614,0.22466053041564293,0.8959630846201233,0.11141173924944514,0.6375023174738658,0.9633126166304529,0.14844611199862423,0.37492821491121897,0.7935394284379016,0.8765548916979806,0.70566247365463,0.2705601773204178,0.7442500750790255,0.39020587434922904,0.7515024436615103,0.030429488591755094,0.4011728573693628,0.8721045095774891,0.21016976405188081,3.3825210011907383
