center_0,center_1,center_2,center_3,center_4,center_5,center_6,center_7,center_8,center_9,center_10,center_11,center_12,center_13,center_14,center_15,center_16,center_17,center_18,center_19,center_20,center_21,center_22,center_23,center_24,center_25,center_26,center_27,center_28,center_29,center_30,center_31,center_32,center_33,center_34,center_35,center_36,center_37,center_38,center_39,center_40,center_41,radius
0.2699866062560836,0.36109728261427876,0.919367107730772,0.6907976986022487,0.4720184792781754,0.1193394206977254,0.5972702623561157,0.79872430464187,0.46349803346152896,0.2976146047157585,0.44599843280968154,0.7503197346115871,0.7875510142432637,0.3757200847841091,0.7086016224706331,0.6177409977583243,0.29825615213133483,0.7646173574428842,0.30478996587615603,0.8119267462347572,0.8520669603708075,0.04289746149221063,0.5629345857395806,0.3799067580283293,0.27433424500988846,0.12000697465088395,0.8092908750049275,0.7381647393305388,0.8483709957580908,0.8581711607750329,0.9401557504817594,0.297737397342999,0.47799891857209575,0.20730305696091422,0.898369771194869,0.42443441467651877,0.4072328287168754,0.30451656432032537,0.8652775600665301,0.5768772302624139,0.24504277846373024,0.604290582536598,3.374077807196213
