center_0,center_1,center_2,center_3,center_4,center_5,center_6,center_7,center_8,center_9,center_10,center_11,center_12,center_13,center_14,center_15,center_16,center_17,center_18,center_19,center_20,center_21,center_22,center_23,center_24,center_25,center_26,center_27,center_28,center_29,center_30,center_31,center_32,center_33,center_34,center_35,center_36,center_37,center_38,center_39,center_40,radius
0.2959590874510657,0.7789519105350358,0.8568487019996665,0.42764166177143537,0.6153504486729426,0.2377398859457035,0.19558443959377414,0.2217611802069147,0.8117007835959579,0.7069573164817425,0.8246530095986889,0.10596620972966164,0.4521779342547727,0.7567814561577714,0.9551729682468045,0.36806503283123837,0.8685708247328073,0.8122115547300263,0.3974480120810211,0.2852394648904425,0.5041028166101492,0.19830087244501116,0.8221063106548215,0.30332480442956544,0.19606841105228812,0.4753479126385982,0.8873362475226269,0.5850777606321192,0.5451276682913409,0.1110286207937683,0.3628669396751497,0.9091193734136184,0.625527713826651,0.7016768669032728,0.9739497224028243,0.1904975940676974,0.32800690205793726,0.8400093851863601,0.9749148262954346,0.3655666727573681,0.5267595093906978,3.2503484512182768
0.8101630809355994,0.25762983675641904,0.209439468325063,0.9848427639001388,0.04923689435778722,0.8246451223703859,0.8643567062873053,0.5974974040446152,0.002764715114109473,0.9461442000086122,0.851269042708423,0.7575013960046901,0.04530714603040198,0.0014781293828262099,0.009439347447129154,0.39827117766142295,0.013931617223592152,0.08920669984615714,0.4659687397276806,0.7629649402642981,0.1519284653371319,0.9756142276031753,0.17820106674005276,0.16120451961832571,0.016352844926262322,0.37845678831388274,0.7372846034483772,0.8303429682210626,0.2386015848095887,0.3207805586893484,0.1599054871505422,0.2567907601202015,0.8337684909734671,0.06802496320261597,0.11460369055073183,0.036963043787477945,0.11445211989360216,0.49611727898918256,0.34468969365255187,0.7182371930524871,0.9851882909964504,3.0470856912847126
