center_0,center_1,center_2,center_3,center_4,center_5,center_6,center_7,center_8,center_9,center_10,center_11,center_12,center_13,center_14,center_15,center_16,center_17,center_18,center_19,center_20,center_21,center_22,center_23,center_24,center_25,center_26,center_27,center_28,center_29,center_30,center_31,center_32,center_33,center_34,center_35,center_36,center_37,center_38,center_39,center_40,radius
0.04773961516708136,0.2640275900590021,0.07050493222692411,0.8839428033361326,0.2730142846734288,0.015974623462959192,0.7318644699422329,0.13192539282949656,0.3259862268919749,0.3963712594198586,0.6161250547314114,0.2889184377691083,0.3216935655212181,0.9541020139794293,0.30334568082124935,0.4922746703107863,0.30723698256660625,0.22550445913549355,0.20640518047729173,0.586653396641094,0.8327935067533068,0.8768447389978479,0.9453671432448674,0.11706148525949622,0.3219945091803702,0.48243431023920524,0.48797103598099,0.009121022177113747,0.9635334286492009,0.8205703934593698,0.09348671850474022,0.8904334042353026,0.06967857409740541,0.8359147827699005,0.9537990802024067,0.20013419224045448,0.0297665152015415,0.8985674368539934,0.27902365147203434,0.9994077246624385,0.35618250625604464,2.889035420033884
0.8427326036599224,0.7011623827343969,0.430660357357434,0.026604587569321936,0.842151007469265,0.9347854973910991,0.1724432129762764,0.7009544459947126,0.7821607125495704,0.69469366458159,0.35854276815942554,0.8229208573361391,0.7110169064228412,0.17244997465391665,0.7008399923323475,0.23989018876228585,0.36456966933634405,0.12269554373064906,0.986038903240665,0.775033167260005,0.8581269709514079,0.7305430799124822,0.675615865694291,0.5227232151676169,0.8498141801991872,0.20077117956019452,0.9221753900366606,0.5102936215478988,0.31826424317103585,0.7322524381632045,0.04096431100865672,0.726128184467874,0.06406393574429026,0.3774996038882813,0.8110212114338533,0.5793811911785794,0.5659465480554549,0.436100658733659,0.2762770387913366,0.02261645233595766,0.20330194674991875,3.4888278074020143
