center_0,center_1,center_2,center_3,center_4,center_5,center_6,center_7,center_8,center_9,center_10,center_11,center_12,center_13,center_14,center_15,center_16,center_17,center_18,center_19,center_20,center_21,center_22,center_23,center_24,center_25,center_26,center_27,center_28,center_29,center_30,center_31,center_32,center_33,center_34,center_35,center_36,center_37,center_38,center_39,center_40,center_41,radius
0.1923982092296881,0.17692906906780237,0.007423706960950183,0.4496830415832709,0.9549515458579934,0.5358879882608919,0.4000980877154332,0.4497574397491104,0.968169383846698,0.7834009675697422,0.09516985386260024,0.7807430956101814,0.5255015274521786,0.9538172292958379,0.3347218643375445,0.010428929393973552,0.06473730438940006,0.3308430658895096,0.9593973373912665,0.5950095528888033,0.3869017212900059,0.1820091296724171,0.8588874935662578,0.018877986599224683,0.05308318162882042,0.18863460273556265,0.1407242683399791,0.6498939847606852,0.6987680363573586,0.9485696920374184,0.6817970649228413,0.2353386093494736,0.9698568219554805,0.04646007493158588,0.12163456089601099,0.6363748365359164,0.7614286359432979,0.7351467844610513,0.850755520536521,0.5942999906524823,0.9600081565858045,0.45316766299297173,3.372315093297563
0.9228144603789212,0.4621736189983833,0.8042597831446499,0.3021969825906581,0.6557190632982373,0.7554220271378034,0.507991613657598,0.9785913224940621,0.12861135492674558,0.05537203274767688,0.051634352287942,0.5654390159727329,0.06184569578447929,0.06535357029819266,0.8162170424523879,0.7242771012147314,0.5326257417638354,0.7727541105305237,0.4156718264718129,0.6201900478423298,0.8175534124844188,0.050243538485266526,0.007829078300446879,0.4062650391041073,0.5002040990494804,0.5682645302575094,0.5982678251207202,0.2751017824359182,0.15101838798009315,0.08561978826592831,0.196897798694587,0.9845882018920495,0.5346305114337709,0.8888823256384678,0.25720418782621657,0.15779746221581548,0.9318341415094571,0.5458606899263232,0.2169714335060421,0.4168772132924571,0.06776533172303167,0.5913391024287701,3.3088256356130654
