center_0,center_1,center_2,center_3,center_4,center_5,center_6,center_7,center_8,center_9,center_10,center_11,center_12,center_13,center_14,center_15,center_16,center_17,center_18,center_19,center_20,center_21,center_22,center_23,center_24,center_25,center_26,center_27,center_28,center_29,center_30,center_31,center_32,center_33,center_34,center_35,center_36,center_37,center_38,center_39,center_40,radius
0.748027289537668,0.10933383008953068,0.5173386723885882,0.6337062819501151,0.12404052513118391,0.1612396940937234,0.7861060486394928,0.38321046628277333,0.6355360992996216,0.29028085936565884,0.9325180182602084,0.09708074165754532,0.5406475931710334,0.11415305793270591,0.2618609045007112,0.7982888052812045,0.4097179636389251,0.840806379278804,0.4808209234591063,0.573650158852186,0.4443794224959473,0.9938157390177526,0.019323812661631412,0.8498019023102047,0.16589003019374127,0.832458897950188,0.03279514239684023,0.6911963018444255,0.5387960163504155,0.17956607751140796,0.36012408376739413,0.11354356385009734,0.5620706645865254,0.3376969117350058,0.8014066345953438,0.6958449030565966,0.9244555073318992,0.4801630437705111,0.7598477409242784,0.4140652705128758,0.5287450359092866,3.486033947562715
