center_0,center_1,center_2,center_3,center_4,center_5,center_6,center_7,center_8,center_9,center_10,center_11,center_12,center_13,center_14,center_15,center_16,center_17,center_18,center_19,center_20,center_21,center_22,center_23,center_24,center_25,center_26,center_27,center_28,center_29,center_30,center_31,center_32,center_33,center_34,center_35,center_36,center_37,center_38,center_39,center_40,radius
0.25348551851195456,0.33675504375886567,0.009588601145098186,0.4766032739965824,0.8764734197265912,0.2201401964877524,0.10846053744451112,0.3003738806648386,0.9450752334626987,0.864611538924177,0.7096298297751688,0.9225689909644804,0.05693520251945261,0.6071249763305306,0.849223269932152,0.5980160571005049,0.5614575324393641,0.7343457804784521,0.5814795189464159,0.682928924085515,0.9666080025942148,0.6354870748694913,0.5260600886410735,0.9584647573135491,0.8984298841199642,0.15560042134048513,0.5790146402712913,0.9700651367789264,0.10771789247816843,0.9615805149745332,0.6432934714367193,0.7437912818971156,0.45117943105820835,0.6188084077017294,0.0082781937876365,0.5539256385585039,0.7953740194871101,0.26561928966463144,0.9409940452553733,0.2854100223437436,0.6815675883299547,3.600630130711593
