center_0,center_1,center_2,center_3,center_4,center_5,center_6,center_7,center_8,center_9,center_10,center_11,center_12,center_13,center_14,center_15,center_16,center_17,center_18,center_19,center_20,center_21,center_22,center_23,center_24,center_25,center_26,center_27,center_28,center_29,center_30,center_31,center_32,center_33,center_34,center_35,center_36,center_37,center_38,center_39,center_40,radius
0.3632620631760618,0.2543196445956233,0.9531208598972489,0.2969741795257391,0.17024381943848288,0.6344612524978174,0.08038282045388612,0.5547872954336587,0.9242129551115663,0.9881841992709683,0.2422800557800665,0.28975639648614915,0.7196386877087965,0.16921030221419353,0.3469093566878849,0.8972739881168356,0.6797390327854673,0.4701010803344364,0.23086205522494418,0.1161108756261724,0.35040241279107065,0.6592010849488738,0.5722414804935504,0.8578292694591355,0.05030809708308215,0.17325618556717903,0.8099971556778588,0.16047489024667605,0.9632808403609161,0.06424170890157455,0.33814912882555737,0.37113883379113155,0.8823642265254976,0.2223620197537235,0.08477711678296707,0.15171982576415155,0.024186464806430386,0.47159212558411845,0.7757552792151166,0.700753952108299,0.41962196692698317,3.0859345197704733
0.9372609675618234,0.3007218052442038,0.7449193471044444,0.19119693944254845,0.6560641007199561,0.009216555486384226,0.6102619454861877,0.3602231702575933,0.08752302071134566,0.411135346048047,0.018814844741083636,0.11753086561159987,0.029395040785235138,0.7392645607673509,0.21990932695482335,0.7299164195390628,0.9796592675869371,0.7364444390096612,0.2548563093203302,0.44258228996045534,0.12137905839835972,0.986872683425142,0.28579867304809503,0.003591391167894864,0.9852265228339464,0.9729464185752333,0.05598081279006362,0.8724231483886514,0.26406508784183447,0.8049001908292348,0.8751609069724477,0.6073000975573437,0.999442623112373,0.28806091731597183,0.5965210214302905,0.3680847765625396,0.878395508091082,0.6090286342264052,0.5547162433778576,0.06743935012581981,0.5306187951522211,3.400591659202951
