center_0,center_1,center_2,center_3,center_4,center_5,center_6,center_7,center_8,center_9,center_10,center_11,center_12,center_13,center_14,center_15,center_16,center_17,center_18,center_19,center_20,center_21,center_22,center_23,center_24,center_25,center_26,center_27,center_28,center_29,center_30,center_31,center_32,center_33,center_34,center_35,center_36,center_37,center_38,center_39,center_40,radius
0.04341395811156701,0.6656960150683232,0.5605390767248632,0.7085443174689164,0.8415336023981829,0.09767950348340526,0.038972751606531575,0.2170596769984381,0.6096910732808084,0.494845681739271,0.8203690560612942,0.054193396532836946,0.14783657038704168,0.734719984078515,0.14917184100277125,0.2858973863434706,0.9312207594714926,0.784459436229507,0.7294913774398042,0.5371965334671001,0.015648324891173737,0.05646895934183327,0.76072151805934,0.24345142473605086,0.3860754467839831,0.07843428378388129,0.08304001590243482,0.17783905551513157,0.24649918438431095,0.28956508841477,0.24865228794573535,0.9083541586004263,0.4324481112415801,0.17660825385402046,0.11476109440940718,0.32606326924643303,0.681903528094339,0.3199471683323196,0.6736547323006892,0.9679360381634271,0.3651134282362981,2.508990956129031
0.7753694744622905,0.009678543787769778,0.32605869429154444,0.6235561711453415,0.30897593083421393,0.27025439830628983,0.8081481293747333,0.9098082217144884,0.24005752123149549,0.5982137577444857,0.5953224864165815,0.7749450677678845,0.9714338164606645,0.9860660483154841,0.3808656229165024,0.381842157830957,0.6844490102282328,0.0364709201608272,0.8562401447805982,0.6350056198718129,0.4463621040822401,0.6367502677683196,0.8003909082932381,0.0060948027640689295,0.6628832013838211,0.8259193009100804,0.6340137087322827,0.9434291265622448,0.03675314367490634,0.3991787210087877,0.7856453682590685,0.5059688389564184,0.5537694308499487,0.6890257300435919,0.748021527318886,0.5903988843064037,0.25409763678026187,0.7113611747554052,0.7134702245460595,0.6903070726287979,0.5315970167538648,3.3115159422200104
