center_0,center_1,center_2,center_3,center_4,center_5,center_6,center_7,center_8,center_9,center_10,center_11,center_12,center_13,center_14,center_15,center_16,center_17,center_18,center_19,center_20,center_21,center_22,center_23,center_24,center_25,center_26,center_27,center_28,center_29,center_30,center_31,center_32,center_33,center_34,center_35,center_36,center_37,center_38,center_39,center_40,radius
0.5903042905561671,0.8506719496241176,0.186819366182848,0.4516609814790282,0.8635435606515236,0.7582220189857396,0.47463778157046366,0.4912184496990185,0.386287376485301,0.9540148427019208,0.1522847135920562,0.6507068490536794,0.1305664937162322,0.4461547367812857,0.6988031511748486,0.6561554827962113,0.7413094909976382,0.7513016857762949,0.8648795375298562,0.1174184357166771,0.30751619687504084,0.6131076035447736,0.8734132926174379,0.2233917454988501,0.8554727440424996,0.19254190769169444,0.9955887354437654,0.7234447004985081,0.1249854536798154,0.3432473686270243,0.6379536464859042,0.25552093469010895,0.6993163496464956,0.9648579472865401,0.31807024675259976,0.8468227074307166,0.8287783994716541,0.46303877900193946,0.11093214673571328,0.81970389278868,0.5680542681523776,3.339875859728334
