center_0,center_1,center_2,center_3,center_4,center_5,center_6,center_7,center_8,center_9,center_10,center_11,center_12,center_13,center_14,center_15,center_16,center_17,center_18,center_19,center_20,center_21,center_22,center_23,center_24,center_25,center_26,center_27,center_28,center_29,center_30,center_31,center_32,center_33,center_34,center_35,center_36,center_37,center_38,center_39,center_40,radius
0.05149390915098051,0.005957860978711649,0.5161316580443318,0.7737224484162092,0.5621065494734407,0.7088760806903076,0.8066064898178429,0.898162964132443,0.4799984946585939,0.42904417406222417,0.6274045028328924,0.7044707988208655,0.601893661336735,0.800699040269753,0.11621696604604947,0.7675912385391424,0.9246584181540991,0.13166241980438187,0.7570205632196085,0.24490900243304792,0.30986549120122464,0.48492652428923744,0.1343256375724684,0.7104096236947486,0.33385548680636357,0.9923925289067902,0.8749482224685693,0.3633365533815561,0.4532700681707055,0.67203049352559,0.3016109882268644,0.5299529906674505,0.9867496456720006,0.12278550185293047,0.6754253244710305,0.7151442390151592,0.5261937123085549,0.34030508110701174,0.9515056404482425,0.3476769608265745,0.43610111946164565,3.3779577220934405
