center_0,center_1,center_2,center_3,center_4,center_5,center_6,center_7,center_8,center_9,center_10,center_11,center_12,center_13,center_14,center_15,center_16,center_17,center_18,center_19,center_20,center_21,center_22,center_23,center_24,center_25,center_26,center_27,center_28,center_29,center_30,center_31,center_32,center_33,center_34,center_35,center_36,center_37,center_38,center_39,center_40,radius
0.02290417215186691,0.633094550143734,0.5866407273645111,0.6130247445712081,0.9229406403509869,0.16311274449553492,0.3999780684895574,0.023984301468066294,0.4879587584421188,0.5378102212820541,0.09030338066328103,0.3826493214790747,0.44667173789388825,0.3688231924912545,0.384586768098655,0.5284217897099693,0.8642483388675122,0.9224558096778569,0.30524840288690247,0.980350276223171,0.3112576284401485,0.4450856796607463,0.39911817148218176,0.12361590325643046,0.6466511448574827,0.8584234940861277,0.853026567963181,0.17899217922065158,0.06999352981206597,0.41445415676923913,0.18445345850701322,0.1667713401195421,0.4066101706583434,0.47425596134783743,0.7995479547315358,0.6910691778626363,0.9301584069335288,0.08734856295997095,0.8010947614437274,0.27375517484025724,0.8793464622071125,3.3434178516059454
