center_0,center_1,center_2,center_3,center_4,center_5,center_6,center_7,center_8,center_9,center_10,center_11,center_12,center_13,center_14,center_15,center_16,center_17,center_18,center_19,center_20,center_21,center_22,center_23,center_24,center_25,center_26,center_27,center_28,center_29,center_30,center_31,center_32,center_33,center_34,center_35,center_36,center_37,center_38,center_39,center_40,center_41,radius
0.5418573737546093,0.9266515591547093,0.5588160625162404,0.6337084004560204,0.3203362441161842,0.49689297049083414,0.07239608949580612,0.14984299380809862,0.8461230519288524,0.07935533011363127,0.45325710951996756,0.8490459365174116,0.9816784473095868,0.7259895657139311,0.2270221397625617,0.5848818060399789,0.8341240690813965,0.5516468075487875,0.8492542353917703,0.9064619291579243,0.009168790444513908,0.1232570388791514,0.6061175492751563,0.9296852493454045,0.9561991065816938,0.44804682484610725,0.3250500871526779,0.7977784281729411,0.7899852222199999,0.36189481637929455,0.9079924482470945,0.8690601963927632,0.8214450344455321,0.4956947151469695,0.022785642039734655,0.25142808760702506,0.6420153576905099,0.23277796722636845,0.64666408470998,0.0726549541171142,0.6071612906576322,0.9912616622490509,3.5656993514992013
0.9359038827645477,0.07891626090652193,0.6305043340777793,0.26984721841060855,0.9373836563886411,0.4990778569396006,0.8691886738875331,0.8512522008418081,0.014134130419761304,0.8661341114371572,0.7657245869469915,0.7810945297135611,0.8859041045830282,0.1285491784783761,0.9631278595850867,0.6422470119548854,0.42864788459206293,0.1182938716260844,0.6826831845233877,0.5031558951232051,0.5770554930173308,0.793825801865863,0.28451547889785656,0.7536909497595983,0.0860138321590137,0.6873906873706942,0.5099620555428699,0.08865874992044698,0.8907059197315322,0.965967787841459,0.03414354536766884,0.4438565816730018,0.21146514363888202,0.43975426108694626,0.5447092646860582,0.7857097438672697,0.011824359038714594,0.9855775873128064,0.13473996775578378,0.9705980786725316,0.6562557134410173,0.030314499179083576,3.8105349140382456
