center_0,center_1,center_2,center_3,center_4,center_5,center_6,center_7,center_8,center_9,center_10,center_11,center_12,center_13,center_14,center_15,center_16,center_17,center_18,center_19,center_20,center_21,center_22,center_23,center_24,center_25,center_26,center_27,center_28,center_29,center_30,center_31,center_32,center_33,center_34,center_35,center_36,center_37,center_38,center_39,center_40,radius
0.4475246098350796,0.9641775067630856,0.10998706499540833,0.26202353478555884,0.7645656942648861,0.4114485599586263,0.597667388313526,0.19341105533275482,0.21387207466115776,0.7459013526795158,0.2495939150072637,0.8120491373735439,0.7008876335372952,0.6977058420398168,0.48570324097085327,0.9930873057898182,0.29295907961059087,0.9570467848286137,0.7595084523435471,0.23922239948861068,0.6039972410393949,0.09252806232585953,0.937566997414543,0.20411213646604653,0.6181512576106076,0.6735014998714816,0.4845156603301184,0.9465240229232409,0.15025078526680113,0.23698757782329982,0.7879484815165286,0.158425283834143,0.9010155784104208,0.49509581871210895,0.8621377361836244,0.4305591400763419,0.11027930607165803,0.9057434781045539,0.6977589604765733,0.7277541451566458,0.7089400336836534,3.485602256740582
