center_0,center_1,center_2,center_3,center_4,center_5,center_6,center_7,center_8,center_9,center_10,center_11,center_12,center_13,center_14,center_15,center_16,center_17,center_18,center_19,center_20,center_21,center_22,center_23,center_24,center_25,center_26,center_27,center_28,center_29,center_30,center_31,center_32,center_33,center_34,center_35,center_36,center_37,center_38,center_39,center_40,radius
0.6199910112827393,0.440953624576354,0.6756518541255451,0.46804589441594757,0.8557582721676567,0.02374827069462082,0.7836179743841268,0.04966225304886096,0.3706113041462906,0.3084210084630806,0.0009671088972650344,0.5511313848983269,0.2744783047374807,0.7683992786617087,0.17988251210143713,0.9721132290246352,0.7075047898497333,0.3501073913181544,0.6736155276303186,0.4180796383829959,0.004553295737992014,0.19037657793674134,0.4081108679543183,0.7617387053440362,0.4812416184210666,0.5815563811959541,0.6535510846678326,0.9888528870753854,0.7097995330746314,0.5268713005444318,0.5600478821746805,0.7369838008657407,0.19300667273139127,0.7925253378905542,0.9912933915870259,0.637582533613851,0.731260507077604,0.5057493807279511,0.4297563592160164,0.2316143360201931,0.46274881158023895,3.0802186403097784
0.7638140531515031,0.6210301975129374,0.03963307855418052,0.8960046811922228,0.4848148425399933,0.555650307044738,0.0227179892957593,0.9970426444962794,0.646052550488465,0.20044096958423196,0.9877593162721665,0.9601553631435162,0.20899854521281558,0.04276667217166308,0.7570367343437371,0.01221245035490992,0.8891085672205554,0.7043238736407156,0.5820502017090614,0.4799362981549168,0.5458858564438607,0.17012024591299257,0.8189863342394728,0.31880496277922377,0.3153656753381102,0.04270615050679516,0.17987427416751944,0.39701923219909663,0.31551460106691065,0.9818488283186763,0.2534511038922824,0.06692449593184668,0.9680232497407171,0.8694024082035604,0.5699658953879719,0.5853628799572967,0.28956827192513923,0.9879206815369559,0.4825442691243431,0.877247934451412,0.5793889783426043,3.2910907544921084
