center_0,center_1,center_2,center_3,center_4,center_5,center_6,center_7,center_8,center_9,center_10,center_11,center_12,center_13,center_14,center_15,center_16,center_17,center_18,center_19,center_20,center_21,center_22,center_23,center_24,center_25,center_26,center_27,center_28,center_29,center_30,center_31,center_32,center_33,center_34,center_35,center_36,center_37,center_38,center_39,center_40,radius
0.7093785010369148,0.3046439530094224,0.5120403346538013,0.5367578825236209,0.7838499374973209,0.6115756643652769,0.5361022616261729,0.672549163774434,0.06670062902240459,0.11426314832108964,0.15743562023417668,0.9135551774148004,0.37965520849043555,0.37975518695999133,0.9488506463833364,0.7472978358663684,0.289294319410906,0.918810009482678,0.9852119926844728,0.266320648686029,0.09422762646599347,0.923696392691403,0.6800072108711749,0.6062551375318752,0.8189676470836583,0.8896693071846083,0.0280893776623774,0.7333144863691475,0.28944719574787303,0.8584109286437076,0.9505884533588974,0.06011704223346459,0.8180390233132825,0.3361657926830739,0.6918396451344149,0.07792259787324218,0.27558929910465624,0.3373883305029016,0.46587069267768944,0.6325875740507598,0.4020997188652635,3.3016945692960773
0.1256813009153338,0.5019381303470293,0.20971329455493837,0.4976689658906538,0.684495563764274,0.07581575883715519,0.706271582993004,0.9129753427881411,0.916036379233584,0.9485661844695162,0.03608308231034396,0.5155754114185889,0.5298847028971928,0.5779248981687347,0.007414980112698588,0.08518463584095459,0.9907930204062905,0.17846263457062628,0.03786583311245184,0.0956546727257297,0.6806715974673141,0.029843275596145524,0.2741460729302043,0.79960819995399,0.031380929905731714,0.8052662901386575,0.1169574298349304,0.7143187544489159,0.4818870935822862,0.2987071032491657,0.07856514802672865,0.7772761021948487,0.5027239317530645,0.9505279937603914,0.7484595173518739,0.9608305604880639,0.554158835307363,0.4366313446019173,0.42585830039501504,0.6215239385094029,0.9814936142332928,3.2134645206672405
