center_0,center_1,center_2,center_3,center_4,center_5,center_6,center_7,center_8,center_9,center_10,center_11,center_12,center_13,center_14,center_15,center_16,center_17,center_18,center_19,center_20,center_21,center_22,center_23,center_24,center_25,center_26,center_27,center_28,center_29,center_30,center_31,center_32,center_33,center_34,center_35,center_36,center_37,center_38,center_39,center_40,radius
0.32482805367606105,0.15554877338757156,0.6408753591229022,0.8844358925980208,0.11778869523859492,0.01140289956927476,0.4105299201385678,0.2054491375240316,0.9824891340063763,0.10516183154432757,0.9612540717586177,0.8191678006516335,0.4885407035192727,0.7826732819912473,0.7243018630345495,0.49423932082184374,0.30684347111230326,0.5542568928961348,0.03182366810829651,0.7898254634173874,0.360520650273513,0.733460433085713,0.4034202809108789,0.9227084185253274,0.287553519896691,0.13620955588440598,0.7546698227984119,0.6300780099226556,0.35696288323357517,0.99812541223623,0.04779311141658271,0.8650070891188744,0.30888298763561073,0.6683705087396736,0.5039371985472081,0.698380631649299,0.7563950019637283,0.5772855564867583,0.19597678989964917,0.965912774410741,0.7062860431511987,3.3431420586598524
0.6740425647394533,0.9782347246835353,0.35922650776382536,0.6822340327908917,0.9550146489084703,0.6618830656675667,0.8061497787722762,0.889642750538325,0.7431477380228044,0.782029988961711,0.26449689045862046,0.37832740500563244,0.26837927387211125,0.11706278104192025,0.23046600463953337,0.8255835948094505,0.4851874173046884,0.3509148426389904,0.4627790717739737,0.22659523480565857,0.48665012065283886,0.4277410862793841,0.39619665608359844,0.03806308774996037,0.04198992284231351,0.4933003814850705,0.8243769446322604,0.07657034882223279,0.2079822403122782,9.329611215858069e-05,0.776798700926111,0.15295410613736438,0.37264466176535826,0.8955474036245832,0.15214687995910026,0.009161615381367505,0.49484062080404867,0.5389163809005912,0.8343691974477409,0.04252878462962684,0.014589060675337384,3.178399942732605
