center_0,center_1,center_2,center_3,center_4,center_5,center_6,center_7,center_8,center_9,center_10,center_11,center_12,center_13,center_14,center_15,center_16,center_17,center_18,center_19,center_20,center_21,center_22,center_23,center_24,center_25,center_26,center_27,center_28,center_29,center_30,center_31,center_32,center_33,center_34,center_35,center_36,center_37,center_38,center_39,center_40,radius
0.7306572681547137,0.7634270527560567,0.16105641343933885,0.4929855028197032,0.801603499953726,0.6478399760811395,0.8937324398085463,0.3048781809882479,0.005361557459265143,0.7396173359766063,0.06368010060005969,0.596925376196595,0.8526459579893634,0.08203151281133769,0.543981860936075,0.12927044399327703,0.6555677299346141,0.7258026338061592,0.8509981210681166,0.9269662808181545,0.5066813697963307,0.38549830075865477,0.40976188491230703,0.5934492828388555,0.6371160385636755,0.6585796166839827,0.9851409935940836,0.6126943660028827,0.06330816576980358,0.0814841135132428,0.021481153734816072,0.5733700677644725,0.9960576498955244,0.2669121489779839,0.5858511548171675,0.904802371321161,0.28766915312175845,0.561826845044758,0.039652559059774495,0.5297485388686617,0.10849010401147297,3.3854193179435104
