center_0,center_1,center_2,center_3,center_4,center_5,center_6,center_7,center_8,center_9,center_10,center_11,center_12,center_13,center_14,center_15,center_16,center_17,center_18,center_19,center_20,center_21,center_22,center_23,center_24,center_25,center_26,center_27,center_28,center_29,center_30,center_31,center_32,center_33,center_34,center_35,center_36,center_37,center_38,center_39,center_40,radius
0.8680062922940496,0.9450571543347528,0.47077578440657053,0.7634850199247958,0.1942111919884213,0.4097502556894399,0.5532725822797485,0.6785190506470686,0.6218274893361811,0.6600087473460069,0.8993668763025299,0.7391887089066619,0.4168009542315423,0.7998679941508549,0.1882753621057318,0.9040856596622963,0.1602749035022366,0.1073486999137947,0.24251060023618076,0.9407067823590476,0.8549467261823918,0.4552397532194393,0.1942036298257397,0.2983205352782352,0.11507663099474175,0.42865642875365173,0.9361128069541796,0.21195199087303063,0.4629009519805264,0.14435592348537363,0.17255436712651506,0.4574292571102013,0.7431971185722716,0.46877249822203815,0.7977590171102723,0.03610821553412824,0.7426914889734929,0.6794869148230452,0.7430321685418901,0.1893853133061404,0.8025166703621401,3.320982073597394
0.41551511651524686,0.0806178963931331,0.9569593041253447,0.8515163174222099,0.07150529453836307,0.2772472144986804,0.17921097532692465,0.977619296145399,0.7587402536772933,0.8371772926272998,0.007893671549500492,0.32308087355631765,0.9224679593253929,0.9914095574584708,0.724083003216741,0.2646449155971837,0.9585589192178927,0.6072973619357932,0.006751866527419659,0.1720266430952465,0.778141442501568,0.93450251031672,0.9447709067622012,0.936395759564232,0.9762013054411409,0.2336512750503036,0.4879291940377184,0.9543735626662859,0.2925622514359234,0.7085201096929719,0.8596469200539062,0.9210002719734853,0.3699990330891103,0.9742270641516795,0.34042463627274844,0.5788508318362637,0.21736229545393626,0.22807328844572983,0.13449037086107574,0.7468897816395267,0.019356090218113464,3.695707299419646
