center_0,center_1,center_2,center_3,center_4,center_5,center_6,center_7,center_8,center_9,center_10,center_11,center_12,center_13,center_14,center_15,center_16,center_17,center_18,center_19,center_20,center_21,center_22,center_23,center_24,center_25,center_26,center_27,center_28,center_29,center_30,center_31,center_32,center_33,center_34,center_35,center_36,center_37,center_38,center_39,center_40,radius
0.5655920600234635,0.10289957294810781,0.44179247093327223,0.46758760435399804,0.776340070437545,0.9432028997722324,0.9410172718294223,0.6301769333007085,0.9076767770941485,0.8213009986953363,0.8910252314239053,0.42293926269080706,0.7096862775714184,0.6230456506113163,0.9276730821664213,0.40941733607675346,0.7480732421121019,0.4764926399997853,0.053665842867210545,0.3118357815535474,0.29471243616188714,0.3113782449917306,0.8597333673097798,0.22842846727370503,0.5752770605002591,0.7212609622112895,0.6804878067403478,0.5552422300768243,0.5896740913021619,0.19767603068924178,0.5412528582356461,0.5684811027791874,0.4709260288580128,0.499083504213372,0.7114659729450453,0.8357641642468261,0.7818005003394262,0.3120602752665447,0.743098199747942,0.08258825164404981,0.9570663737132884,3.6593951657483537
