center_0,center_1,center_2,center_3,center_4,center_5,center_6,center_7,center_8,center_9,center_10,center_11,center_12,center_13,center_14,center_15,center_16,center_17,center_18,center_19,center_20,center_21,center_22,center_23,center_24,center_25,center_26,center_27,center_28,center_29,center_30,center_31,center_32,center_33,center_34,center_35,center_36,center_37,center_38,center_39,center_40,radius
0.6454074390784686,0.3842581002414841,0.7258487546414076,0.14038741985114134,0.7153743916277387,0.3596492415556799,0.9111591127460332,0.9341833353173521,0.8932455433096073,0.9881337430690657,0.3392926111851773,0.2801763539237112,0.02055609230864175,0.43509007782283315,0.294197072866225,0.17446104876938495,0.9701627171155375,0.04189207922527993,0.3105155765868355,0.2989796963439475,0.1174664388671749,0.22776243157907272,0.8171813473235976,0.421689561690498,0.2052392727441641,0.9677953249752579,0.5410912543688752,0.916086497913592,0.6816033992982307,0.14341406932032963,0.9841897734079933,0.04997605003947536,0.5874338310243624,0.05392119679148899,0.7832933952016791,0.2733257093605067,0.37151614222616924,0.7911532100874217,0.5965888075909871,0.07590534832682971,0.3808358987023672,3.347674885641897
0.0044490759457956885,0.06914726160134543,0.1734229166089496,0.7945843088701231,0.059178281813234035,0.5978659145340095,0.20956531186924532,0.21479781414621368,0.8944143617496064,0.11150393255625612,0.22360015235152708,0.9364261607611283,0.3394020464695595,0.3321980105109287,0.5795728125755117,0.8064422605837301,0.06360243113357811,0.9959594197099125,0.24945642708662663,0.40657323301092396,0.41257590331144844,0.9882240201940713,0.34713721203937575,0.10276058138443278,0.4973190929506037,0.20684432488212778,0.2901656022286897,0.47112003832917826,0.00814946876383571,0.8252319783280462,0.22232847880163764,0.14388863514330796,0.185189079512168,0.3181199415451287,0.28663463283661894,0.9909105296799169,0.452359553832017,0.8802559717611357,0.6779410415193046,0.9654420158262401,0.9610524865500766,3.0952524916076354
