center_0,center_1,center_2,center_3,center_4,center_5,center_6,center_7,center_8,center_9,center_10,center_11,center_12,center_13,center_14,center_15,center_16,center_17,center_18,center_19,center_20,center_21,center_22,center_23,center_24,center_25,center_26,center_27,center_28,center_29,center_30,center_31,center_32,center_33,center_34,center_35,center_36,center_37,center_38,center_39,center_40,radius
0.5833137378697608,0.29801410583891974,0.5836671224883929,0.5554940978904241,0.3472710068700052,0.44058441538714044,0.5590701279149525,0.3806830661442979,0.41732752609306467,0.9986121882465855,0.18994037313063716,0.08030741740706926,0.49075820073296483,0.5171600854663854,0.8570140542885748,0.05705181105088397,0.14129154000214428,0.6816213912451112,0.5394165365527358,0.3634891755030397,0.7090754263513115,0.47702316631161346,0.33136821423719287,0.7979831040133867,0.9147535966547097,0.5162917214830149,0.36325819895191114,0.960604689413184,0.3284610619478294,0.024093395711739296,0.13366134543643704,0.9626731525891908,0.642469359441636,0.9690971920907154,0.1273138172165248,0.2886737914166956,0.6938621309500311,0.34148200698265063,0.3111654896672338,0.8369472007365797,0.4850105961655299,3.0414187347293744
0.3775118950114692,0.4244234093469538,0.923633060125628,0.26249277079101707,0.9944374499987261,0.016988071896294366,0.0982074220590392,0.9016888359078231,0.938968373917731,0.7031863634854225,0.7802316415876862,0.989065245965864,0.04369418752597243,0.7047299830408956,0.14596878935924518,0.9776435515485223,0.5361611422984234,0.565364736436336,0.11682866813164694,0.9887304421820081,0.7795297008566113,0.43766352131657094,0.3232746279832076,0.2576680180933777,0.8454676558289776,0.8018513598465995,0.9362476064204392,0.14166757025013166,0.24069138909001142,0.8641756177798585,0.7105806808533712,0.24686599754099803,0.07625597618731206,0.5542136462829136,0.7669506631256903,0.22669443102570863,0.3962469972560857,0.7887238939524941,0.030235903710967293,0.8417322910706581,0.34729801477406463,3.464538441025397
