center_0,center_1,center_2,center_3,center_4,center_5,center_6,center_7,center_8,center_9,center_10,center_11,center_12,center_13,center_14,center_15,center_16,center_17,center_18,center_19,center_20,center_21,center_22,center_23,center_24,center_25,center_26,center_27,center_28,center_29,center_30,center_31,center_32,center_33,center_34,center_35,center_36,center_37,center_38,center_39,center_40,radius
0.6866468174734872,0.3791656296549486,0.05728050317390698,0.7740368452457603,0.6927894997027546,0.19025965270577072,0.4132740615932792,0.12989179433563192,0.9607167434595162,0.7403750529651109,0.44993717021457824,0.4119394799769369,0.7533230327264514,0.8048932689517878,0.3990810789129684,0.7769051961606062,0.36558365450224406,0.5616489720816983,0.12483507209436318,0.17557442844437177,0.6884503866824994,0.9228064395731815,0.1590592393890904,0.5169775605223872,0.18709222873903242,0.34043405786798364,0.8483067845567988,0.36706772671402765,0.4970622334862552,0.7077706674649425,0.9251195634362624,0.31533112835899313,0.9173375063025477,0.13454011217776618,0.9349081740297864,0.5232296419219357,0.04751526313027665,0.27919695861074234,0.8204331401670669,0.6448005437893222,0.8411364975293543,3.299191430521236
0.9757843684771081,0.7602333081842946,0.15841344919225175,0.31208276193106166,0.7422534000272059,0.8661006125927472,0.9158362662286984,0.8160407290943489,0.16003433609536744,0.11922701789596313,0.06909696714531388,0.9607912373359809,0.9567568958829223,0.15033473223773086,0.30687593439687066,0.763238026071287,0.72347004308879,0.030754236639069288,0.06461345177820788,0.8373711622917382,0.22174946917340577,0.05855752785575452,0.843854221866942,0.34780616155667554,0.4904828485256205,0.1220599652327381,0.08924513575309745,0.8213176004027066,0.02856131337528023,0.1497502979280595,0.5356791269786112,0.3588451351981906,0.10174593680999522,0.8089352454091533,0.38891795815068564,0.8874756274089297,0.9163583260611184,0.9763725230466015,0.704815055713558,0.031017772218804307,0.06516408619585479,3.4038934285983307
