center_0,center_1,center_2,center_3,center_4,center_5,center_6,center_7,center_8,center_9,center_10,center_11,center_12,center_13,center_14,center_15,center_16,center_17,center_18,center_19,center_20,center_21,center_22,center_23,center_24,center_25,center_26,center_27,center_28,center_29,center_30,center_31,center_32,center_33,center_34,center_35,center_36,center_37,center_38,center_39,center_40,radius
0.6191343460190721,0.7853128655403359,0.004016028697682805,0.6968350661093771,0.5935627783945208,0.5582325759088428,0.41358785833834644,0.3418422800285611,0.17092477927033267,0.13149204722286412,0.5289886816184004,0.8467830528970052,0.49129144693288707,0.12823540907453357,0.04246465510459352,0.9969132588991881,0.6299557038322326,0.027759073357374375,0.4306600574226461,0.007622768019267867,0.2749564551757864,0.04232545797171339,0.588476629685745,0.8670161132070308,0.5516126039198318,0.7838961882189591,0.5011569984175016,0.7111977466547527,0.8572732138875307,0.21166479979581299,0.11923844690671748,0.6348289299185998,0.42931424509008875,0.24479220166732152,0.11744952784261131,0.4606689946285303,0.34476502272508136,0.5042964333537855,0.7386901253500736,0.49017587123207607,0.11485357828702236,2.643831947207334
0.764386154976471,0.03554393288883928,0.8091398840177164,0.14634257189664535,0.07515227139285141,0.91881830415121,0.06343516329448173,0.8515581386584132,0.04633117350817395,0.3964765675044172,0.9392029009010586,0.43405087469324155,0.66108345215277,0.4995534514194986,0.8420103349383472,0.2121163769597959,0.7265423636786331,0.10871907312639006,0.8608726230467417,0.05625280157248347,0.9763311500527847,0.5165544254354383,0.64658191526933,0.7396011758321415,0.438639867675334,0.11161769884473316,0.10102798318360418,0.45899148096469233,0.4447738605728261,0.3607016875574285,0.42985538351818886,0.9326691246030219,0.10830461340372377,0.5882971182703021,0.35890876532562155,0.8908071585921623,0.3254066558959232,0.9927590205727633,0.23154885226282618,0.4577973894114783,0.5651084525930578,3.3347255283660915
