center_0,center_1,center_2,center_3,center_4,center_5,center_6,center_7,center_8,center_9,center_10,center_11,center_12,center_13,center_14,center_15,center_16,center_17,center_18,center_19,center_20,center_21,center_22,center_23,center_24,center_25,center_26,center_27,center_28,center_29,center_30,center_31,center_32,center_33,center_34,center_35,center_36,center_37,center_38,center_39,center_40,radius
0.07488571572841385,0.06910986207575553,0.4080912857650355,0.970659443270595,0.468235623745172,0.5339031671522867,0.38949406344715953,0.05307182789156317,0.5663360714776592,0.7737868988278216,0.7613045636063486,0.9856146608929267,0.8611857984789376,0.15318200048664232,0.28974397032920507,0.7341569387127655,0.3229743329073739,0.09404572817270795,0.04723049175159588,0.9818066532809115,0.9059137977170557,0.7386938433206783,0.8140675279273947,0.23097264123429329,0.7188498712983796,0.425346421391792,0.45653963760344296,0.7985156910388564,0.7905668627021766,0.480411369510114,0.8362646132131929,0.9349837685863303,0.6220680443802634,0.028374775685683584,0.3607989681255468,0.6543217340489499,0.8908710551877326,0.6861585603460796,0.6737166128380562,0.5120735598429996,0.40789947923914793,3.3428259598578256
0.9788504837055054,0.20918197980310893,0.847970431211028,0.05806988152579451,0.49372147502193564,0.8156750352967705,0.8975398696637003,0.8967689384559927,0.30656648004577514,0.14015077019194322,0.04264403239296055,0.14632124483897202,0.24951996920824515,0.6716888083460262,0.30213657444692954,0.6387194156968083,0.6400808331685642,0.7561517813208188,0.9151381151232465,0.039213296508431306,0.19040111612041277,0.20004426910920625,0.31062000460273864,0.5700967636283679,0.9787980613146461,0.6995194877932054,0.8843862142351099,0.19977452433034326,0.10473671324736022,0.7339541434041941,0.13420085835711393,0.5543851311313166,0.9668310916660412,0.4389591562801831,0.6772900444449107,0.5903921549484162,0.9288986494033964,0.007813207515779963,0.6327297934025262,0.48032825752596275,0.24725311092812474,3.5216761096795923
