center_0,center_1,center_2,center_3,center_4,center_5,center_6,center_7,center_8,center_9,center_10,center_11,center_12,center_13,center_14,center_15,center_16,center_17,center_18,center_19,center_20,center_21,center_22,center_23,center_24,center_25,center_26,center_27,center_28,center_29,center_30,center_31,center_32,center_33,center_34,center_35,center_36,center_37,center_38,center_39,center_40,radius
0.36147448980091923,0.9204062991171976,0.06329938447113803,0.5044560000191266,0.14326460566804378,0.3184492967389134,0.772925662200121,0.9309192539563449,0.8462041752120266,0.16813799497027682,0.4253516903618856,0.9649822701034961,0.8911739828656295,0.6633162628768894,0.0041017201549667925,0.050035601903255955,0.2532997314972272,0.516544131318025,0.41398753222859586,0.07884045977541732,0.7116352222248549,0.19346533296021484,0.8417193690128147,0.013704846836160245,0.32775127860802367,0.8316447329695055,0.7247908550595539,0.19106947077578385,0.09447504514231087,0.3991723176347013,0.5276199875709068,0.6617137856646882,0.5427654388599809,0.13680922840838672,0.44969747390155734,0.6023983766939447,0.5293079674083301,0.5298197616100387,0.7911827888912629,0.5165632458715339,0.07837172263861858,3.0369140854249297
0.2696688984473049,0.2565850504466428,0.6084528418234598,0.07007355059569165,0.8856222445434505,0.395365674593372,0.18026172318830747,0.20904189449887411,0.865064061055307,0.8714216328593801,0.4782791459388429,0.987494028586134,0.25417955541130877,0.22715314876679737,0.9180231305100538,0.9607268776063533,0.9076228707345513,0.9739627620694037,0.8312261521978052,0.8074545767321036,0.07062303822826033,0.5735364319361327,0.0015890433401511972,0.2863643812273837,0.7870352229183458,0.3240333264559617,0.3719936971619675,0.7708303868418942,0.24930051731233238,0.7010183051879159,0.4051407900348709,0.3850445070493972,0.4398698158546148,0.6456945317293943,0.5915598645728215,0.8143636596892787,0.8129099006568079,0.8552326730958542,0.584992866241569,0.966934494573406,0.6556510605766948,3.7205858685357565
