center_0,center_1,center_2,center_3,center_4,center_5,center_6,center_7,center_8,center_9,center_10,center_11,center_12,center_13,center_14,center_15,center_16,center_17,center_18,center_19,center_20,center_21,center_22,center_23,center_24,center_25,center_26,center_27,center_28,center_29,center_30,center_31,center_32,center_33,center_34,center_35,center_36,center_37,center_38,center_39,center_40,radius
0.6393254813453318,0.4317378596046698,0.8203537314419037,0.29109280308966823,0.3887654031144039,0.33111973995661526,0.39763213536617836,0.2051110016065384,0.23180219360642462,0.5257211230517477,0.41848454330152995,0.6383629339076136,0.17862914549272624,0.6983859790129189,0.3613481267917664,0.4896523187197168,0.5122961360771395,0.7998038733019425,0.8244190818781368,0.12562442151814568,0.37138296830516515,0.865176072056764,0.9459306178473804,0.6767699179680381,0.8905747035544642,0.06273649256156066,0.6023152706192925,0.03670208623462501,0.12510507115317548,0.2918574514457498,0.2626732692004251,0.014002002744516684,0.5034722559980972,0.35107669322289525,0.8689852987339329,0.6852641997523665,0.23213037091318844,0.23828989473533824,0.9935092830838314,0.13847696244261076,0.6801476228052243,3.4255321126563048
