center_0,center_1,center_2,center_3,center_4,center_5,center_6,center_7,center_8,center_9,center_10,center_11,center_12,center_13,center_14,center_15,center_16,center_17,center_18,center_19,center_20,center_21,center_22,center_23,center_24,center_25,center_26,center_27,center_28,center_29,center_30,center_31,center_32,center_33,center_34,center_35,center_36,center_37,center_38,center_39,center_40,center_41,radius
0.6999482125993295,0.8284368245616909,0.599834391237941,0.015539129398708384,0.19265622941442273,0.4989885387030222,0.4319543030670284,0.44625830107912745,0.3460178963092665,0.09606476646321582,0.5649777235745644,0.3760461787825278,0.883427155057366,0.9777130943152361,0.8018023832045384,0.2809944659499801,0.5139843139026873,0.8763520292575496,0.885642201789244,0.6920549419773512,0.8174143726978597,0.30386382626072306,0.21880220770269976,0.46558484937242106,0.5128347978287265,0.9592209437135261,0.744518767836835,0.3002149272314839,0.9183286779478783,0.32605053908849135,0.5646624494093672,0.4143905183144928,0.4303910984033775,0.6007370054234552,0.9504201749765474,0.6031073372338968,0.6054898651951212,0.09791352361002759,0.2566763160564144,0.3512405442643267,0.5948222753186269,0.3500493891152714,3.4561025081561554
