center_0,center_1,center_2,center_3,center_4,center_5,center_6,center_7,center_8,center_9,center_10,center_11,center_12,center_13,center_14,center_15,center_16,center_17,center_18,center_19,center_20,center_21,center_22,center_23,center_24,center_25,center_26,center_27,center_28,center_29,center_30,center_31,center_32,center_33,center_34,center_35,center_36,center_37,center_38,center_39,center_40,radius
0.7057018761288455,0.40349615402844097,0.7423238611289615,0.05404366665158156,0.4289969148984042,0.2780675052757372,0.8356747850202089,0.9134733869199111,0.6808168416387124,0.34769475257158733,0.06224671658863001,0.6790289579646593,0.9263924861800935,0.11964933111187182,0.5563360918622562,0.7010192805348534,0.9430326785914653,0.9605107081278131,0.35476556252358427,0.40139029918013447,0.5920848529660934,0.47861315113904845,0.14483205554035194,0.7887273184196926,0.16814702043990948,0.25205498771921886,0.16660988831084744,0.39867410074605136,0.0968435727386101,0.04957266631584667,0.9757205548982778,0.2206978883005536,0.7701824246913944,0.31270534336955746,0.18292225922371097,0.8549094765344947,0.8361218979091434,0.40622628342003,0.6909107108149618,0.39986010947084816,0.3982071752505779,3.5343293621013228
0.1795182560444013,0.6948246155760536,0.4118800338792238,0.9960560474399928,0.7605154208665739,0.7341700580198579,0.7807431481400102,0.07066559775047387,0.005088045081031667,0.833836976028909,0.9070651454785211,0.7682092987944352,0.8154281725481323,0.7583375128350072,0.5633917235541441,0.955377248753061,0.30457177904180943,0.011015792211145792,0.7358091195474732,0.5588173936468794,0.8844090319001813,0.07970143291072307,0.8415555231021769,0.2717393945614238,0.9492102051944946,0.35149766678991456,0.9855973795971793,0.3762996548368084,0.8494147894524664,0.9575950676690573,0.26559990010951995,0.6341939289996917,0.16728698589341462,0.3492255871081884,0.9052928045318198,0.23829599756531084,0.0487002173057679,0.8499034275601262,0.9498932019794031,0.8736037738898568,0.07363078746767715,3.654754434877239
