center_0,center_1,center_2,center_3,center_4,center_5,center_6,center_7,center_8,center_9,center_10,center_11,center_12,center_13,center_14,center_15,center_16,center_17,center_18,center_19,center_20,center_21,center_22,center_23,center_24,center_25,center_26,center_27,center_28,center_29,center_30,center_31,center_32,center_33,center_34,center_35,center_36,center_37,center_38,center_39,center_40,radius
0.9629849537784719,0.21762237200215861,0.5634186562847207,0.5271206169173503,0.891508558988573,0.7120242711749197,0.6370743528540114,0.003747448652206775,0.7354158992955747,0.16167542899851717,0.4374249890465357,0.8017625133307513,0.24366887023352135,0.5877943569002833,0.3663024358938751,0.6112109072750948,0.5638997401256326,0.9689769113037484,0.42401278600613523,0.6730318912350415,0.14847841759143576,0.38157762534224426,0.30406196217565573,0.4800798982271446,0.21325814431350176,0.9527749947529237,0.3835256690801182,0.7405202415558362,0.540913277076385,0.7050699900197643,0.06888017324113704,0.4659494964778459,0.220568807337168,0.023764512034581964,0.053719859681438664,0.08955520766055602,0.9288423671093096,0.6573799400540278,0.6453180363786479,0.06860694270512069,0.7664826575577607,3.170302469805833
0.3425214969875833,0.8737456745997312,0.46004313583185885,0.82920808167057,0.11465563362851827,0.09166004985192777,0.1924259659563824,0.9599436691384858,0.011172852679119938,0.9943629441972895,0.44986010009841093,0.7676505855349773,0.6940768051274183,0.26035731701047227,0.8996124448527657,0.8242442261551524,0.5224401390092835,0.7928066766301837,0.9241321036269013,0.09266351831479258,0.7714482108692156,0.3824349362804025,0.7273262822449935,0.7744533490431615,0.668676011958323,0.15855755559034002,0.6968579674069403,0.23845104205417622,0.7630656190481506,0.30816770328878795,0.2600677458707943,0.05924706642828692,0.8243482324312564,0.9711068825375024,0.47777848851064186,0.572843823162026,0.7305038711493248,0.44618656118780387,0.5890914518615006,0.9002540338943754,0.6077246200632234,3.2748947460382922
