center_0,center_1,center_2,center_3,center_4,center_5,center_6,center_7,center_8,center_9,center_10,center_11,center_12,center_13,center_14,center_15,center_16,center_17,center_18,center_19,center_20,center_21,center_22,center_23,center_24,center_25,center_26,center_27,center_28,center_29,center_30,center_31,center_32,center_33,center_34,center_35,center_36,center_37,center_38,center_39,center_40,radius
0.4913335393715019,0.6475349906127554,0.8417943705388315,0.30217769195241106,0.48084775324214946,0.38988591187040234,0.628192494373691,0.01812711470763939,0.43946608235889784,0.8232904163179564,0.3633157271287695,0.4457395244271276,0.49444514003461293,0.8063080985079982,0.8885514597058312,0.6917578949630809,0.06449608551819086,0.21002238602814394,0.5692532995344585,0.316022884297244,0.6165198636801964,0.8039646118205714,0.8791805010660243,0.9257898119069097,0.9088334443188255,0.07383437553650474,0.9777601124589967,0.8727681669930384,0.8689537842102276,0.2202148685380968,0.10487918276255481,0.5883220482932014,0.1539114180604697,0.5832546639080762,0.6329957090637042,0.05845938014671315,0.6147116171617222,0.9217243391584629,0.5305738014565884,0.6242313352845166,0.9033447192687819,3.278674700399545
0.24528452520737243,0.004775015585378628,0.9717080825040769,0.9113383994450778,0.33588528513283433,0.9045531956849372,0.517278381922732,0.9462718446648996,0.4070762259707803,0.722516141149389,0.8637213188610514,0.7933856660893238,0.7951687516328263,0.8906847602034028,0.806478332790434,0.12436085341487435,0.8892190367570479,0.9033196648593921,0.02613284164195495,0.5796782338387817,0.26235470907662994,0.33882135601080254,0.9142183004939672,0.3038425656633139,0.12351447450900577,0.7968635815211089,0.12862614594321753,0.5901953342774182,0.33106026621101403,0.44793283816871543,0.9679954836398431,0.637437183641949,0.5127580423940843,0.7981258142750857,0.04085845837764579,0.9822234646139871,0.2597760354643579,0.024350894620155716,0.23315519267129425,0.03378468604487306,0.25071270711145777,3.3889522078103407
