center_0,center_1,center_2,center_3,center_4,center_5,center_6,center_7,center_8,center_9,center_10,center_11,center_12,center_13,center_14,center_15,center_16,center_17,center_18,center_19,center_20,center_21,center_22,center_23,center_24,center_25,center_26,center_27,center_28,center_29,center_30,center_31,center_32,center_33,center_34,center_35,center_36,center_37,center_38,center_39,center_40,radius
0.5473538693679183,0.521317599956744,0.2667344118277536,0.9272580728846612,0.17132654103792422,0.3657436285310778,0.9136279177464895,0.20388343998765257,0.6937734499348789,0.6446074429279323,0.07022746180486183,0.14055750377018728,0.24511202155118594,0.662889399393207,0.391519887827807,0.8308316118689687,0.5604428042013109,0.3237048689158353,0.7258850792841586,0.6923396649722168,0.2448418591779209,0.846795861143967,0.7095826525655232,0.27132801690393393,0.9855416559135847,0.30155935501919284,0.029187022497459636,0.7074503875231333,0.28984034806764924,0.32906090457006476,0.7182628881549347,0.3925294051381589,0.11031387940554305,0.48989581690424155,0.016115698926109978,0.8749860290128373,0.18642449344990997,0.7975883552663158,0.4519122118506701,0.8282557386000442,0.047843642310946066,3.3115687977364123
0.18856540167261604,0.970810417606738,0.728462071769682,0.27712377947644773,0.9504322630389707,0.07826767009708213,0.43041786954915284,0.5284978404359947,0.6654376536903618,0.44238022544193,0.8647724392423818,0.9872224337566391,0.9760559919603905,0.055917208800849716,0.2815683491265547,0.4441192183172379,0.02038285204325241,0.1092029889490791,0.4604130903036924,0.09613999076532398,0.12364445799688195,0.12541109310169518,0.17413478660413295,0.34100515082610217,0.424989013266848,0.8738818344221178,0.5312647503841674,0.6317071842263713,0.9611786189044826,0.7901425566522725,0.13924396388928628,0.889481416361124,0.8427827730129591,0.5400978738902027,0.9615870536330288,0.7304617511100533,0.8766983793830061,0.8696683058905755,0.09280259356880727,0.291296331447482,0.9120385117573386,3.393091503959406
