center_0,center_1,center_2,center_3,center_4,center_5,center_6,center_7,center_8,center_9,center_10,center_11,center_12,center_13,center_14,center_15,center_16,center_17,center_18,center_19,center_20,center_21,center_22,center_23,center_24,center_25,center_26,center_27,center_28,center_29,center_30,center_31,center_32,center_33,center_34,center_35,center_36,center_37,center_38,center_39,center_40,radius
0.861087841883337,0.035070123069339876,0.698832969075568,0.7984614334477298,0.940499760781015,0.03044678651726962,0.45603833832354856,0.571908859042036,0.10508004209806987,0.7421310870810961,0.9323711254264042,0.8113861430679234,0.5992997936290061,0.8780372944797367,0.9961013249373326,0.9403532198251582,0.42737696808912506,0.11729572266049726,0.1209372804214135,0.8128142450005335,0.5641008360625102,0.6088841562102768,0.2776077126275359,0.2674638627823386,0.7102663567709541,0.30203487839131027,0.7134257869633959,0.2326780579789247,0.7125988383467842,0.11771498136846092,0.316182485016526,0.024423528298394004,0.5198410625577973,0.40808440004388435,0.7455248241535557,0.7948742677533537,0.907498115203329,0.8488175488365556,0.8590969276325692,0.5808816612864968,0.2489453214919619,3.6131111657628856
0.5913515419784371,0.7449267982916566,0.05249192315191653,0.058387850451850465,0.8420576162823048,0.8774570444134533,0.6353493373561862,0.64905354742805,0.8550261925020619,0.31543314967272085,0.2556014240619968,0.2103481265777808,0.03022643048203899,0.0070155911487204126,0.08087731565979905,0.027088379828987263,0.9612923667743846,0.4736951556911355,0.9638333831567777,0.5188033385012533,0.9783612700065075,0.20851563711390642,0.816760205704303,0.901069367139456,0.25323486807486795,0.36116538475148385,0.5733096073356282,0.09041864384528242,0.18271555202409873,0.6750667606407722,0.034103324073340824,0.5872425646286404,0.6967720260996023,0.8479502144770984,0.033335058409495355,0.4506170193729315,0.09055647967342506,0.030035081841249367,0.006370780172540447,0.9362044979012323,0.07933920866187805,3.283831859902973
