center_0,center_1,center_2,center_3,center_4,center_5,center_6,center_7,center_8,center_9,center_10,center_11,center_12,center_13,center_14,center_15,center_16,center_17,center_18,center_19,center_20,center_21,center_22,center_23,center_24,center_25,center_26,center_27,center_28,center_29,center_30,center_31,center_32,center_33,center_34,center_35,center_36,center_37,center_38,center_39,center_40,radius
0.4639138366844362,0.10719939316420579,0.0005915434976736522,0.6963796769491598,0.13699612357460422,0.23986237418970902,0.3864163180429512,0.5430306573067526,0.7220829213540784,0.7821776358426683,0.6798396064369752,0.2984441474605386,0.8455388091836448,0.16123171661267643,0.09949590863751911,0.5011049253388942,0.9130519011255523,0.6603643086674479,0.716521004119156,0.7856080842180406,0.10935686468114914,0.9554975758353452,0.1017178021395736,0.8042409226299179,0.42837074446955103,0.7746891101674762,0.6822296965944898,0.7971702950874834,0.1499798384308264,0.37892134690198076,0.07979826546854307,0.19525504437273622,0.5831066188870274,0.33324043680109905,0.48409058658971993,0.5969650155362253,0.4194770962443144,0.3431691307033451,0.6294939331434133,0.5406203866142317,0.7628551881697281,3.235634330846203
