center_0,center_1,center_2,center_3,center_4,center_5,center_6,center_7,center_8,center_9,center_10,center_11,center_12,center_13,center_14,center_15,center_16,center_17,center_18,center_19,center_20,center_21,center_22,center_23,center_24,center_25,center_26,center_27,center_28,center_29,center_30,center_31,center_32,center_33,center_34,center_35,center_36,center_37,center_38,center_39,center_40,center_41,radius
0.5056434760933377,0.878919837512298,0.9949863248651385,0.9306365380502375,0.9223906703144646,0.3670493864346215,0.3420868014749795,0.8365286887557916,0.2584392786540608,0.3763492908351196,0.6401478322988311,0.6849270066794365,0.5088666491596048,0.27185916227336093,0.486158161681566,0.20703452499022656,0.3794243336001152,0.5429069916960451,0.12090302793763708,0.2011408434439259,0.5838882881241237,0.4975504570135659,0.7631997756581995,0.02474641371318742,0.6674649834794717,0.2504942213122836,0.8472758381044814,0.23308338623857694,0.33992446101597196,0.9110363421458972,0.05613377369992123,0.22748488852112336,0.6535615047326807,0.821512632246818,0.15870111731451464,0.31681566424279484,0.682218113408107,0.02089212908930671,0.4691767053032001,0.4932127157992674,0.47248144128101155,0.16490238901407261,2.9898986127121177
0.7122092482318527,0.5779148859005873,0.048662663804480366,0.9761343700299365,0.9563395877582984,0.6628183606014295,0.17463337075937946,0.19635124050590236,0.09742325997489576,0.5799701029402052,0.5817150403074389,0.4983279924977907,0.7931995308910624,0.297045723671156,0.9543062442525145,0.1399992671582574,0.14963312314513155,0.12764002652032647,0.8280102264644661,0.24621809887466284,0.4960370237504085,0.09700503642960057,0.33774122439399856,0.9795198374418876,0.1441800330693792,0.9644846573186613,0.4233268936217084,0.7300250591150835,0.45959647507875334,0.5085076266023868,0.9051078063007331,0.942866502022805,0.38378143526906616,0.11769126243431127,0.8986761608751012,0.676318366670614,0.2854688977119715,0.855932385037051,0.3914265053339657,0.9176064554484603,0.42578501498346844,0.8654750974800357,3.64160069206871
