center_0,center_1,center_2,center_3,center_4,center_5,center_6,center_7,center_8,center_9,center_10,center_11,center_12,center_13,center_14,center_15,center_16,center_17,center_18,center_19,center_20,center_21,center_22,center_23,center_24,center_25,center_26,center_27,center_28,center_29,center_30,center_31,center_32,center_33,center_34,center_35,center_36,center_37,center_38,center_39,center_40,radius
0.42445691894533233,0.8000262272438038,0.7951690725007545,0.6652552364487629,0.6683704720952259,0.6371127010011663,0.6295922143276572,0.7586946914253675,0.34363321622764376,0.9484016435120742,0.6132054811729544,0.11985028128233555,0.46328910632794706,0.5500218822552853,0.632676833633107,0.7610880496909099,0.588832365757929,0.10315364530771498,0.14348351268948611,0.3835527437404245,0.5049323376858557,0.6029810414625978,0.6285449246638181,0.8219258293176102,0.5883186292519131,0.7648642696340571,0.6238922495722139,0.39810572253282306,0.8730683635261512,0.7961816926265382,0.3272546600959638,0.46427035962816854,0.5955879155268395,0.4183483918270514,0.9691858736010776,0.9725891745693883,0.797524203174782,0.7172886851361281,0.05237670512933823,0.2662015345975507,0.767662854327599,3.362056226952024
