center_0,center_1,center_2,center_3,center_4,center_5,center_6,center_7,center_8,center_9,center_10,center_11,center_12,center_13,center_14,center_15,center_16,center_17,center_18,center_19,center_20,center_21,center_22,center_23,center_24,center_25,center_26,center_27,center_28,center_29,center_30,center_31,center_32,center_33,center_34,center_35,center_36,center_37,center_38,center_39,center_40,radius
0.617999234347981,0.1372102733270283,0.5452118358584708,0.7908904756889654,0.8992772774315638,0.7220256840467484,0.3917293797587422,0.987047400673912,0.46704372687425644,0.03412489999953128,0.3684040890395328,0.2116615594072515,0.31045871993766094,0.8603285352572213,0.8569679634087253,0.11269627958352302,0.3208428381449844,0.2374584550109935,0.11704201756175492,0.24776412076336174,0.02299053164526499,0.8211868554101931,0.20842996555599613,0.9094924539606194,0.29413018548134673,0.4954212471861491,0.8252883322357133,0.24343450439500613,0.9738822752692329,0.5040713430970334,0.04277716495267336,0.39134695427299915,0.16380368549010427,0.7211529430315656,0.6352899912835644,0.781875497103217,0.35786943839852237,0.789058499765745,0.8116651287663093,0.12864221742617443,0.9741878729456218,3.2167804619165623
0.3769060086094864,0.8877165851048019,0.52110962031244,0.4979348408150509,0.15642971317515475,0.2794649068097119,0.09364661216873782,0.022048171175249598,0.6340469930390475,0.9381988086300176,0.648262085629631,0.7237625614767399,0.8729758351218079,0.4092143439804219,0.3668098532190823,0.8919379060859607,0.34905368800052294,0.8153881180205631,0.7641916738602892,0.9648124119179615,0.8620051246635607,0.24106494846923388,0.9525094060980547,0.5655541750218297,0.06618907063854118,0.5526664474193607,0.2269589790627844,0.30787279791195477,0.8461577056159699,0.48223469908887184,0.5034466830345677,0.7387727666153374,0.4335978600702384,0.36677368085756623,0.4711093364361356,0.09340743931676088,0.07678147394530999,0.3900439318654939,0.20702680948112584,0.874173047989205,0.2182503445443975,3.151188179218266
