center_0,center_1,center_2,center_3,center_4,center_5,center_6,center_7,center_8,center_9,center_10,center_11,center_12,center_13,center_14,center_15,center_16,center_17,center_18,center_19,center_20,center_21,center_22,center_23,center_24,center_25,center_26,center_27,center_28,center_29,center_30,center_31,center_32,center_33,center_34,center_35,center_36,center_37,center_38,center_39,center_40,radius
0.6380226428297431,0.4247728952888251,0.43641038609515503,0.4295020502063952,0.3851472226689463,0.32193212934061044,0.2964987634212892,0.3547861595986923,0.7754232660389381,0.6241709343903965,0.17544361374268747,0.2750664918352812,0.5465337193762095,0.9564490036609375,0.5900897004778366,0.1674436218807337,0.4050069655967802,0.29777948273021004,0.9138694985910347,0.45914050617037416,0.34361915611770466,0.17116383107662259,0.867287841154922,0.6525835631209322,0.8472969394526942,0.13319032491636607,0.23965047881420132,0.8411880988879034,0.7981896234606394,0.9105407414595836,0.7459628275480801,0.2560831143494122,0.4816430394255812,0.4180365809731772,0.9326412494999711,0.517960156506583,0.6503189666034512,0.8164221043323105,0.35888239083663775,0.907601723149698,0.709460303530173,3.2530984148625963
