center_0,center_1,center_2,center_3,center_4,center_5,center_6,center_7,center_8,center_9,center_10,center_11,center_12,center_13,center_14,center_15,center_16,center_17,center_18,center_19,center_20,center_21,center_22,center_23,center_24,center_25,center_26,center_27,center_28,center_29,center_30,center_31,center_32,center_33,center_34,center_35,center_36,center_37,center_38,center_39,center_40,radius
0.6144046552628429,0.40115276343647444,0.698347817525682,0.24946154618522498,0.9984253974998492,0.13681853612786277,0.4705645778361335,0.6056700851035485,0.22630292249079031,0.40718057263437224,0.838124462262116,0.6744488963147437,0.09968341698295657,0.5683383938177866,0.5619004532252032,0.3685876806214027,0.9944632948429052,0.8564944680322096,0.039365766466775254,0.26893012687707674,0.8965868299324481,0.6550073498287075,0.8234094744687934,0.5473559440555849,0.6441270659380589,0.29477424220076454,0.30817456230250195,0.7014272295158024,0.9733938478480114,0.26053906246118597,0.07190980109203948,0.5277749627929854,0.6103751183634872,0.2313854970684045,0.5736916107422567,0.922617116457139,0.532277148594132,0.7011754063700867,0.4530124826830796,0.06871525473434237,0.17451634715377262,3.2959418620333936
0.06891795133566014,0.9189173757165399,0.36993013251294926,0.3936723409438422,0.05889005480866594,0.6177164528469986,0.928123486519454,0.2529459604448955,0.6169281348858084,0.5660850698610861,0.6475036521206885,0.5900942495960245,0.12064543429615548,0.1019068457387593,0.17170932167582986,0.8234788752255116,0.2182497545027703,0.03926176137049897,0.7103073748714043,0.03825917915619925,0.19993590006194195,0.4283457930426062,0.14607788481661999,0.7103606732470203,0.6090397644097628,0.7847571191537214,0.6994149038849617,0.43789257636201395,0.3179222508038896,0.9700702709226106,0.8296876835243115,0.4175556798895447,0.30734216108654466,0.9248370897244554,0.226473949573049,0.04234321813280684,0.08395270386424714,0.673613083554941,0.44973845365531273,0.9974105804080621,0.9621613082190308,3.2828458958539715
