center_0,center_1,center_2,center_3,center_4,center_5,center_6,center_7,center_8,center_9,center_10,center_11,center_12,center_13,center_14,center_15,center_16,center_17,center_18,center_19,center_20,center_21,center_22,center_23,center_24,center_25,center_26,center_27,center_28,center_29,center_30,center_31,center_32,center_33,center_34,center_35,center_36,center_37,center_38,center_39,center_40,center_41,radius
0.5915108899516393,0.5306612778513025,0.6685649771575981,0.15873864372110014,0.02521631768446142,0.2553786597057107,0.4702507532428034,0.9278830956469628,0.4140630580134187,0.9366572144445791,0.8618650934907175,0.5165834216165763,0.7917335965856399,0.8180824679027027,0.9798074155514067,0.5999506097611231,0.8860406183389856,0.41018075242010466,0.08023162626091362,0.19373040492391136,0.8347211972890598,0.06106271015630704,0.6245701388768796,0.874639415437441,0.6262332989541792,0.9169216243072057,0.45658747965962,0.9289260314017921,0.7987314206453701,0.16794315434574325,0.11736794517076565,0.8591754015178783,0.8263318817339426,0.7398115827705296,0.43250206787156875,0.6955697460130937,0.2214643891305892,0.008690157191355463,0.3945700028535638,0.6224379870557616,0.06270745700522984,0.8092178338911397,3.6562280740401363
0.40565933372582896,0.07827051503009941,0.892881256849134,0.6856550488191813,0.5734850544637109,0.815935882015879,0.882733799380721,0.2184170209352222,0.9571317261078993,0.03207995822300802,0.8218329952750318,0.36858921431008707,0.08066534626108213,0.037225017640308056,0.5147181906243355,0.09978579101981655,0.916980776977311,0.8443412048392172,0.8365491452197041,0.35365689972671177,0.11662315591298433,0.18522733904867061,0.043810136014341694,0.33244119411405915,0.19074667343430185,0.006495305685551567,0.3946760605890738,0.004985182524845921,0.118684675715089,0.9880427423574454,0.9768861210825793,0.5174850915121135,0.3094529161940832,0.521915747041251,0.1470852826160447,0.005320802919949186,0.9032637492670955,0.989428743818,0.059489528559482974,0.45605583120521886,0.7734620779442505,0.3244102920652623,3.5442935010056287
