center_0,center_1,center_2,center_3,center_4,center_5,center_6,center_7,center_8,center_9,center_10,center_11,center_12,center_13,center_14,center_15,center_16,center_17,center_18,center_19,center_20,center_21,center_22,center_23,center_24,center_25,center_26,center_27,center_28,center_29,center_30,center_31,center_32,center_33,center_34,center_35,center_36,center_37,center_38,center_39,center_40,radius
0.533783550118681,0.066605231585261,0.04415608708859309,0.650550836079459,0.7300456623651381,0.9698985560799922,0.6983631699321914,0.5416498352378285,0.13957404251719419,0.8681537021219928,0.9713787930527319,0.03951650498094861,0.3904442174709035,0.46240322036572234,0.010124503860726164,0.0070238800961162084,0.6704245584815689,0.19059884882715405,0.04558795492326062,0.33359190218575285,0.23224437405927123,0.6170022056946743,0.03611887242640677,0.9347696040128856,0.08633264132374063,0.4789208878551051,0.6046162010446282,0.4577855163822503,0.48158211372616766,0.28978922771897997,0.3915939895088857,0.04830437484170147,0.06619564245884213,0.11321540209484515,0.09872392348379777,0.1987785559974966,0.14287888882248112,0.11193902867170569,0.24251604027487617,0.03653622861104944,0.7549293097088069,2.8111573716634317
0.8981713049408706,0.38524940274526653,0.35820911300883085,0.793379434983488,0.17169925315775691,0.9099035743377423,0.9907068356343096,0.9414472826121146,0.5852921890448999,0.6370236750568048,0.09006575439942621,0.810605758050989,0.7530898694872178,0.990905401054249,0.5926808432253249,0.7307217817656889,0.8158902413977355,0.6978968264464894,0.4030585422506252,0.3887788613016946,0.6390571407203455,0.9972726112832541,0.49561330977067797,0.013624334766015878,0.5825878886134302,0.9315021289806354,0.8186267788900423,0.6989100661281855,0.46895295675842696,0.9415070610670488,0.8072207350989657,0.5079508209890194,0.9087857999684077,0.6683853228535757,0.9254931009893854,0.4068082243706487,0.21430546968953235,0.1580347678592865,0.5213014579739258,0.8785990823495345,0.5680457366194291,3.795960486344431
