center_0,center_1,center_2,center_3,center_4,center_5,center_6,center_7,center_8,center_9,center_10,center_11,center_12,center_13,center_14,center_15,center_16,center_17,center_18,center_19,center_20,center_21,center_22,center_23,center_24,center_25,center_26,center_27,center_28,center_29,center_30,center_31,center_32,center_33,center_34,center_35,center_36,center_37,center_38,center_39,center_40,radius
0.5464426545532727,0.3052631569529186,0.5856296356213209,0.0490041019337053,0.5278700687313628,0.7047193151495036,0.4450515262115362,0.09124725456216687,0.1594719979217195,0.40468749980017504,0.05658098625103214,0.5929078488903761,0.6599570387527195,0.5957564446246325,0.06400731492501321,0.7133339503873849,0.06298511310956656,0.8116775134887565,0.635264377866524,0.8012863369196934,0.046202159708246815,0.7891928584426423,0.6024452849733342,0.7353739479525069,0.7207991137822899,0.45629349047910495,0.8286942232990002,0.2204205317893786,0.8500240574667827,0.8272884867611221,0.8706294366596146,0.96261377534177,0.21508327759395884,0.8108281732481035,0.39915233044291953,0.08821455566581704,0.5323131331226517,0.022195146000754007,0.8105163112713809,0.7933520073155386,0.1388673966649313,3.214314412336617
0.0719253237009978,0.969325332498342,0.9120304921146372,0.6959703945518132,0.5749365022992572,0.39717081202494764,0.6231440221411807,0.6584456312368782,0.5256190513452247,0.47279290379172534,0.8169909604670937,0.3274531368169423,0.46491864119489645,0.19271599547582274,0.8523774525549729,0.32415956554658343,0.9624596303259969,0.10390102886274144,0.4782604485280302,0.08602479012180453,0.3525761114197524,0.712246456763604,0.9978254702294687,0.03274877920511543,0.10450104886016942,0.2094773924491352,0.2510731881092687,0.5453447133717056,0.06761708672478661,0.15170329630490387,0.3006156456154214,0.010160408363305118,0.4408907658561273,0.5030349280922383,0.8494910614447039,0.36538662605230643,0.052835747172062075,0.9126936465236317,0.7547584644718679,0.18059431271740822,0.6658854816958595,3.147550851641488
