center_0,center_1,center_2,center_3,center_4,center_5,center_6,center_7,center_8,center_9,center_10,center_11,center_12,center_13,center_14,center_15,center_16,center_17,center_18,center_19,center_20,center_21,center_22,center_23,center_24,center_25,center_26,center_27,center_28,center_29,center_30,center_31,center_32,center_33,center_34,center_35,center_36,center_37,center_38,center_39,center_40,center_41,radius
0.6760131482355188,0.5233367819469033,0.3222439960531709,0.7464719566747897,0.8957115572242976,0.16377483825332628,0.9889298913768199,0.02883649666641941,0.019357868432458014,0.14719796616028646,0.5636582724305473,0.2688452411301768,0.36272056692878296,0.2523355306876549,0.09700877929135987,0.5188017860601267,0.8351908659787634,0.29495235152499477,0.6786028798748143,0.5155585500318235,0.7603807891201603,0.0013639076758650281,0.08712758639401641,0.5755125356043191,0.1160226416645076,0.7223258766154251,0.32945726377331763,0.9975198124339438,0.17353364099804325,0.22099568885130938,0.3300772840180294,0.6009836272381665,0.3199606057917721,0.08848072722435418,0.12612345131970237,0.6140081630797244,0.3306657194272732,0.2054257074468676,0.2790520156283004,0.20720843241733145,0.9091024122213534,0.2702838449802285,2.868771643657056
0.7747194681137196,0.9339106999895719,0.023291530252012693,0.4708436047100748,0.43151736981313016,0.8465268037793059,0.9863667220126339,0.85435465555574,0.6615799165052548,0.28853889432316726,0.5210896403311581,0.6821216842836068,0.5941384678737829,0.2419706947887842,0.035078183331908486,0.39187209333788686,0.781743877652473,0.13295846127770328,0.8138305261121156,0.8426586776045105,0.29979817858184044,0.9999354854157891,0.22879997111725536,0.2494737556486205,0.9585165796316488,0.242540688718905,0.6186414812173935,0.3164520848711354,0.23569365178117285,0.956965437589012,0.4046837285134217,0.0296820887279291,0.9921815956490757,0.8011120899707783,0.987022130567431,0.27498614222886375,0.48979753848576646,0.6072318994734789,0.36978463195347855,0.8900008199777659,0.5059221377341634,0.6543400171778134,3.579151166671645
