center_0,center_1,center_2,center_3,center_4,center_5,center_6,center_7,center_8,center_9,center_10,center_11,center_12,center_13,center_14,center_15,center_16,center_17,center_18,center_19,center_20,center_21,center_22,center_23,center_24,center_25,center_26,center_27,center_28,center_29,center_30,center_31,center_32,center_33,center_34,center_35,center_36,center_37,center_38,center_39,center_40,radius
0.8622492321349202,0.660682022307585,0.6264259919763833,0.42642734436999097,0.8249701614864743,0.736779187883551,0.7556786318553518,0.2786697136640207,0.16774116388236682,0.8567747319222327,0.2699726833228707,0.986001581349305,0.7054484002900248,0.42779614997576443,0.021773865450473107,0.5027940952007315,0.4867847824148812,0.9615288566435815,0.6086291361492892,0.8852051414019871,0.9074540986387276,0.35283239885703355,0.47937371637077697,0.896171250489423,0.2863133294772554,0.21249138361293507,0.40807732416384845,0.7445087518742112,0.2129868927588513,0.6438589624935436,0.8938897751315252,0.5812855641976858,0.37816324015925307,0.9728710533376536,0.33169221859320197,0.14348722083813747,0.18790562184875403,0.6316127290273131,0.4984070608560913,0.400487279176713,0.033479651006493305,3.3283367159435797
0.021885567669129413,0.7800282710338238,0.15768757426063573,0.9602968231792122,0.35344493580773195,0.02976555830240324,0.5034685294639683,0.7315670096446982,0.5681017885102352,0.39047522765147513,0.9067594843251053,0.1348598589399157,0.9624243384897603,0.9724122549119552,0.9957759568482484,0.42487886351896165,0.03335902081598363,0.29843005091024766,0.0745435868668699,0.1088368559811711,0.1554528914468961,0.5660379068727356,0.9662131970460308,0.01925655383445879,0.991119878187377,0.3283722498769115,0.043906179126525724,0.1566983263821149,0.7807225301757205,0.22826212790527312,0.22290990989718218,0.4574702590707276,0.6245843763876134,0.5787116043822308,0.6874555635863274,0.5532996468884795,0.8589492623139151,0.07583851806305997,0.3695991748375169,0.8488835158533632,0.08594852239145268,3.09518768516805
