center_0,center_1,center_2,center_3,center_4,center_5,center_6,center_7,center_8,center_9,center_10,center_11,center_12,center_13,center_14,center_15,center_16,center_17,center_18,center_19,center_20,center_21,center_22,center_23,center_24,center_25,center_26,center_27,center_28,center_29,center_30,center_31,center_32,center_33,center_34,center_35,center_36,center_37,center_38,center_39,center_40,radius
0.20844633545127567,0.8461022912931697,0.658657174725783,0.12328409502019888,0.4197948446573596,0.19166855036701547,0.38133757961532644,0.6883611346076263,0.9604414878349784,0.5329269405077248,0.045409224954154004,0.1586511786558794,0.700321286107262,0.4541784108036051,0.3445222341498043,0.7632350631933152,0.20015555768198146,0.942850890642225,0.29048157122354257,0.8819252804616974,0.5798916406948597,0.6795056736917677,0.9435052269579509,0.1790905915793003,0.35286370289433155,0.97494061594257,0.38667885986382977,0.7234503129549132,0.9820109586596287,0.13491646684458625,0.7775349224140374,0.8230326960652042,0.5868279719453448,0.5380104730070697,0.7360344651755055,0.7967900410390932,0.6936771981413932,0.5187712051149674,0.5695495978880507,0.38268280771162955,0.758421811291122,3.3861120009778136
