center_0,center_1,center_2,center_3,center_4,center_5,center_6,center_7,center_8,center_9,center_10,center_11,center_12,center_13,center_14,center_15,center_16,center_17,center_18,center_19,center_20,center_21,center_22,center_23,center_24,center_25,center_26,center_27,center_28,center_29,center_30,center_31,center_32,center_33,center_34,center_35,center_36,center_37,center_38,center_39,center_40,radius
0.6104244563531503,0.25674182761508546,0.6136096823713006,0.7895074591725971,0.2258227006166087,0.07942470354562958,0.6406159611854862,0.8940160257874428,0.02939584842003462,0.3099014435386591,0.5127930374166856,0.31440887041044274,0.08602969981279152,0.983944239348361,0.8113181836495911,0.8689083517393289,0.4450351456836289,0.8390648496514562,0.2922355590902076,0.153893863730185,0.9577580621996582,0.5415312589403238,0.769581195597112,0.5839528959084963,0.19975062919487574,0.35554553723308124,0.3978031651083571,0.0063840879906337245,0.6955993422460387,0.5151865799134285,0.8165837267705386,0.018594001368523627,0.3100838840072585,0.2911346547200123,0.8661511319331424,0.23099902584513698,0.8379995690266187,0.8187122661049728,0.08429272302486013,0.06840848740738648,0.4761469914657799,3.0015566718920206
0.006831022136625564,0.1330177614868614,0.047876995946760204,0.1143254772346336,0.9838407989753808,0.6340989548826882,0.5831073808386311,0.3957099754078913,0.9649401140443101,0.45978169561054605,0.8178863453396866,0.9801135189643461,0.33941506339193284,0.61325273854771,0.9667464143789007,0.03384777425258079,0.8502638954774309,0.6777396957182555,0.04385031071258727,0.246169971309513,0.9654797808233235,0.6626139652121316,0.12663141746873718,0.07707835256236284,0.6836656208985321,0.9551023509747895,0.646192676935972,0.8817174972550932,0.43304585500221815,0.7572821320188761,0.3525708075904136,0.9239905979879761,0.13470312225181014,0.033428689205614814,0.21409109023316353,0.45570702106582794,0.29938837118243344,0.4997914928479925,0.1695710969800337,0.7635575567435423,0.473582693451007,3.3602952202189686
