center_0,center_1,center_2,center_3,center_4,center_5,center_6,center_7,center_8,center_9,center_10,center_11,center_12,center_13,center_14,center_15,center_16,center_17,center_18,center_19,center_20,center_21,center_22,center_23,center_24,center_25,center_26,center_27,center_28,center_29,center_30,center_31,center_32,center_33,center_34,center_35,center_36,center_37,center_38,center_39,center_40,radius
0.5448603186093426,0.6851101317656912,0.18182606189330375,0.1161537189220001,0.39667108025228326,0.532521280370475,0.19745754055877718,0.16111186201207417,0.4129543945120424,0.9468276979873793,0.34251351753708437,0.4251120562271733,0.22176047054840808,0.8650515860749685,0.46895445352200327,0.2771288949431895,0.8959515094713253,0.9696033353315753,0.351454480379622,0.8378121224975299,0.5549734250859538,0.7509287952301875,0.8178435875802094,0.07360258094400252,0.7080060633020094,0.9436631540801934,0.6122291858482443,0.6621216968747733,0.3273927076777554,0.12609028017939006,0.21693983105259118,0.04491701916848445,0.09395945649756188,0.9079828963615536,0.6140962168036911,0.636826582318027,0.3595611884953681,0.7539396656672898,0.7131311950183503,0.6285836201219008,0.6789800767571196,3.3548350305443675
