center_0,center_1,center_2,center_3,center_4,center_5,center_6,center_7,center_8,center_9,center_10,center_11,center_12,center_13,center_14,center_15,center_16,center_17,center_18,center_19,center_20,center_21,center_22,center_23,center_24,center_25,center_26,center_27,center_28,center_29,center_30,center_31,center_32,center_33,center_34,center_35,center_36,center_37,center_38,center_39,center_40,radius
0.735475823213844,0.9758771733370348,0.35870872405474197,0.22627886245287943,0.24044800612434436,0.9522301795410922,0.2318327310430892,0.8454142603182155,0.10474929228898533,0.936039699446495,0.4677262557954338,0.5145952631196172,0.9671582090415741,0.8841717147467297,0.3775280918298879,0.36921178971349033,0.41497980779692034,0.014910473015059877,0.342875256534632,0.2843651527753336,0.8838350230994613,0.8469336501361457,0.8918792743515631,0.379896940668098,0.9169829522899191,0.742234845586442,0.6640638915921686,0.8419479125873774,0.4297071944295171,0.48089019120917886,0.21492188375000965,0.4192713865718476,0.6370906009072477,0.37547140729489525,0.924532311579297,0.3916671789730387,0.8857110417148091,0.168538040236485,0.25899672678205377,0.8708213271344863,0.040168738098693146,3.479508168704747
0.024088696568704826,0.06986348445825974,0.47972865708677637,0.7228166710075483,0.25422660926153495,0.14107478485416025,0.9967685700995355,0.023406573206480874,0.6621109787425297,0.07295113534046593,0.4145454076127254,0.008388340229949498,0.5815544009132636,0.8527685966087027,0.9459963043430977,0.33951064346695625,0.9314677107023279,0.9970193236338113,0.12969192699369947,0.9508356221373164,0.47776121690856843,0.9967137706108045,0.46168903514775295,0.4371699819517848,0.3984760213231172,0.21168796721928573,0.5080488180856553,0.13043290344196612,0.1347174372726121,0.2967359405986749,0.885310203053295,0.9019184556415373,0.19300339050815896,0.3333116049020176,0.06772675279346696,0.03891262515061822,0.07054271839854587,0.5171046417593423,0.9988067469108284,0.08706314693242645,0.2645623642839289,3.253249280873428
