center_0,center_1,center_2,center_3,center_4,center_5,center_6,center_7,center_8,center_9,center_10,center_11,center_12,center_13,center_14,center_15,center_16,center_17,center_18,center_19,center_20,center_21,center_22,center_23,center_24,center_25,center_26,center_27,center_28,center_29,center_30,center_31,center_32,center_33,center_34,center_35,center_36,center_37,center_38,center_39,center_40,radius
0.30936329061350043,0.6935585806855896,0.058033401915888905,0.2090129461790423,0.7877598844599213,0.47952642669044165,0.9498199985957158,0.3255478363111668,0.047549998650672776,0.8884230113405452,0.2639813201766108,0.03463652144954399,0.6555742811348247,0.518497657044562,0.8018459596460243,0.6965828983204028,0.9614148081228422,0.37113961866343814,0.03568619374432913,0.5390608953342539,0.5679819656313642,0.4342186662879757,0.6336645175297129,0.7821171547649761,0.3260321954598605,0.4792619305133221,0.182582500303892,0.6344513527277579,0.6024931901000441,0.928837533197847,0.9612028314765731,0.18013391246257004,0.3432861765648749,0.7835989636505339,0.7780327189425041,0.8318530787057286,0.5399168256187404,0.09019119245689056,0.64677977845328,0.7727143193391011,0.4356532379379201,3.365911099213383
