center_0,center_1,center_2,center_3,center_4,center_5,center_6,center_7,center_8,center_9,center_10,center_11,center_12,center_13,center_14,center_15,center_16,center_17,center_18,center_19,center_20,center_21,center_22,center_23,center_24,center_25,center_26,center_27,center_28,center_29,center_30,center_31,center_32,center_33,center_34,center_35,center_36,center_37,center_38,center_39,center_40,center_41,radius
0.5911283756331166,0.01913297702836303,0.8680163104168088,0.6050380032757583,0.38541573360718695,0.3085781707600296,0.8974839544376377,0.47282838136302774,0.8953014702533048,0.31736098015297254,0.7962221602137839,0.6217435744370375,0.6898660336453725,0.9244267727423364,0.4927739398455907,0.6959193169668261,0.3324207239809196,0.7671057916443147,0.5868441744470079,0.2410711163600976,0.6793984825689504,0.9123195977032902,0.32791874293137513,0.9301548338323766,0.5066197987243028,0.5073361433001357,0.26569888964559085,0.42123315422342966,0.015278480169511499,0.5554013875106818,0.18586982903360083,0.9854920554317612,0.7300067463370188,0.5378319225526718,0.33517521941177886,0.2507699077831572,0.11903642497806666,0.44107652008774845,0.9077761575615131,0.3435266097625522,0.7464342257002655,0.942718611136546,3.611442635395811
