center_0,center_1,center_2,center_3,center_4,center_5,center_6,center_7,center_8,center_9,center_10,center_11,center_12,center_13,center_14,center_15,center_16,center_17,center_18,center_19,center_20,center_21,center_22,center_23,center_24,center_25,center_26,center_27,center_28,center_29,center_30,center_31,center_32,center_33,center_34,center_35,center_36,center_37,center_38,center_39,center_40,radius
0.4504432020518536,0.7783496948387282,0.1019717045659948,0.5294342666061448,0.24430532898546797,0.30005077711840744,0.007712691957884044,0.38673462512640866,0.6057907180971598,0.9211493435030256,0.9979365519225092,0.7848359095915575,0.6855315843472061,0.1642558869715125,0.5595822294544766,0.8583753672318242,0.24513995489158646,0.7846162774861509,0.47026037492126216,0.9554050809533613,0.03359147393136808,0.1010102734555045,0.011106595715601242,0.12840586836802004,0.9106309172334417,0.8453015950255152,0.7930205597358165,0.35284244650321783,0.5787495032975348,0.47525379015639724,0.14583839641857832,0.9800698862948125,0.3018668423142119,0.1920353809307359,0.7848835744338895,0.6317857607713097,0.10688555060034177,0.8274756809545107,0.5222844852319176,0.34026663543983937,0.5849493858603961,3.111508717763783
0.4340053593921821,0.15707984930679242,0.6177790304955355,0.7705385763870578,0.593559686591991,0.7028170697664929,0.11121033056339402,0.23949931366923993,0.5688723335775318,0.0030632626757723935,0.2892327644218672,0.08846102988246851,0.9108512490952342,0.9733016491654346,0.4379308302072561,0.16339872251884346,0.6004907520433925,0.105311864060041,0.7568813727935514,0.46240038221912816,0.32049800045631127,0.8755684447839926,0.9142687875679338,0.6432616496033459,0.783092717890549,0.9412604273658469,0.20604558778223603,0.9466730930079177,0.8441822726144055,0.8760532533012318,0.5929851266627476,0.12173055769534868,0.7514351035597086,0.9570395392064885,0.02449471464257791,0.8598828458983229,0.2966814197630502,0.9991503844858839,0.7361305558397562,0.7352101660426913,0.8519604738546637,3.4333638908398108
