center_0,center_1,center_2,center_3,center_4,center_5,center_6,center_7,center_8,center_9,center_10,center_11,center_12,center_13,center_14,center_15,center_16,center_17,center_18,center_19,center_20,center_21,center_22,center_23,center_24,center_25,center_26,center_27,center_28,center_29,center_30,center_31,center_32,center_33,center_34,center_35,center_36,center_37,center_38,center_39,center_40,radius
0.4842883096916366,0.5573546264753362,0.0979761242722379,0.3129179340886775,0.4722082473065521,0.39805258819480815,0.583372144571722,0.4788897459612841,0.36727981616923844,0.2738205973033464,0.9356133298314332,0.1366921377302439,0.2413886792708123,0.35499194329155426,0.6147591953794205,0.3887536790326953,0.18394685861032234,0.73149297577536,0.18996983856834926,0.43530874054071067,0.42532689808030655,0.42774315696413423,0.7653522341123415,0.295065607812518,0.9978913083563618,0.850925789099579,0.7383378180078708,0.7040888251335388,0.3707093495173135,0.13952368400474047,0.7711073428273607,0.07636476763319067,0.7875420088194491,0.9233446871532911,0.4765798069385545,0.4872669601484665,0.489513875607259,0.6263133013608982,0.347881251473398,0.7615624667682827,0.1966392402928706,2.852097575542212
0.5865975685077374,0.8341106667981173,0.6931533514464675,0.9279708874931115,0.9563617866684532,0.6802399877384455,0.15160070070751275,0.2511221418607399,0.1481878133823924,0.0012665345082814028,0.28197382267096927,0.8390302127935456,0.9042427066083984,0.9108973231266755,0.5983933676055567,0.445612570099819,0.3093542596530814,0.48802158784212013,0.7451270254338206,0.8615157574644081,0.6018897166021894,0.9738293285319708,0.7397328476098414,0.004110930544563796,0.5606229421398389,0.2761380785766764,0.9087249508448018,0.5669255424334931,0.5845531009484877,0.830326375096172,0.14203857527638564,0.7698803724200393,0.5821454432920802,0.12308240223848,0.44335067778493764,0.9188924315109238,0.8950798764367498,0.48939246723093965,0.6441574076993276,0.05595213157292622,0.9116470579764219,3.3570677443585977
