center_0,center_1,center_2,center_3,center_4,center_5,center_6,center_7,center_8,center_9,center_10,center_11,center_12,center_13,center_14,center_15,center_16,center_17,center_18,center_19,center_20,center_21,center_22,center_23,center_24,center_25,center_26,center_27,center_28,center_29,center_30,center_31,center_32,center_33,center_34,center_35,center_36,center_37,center_38,center_39,center_40,radius
0.9350002866124041,0.7527481678805676,0.6720588631121593,0.841409245852243,0.5763150377953449,0.21811821923576902,0.6590813553882587,0.8399325141900786,0.6977749550582284,0.46803655912474873,0.2513876142310031,0.6735817727018872,0.9410339642824536,0.7063048470305002,0.1535188988060051,0.20354769360116598,0.47426268429685947,0.4891482971896417,0.31353418065408445,0.43987979789484677,0.5528374448780221,0.945001505816477,0.23524406328019387,0.39890949115976493,0.3244668413387507,0.665872714711609,0.0015871977978509921,0.937708135969577,0.09904759924380147,0.15485604769504935,0.24046275501769432,0.11633879110524992,0.49375059045319825,0.9504226428281565,0.5386927723264456,0.8782240966613777,0.6672791203155835,0.8644380171774861,0.950601363522289,0.2023402617314829,0.9388383569878832,3.5651725077508987
