center_0,center_1,center_2,center_3,center_4,center_5,center_6,center_7,center_8,center_9,center_10,center_11,center_12,center_13,center_14,center_15,center_16,center_17,center_18,center_19,center_20,center_21,center_22,center_23,center_24,center_25,center_26,center_27,center_28,center_29,center_30,center_31,center_32,center_33,center_34,center_35,center_36,center_37,center_38,center_39,center_40,radius
0.9247194650487367,0.9168037936552094,0.7967138997373692,0.44881122288250075,0.8250531416696202,0.15642461967004395,0.7478652441750203,0.8461175063667722,0.5747072035527312,0.37283279209726994,0.9018539469322122,0.7092525708021407,0.4824909638992667,0.7511470693171279,0.6493451019779906,0.344765039940664,0.8222666075805674,0.4880412796267547,0.3455311718135077,0.06959569413669464,0.05556045947724042,0.17806447578733886,0.848415580839459,0.7084842732978732,0.23509321372524994,0.008549491619958882,0.24400636033811918,0.8091761702576822,0.7074402966257913,0.7542069722532125,0.3858409340124904,0.5019912641400365,0.31525569855614577,0.6097973093705744,0.23746400910075505,0.7544418527368685,0.6835022024895239,0.7750838848620603,0.5337281005191177,0.06264467886641523,0.6370503519529214,3.2227793407496548
0.026073386335191295,0.023385352260041237,0.0018273046331435117,0.9603075434569608,0.8383385204504907,0.9395955397988951,0.8894467447814389,0.5057144302570536,0.6115074061520097,0.641963390938255,0.14039722851035785,0.2605016949489478,0.8259962279117783,0.12578262670672768,0.36538337395224385,0.8626147052205263,0.22387919742916507,0.25401503262583824,0.6771072948396172,0.8213312373893225,0.5559001800847307,0.5752594854342012,0.1979042033483117,0.03977048068415079,0.500641081211476,0.5865440035506071,0.21425412936564459,0.2647087345599368,0.6368955691918767,0.9675386199129533,0.978535601307314,0.21978763830021741,0.9965391078650855,0.6982625778238267,0.7404579559338744,0.31954917041633957,0.40524740412620264,0.025687821838249802,0.9942977864918753,0.7358688758481099,0.5426864915890182,3.3885901660575803
