center_0,center_1,center_2,center_3,center_4,center_5,center_6,center_7,center_8,center_9,center_10,center_11,center_12,center_13,center_14,center_15,center_16,center_17,center_18,center_19,center_20,center_21,center_22,center_23,center_24,center_25,center_26,center_27,center_28,center_29,center_30,center_31,center_32,center_33,center_34,center_35,center_36,center_37,center_38,center_39,center_40,radius
0.6084120077674207,0.6021545511386397,0.4973677003815258,0.3186180125106274,0.1561578880367981,0.49199331740005603,0.14516250244068174,0.6772285578573629,0.03732888035085713,0.21290831546183364,0.650746875209001,0.15774618615160108,0.5104846270050671,0.43241040076639836,0.729817627561673,0.8512442884724107,0.5655715106079903,0.0493698121388777,0.7667052634221638,0.795363670867126,0.7207667175514049,0.9325787192909529,0.9338164317114523,0.17157937074240504,0.6935596951495789,0.09149344790354097,0.7982213106964384,0.6021636410624887,0.125248169988029,0.6312174898930257,0.8081684541526731,0.6265772874116793,0.1343238654098048,0.7022716587501707,0.03260638214502587,0.09820715582729556,0.7736913893176648,0.08274725334803545,0.20391544737915424,0.23312944206697173,0.10930613612577189,3.1576836616757458
0.8668346998278645,0.10186049483954795,0.21500572729082013,0.8427142512236282,0.7610411320156861,0.8159124291776845,0.8627909844139398,0.9317452619000766,0.12924798871455812,0.8589204543911074,0.04311586374930998,0.32616314599782203,0.13521808329577134,0.9665368510047998,0.05038656397121899,0.7396980494545097,0.039510178316013334,0.8335943617851893,0.9849581057967739,0.5604032111197802,0.30537671743387074,0.0416111286977644,0.10393969274855996,0.760766000930256,0.7308392505000019,0.5561064856808576,0.09894248755035251,0.7800842378221251,0.9936652394926435,0.058042104999581956,0.9023924358288589,0.0073841172202858685,0.3073236812817166,0.29406649704096777,0.7574028798735879,0.6291296932638692,0.35172867869456237,0.7745305623106757,0.4272012595768152,0.19094833706968428,0.5968803105798316,3.2961811583659597
