center_0,center_1,center_2,center_3,center_4,center_5,center_6,center_7,center_8,center_9,center_10,center_11,center_12,center_13,center_14,center_15,center_16,center_17,center_18,center_19,center_20,center_21,center_22,center_23,center_24,center_25,center_26,center_27,center_28,center_29,center_30,center_31,center_32,center_33,center_34,center_35,center_36,center_37,center_38,center_39,center_40,radius
0.501438461402046,0.32878704163657957,0.10037432565878124,0.7565343705103913,0.9045603561778844,0.6327619372364164,0.058178758412836484,0.36094170129924397,0.9872275784857814,0.08939492447494946,0.21493141251525383,0.680871058792557,0.923682494298714,0.18834615155548395,0.18682149820609917,0.10926135241870027,0.687941189807202,0.32948200600766187,0.8060249577531838,0.6448343158653045,0.00397186294367835,0.2130406471432572,0.7009877550658229,0.14648346580491334,0.2991360268787415,0.35908489503782426,0.7060469057947055,0.8502960331663391,0.3062721114614291,0.8530603084627264,0.686934800176738,0.5927210906933357,0.15674002896815153,0.40874648325921614,0.36897401406488883,0.14116582119339238,0.3698411617508056,0.09990902317344341,0.954218738749995,0.7170953456623443,0.1593464280879343,2.9649589817260567
0.5410999862377708,0.636408755746577,0.5903934292354274,0.6293133853146048,0.38797168241762003,0.7297310633364796,0.46940371646041457,0.5788901445725079,0.9396140538995537,0.35583169103176526,0.8542781734251901,0.8703288143888924,0.02487513139298958,0.9771713842939568,0.5934136053427878,0.8311681284582659,0.4655557330577814,0.14142225866063352,0.008848336654052824,0.6808779866852099,0.9797927028057491,0.07865301739704189,0.8464613579558894,0.7301009004142028,0.8957322659687613,0.4095028341175103,0.6038670668558804,0.05223144067828611,0.9542173591417311,0.35583865286554894,0.684602425017803,0.2725776323495035,0.4742997550649044,0.40693301711657814,0.15193424349130935,0.2513797653416714,0.6043891307605758,0.6730833818427655,0.2852291521825763,0.10647096978625625,0.7897447868738295,3.205687735593081
