center_0,center_1,center_2,center_3,center_4,center_5,center_6,center_7,center_8,center_9,center_10,center_11,center_12,center_13,center_14,center_15,center_16,center_17,center_18,center_19,center_20,center_21,center_22,center_23,center_24,center_25,center_26,center_27,center_28,center_29,center_30,center_31,center_32,center_33,center_34,center_35,center_36,center_37,center_38,center_39,center_40,radius
0.5832237021777784,0.661644165838753,0.5216963212062367,0.15256127640791517,0.8976596410009511,0.025311802346264733,0.3236135244088717,0.9170861587570588,0.7776967018326741,0.462919244920204,0.7978262892297624,0.5416207150754752,0.23496518554627488,0.2164415273139586,0.11531206048803899,0.02103254205197458,0.36614561575901283,0.9539998200088708,0.46483229248667,0.11734546751863972,0.9256402633124431,0.5060903518208459,0.33174728850457746,0.9780886680787918,0.9366303207904804,0.561208290053075,0.448490191156632,0.008033962966219166,0.6562565162865562,0.06605447427477718,0.30525999482486865,0.7435287286838594,0.43512471889015325,0.3782191410646877,0.8949317340258699,0.4327749725152703,0.04309891950534028,0.4961997252673014,0.9383169191155913,0.852124400480804,0.7918026890201272,3.450401836727734
0.4075178167004847,0.07851966902723828,0.06935866423775217,0.9274825780674417,0.028081041700339315,0.9924322998763229,0.8587754102663102,0.9827082946900257,0.8518307949838416,0.9734519377560024,0.009401865842971313,0.5020756996340853,0.6524562992541809,0.7365173693476694,0.9942808164861846,0.8328502628867567,0.7144377515197357,0.05912086428159724,0.8424072620699958,0.6488902022969928,0.11478173253800195,0.9784111953072987,0.9551727681748742,0.11036075961816427,0.8160469790638295,0.3252252315086427,0.26851744353088314,0.49084540761187756,0.15089424300146725,0.41113786431461763,0.608538865679158,0.25523754620483086,0.2879054124722139,0.5047044023992211,0.11971032533663384,0.16831213901043296,0.9787210008379359,0.4093397379346837,0.10164633618823471,0.871770674214116,0.9348807511561573,3.926628666923148
