center_0,center_1,center_2,center_3,center_4,center_5,center_6,center_7,center_8,center_9,center_10,center_11,center_12,center_13,center_14,center_15,center_16,center_17,center_18,center_19,center_20,center_21,center_22,center_23,center_24,center_25,center_26,center_27,center_28,center_29,center_30,center_31,center_32,center_33,center_34,center_35,center_36,center_37,center_38,center_39,center_40,radius
0.3919775331288782,0.6238313590103958,0.6877078697756909,0.5743829989225613,0.04967606029788796,0.5784764475595189,0.46650423822497533,0.9035273133176214,0.0001836377005731693,0.4576848363047912,0.8758262017544125,0.7243809382540971,0.3209820121206569,0.7605507796743323,0.9508739993202107,0.7685794640474933,0.8665356880818823,0.6562474459497225,0.8896109323126,0.22525198010166914,0.4807388900037177,0.1887641906838915,0.5993404257098355,0.11722463316012544,0.32205989892832365,0.9661354591267204,0.4690910632641585,0.591785550009629,0.2532408422757003,0.121112298904128,0.8969812972097588,0.6467056805770838,0.9440656053550646,0.4357502632147484,0.4549697066788839,0.5353463539824728,0.1977232641577873,0.30282061304515484,0.18602291168267848,0.4323473137857434,0.6196280507948814,3.185200072386905
0.9953760798458957,0.9559644861216389,0.07358434522243595,0.6008265069855686,0.08858092607877999,0.9191189496657955,0.8664885077325918,0.026433594992850473,0.6071419116010834,0.1766924453811447,0.7352137801900971,0.006065853093366491,0.2611996088817331,0.36039278332484004,0.06632267363421562,0.6989320940896396,0.3795310846456822,0.16805609333066152,0.002189590067155578,0.8258489747623328,0.9060035802598266,0.4095220616916072,0.8941673539285795,0.8794220765594272,0.8725982922626471,0.2226096524355725,0.3435953973582505,0.4619784467305459,0.9430815919867367,0.9362562981759099,0.9733866052009197,0.1337926765111085,0.32607612669353536,0.8679738768531676,0.1741683335797548,0.04187519183345911,0.796544667080463,0.5247456854285522,0.9101246561132028,0.9000565660020069,0.9982565756345939,3.4625038929855907
