center_0,center_1,center_2,center_3,center_4,center_5,center_6,center_7,center_8,center_9,center_10,center_11,center_12,center_13,center_14,center_15,center_16,center_17,center_18,center_19,center_20,center_21,center_22,center_23,center_24,center_25,center_26,center_27,center_28,center_29,center_30,center_31,center_32,center_33,center_34,center_35,center_36,center_37,center_38,center_39,center_40,radius
0.5494742916500208,0.8006639042987234,0.9961574419451918,0.25640710641904496,0.4944840979535198,0.5535747542526323,0.5994113282574539,0.14817705052867558,0.8277630040405545,0.8594338206011165,0.42883170681287286,0.5025421362565751,0.4170766833684879,0.18396948240933997,0.5166005990938768,0.1626123998648995,0.08904545496831306,0.23728445619703475,0.6172768500101159,0.2517027397961731,0.590309291240754,0.350225339228582,0.12729470069364734,0.8325853236419153,0.21533662223096173,0.851230601963002,0.8262880646400516,0.06562085122547967,0.8761552837311923,0.4696703867348161,0.3151581996046803,0.9068324403111551,0.00181479036283283,0.6172944477174039,0.7859203940275596,0.2420705011242752,0.08774546509404091,0.4230836367547385,0.5530862534804404,0.6909692793737983,0.24299140559579402,2.796684298904702
0.7585119328190876,0.5173115534844785,0.4326624550496292,0.7341131101449279,0.3708466970382115,0.5470727865948429,0.23338747137392613,0.9943914504058912,0.025533802417494922,0.4579848641823797,0.9629178539399494,0.6074465913271885,0.9202699987478022,0.9464948585017393,0.5906435828317207,0.2824821612802314,0.13671269140082265,0.366998548849614,0.7018364292247492,0.822096772687319,0.12572725445125854,0.8033721857021148,0.10148009679906334,0.8964366920228531,0.89396992322536,0.3909108815453761,0.2141490405866644,0.8478007816115937,0.18445792036689068,0.7547845057730291,0.25287932481166997,0.8404557664236671,0.9876058143119855,0.508404145498289,0.801558416864118,0.03819130505149626,0.6705820035939086,0.8970781246143051,0.21670395164555234,0.7017139845183,0.9373503194121984,3.6133864822223805
