center_0,center_1,center_2,center_3,center_4,center_5,center_6,center_7,center_8,center_9,center_10,center_11,center_12,center_13,center_14,center_15,center_16,center_17,center_18,center_19,center_20,center_21,center_22,center_23,center_24,center_25,center_26,center_27,center_28,center_29,center_30,center_31,center_32,center_33,center_34,center_35,center_36,center_37,center_38,center_39,center_40,radius
0.463888602824584,0.9157817487673738,0.5648841083593558,0.3654812199373022,0.27574372879985753,0.4258499599483092,0.9593519855996553,0.8130385887865206,0.7172626405462688,0.2985159877531859,0.8134879011228795,0.7523985573787733,0.18764448151675628,0.25184149213340623,0.40620793222526275,0.16758744461180486,0.589391979829866,0.5812610012354451,0.20929197774703379,0.06581759994843406,0.31867234306623293,0.8557531560958256,0.5423531820309746,0.3671117951591165,0.6279250458764222,0.5636689423132808,0.06886440352446122,0.986653549367187,0.696796358594937,0.4438071790766124,0.7357501769939505,0.5269406042567554,0.060508579679028895,0.6273445762958143,0.15994965734364108,0.5762220389416538,0.24563242417245668,0.22117636052194134,0.599182092472556,0.40834511756207514,0.658051006556646,3.0043530439987913
0.4433174225033447,0.20802793007572906,0.7254252111442869,0.10377442745172105,0.6494179419020601,0.7034705685300265,0.014037490261015195,0.19167758054703266,0.24767102820041276,0.7651457793206738,0.13224893195733167,0.984483973203437,0.968353425384519,0.08498761694164114,0.5200327158807615,0.48955201611895405,0.5824854863266884,0.7621169396734756,0.5045256112124826,0.8134080236720287,0.961502950944041,0.09160062071716513,0.8709733537362812,0.17413142402377213,0.21671623873472867,0.8581230412809101,0.8360363224560298,0.37491330115821875,0.2600192906429232,0.09998465560451442,0.1846309535387256,0.9489690518652019,0.9430496766384112,0.4976065519617875,0.8679174514206435,0.4913642313647012,0.5543475133047857,0.040810604389423966,0.23765405082732527,0.26372060339927716,0.7011342177132492,3.4076371449013307
