center_0,center_1,center_2,center_3,center_4,center_5,center_6,center_7,center_8,center_9,center_10,center_11,center_12,center_13,center_14,center_15,center_16,center_17,center_18,center_19,center_20,center_21,center_22,center_23,center_24,center_25,center_26,center_27,center_28,center_29,center_30,center_31,center_32,center_33,center_34,center_35,center_36,center_37,center_38,center_39,center_40,radius
0.019397809894352247,0.9094766507641779,0.007526873207939766,0.49316547740948147,0.3418586253797292,0.16398905195446445,0.28194964888345997,0.5313606035342614,0.019565071523914956,0.7657647095238541,0.3766440808925522,0.05166603888484178,0.2857223924649559,0.3622014705707284,0.6077592333857346,0.527679673006364,0.24747923643940606,0.43612723059647673,0.667796631074529,0.48283918834247097,0.1693727590175258,0.46480053940131383,0.29230922236906076,0.8473247471878397,0.8811726216827674,0.7497221290611558,0.2629102851401687,0.7886858968059517,0.08819689527106178,0.4753784991432035,0.4073902353989688,0.478817865498811,0.5175223892867792,0.17440315927782468,0.33482131744895915,0.4499539397060135,0.4891379352947476,0.7202848241707364,0.5973556338392255,0.23152100748753535,0.24889827877321524,2.8493277590436397
0.5906437044785964,0.09428584322636546,0.8281965408616419,0.7577379596154811,0.8518920881244113,0.3912119419735973,0.07854757241058541,0.4975940836146052,0.9546118515810802,0.9735887834650172,0.6716186132657866,0.660014310447023,0.4693297700722635,0.09496601538630889,0.024215988611135275,0.8787174079201553,0.9080283746968615,0.20720462572404796,0.3916197425125536,0.951069763938761,0.8956495071302433,0.5691144584555933,0.8149327232288979,0.07150980734301793,0.8726244007393749,0.2323917041193233,0.007561180417492319,0.010593302060387222,0.5633318161473101,0.45686381674795884,0.3447042672199122,0.1458662753704416,0.4923501906982558,0.9340454263642184,0.6396760621676423,0.5937785394858897,0.30951728322310945,0.7173100445527169,0.8249624574128365,0.6317466053515017,0.4991763750126631,3.3695748245382844
