center_0,center_1,center_2,center_3,center_4,center_5,center_6,center_7,center_8,center_9,center_10,center_11,center_12,center_13,center_14,center_15,center_16,center_17,center_18,center_19,center_20,center_21,center_22,center_23,center_24,center_25,center_26,center_27,center_28,center_29,center_30,center_31,center_32,center_33,center_34,center_35,center_36,center_37,center_38,center_39,center_40,radius
0.3787864757389654,0.46675027820095993,0.6869184866829604,0.38120437934085327,0.6760073420805551,0.056360071481062035,0.6852248136209941,0.09074099443869676,0.7065576869264999,0.26386783331971075,0.18400585823678484,0.18317655303963387,0.6445754514074753,0.6141281729918744,0.715007567388588,0.6861441429414084,0.3920943194821668,0.40598148531309675,0.4071726247446177,0.08719971722182362,0.9889123156646997,0.24529921664335408,0.294524363437753,0.1947227744437262,0.21067365807654803,0.7003729418272813,0.2941246311218515,0.735724497665909,0.13277087700370094,0.9215805120424582,0.21101642862629877,0.6382730283063407,0.9944521098975011,0.9531630715185563,0.34474538588640635,0.9070916826113706,0.20931001070808697,0.7674333852496326,0.5058683856572622,0.7266681859075509,0.372953832805621,3.229736647485674
0.5784484627184892,0.9401980159623579,0.06229267879384792,0.2956288105371776,0.05036604149046853,0.9724802498644433,0.25209080702351727,0.5290274255348533,0.13171562559076666,0.6441137482934619,0.5092788843596872,0.7197929486775101,0.8698307619018054,0.8740057299696358,0.017690380975611264,0.006730239739507149,0.29987928737296154,0.9999200259535258,0.11047645886930413,0.6010141078535213,0.8794858287442379,0.7616578573156061,0.3368300140957766,0.9137437362197842,0.8098552659057375,0.17055113583338644,0.16802360401337457,0.011350154640717869,0.28479001128632897,0.6819460648462845,0.8148802672222848,0.9933577499205571,0.05139250227445047,0.5479602871991521,0.8960434606615812,0.26268857618865227,0.9284450526729061,0.03877626223651187,0.6758242041968646,0.37542514440306574,0.41136950543738326,3.5454461872884164
