center_0,center_1,center_2,center_3,center_4,center_5,center_6,center_7,center_8,center_9,center_10,center_11,center_12,center_13,center_14,center_15,center_16,center_17,center_18,center_19,center_20,center_21,center_22,center_23,center_24,center_25,center_26,center_27,center_28,center_29,center_30,center_31,center_32,center_33,center_34,center_35,center_36,center_37,center_38,center_39,center_40,radius
0.4338966735940445,0.88710810591157,0.49699508484921395,0.33390733744251744,0.6938386423070806,0.27980032925504206,0.5332213055038774,0.17312921972209283,0.5703608873170772,0.7752961273615059,0.43648979002835675,0.41951183792332025,0.9103191171635832,0.2686713422508611,0.17401035137654952,0.5878072535513731,0.05599384189223744,0.654332778765988,0.11962285211727997,0.6910750905009051,0.1921165411590382,0.7775582518547631,0.2825418744690228,0.10610643574458611,0.0038641108497560195,0.5674433915594036,0.45350111546298844,0.09519462183093785,0.2696265984559957,0.21622278403547857,0.8331733275954067,0.13754197180050065,0.09686868980484142,0.826693733547273,0.11923088468733611,0.7860343893754412,0.4369219801474272,0.2590409058071106,0.2577901678213105,0.9728174346783652,0.5805314138564591,2.9415109197734073
0.8973496576073393,0.14937001877711498,0.6666594073685603,0.15529983380893575,0.3977438272444045,0.9851310837284089,0.8035319320197594,0.9998066572412305,0.3964614237993195,0.5953663640706564,0.9792639781089427,0.0317014173263106,0.3186470216773123,0.6526448383825174,0.13746379089993088,0.8193663337412777,0.9386515843488343,0.5376492234891858,0.8314800631629714,0.8169737767470056,0.15179365985416182,0.23529701623067,0.2329382902583298,0.5734640718907615,0.9144609776281905,0.24015648091366226,0.5587782350551811,0.7605318863259564,0.7619573806090731,0.5823315947174702,0.6800819063594299,0.34432908078851443,0.35868449576418837,0.10190616476785463,0.5944527810629805,0.08872978209237603,0.7382575727477398,0.490362276311191,0.878413356754827,0.39136323603815204,0.7793509551955637,3.7823116943564545
