center_0,center_1,center_2,center_3,center_4,center_5,center_6,center_7,center_8,center_9,center_10,center_11,center_12,center_13,center_14,center_15,center_16,center_17,center_18,center_19,center_20,center_21,center_22,center_23,center_24,center_25,center_26,center_27,center_28,center_29,center_30,center_31,center_32,center_33,center_34,center_35,center_36,center_37,center_38,center_39,center_40,radius
0.5391584895538546,0.11137715750149368,0.5687528511049733,0.4520339930880466,0.04041613095945129,0.047906999496477476,0.572938980876471,0.581233294103059,0.47750075269271597,0.07862268871435085,0.16291568709587467,0.7889889439098315,0.9824201785050708,0.4874151206657019,0.34579580812307964,0.6863262429601957,0.07525971559823319,0.46795162245888966,0.6790535813544075,0.6492733726149843,0.6828460831333006,0.1330180980709279,0.02426883649545819,0.780247793182963,0.4201745249750086,0.7094460471173022,0.8864446297476006,0.5230280687250045,0.6617993569357707,0.9402258348396929,0.5585418631612324,0.13988729263716626,0.6127081340809737,0.517122809426471,0.2909804057754326,0.5886006252703032,0.919156419366401,0.7213309731229911,0.8913738201501571,0.17602322519700964,0.16582629543562255,3.300684581600662
0.0076562660795787,0.7666156616167163,0.16290232005285865,0.32059815805153136,0.13946430145513078,0.9479735808134441,0.23041728360607483,0.11082274813550919,0.6207258463179521,0.8119160688395989,0.3591390533696429,0.4375325861894488,0.05429563453787467,0.7801835920312564,0.49387629617032947,0.02146657424440812,0.7331746476046458,0.9510803991061827,0.04158626908669438,0.8919571187571814,0.6186057401161613,0.29205482515301096,0.9526841721594185,0.21016858799275484,0.43104612966484523,0.8815740649735806,0.0758510452072152,0.765955213592174,0.13659211581095498,0.06041085225943743,0.773697856085377,0.7964731462694509,0.46868068073775415,0.3818051397448944,0.877108491054274,0.025136898010156394,0.33045958110002904,0.5955624392821006,0.07559608501320114,0.8075303029817233,0.2749613035690224,3.4410156866879222
