center_0,center_1,center_2,center_3,center_4,center_5,center_6,center_7,center_8,center_9,center_10,center_11,center_12,center_13,center_14,center_15,center_16,center_17,center_18,center_19,center_20,center_21,center_22,center_23,center_24,center_25,center_26,center_27,center_28,center_29,center_30,center_31,center_32,center_33,center_34,center_35,center_36,center_37,center_38,center_39,center_40,radius
0.18399094795278093,0.6571423724985983,0.8629869839398077,0.17992307937245833,0.45454880288186295,0.5474762817253591,0.45669951294169464,0.6799979183325358,0.4792421852421952,0.6298581083208664,0.8920921216129137,0.48431836607125134,0.962173284680811,0.9944010676030399,0.05788052119059761,0.11685210123282819,0.005579101572010359,0.12394259810569108,0.6502979408371509,0.790374832496289,0.46529432148595207,0.7564277128477773,0.6217050959991739,0.9145796812417936,0.2227291245739661,0.2008701701649258,0.5243649482382712,0.6942056166907752,0.5533337261859594,0.9961413335600001,0.2364443461900987,0.4082129003085543,0.1788952394677643,0.8748447323145065,0.27758674384084914,0.40082424836001296,0.9629180718795601,0.21283043557624526,0.7192907556848424,0.9780103174234,0.767017460648111,3.349784251811309
0.6081973927935349,0.20699097493343466,0.17134709090237188,0.6901557318020062,0.43030023064745737,0.4461316725923583,0.4868634659334915,0.074965072228528,0.8871817516801066,0.873829302720232,0.017618522817877125,0.5678422593809702,0.03416117576047106,0.3657841509255306,0.8189629530193496,0.962909201587596,0.9811538094627006,0.8850642050895299,0.6280346791584979,0.45692498140172066,0.9259075429982867,0.15373666729854474,0.8661104301671761,0.1388231196931219,0.8013342976532977,0.6964881754898229,0.05457173405984861,0.010964726037013262,0.04295907383846731,0.3166287956743645,0.6739361246253697,0.8542903401417423,0.4015761820179016,0.797026964328504,0.2721135157780443,0.7847061464377488,0.8949835469893498,0.8999661533546841,0.24674007371256867,0.8456267101552519,0.19156399685847758,3.4835541142680535
