center_0,center_1,center_2,center_3,center_4,center_5,center_6,center_7,center_8,center_9,center_10,center_11,center_12,center_13,center_14,center_15,center_16,center_17,center_18,center_19,center_20,center_21,center_22,center_23,center_24,center_25,center_26,center_27,center_28,center_29,center_30,center_31,center_32,center_33,center_34,center_35,center_36,center_37,center_38,center_39,center_40,radius
0.5225626495415188,0.8063767498718887,0.3552197273915677,0.14845793918963357,0.5764745396430409,0.35625433464682055,0.1666815762340348,0.7478530748380201,0.516954840119371,0.6719706080813058,0.5487620203714961,0.552775474340673,0.14550678029908082,0.28390243979546936,0.8594918623541554,0.5755391621864548,0.834561142213831,0.9296500849928885,0.9847731072735689,0.5562889030902878,0.0869020659702161,0.9665799736455829,0.8303667236455985,0.0799360766114473,0.9776628420500166,0.8428489801952511,0.48948685796822666,0.3556762875018753,0.4568798024396873,0.4401485645316632,0.26591148302541057,0.5604152577099714,0.6268137016407216,0.2088175347939677,0.5856608377226239,0.4477649115906648,0.6398671063410798,0.8823695516561025,0.27020575856265794,0.4977102564470738,0.8263397258298902,3.4464100178266004
