center_0,center_1,center_2,center_3,center_4,center_5,center_6,center_7,center_8,center_9,center_10,center_11,center_12,center_13,center_14,center_15,center_16,center_17,center_18,center_19,center_20,center_21,center_22,center_23,center_24,center_25,center_26,center_27,center_28,center_29,center_30,center_31,center_32,center_33,center_34,center_35,center_36,center_37,center_38,center_39,center_40,radius
0.6855386956611117,0.6521834037483971,0.13790406501211516,0.26931398685937513,0.8524583145282583,0.44680924618087947,0.060357704251147726,0.44157362023016644,0.9035208005368579,0.543591294089411,0.7832796132291383,0.7682566280085076,0.0034340020468583976,0.868309015980365,0.9896839705479208,0.14215836051781594,0.5967790993899608,0.5951611938575421,0.6522797011981233,0.1597177967921991,0.5908791772825911,0.7855132517362003,0.5184356310170969,0.49772966648334116,0.2532671678897084,0.9945606092326688,0.6096622226635361,0.8046745473380086,0.7433073794684528,0.9999935002113667,0.5187644716123977,0.2182895484155497,0.0035933181753845522,0.3948246536605897,0.20021763542086402,0.4695364268206573,0.6132966416716965,0.7498100553880713,0.5529762494734131,0.3544261148620128,0.10487082374999523,3.72247599748284
