center_0,center_1,center_2,center_3,center_4,center_5,center_6,center_7,center_8,center_9,center_10,center_11,center_12,center_13,center_14,center_15,center_16,center_17,center_18,center_19,center_20,center_21,center_22,center_23,center_24,center_25,center_26,center_27,center_28,center_29,center_30,center_31,center_32,center_33,center_34,center_35,center_36,center_37,center_38,center_39,center_40,center_41,radius
0.39023540467412554,0.10634734000722368,0.0036771291892226943,0.9867985602529445,0.802536751238253,0.2157878637869226,0.622804356348759,0.7689163817210962,0.9867407510883047,0.5320530838162341,0.687292233636042,0.7477281762192858,0.6786117135472082,0.8636107958243044,0.8875473629651712,0.8444911338025888,0.47165735683448007,0.299330955533904,0.03893955331223231,0.6164784115306006,0.36462944395306873,0.03791022474742467,0.860742937566395,0.9798976236742025,0.6878913208956784,0.8930620351282148,0.3895847219015758,0.5664211139623435,0.21758667600411297,0.8987617835032354,0.35141265609299077,0.47253918139566486,0.5585779969788602,0.6683383881302031,0.7426209419764226,0.05113751282713952,0.3663201069582148,0.5180970027203042,0.7832933519917562,0.7019793343236206,0.011952970053930367,0.937181906744019,3.7039300181119876
