center_0,center_1,center_2,center_3,center_4,center_5,center_6,center_7,center_8,center_9,center_10,center_11,center_12,center_13,center_14,center_15,center_16,center_17,center_18,center_19,center_20,center_21,center_22,center_23,center_24,center_25,center_26,center_27,center_28,center_29,center_30,center_31,center_32,center_33,center_34,center_35,center_36,center_37,center_38,center_39,center_40,center_41,radius
0.26877255518141674,0.20455302797423736,0.18970692808322986,0.27868464712942687,0.10745403434581036,0.19581523632416264,0.034670883034665256,0.3279157020943172,0.8169049467160083,0.504851739461907,0.28883658706509363,0.8867056831272824,0.16693716847541906,0.9631233726929046,0.43196093222768883,0.288339966928442,0.6517274871365183,0.20041397357036328,0.5367252599606998,0.023470552386548493,0.5383959791251237,0.263139467398967,0.2267496092626211,0.8624488965162735,0.4387822765112104,0.5611909092066967,0.38908384250218775,0.3531724245992047,0.933593144117217,0.4095154972103341,0.7489333717452987,0.8209128227669502,0.9782647505814874,0.3180241928943919,0.6447334226246054,0.8428545641907124,0.5724187504303746,0.08403632976102138,0.8082166471656519,0.6054413094194753,0.8765495808315262,0.6074555969472091,3.369433097825837
0.004482222595629026,0.7572468424922344,0.8084440119279757,0.9889410318935073,0.8235451357658196,0.8374707390664513,0.962733046524872,0.534703626319562,0.12748093089430002,0.5394763574648236,0.3287898600920375,0.1599580700868929,0.911098656858283,0.15250200820889848,0.36876157289028366,0.9033910882640002,0.627631727543762,0.8980502815033627,0.7697220141393916,0.3498155699994322,0.18913415257123778,0.30606229380933947,0.877922183254726,0.3341495337458289,0.8577501511912449,0.47173072262177496,0.8162949752234043,0.13044922212560317,0.3263645776627617,0.9155367356452775,0.23132661384318742,0.11386193483653584,0.05391766171414547,0.8795361347616917,0.45818735078948725,0.7505253049342949,0.12022293419737096,0.8502002668245717,0.515046546916387,0.9944197178906738,0.30767592650845843,0.7855164157248229,3.6693505765170618
