center_0,center_1,center_2,center_3,center_4,center_5,center_6,center_7,center_8,center_9,center_10,center_11,center_12,center_13,center_14,center_15,center_16,center_17,center_18,center_19,center_20,center_21,center_22,center_23,center_24,center_25,center_26,center_27,center_28,center_29,center_30,center_31,center_32,center_33,center_34,center_35,center_36,center_37,center_38,center_39,center_40,center_41,radius
0.938512947705612,0.7457055396965261,0.8917350026168561,0.9791659292690763,0.8108549577165937,0.14328804677624818,0.47378926505466346,0.12041824096927345,0.11158251445557044,0.03269081021703635,0.7406316241291944,0.2826226905116087,0.4545027076627062,0.47403871774804474,0.9139151921200437,0.0012621384716892114,0.6997104361183847,0.37635844579542543,0.5969459485952218,0.8838054206557913,0.8225838030499354,0.5272120417442886,0.4260555081767867,0.46326568924354095,0.5850369344728917,0.11084347619284363,0.568037554421939,0.038473374540558214,0.22167907505865636,0.20019940402696268,0.1960622322743082,0.12582963214168008,0.6705404229708304,0.3043244278284054,0.4089132564392238,0.08101950765063226,0.16747777060385438,0.2648722400800795,0.7584498302803019,0.21414321004586023,0.6808855117597722,0.7972859898478458,2.884015728279819
0.6670542181831122,0.06764782249415213,0.6859259098922023,0.1724372439884727,0.421099895119768,0.9021712539173398,0.8844804988356567,0.3175186495150768,0.9413506574768709,0.33236188762837815,0.31584474384312333,0.36636418570603424,0.34440826422872894,0.8072862323178952,0.09920539318696131,0.2909915622127649,0.37226024309384065,0.18786555923434645,0.661411512372573,0.9498699533606898,0.2013716893842582,0.11907418766594391,0.5587022867631514,0.3307154145410084,0.9120161944233848,0.9342254087393951,0.6894720267455325,0.7972729992767283,0.8718124122497753,0.7151940521218296,0.33223544076873324,0.8384235706886991,0.4960359974146086,0.6682922910766228,0.6741974307831288,0.47804115319380613,0.7630894853294329,0.734496184037528,0.569634974527578,0.21697251749376556,0.5044780150999417,0.9199258005044354,3.645523160636254
