center_0,center_1,center_2,center_3,center_4,center_5,center_6,center_7,center_8,center_9,center_10,center_11,center_12,center_13,center_14,center_15,center_16,center_17,center_18,center_19,center_20,center_21,center_22,center_23,center_24,center_25,center_26,center_27,center_28,center_29,center_30,center_31,center_32,center_33,center_34,center_35,center_36,center_37,center_38,center_39,center_40,radius
0.5311705695177213,0.7198761627069233,0.7365250044674208,0.1406338644812879,0.22901579509712722,0.15030374361774534,0.26940001252080514,0.7186537721593389,0.9006372504778225,0.029093616131642963,0.9711608408857728,0.14824220725176585,0.5463837516688621,0.2603005839705833,0.10712840433603832,0.22671542725954907,0.4958457547609251,0.9785899980902575,0.5755245798053296,0.45284789883553744,0.794165790730579,0.5908608115899939,0.09252405613655057,0.952199413229975,0.7014901625322915,0.7476241059921525,0.0014618094599281317,0.21698580237515175,0.6927685269480022,0.7200301138286862,0.582459384828313,0.041427102720329345,0.944059247457539,0.9863836255926416,0.09347841618953034,0.6440618605921057,0.42509968097075435,0.2720154441181748,0.2531795890971996,0.6677893565732229,0.8546735633902189,3.303907479933425
0.058362405957744556,0.27696497532418607,0.38286006757172986,0.8302068589113551,0.8004368056796537,0.9506717707353414,0.7475912747748624,0.1252855129201187,0.36341941739012973,0.9534248629526069,0.6835222299787403,0.16763886086866386,0.6427703877444968,0.5513696633228277,0.6547396665008879,0.8027801714405883,0.9777285688578722,0.2421195314720198,0.7774104531886189,0.48830748120179424,0.01938777552749671,0.8559451132229886,0.9596836637206102,0.008153794517935964,0.8957517252861464,0.28760652390763297,0.48923256930186054,0.34662865101008644,0.4969280013493992,0.2561565891991193,0.690231123142761,0.5237279173521174,0.08191607809433299,0.5111264856279594,0.7285255743169508,0.9936073058176191,0.03848816450022852,0.5184670186873281,0.10941413860334115,0.5117591375870216,0.005691221147430592,3.493246522498647
