center_0,center_1,center_2,center_3,center_4,center_5,center_6,center_7,center_8,center_9,center_10,center_11,center_12,center_13,center_14,center_15,center_16,center_17,center_18,center_19,center_20,center_21,center_22,center_23,center_24,center_25,center_26,center_27,center_28,center_29,center_30,center_31,center_32,center_33,center_34,center_35,center_36,center_37,center_38,center_39,center_40,radius
0.6160377845611862,0.6051298197678687,0.5990855446115378,0.016453693770703604,0.23131194127693855,0.4773918044249693,0.7337989881965881,0.9144005625172671,0.7492229632821719,0.38227676930304455,0.7484464159252069,0.8553395035578291,0.5424889180057763,0.5522618309633395,0.9176531700407553,0.9581839571262841,0.09994969512376284,0.8188909389979725,0.8025774245602293,0.49445391223364576,0.15973363150828201,0.61395689620524,0.3829871668456103,0.9761108264532683,0.1523677834676268,0.6503578987963943,0.21851134879145784,0.7152671149977453,0.4810186616448877,0.5955606474953636,0.7369366724874894,0.01785034328967372,0.7531683617940382,0.5956629855688927,0.44154824596750397,0.6644634524140075,0.7515191789939127,0.6366647556625623,0.4495355262609957,0.7449729438011143,0.013079073995606594,3.451606907915962
