center_0,center_1,center_2,center_3,center_4,center_5,center_6,center_7,center_8,center_9,center_10,center_11,center_12,center_13,center_14,center_15,center_16,center_17,center_18,center_19,center_20,center_21,center_22,center_23,center_24,center_25,center_26,center_27,center_28,center_29,center_30,center_31,center_32,center_33,center_34,center_35,center_36,center_37,center_38,center_39,center_40,radius
0.8184642773978698,0.12607870247780895,0.9876108065242206,0.7082448271477997,0.8121253147013692,0.6983132033160255,0.333621843338477,0.850130632199239,0.6497645360966464,0.9475309102203511,0.3534941794248634,0.05623843373081139,0.22857137084632995,0.8476990693146871,0.7871557565918351,0.21451661457304283,0.5171611193737986,0.8677098195891654,0.2831374937956598,0.36207092309749644,0.5552773104469375,0.9078906109948135,0.4193631845397281,0.8218304464004081,0.8503096956501359,0.9544691866174021,0.6406032697501547,0.061007307874017536,0.3265143178284351,0.7366916792164321,0.186964299833685,0.2770834931884142,0.7475893582759445,0.5418116027471025,0.6377461806627621,0.512409471089333,0.7053118600394811,0.7667022781237817,0.6697542764893178,0.4643855847617582,0.24755890858911744,3.5680496110890356
