center_0,center_1,center_2,center_3,center_4,center_5,center_6,center_7,center_8,center_9,center_10,center_11,center_12,center_13,center_14,center_15,center_16,center_17,center_18,center_19,center_20,center_21,center_22,center_23,center_24,center_25,center_26,center_27,center_28,center_29,center_30,center_31,center_32,center_33,center_34,center_35,center_36,center_37,center_38,center_39,center_40,radius
0.9101637042054006,0.17557689244673724,0.25165347206179556,0.5443764533364196,0.6784831192575489,0.4222330341623124,0.30251558948181223,0.5528287269899864,0.9620778579508131,0.7326707506527368,0.3501620403498895,0.438565294014873,0.7267364131133832,0.7000238080975892,0.37022313723073685,0.2198393302347329,0.17844497250767144,0.7999872536673462,0.004156746785036636,0.14291934787834815,0.35791626688713485,0.14166728439744714,0.9165911020486429,0.24031866024019066,0.16992385844513969,0.3776114206836644,0.7409584813167608,0.12363627422654744,0.9969796029304735,0.5988083252853998,0.5042982257564893,0.807039671697446,0.5647238710371694,0.2746199478327722,0.7534738147039408,0.22792136794018947,0.6120546343998374,0.08605180728224093,0.4992921782442419,0.8943504415979756,0.5259177123423495,3.101816340522532
0.5321410954950656,0.9287736026468849,0.7820581897365261,0.7993842899457891,0.6187635445968446,0.21611326761695415,0.6856555208594763,0.43091573417771534,0.21832203537169304,0.40619668989220137,0.8579582646382717,0.4996300295567594,0.11622916782305615,0.002771151627752766,0.7698805056025083,0.17892092653273373,0.5896261853414879,0.10074573820857946,0.690148577076914,0.8721866105720668,0.2585802077206384,0.36177416151937813,0.007881088776671596,0.5709704263035721,0.7424262320008278,0.98721325158821,0.8628974227702553,0.9270797314676928,0.7577972006930641,0.8020491294810383,0.9284698281427889,0.02150143298169116,0.7305073344805655,0.9835047763518039,0.5448755023307934,0.29999543203138,0.2504959663626578,0.773454417073363,0.13493636060304082,0.29339878336266734,0.38337081132945616,3.0561126197879562
