center_0,center_1,center_2,center_3,center_4,center_5,center_6,center_7,center_8,center_9,center_10,center_11,center_12,center_13,center_14,center_15,center_16,center_17,center_18,center_19,center_20,center_21,center_22,center_23,center_24,center_25,center_26,center_27,center_28,center_29,center_30,center_31,center_32,center_33,center_34,center_35,center_36,center_37,center_38,center_39,center_40,radius
0.020223552410566392,0.04238267720153999,0.4276603241566781,0.5157707897413307,0.8771844969236542,0.42124979724397293,0.3102956993483579,0.5272441443915017,0.7925410255149513,0.9024386317966853,0.9775413961153598,0.36203532310813447,0.5575462147504129,0.5769862440507195,0.5385953634618919,0.7719825538983311,0.17244852132115507,0.163084661854473,0.6117055915479874,0.6990719060509011,0.37387358490807854,0.44721646625662304,0.5776979949325567,0.6198967498028869,0.21774754845717892,0.9964355667758614,0.3472254935938759,0.8176506983850804,0.462479677119501,0.7908974497686968,0.3174499157428198,0.24931130701490567,0.20099906886890406,0.6487608806459637,0.33506121385684084,0.7075797382346122,0.04798093367994538,0.4366610540984862,0.571739374701242,0.6421417480412281,0.2774520057235822,3.390491281666478
