center_0,center_1,center_2,center_3,center_4,center_5,center_6,center_7,center_8,center_9,center_10,center_11,center_12,center_13,center_14,center_15,center_16,center_17,center_18,center_19,center_20,center_21,center_22,center_23,center_24,center_25,center_26,center_27,center_28,center_29,center_30,center_31,center_32,center_33,center_34,center_35,center_36,center_37,center_38,center_39,center_40,radius
0.2974909424905111,0.9066210601168406,0.9438827675819232,0.8294761670351178,0.24091383620420115,0.954625830887706,0.2774662316883345,0.687695256920732,0.2932657686225262,0.2811681561192574,0.9468120910000265,0.3111061703476885,0.29056430746325,0.942395119846271,0.5212713341434528,0.20159252650724213,0.24470630910946944,0.26635299687929415,0.26571409341287144,0.6433988590406,0.5405168176060753,0.9013742500142538,0.07788065157652635,0.6675165217350447,0.6945762505502581,0.1882786595354391,0.5295037157765558,0.34227367178914836,0.08271673296309101,0.7300979278162488,0.6629460351216688,0.5938613130126648,0.17856460323903367,0.09944316679490806,0.49353020158308947,0.6873111802780217,0.8975846071954342,0.011774104338946989,0.9285511193146456,0.35392244377391413,0.2748975479292717,3.0886425186327395
0.9668645379893286,0.08889916913398044,0.08097328474074106,0.22836325010515257,0.044156684345279085,0.5916020724300669,0.8435869959427115,0.8099798543049046,0.40334748628028594,0.816333508490484,0.938915285714171,0.7523040650423449,0.8824539704338878,0.33403470023032633,0.7296836788932302,0.997050574347267,0.331522180695066,0.43448157557143063,0.869705058797444,0.5274851498515124,0.5397643083428145,0.5145953973005835,0.5816212151801311,0.1829390287616076,0.27579855741548054,0.2132602884783259,0.15155956476714538,0.03900105176453683,0.5888650736411076,0.10485694933699152,0.3475504632030674,0.03203049604266539,0.833715197627964,0.8304001605036465,0.14295473033247807,0.6441075824715515,0.21264105445848647,0.7050929392660561,0.05790052727548389,0.16156218271586764,0.17791610737220265,3.1808551465837134
