center_0,center_1,center_2,center_3,center_4,center_5,center_6,center_7,center_8,center_9,center_10,center_11,center_12,center_13,center_14,center_15,center_16,center_17,center_18,center_19,center_20,center_21,center_22,center_23,center_24,center_25,center_26,center_27,center_28,center_29,center_30,center_31,center_32,center_33,center_34,center_35,center_36,center_37,center_38,center_39,center_40,radius
0.35599739907512196,0.7375806668241915,0.38433098718196335,0.5992040484278774,0.9484329458097712,0.7966294131825069,0.5635850849026004,0.5570883008731057,0.2734128634024563,0.3477171022958757,0.5779721052003755,0.6286186655338434,0.6470233525228669,0.7233941863542824,0.7159836734713237,0.3671940611586052,0.49683709236067286,0.4852819211291963,0.45356560156807035,0.7244916313534199,0.9890950044535655,0.3593203748338384,0.5537937232638781,0.7111520552314612,0.4580176213250814,0.401460669064969,0.6949969371994084,0.1978381482274839,0.9168922491427214,0.028216713674425797,0.8230520837077787,0.7132095864653922,0.9903132705722665,0.3871607351752464,0.12912735708156686,0.9683599312262964,0.5403651977475272,0.12994118437864288,0.272730812128095,0.939598693303243,0.1521567197366005,3.2486113586174383
