center_0,center_1,center_2,center_3,center_4,center_5,center_6,center_7,center_8,center_9,center_10,center_11,center_12,center_13,center_14,center_15,center_16,center_17,center_18,center_19,center_20,center_21,center_22,center_23,center_24,center_25,center_26,center_27,center_28,center_29,center_30,center_31,center_32,center_33,center_34,center_35,center_36,center_37,center_38,center_39,center_40,radius
0.9170535298679325,0.4915169989751399,0.14323377803297033,0.2034220259347469,0.28822646514857597,0.5125580107637443,0.7339684462249093,0.4426894451963218,0.9230966407600171,0.49556664274427176,0.549224647090675,0.15333874095100142,0.853954138826452,0.8096096766643488,0.9709461211691236,0.4303595049091048,0.789072712053533,0.08433829422781647,0.5047143206022875,0.6029174399458681,0.9791060972510338,0.33159069439976074,0.509463971120421,0.48364792188252637,0.2242098818199445,0.6082660427152292,0.7960484251494301,0.415173786472566,0.3096361426442993,0.9790326732506851,0.017243597609758354,0.6266252743292932,0.7827824520890189,0.8967751912862643,0.29328730188009866,0.3987099756463639,0.7848644018298485,0.8629854880080398,0.6034536573021531,0.23669043057502304,0.053610219727932895,3.518363007151281
