center_0,center_1,center_2,center_3,center_4,center_5,center_6,center_7,center_8,center_9,center_10,center_11,center_12,center_13,center_14,center_15,center_16,center_17,center_18,center_19,center_20,center_21,center_22,center_23,center_24,center_25,center_26,center_27,center_28,center_29,center_30,center_31,center_32,center_33,center_34,center_35,center_36,center_37,center_38,center_39,center_40,radius
0.6327962639771159,0.8463666038446869,0.22393487357578945,0.5614577946518453,0.017880823103432864,0.28295054997909475,0.8354355857634934,0.9240566911050834,0.6277514657561709,0.9403405913087232,0.8735379370790325,0.6454650755319011,0.4730243328943109,0.3738536480946303,0.3226126977785706,0.00852062944246812,0.4588340228401192,0.5044968147934746,0.4637937279958505,0.0828200628589264,0.13195921958201107,0.24096616557301898,0.38716779262204004,0.3639266912482081,0.5623711468582399,0.9690839618993704,0.5840572035626559,0.26362082102313955,0.8619988848382405,0.15039289633187536,0.014293969181126687,0.026450681292351508,0.1557103161000165,0.4384060204055098,0.8042047253387594,0.02890493606295197,0.6625151705470925,0.6732423527963686,0.5236232826630595,0.9616868056239453,0.5238713430104011,2.9409218549073284
0.9254846289396441,0.1502772040376109,0.4338321152628256,0.14509869807246234,0.917266368062882,0.8610939022971753,0.0722459244963588,0.33191340614396925,0.5725811513960276,0.15606539426061938,0.3823494889605592,0.17100345617763546,0.5704553874692991,0.9548298906651642,0.5042901569035915,0.6886691514232819,0.7312204553312867,0.03913227970002353,0.7778002440477836,0.5150803820045545,0.3067904291116198,0.8667406319650388,0.9749113962487643,0.40018851854653514,0.15712053230182887,0.00010839788525318639,0.987536251856294,0.5363176401623713,0.4303365423590072,0.881725470359951,0.8117424566666438,0.8276990664108761,0.1213161183108673,0.24355086487497213,0.8465422634250295,0.9011916095435744,0.7996798341175991,0.6881477154405128,0.7504939268143044,0.5824036395293931,0.8350664959043659,3.620908720594585
