center_0,center_1,center_2,center_3,center_4,center_5,center_6,center_7,center_8,center_9,center_10,center_11,center_12,center_13,center_14,center_15,center_16,center_17,center_18,center_19,center_20,center_21,center_22,center_23,center_24,center_25,center_26,center_27,center_28,center_29,center_30,center_31,center_32,center_33,center_34,center_35,center_36,center_37,center_38,center_39,center_40,center_41,radius
0.3508340301087173,0.06059861490854923,0.6501799019288969,0.646005146316402,0.4356085693327234,0.1659736670060633,0.8145994056284622,0.6798878502669424,0.5770911716445942,0.6565478960411147,0.1420895406079089,0.8407147082004991,0.28833530714424527,0.3559724582069266,0.3641303506349415,0.6020758044673633,0.2396969498923589,0.07234739026898507,0.2900184810111708,0.35937141247473947,0.7736151859885204,0.7427620031587553,0.25526796824465525,0.2746381263472425,0.7526588627177605,0.07105989404455193,0.17998221109688872,0.2932110028421945,0.9324500256795242,0.29624334383530404,0.4304894569811816,0.2988038317419197,0.6882171174548877,0.8361750897202798,0.5165134883591026,0.23212832983263987,0.8990876319841805,0.29817977759111447,0.5628733679432386,0.35004361883539825,0.3562419962603254,0.7734372311695733,3.2475513812613297
0.4566925416380505,0.8951613018324526,0.7144462013639337,0.8954334985744878,0.3989284280044193,0.9041959553538295,0.13392493000647399,0.5535666216654846,0.09749248367912511,0.023423512519312295,0.5213812651906954,0.0023394434869999925,0.23500859373544603,0.8195144783328621,0.9253055215664967,0.15086496503878644,0.8341592067839712,0.7210238322578211,0.9705805556086379,0.1794522440451669,0.7563406557245033,0.2728129352403519,0.9101475861113664,0.8547153561515116,0.7276680868376686,0.7576254731091875,0.701495666547225,0.811840594336687,0.7545366557906716,0.7255122393408485,0.8999412923720437,0.9054541746104502,0.368905708545896,0.091584049677509,0.06111057313007007,0.9753314175263126,0.09466697001684521,0.4423460244631354,0.2139083522385713,0.6553598224267353,0.6005256649001822,0.08093604060223991,3.6369330515101566
