center_0,center_1,center_2,center_3,center_4,center_5,center_6,center_7,center_8,center_9,center_10,center_11,center_12,center_13,center_14,center_15,center_16,center_17,center_18,center_19,center_20,center_21,center_22,center_23,center_24,center_25,center_26,center_27,center_28,center_29,center_30,center_31,center_32,center_33,center_34,center_35,center_36,center_37,center_38,center_39,center_40,radius
0.32888162321915715,0.04506612356832673,0.05326813291777466,0.413528743243049,0.07758728934573966,0.7600630866792751,0.021608582103748386,0.6114529689828895,0.007384450425078071,0.34516466642888466,0.019250083373988924,0.5746014599626185,0.6968216841402084,0.9101314218530213,0.7447011186204081,0.09910553628748398,0.3962927287222565,0.7632311564241162,0.8395001153383053,0.49161722406263075,0.4604406492444416,0.30939445775071106,0.4708771611177922,0.24679989124683233,0.15205094785918472,0.31062314969375715,0.34716049941305926,0.3484875234844228,0.557140476037362,0.8026877653313935,0.9864147763835435,0.4671257368597259,0.6989952238726459,0.3533755966919183,0.9467859980793679,0.5212835004427943,0.08345073802577219,0.15771135442294426,0.7480385986649262,0.5258969606535256,0.6248313758782797,3.0313862385592953
0.1920275556383494,0.9077415721308517,0.8902261172217121,0.7565024754897796,0.9613449913979478,0.9781847614876837,0.5190677894805921,0.22312929985765184,0.8049664634496921,0.4516132870530699,0.905740549917301,0.9263848134359579,0.29507876033955005,0.026036393513760525,0.5791090557520011,0.5693947399790166,0.7833879718269107,0.6029132419363935,0.014128213002009171,0.14177742688481898,0.7800541588604043,0.04827839609586804,0.5817696188196725,0.2948305664772596,0.1744796363492236,0.37308068032427566,0.9632435935565117,0.7527003791030801,0.38643937256587124,0.15131932882786625,0.2300404753871934,0.4352069549316291,0.5581000617298478,0.9193636464766893,0.6972951999811503,0.3720797903135409,0.5256923099408713,0.7354249263931257,0.6759456062078211,0.4262450898060045,0.06446718217843994,3.1939318258627143
