center_0,center_1,center_2,center_3,center_4,center_5,center_6,center_7,center_8,center_9,center_10,center_11,center_12,center_13,center_14,center_15,center_16,center_17,center_18,center_19,center_20,center_21,center_22,center_23,center_24,center_25,center_26,center_27,center_28,center_29,center_30,center_31,center_32,center_33,center_34,center_35,center_36,center_37,center_38,center_39,center_40,radius
0.8818730809484243,0.5951682481537344,0.2647969811665206,0.2962383228567147,0.9818480065847027,0.9767739662825168,0.2576175787569267,0.7541770976523929,0.9993818874004544,0.9910150931610178,0.005081161690209335,0.2809778797365591,0.6120535471250805,0.5325726214776688,0.5434860913293064,0.3947208608586257,0.09867941543311654,0.3598275011520832,0.3749203088614548,0.932070777326877,0.39465042696752284,0.7937155943126608,0.7231289775626193,0.6552642263508048,0.9030678462934595,0.16600847155272336,0.8191319520099991,0.9362659930913336,0.7975484843182511,0.3840924737084934,0.6733116290629781,0.05577648103738331,0.3394698772695154,0.06663462114112595,0.753636045552454,0.24402855526159417,5.499802108499541e-05,0.4165558133016525,0.20657100518984173,0.8814580511976688,0.11708731526456462,3.673373538754147
