center_0,center_1,center_2,center_3,center_4,center_5,center_6,center_7,center_8,center_9,center_10,center_11,center_12,center_13,center_14,center_15,center_16,center_17,center_18,center_19,center_20,center_21,center_22,center_23,center_24,center_25,center_26,center_27,center_28,center_29,center_30,center_31,center_32,center_33,center_34,center_35,center_36,center_37,center_38,center_39,center_40,center_41,radius
0.07783212228570824,0.27028873571052536,0.03126582913011822,0.9121520675141962,0.323605579050971,0.48698697430855287,0.8709922297337955,0.45637013182923347,0.6515050644291476,0.8671547552077287,0.1234244263452543,0.06515359923203057,0.35123263317659115,0.04652083026994058,0.37406303950998,0.9789376257805928,0.35499596678413425,0.8980093285878396,0.011548335757146422,0.11231969142594123,0.10873485572608022,0.8385403755014995,0.5958727401500707,0.9808323946797888,0.9909425436262589,0.8875696593592068,0.9987780345386641,0.042978465325100634,0.6958184922412135,0.8833501014336735,0.30150982688234085,0.12109777434312774,0.23287899672461976,0.30500588054521893,0.9240153242025345,0.1231785952998824,0.24031931887777203,0.9846573296998747,0.15136083728989647,0.39042291638767834,0.14185468093456988,0.2833036807604863,3.5404601215590055
0.2539290289502092,0.5703634922349501,0.20368564573912284,0.009283313317532182,0.9782060196761966,0.6440606898658111,0.1727520805754752,0.23465069270636996,0.36394048029094483,0.8360756098065247,0.8966823049646337,0.6577738966573706,0.31398921356752196,0.9073932767828522,0.7404876293154453,0.1679439856474766,0.9895305256597716,0.12055077346830156,0.34312666173794537,0.5893088934016613,0.9082247873494093,0.8383420663378102,0.8007406708696718,0.38655071853284495,0.4354338318441411,0.013757700411034524,0.35310384626155833,0.7107458187806696,0.06766121566466354,0.3365049905952112,0.9391036791635121,0.19251821158728855,0.3189279267322309,0.5921837677362962,0.7948412289808111,0.7641000588959903,0.8735491620384589,0.26788320043606173,0.8901328568405756,0.4878613596054706,0.737311147313421,0.9079287885592029,3.3535754173977095
