center_0,center_1,center_2,center_3,center_4,center_5,center_6,center_7,center_8,center_9,center_10,center_11,center_12,center_13,center_14,center_15,center_16,center_17,center_18,center_19,center_20,center_21,center_22,center_23,center_24,center_25,center_26,center_27,center_28,center_29,center_30,center_31,center_32,center_33,center_34,center_35,center_36,center_37,center_38,center_39,center_40,radius
0.3658347330508477,0.43563141576666287,0.8745130918103133,0.11506845179906555,0.046737515548920694,0.04181426924061771,0.185273767457384,0.9814225568287107,0.2267788962922178,0.4714943124447891,0.39511187756134336,0.44989565942852594,0.6489480950102597,0.0740672749833976,0.46254545302509087,0.16592256299817587,0.24097604837076447,0.26714553951908215,0.8614604389452073,0.2440088534596142,0.8405308363272271,0.8276549873922084,0.1351866356205923,0.20543783709688546,0.11332312594879268,0.9496849851354444,0.4371427277644856,0.2909334463839297,0.3596724680668738,0.4498967859852757,0.932194149208308,0.4476070527790087,0.2036735923392914,0.594832462514751,0.9735458831791783,0.6002416636505652,0.05521794905300037,0.43846042780293815,0.7015975277307286,0.7250516872014927,0.9224533780270383,3.253440644723979
0.10209721108123015,0.05791963233044517,0.1354850840032914,0.6281300600790066,0.8550107521996901,0.9423470548443291,0.7384428831042448,0.22413414689976996,0.8047730686960162,0.9084156474890055,0.09519314464083362,0.06441328363248044,0.8942297003410038,0.5325544007834307,0.46179602265581265,0.9035107400215858,0.5132765132162583,0.7630504775377911,0.22130257110576024,0.8036042808581634,0.37264496243562684,0.28323129301205663,0.4980484778816089,0.8084573279631462,0.057889327467940066,0.024778088188407765,0.9689290916962524,0.9705665779318617,0.7083098588940078,0.5677694519066386,0.9435393660363193,0.7371269608372251,0.33856094209600196,0.82168330195962,0.5170042355390514,0.5170240464588141,0.7094684825242605,0.6071785611568115,0.12322104158755331,0.2402095806752037,0.13174437926327542,3.540245140126888
