center_0,center_1,center_2,center_3,center_4,center_5,center_6,center_7,center_8,center_9,center_10,center_11,center_12,center_13,center_14,center_15,center_16,center_17,center_18,center_19,center_20,center_21,center_22,center_23,center_24,center_25,center_26,center_27,center_28,center_29,center_30,center_31,center_32,center_33,center_34,center_35,center_36,center_37,center_38,center_39,center_40,radius
0.3874147372074751,0.38182372447341717,0.11512906401856982,0.6492993669391386,0.782500247896126,0.15174665460841108,0.2647975871777484,0.13451890753218476,0.9036989365266184,0.7631253338071242,0.19506311975253587,0.37290341684026496,0.26661370267685924,0.04165156759896982,0.23662779313066418,0.6179925691821544,0.913645204540241,0.4737175207454464,0.3118314427717518,0.7377968261019734,0.7998169332224225,0.02066602220596092,0.74997164316941,0.09150820002105231,0.26294359686395163,0.07374206118702287,0.10641212348580331,0.254494528671414,0.5661124689213765,0.4969913620876375,0.5420155903600233,0.7178642872066199,0.5768988470771168,0.44057856290712927,0.6889975384354091,0.49980971432371557,0.18459590046309837,0.9536733630952073,0.23677803221266247,0.5453041680105198,0.18766781703443725,2.800783244830569
0.005040895936693435,0.060071014848333326,0.8548237247287365,0.08332869977357527,0.2948746131965305,0.3375667262273043,0.01995710156148256,0.6200632676670343,0.25192594284511305,0.15872087510022148,0.9202800788282977,0.4203417615819116,0.100094552307468,0.9188505294362762,0.2969889732907577,0.7206102346346693,0.37087501920049526,0.47452024314881025,0.6747727372799337,0.39342503424328734,0.5511628372886749,0.7766145921072892,0.7667895123648164,0.021141001787265856,0.48809224264320417,0.8263327448572881,0.5887729828792455,0.9631834235886745,0.22792362178810444,0.9260941669113335,0.2496739455439928,0.49992336590812725,0.1770743153421347,0.5467901983777305,0.518626712921811,0.6672275925009049,0.864910517699354,0.4265315238912615,0.9967839139826092,0.7181986432965924,0.26231291383722,3.2976512893446954
