center_0,center_1,center_2,center_3,center_4,center_5,center_6,center_7,center_8,center_9,center_10,center_11,center_12,center_13,center_14,center_15,center_16,center_17,center_18,center_19,center_20,center_21,center_22,center_23,center_24,center_25,center_26,center_27,center_28,center_29,center_30,center_31,center_32,center_33,center_34,center_35,center_36,center_37,center_38,center_39,center_40,radius
0.4791132433413139,0.004590751643944069,0.2149777246907183,0.5727354523420592,0.16985399798254586,0.5363625539910347,0.9288634608167085,0.31892580173353213,0.5848106274187612,0.8939671431620536,0.26803363649403567,0.1400149744433895,0.0011462151064739468,0.35560879482780017,0.6476338363836115,0.4561827040348133,0.9255192735958329,0.3257112494959177,0.33853593413719785,0.6519362876502623,0.07422072809082969,0.7300235123802671,0.6627005124064588,0.3850912391176854,0.7169065720421293,0.1918426207476267,0.7621225671060111,0.8199699326346839,0.27729449262177586,0.8855581133366538,0.630496742041579,0.3157271183183682,0.30311183197592984,0.11475429078116284,0.5985665997596378,0.8887144257366515,0.6734862826597993,0.6587297913318179,0.8826617703326262,0.9316979141629637,0.31703256728155427,3.286238306421823
0.7958309980125979,0.24901293124738821,0.48780333938062814,0.10859952131284545,0.9986044901117425,0.6451187137649618,0.5168534396605201,0.47689535923111204,0.01953267468147979,0.8735111595269257,0.6569670868967635,0.8349487535543094,0.257548193260023,0.8982703837842683,0.24646329569849623,0.2596567516665399,0.08073166568503198,0.9678564787591554,0.5225721303479997,0.055817935348534076,0.8747501408494051,0.16740276752659178,0.46611284877031334,0.5922637406823812,0.9128290141383307,0.7957683687661247,0.23492714117034574,0.05049125241155783,0.9334213969914177,0.06224087671996448,0.4140377959984747,0.01725066451756818,0.9068693674397723,0.9599862829656722,0.04136151702944202,0.0396377747644614,0.15251230096807955,0.03901641766571362,0.6863408487152993,0.334246247633047,0.8664398709230109,3.1359487792227125
