center_0,center_1,center_2,center_3,center_4,center_5,center_6,center_7,center_8,center_9,center_10,center_11,center_12,center_13,center_14,center_15,center_16,center_17,center_18,center_19,center_20,center_21,center_22,center_23,center_24,center_25,center_26,center_27,center_28,center_29,center_30,center_31,center_32,center_33,center_34,center_35,center_36,center_37,center_38,center_39,center_40,radius
0.626288779202286,0.3014800301168298,0.5489447613840981,0.37729968322472585,0.6372120264518754,0.28567167633974333,0.636137348429841,0.7452259894168701,0.33768100437471404,0.5346843878573132,0.4083497208110318,0.8451518923083713,0.886661375446941,0.34827003572710935,0.7641263715938494,0.3797328097519034,0.10843850799739574,0.49489981653396886,0.7428236832701975,0.5759392543321138,0.7173436906874634,0.7178977618154824,0.3359948706366327,0.9633792492549759,0.7820902961268352,0.09770365781085211,0.7615837523474148,0.7303874101349668,0.608578246579831,0.7234676428649881,0.7456648718744571,0.10428710355547754,0.4641436345246228,0.4443359407639872,0.479925150268004,0.3099740356761983,0.29057231033427333,0.3278801982175743,0.21524585849525857,0.43516270781335076,0.5631136375505618,3.102165123756551
