center_0,center_1,center_2,center_3,center_4,center_5,center_6,center_7,center_8,center_9,center_10,center_11,center_12,center_13,center_14,center_15,center_16,center_17,center_18,center_19,center_20,center_21,center_22,center_23,center_24,center_25,center_26,center_27,center_28,center_29,center_30,center_31,center_32,center_33,center_34,center_35,center_36,center_37,center_38,center_39,center_40,radius
0.2849873536367753,0.26698192811626376,0.5564481376315795,0.07835929986309387,0.9276112677042828,0.3760197390084862,0.12387158644180862,0.1891366356105455,0.6467923386762112,0.8709299308362544,0.13018504486984273,0.34607392394721115,0.18733013176617963,0.4348356285249878,0.8099304858771996,0.05158042259871487,0.642403523771705,0.31075635342931907,0.10587603746011409,0.3824167920354197,0.7817859404340103,0.06329128474134804,0.017097970187700873,0.8482603331806098,0.8031153126934214,0.8713989044665854,0.4420475570387997,0.31764431169389473,0.7086561192179829,0.26033285617101587,0.2446227617018797,0.7804548488932609,0.36634967067363433,0.9764983619975366,0.9970777523192224,0.15857728982545183,0.01935933261529388,0.9852768090353851,0.2528092701419591,0.35533760052474017,0.4567863784401106,3.0368573459830945
0.648321436793964,0.33258964817558156,0.5456466833492524,0.7068154799684865,0.19485866147830055,0.8376388868974065,0.5688348634285428,0.11527612162356793,0.8319695949760724,0.30042401248787665,0.8729477448620462,0.9972695126668166,0.30543588263780586,0.9984585221294904,0.23678574340656644,0.5021746400892674,0.0827173985617049,0.8574979743158258,0.7086302372810674,0.733385894213141,0.5698936684366688,0.8128053055710891,0.7186189731677729,0.3180395136504629,0.23746890848966418,0.48648377150957967,0.023711831247064663,0.4951370809798682,0.8173732303755313,0.03875451694966603,0.7796585167991864,0.5463177155013207,0.14457495519551333,0.681347095566941,0.53035588733451,0.41822422955753413,0.8302812365372987,0.2461198846762257,0.35443129978842225,0.9546951660062517,0.9270510105735532,3.347933175811657
