center_0,center_1,center_2,center_3,center_4,center_5,center_6,center_7,center_8,center_9,center_10,center_11,center_12,center_13,center_14,center_15,center_16,center_17,center_18,center_19,center_20,center_21,center_22,center_23,center_24,center_25,center_26,center_27,center_28,center_29,center_30,center_31,center_32,center_33,center_34,center_35,center_36,center_37,center_38,center_39,center_40,radius
0.8632881226208218,0.1894691990494557,0.6069602025068311,0.600929136071139,0.8524608762312417,0.3356257605673534,0.8558574564365597,0.7260191515980542,0.6182088994556444,0.12037029422270062,0.12376458938178203,0.20628597699473594,0.1447737720841702,0.7787966687335336,0.3569479857738912,0.8576380522868405,0.5498278745997643,0.03260152074549805,0.2709855813325813,0.4569374112047858,0.005384917484694607,0.29915297254471085,0.9291461015768373,0.7605838289406316,0.9629198854387696,0.9023870970274256,0.9573222953203693,0.5086170233542522,0.38220391202221216,0.8255446136585712,0.6957587852714705,0.8152403644282425,0.04413926500265386,0.1240555544656683,0.32141389873197856,0.08558380715295377,0.85373511705316,0.27940337639736257,0.5427322733471164,0.9707465754031137,0.8555860793109479,3.8525872922665023
