center_0,center_1,center_2,center_3,center_4,center_5,center_6,center_7,center_8,center_9,center_10,center_11,center_12,center_13,center_14,center_15,center_16,center_17,center_18,center_19,center_20,center_21,center_22,center_23,center_24,center_25,center_26,center_27,center_28,center_29,center_30,center_31,center_32,center_33,center_34,center_35,center_36,center_37,center_38,center_39,center_40,center_41,radius
0.9266281452686197,0.7010458525912401,0.47024473117530663,0.7652430260934453,0.5701884399727125,0.6103490330053855,0.714532634357029,0.7145957229053586,0.6782100172048902,0.5701225631077275,0.1210658558465556,0.4611303571257175,0.10283495972627266,0.36090680956879295,0.552321781550576,0.26959185561012144,0.47546739945225514,0.844777083472266,0.9521531910041455,0.595371519417068,0.30099982885147014,0.5683820628625071,0.6070407273254408,0.5601658469899037,0.6012479485634393,0.7630005154930287,0.9011994239815844,0.5870195971799209,0.26915541605702686,0.4919730034744174,0.0737274933144344,0.48577564256209305,0.7146593990360204,0.5068248779814458,0.5419236575553869,0.8914164187929802,0.6057822856644771,0.05521474522931591,0.8630010397095499,0.024640191268381795,0.9972453639671245,0.2788615560886366,3.497472551595585
