center_0,center_1,center_2,center_3,center_4,center_5,center_6,center_7,center_8,center_9,center_10,center_11,center_12,center_13,center_14,center_15,center_16,center_17,center_18,center_19,center_20,center_21,center_22,center_23,center_24,center_25,center_26,center_27,center_28,center_29,center_30,center_31,center_32,center_33,center_34,center_35,center_36,center_37,center_38,center_39,center_40,radius
0.25540409200579284,0.36101226231551287,0.7613485408990023,0.9783522279617834,0.8355720237198866,0.8578730045756067,0.5589727952035372,0.41382689230569725,0.8631552682615574,0.5930596378580736,0.6532204560831212,0.9642915064683487,0.9167841770265805,0.9090328795089094,0.3925056289516956,0.9855952293373701,0.48196540429673784,0.26606634541301677,0.2211590347588286,0.884742253696468,0.42204167734156683,0.6946259840347823,0.13571171535708515,0.343890994474098,0.7417910042770253,0.42201120043182494,0.28513193487850685,0.4934475415928711,0.944070618811773,0.6685051667009575,0.29679287794465237,0.9178074449404483,0.07113264496099925,0.858382378260734,0.5880691496531535,0.046463170947735555,0.6036372929477803,0.18981220105900187,0.9465704958605086,0.2924753579734629,0.9971991123353859,3.452128277595531
0.2879565253737041,0.9404962206528287,0.7365431923382063,0.011705946318387062,0.6594895711934973,0.2180095499961463,0.8674761157204139,0.577900296318515,0.6346800965356955,0.10583148939416942,0.9623675532078214,0.4062938010967546,0.0998018873643679,0.10819753410944433,0.9604299360512645,0.047095432352775135,0.6661239951755696,0.9868242404633839,0.6437202313646762,0.018964232533098757,0.837522817441709,0.23460434964096966,0.2828251611695719,0.5683952252934045,0.6277083326581004,0.34816914163351587,0.9842174160183701,0.3018886897593793,0.47327269111657655,0.014904521020837835,0.8252855542867351,0.18173379810359147,0.8636429546583042,0.3808972197156305,0.48950752110587836,0.58586286273891,0.6175945493507029,0.6587946280119842,0.11830602222935638,0.9992244411259061,0.11737966260826893,3.3986288152135637
