center_0,center_1,center_2,center_3,center_4,center_5,center_6,center_7,center_8,center_9,center_10,center_11,center_12,center_13,center_14,center_15,center_16,center_17,center_18,center_19,center_20,center_21,center_22,center_23,center_24,center_25,center_26,center_27,center_28,center_29,center_30,center_31,center_32,center_33,center_34,center_35,center_36,center_37,center_38,center_39,center_40,radius
0.6531455458789409,0.5899547565460039,0.036938508880662635,0.7580325587228276,0.3151475416759789,0.9254703552800182,0.5086617855766743,0.7496075949231462,0.6463525853462788,0.6679728581718727,0.5943750572314793,0.8922950021754152,0.3759599086621218,0.9648378485020493,0.4261980962923665,0.21686505264102185,0.47362996877333485,0.6764334516296833,0.15995357384146114,0.09929092313120169,0.856051325227923,0.60616894315082,0.7385542732687674,0.8630711352286018,0.4591758016343559,0.7146742049169321,0.7051394101377393,0.15994243795045804,0.07118422612146247,0.8222835722247069,0.0859830718579111,0.1019312178979419,0.8153976685346611,0.759974794415746,0.39363809252806303,0.19043875294101176,0.9639656859941614,0.40852205104467776,0.2974844945990336,0.8001752976275888,0.1538008457736585,3.4028475549914465
