center_0,center_1,center_2,center_3,center_4,center_5,center_6,center_7,center_8,center_9,center_10,center_11,center_12,center_13,center_14,center_15,center_16,center_17,center_18,center_19,center_20,center_21,center_22,center_23,center_24,center_25,center_26,center_27,center_28,center_29,center_30,center_31,center_32,center_33,center_34,center_35,center_36,center_37,center_38,center_39,center_40,radius
0.46579896355567796,0.48501456156586586,0.7447707521108142,0.24591598958494487,0.3062447454627153,0.7275794665733467,0.824827737217295,0.944694206822577,0.8548448626147946,0.1406171829947941,0.7160026956186334,0.7537434542141049,0.8465969334786062,0.24822234174756996,0.7586217192247721,0.5473929486629359,0.6120977056442968,0.7980399437899073,0.72072106126534,0.5689868847560898,0.9310876674272079,0.06931604884855258,0.1597898764706056,0.8127860583037666,0.8999203778149009,0.8466440751238049,0.41530881242426443,0.23133249280866064,0.7941594315680675,0.9814188625127876,0.9422868541624193,0.2580082453314563,0.2417183023287992,0.9565477844078727,0.18050431913631704,0.3821288753829656,0.16908093050016626,0.5466595354335038,0.19011858553954386,0.7918445114523995,0.7018054632417745,3.5905202750596277
