center_0,center_1,center_2,center_3,center_4,center_5,center_6,center_7,center_8,center_9,center_10,center_11,center_12,center_13,center_14,center_15,center_16,center_17,center_18,center_19,center_20,center_21,center_22,center_23,center_24,center_25,center_26,center_27,center_28,center_29,center_30,center_31,center_32,center_33,center_34,center_35,center_36,center_37,center_38,center_39,center_40,radius
0.5290317103370828,0.7878377877415048,0.19807190029012378,0.4113467833299643,0.2698777946866808,0.8125406178028426,0.10739591875764565,0.5644300575745173,0.5066238975944943,0.8624292971945668,0.9422899385394253,0.15888882891650769,0.4240254767287993,0.047640329293638595,0.673553332577728,0.56869766720321,0.06882046174588663,0.3857502365341666,0.0918259104914001,0.7489701081366562,0.0847527226666247,0.1353691165166293,0.4167524727490902,0.8549309605401317,0.2470089712680309,0.2983111725356248,0.3997549599491371,0.6573217929854421,0.23670834245447836,0.41592484562953735,0.988902701815226,0.6425652186972525,0.1450025543418172,0.25280151988496524,0.22947908614282508,0.5388181177092058,0.4228027934584053,0.08253590639819341,0.5302850560015304,0.29852884186672424,0.017599994107370676,3.002814097969991
0.1991210876109224,0.03918730933513337,0.48131468237408415,0.5805930508379415,0.8185788815855475,0.4503830336025657,0.9052499172654024,0.5314265856902354,0.8394353792869581,0.24039512684594855,0.8584435290684749,0.8824201505089607,0.22826999211635246,0.869288680325745,0.05268037186459329,0.08834422732543357,0.06974661245623492,0.7691558806008606,0.549841290500713,0.4886318842040098,0.38243581513150315,0.7087637891170344,0.3672787824513013,0.10678592267219678,0.16033270736070837,0.18685692867679404,0.5980784087496345,0.2349012446091463,0.2896383056213966,0.10467837300641192,0.022247944284030652,0.5751475345320937,0.3946036664493393,0.44924140982867544,0.8517975726984086,0.36819289842633296,0.9179477338511788,0.6106970945914377,0.9629103307736232,0.8701034786673973,0.907299186480849,3.445291068814165
