center_0,center_1,center_2,center_3,center_4,center_5,center_6,center_7,center_8,center_9,center_10,center_11,center_12,center_13,center_14,center_15,center_16,center_17,center_18,center_19,center_20,center_21,center_22,center_23,center_24,center_25,center_26,center_27,center_28,center_29,center_30,center_31,center_32,center_33,center_34,center_35,center_36,center_37,center_38,center_39,center_40,radius
0.08403712864364143,0.33892522798775826,0.9283064429988107,0.8891042595991066,0.3998383423763331,0.4120819707727582,0.786827755890308,0.4530985949584465,0.03589079728927502,0.635071634916952,0.5500531447261495,0.7667434276982954,0.7311527172650231,0.6794543978616238,0.5029029556447406,0.481657522882326,0.1553809768883856,0.7208414293270207,0.93738595168087,0.3304664507042303,0.051750962601917916,0.29089318467967173,0.049692094578673074,0.7384292809904723,0.4137820870100992,0.5457873362671682,0.20150977275509996,0.15823013289071797,0.026421182230544904,0.7970564759745132,0.22681231289026305,0.20756317796051627,0.5875149468187877,0.8959090981948745,0.747352342265209,0.723396505435384,0.26057503044025143,0.3026398591823315,0.21789070321461756,0.6796028418525136,0.13411042029011155,2.811569294882057
0.13641094783171848,0.9894527675173005,0.11618455563481178,0.33857780718927444,0.24445438823077792,0.8012937572022972,0.22810198617498612,0.9943269126722558,0.48202907899566283,0.7951512456548927,0.6224703441482737,0.18614201578182665,0.6488940482521829,0.5983408240851283,0.642723145412223,0.18655686722755616,0.05020784611638496,0.1197196979349745,0.38042493664286536,0.7826795363341802,0.2463888796222754,0.8638102687715817,0.8071680913966425,0.17701519548692646,0.9123696079226432,0.05258327846686761,0.26915440230477405,0.5868295925778211,0.8654087040236985,0.8283753960807604,0.8989700473127279,0.8840299949089201,0.4380426390884653,0.11840198879522024,0.15589015248910187,0.9357342114145343,0.9301502419108194,0.802413915637029,0.5809882170192783,0.8491585466355847,0.10457698516311864,3.4548685988080936
