center_0,center_1,center_2,center_3,center_4,center_5,center_6,center_7,center_8,center_9,center_10,center_11,center_12,center_13,center_14,center_15,center_16,center_17,center_18,center_19,center_20,center_21,center_22,center_23,center_24,center_25,center_26,center_27,center_28,center_29,center_30,center_31,center_32,center_33,center_34,center_35,center_36,center_37,center_38,center_39,center_40,radius
0.6798307241791192,0.7255224613883182,0.897660373223204,0.6618874995078425,0.7092237870298193,0.02119422085280298,0.39864713924732986,0.07645335392067354,0.25181776307950476,0.3325841895996292,0.19786996090875197,0.8775961259610502,0.6775890887848983,0.5909931644693467,0.6497034939690632,0.46543855461122297,0.32840845543947605,0.6670284703290045,0.568060931477159,0.5712074859689161,0.7917459067772624,0.03576114058309299,0.9934516781706052,0.6651921572603439,0.6967158753017377,0.7780065609605549,0.8974811374797982,0.11505846910865669,0.8969864681038461,0.2944971294056179,0.8025880499077795,0.6921133695176396,0.8682711061759387,0.8949998265160334,0.2089832182892437,0.7849491112774363,0.2116486942328657,0.07088927947198698,0.923520961460918,0.1399381715757655,0.04780830737365438,3.0323990292117773
0.7356265366162317,0.15204228145405996,0.27526469096262085,0.08780833001860244,0.2872110266583485,0.0008938206618703814,0.8231984964628741,0.9635303105953624,0.7543389292246763,0.8168103303888904,0.5405557236334447,0.7897510246087389,0.6722417659020944,0.13667716505630856,0.5242900847804386,0.5754260078768795,0.7867731662481985,0.731688242385022,0.6585972913552524,0.7761971878769933,0.0063473981219714926,0.3414897964640553,0.08885686421563299,0.19105500753314597,0.4626554285780702,0.31016871666739376,0.9185153335295033,0.44380859941839745,0.04327916745192806,0.35798822808411634,0.07148069942193702,0.3008297256508986,0.2700055648728167,0.718537955856117,0.7261722938593107,0.08170197049366423,0.9537272036531614,0.12521423002676113,0.0813084934946604,0.9891270886791774,0.2395764941062889,3.3570210927041946
