center_0,center_1,center_2,center_3,center_4,center_5,center_6,center_7,center_8,center_9,center_10,center_11,center_12,center_13,center_14,center_15,center_16,center_17,center_18,center_19,center_20,center_21,center_22,center_23,center_24,center_25,center_26,center_27,center_28,center_29,center_30,center_31,center_32,center_33,center_34,center_35,center_36,center_37,center_38,center_39,center_40,radius
0.7286658637186284,0.3393360911815724,0.3807629513808045,0.05584295998304678,0.9681820487453565,0.7346265703968842,0.07774761226387572,0.640778754165484,0.7692608682898122,0.935891692006174,0.8559606503876908,0.6820153626778146,0.1280377707544459,0.9092139772958462,0.5075007461788605,0.8771148446531871,0.22992863764296945,0.3715483645523744,0.7523503546988904,0.8175017960983456,0.6432468864535564,0.9878517847941914,0.9706416752785819,0.9167752413292996,0.38107071913403967,0.38626097697068695,0.9626659073488859,0.3605507630834207,0.6498958690259427,0.8594919141882807,0.6955660678765544,0.6163550321925938,0.9763617189547114,0.030516591983723806,0.6276656223534138,0.9311556535317131,0.7473155484113919,0.9925336998854798,0.7588757550512094,0.050477602573029356,0.23931265256106282,3.8551560865698047
