center_0,center_1,center_2,center_3,center_4,center_5,center_6,center_7,center_8,center_9,center_10,center_11,center_12,center_13,center_14,center_15,center_16,center_17,center_18,center_19,center_20,center_21,center_22,center_23,center_24,center_25,center_26,center_27,center_28,center_29,center_30,center_31,center_32,center_33,center_34,center_35,center_36,center_37,center_38,center_39,center_40,radius
0.32646724208138145,0.49797961417189196,0.16156456466155866,0.22640578534774447,0.7204075361744875,0.784037114696502,0.5098620934756707,0.264511143796887,0.03160492112919511,0.8935311999918762,0.35036394966444173,0.6038140856320265,0.48745052222883833,0.6568894350021668,0.035155552745849694,0.6083283554141439,0.8991103701385795,0.21692475570496106,0.07201989793976549,0.6505263651365969,0.987951219578368,0.2350381890604588,0.9578676534054421,0.7357652079097622,0.1079309179880873,0.05954734170834153,0.3521440512693049,0.4727387725764447,0.7962186326500091,0.6525768651354127,0.9748013072252112,0.20649651137680014,0.8668999997290898,0.02878070416611167,0.6825375462954887,0.20902176770489878,0.9549972307440916,0.6756658375747409,0.9880412092479904,0.5337622222943682,0.8856718341030833,3.5023098001856066
0.7547190088108086,0.9583449475659798,0.986839180360021,0.3224174653213243,0.6518614869917724,0.41322656697638005,0.7945705526592325,0.8205465522821406,0.9309474843047525,0.29446308343487704,0.7298081620496695,0.12343289322580087,0.9364565387898501,0.9286634355303932,0.0640389941124414,0.19012768385207668,0.7115985079402763,0.756942790669504,0.8869096879051173,0.6369034179132025,0.00599423081456385,0.7097621558813165,0.29082733110124614,0.007069849272788975,0.7766932980732882,0.8696908167388678,0.8512936555995129,0.015202796824930975,0.044696313253163145,0.4456540047632961,0.1470454563162732,0.8368945609285522,0.6008458324607399,0.8502706756414541,0.2647858931925655,0.6948123427218307,0.31220312941272566,0.6538818236459315,0.24517597346046882,0.7896405579945317,0.4275425215576121,3.624528211641564
