center_0,center_1,center_2,center_3,center_4,center_5,center_6,center_7,center_8,center_9,center_10,center_11,center_12,center_13,center_14,center_15,center_16,center_17,center_18,center_19,center_20,center_21,center_22,center_23,center_24,center_25,center_26,center_27,center_28,center_29,center_30,center_31,center_32,center_33,center_34,center_35,center_36,center_37,center_38,center_39,center_40,center_41,radius
0.3304291127034523,0.8461986609767606,0.8532513626726321,0.4880602784414475,0.04898145572584034,0.40616007208372573,0.7582546893461551,0.4077826636905352,0.5721201588901975,0.5880775188420397,0.29910800334844245,0.13149434268074633,0.03339455670950042,0.6817215252152174,0.03605588220587341,0.23784661312921163,0.46753235292756656,0.6615013000597406,0.036796093689931864,0.025151134743732206,0.3225149517214452,0.832929642329592,0.815251942068998,0.39161917390948153,0.24120734128622756,0.7342501110807267,0.5290044757974923,0.06558569550504345,0.04181402604781215,0.34482695424375354,0.3451418738614376,0.4383372095757144,0.004490716118903615,0.33223511878984546,0.8541664349685923,0.9509606033819548,0.41843301817568357,0.8766363305863811,0.8748418811166867,0.6775062863610486,0.972869491511927,0.646817702249474,3.1526912006529098
0.6523502647275621,0.0918188315835694,0.9453235446858848,0.8388635181081292,0.7434495609716081,0.7183204080416224,0.9660073788966724,0.7592575948766317,0.3115938484501911,0.5838246523749612,0.6009653347515893,0.9444292410101165,0.8653843072759756,0.3738532718867189,0.660843959537443,0.5931153588731858,0.7695845314871934,0.6159984433203008,0.6217930492498293,0.031258223736424506,0.5046691864014909,0.7834403477296199,0.09107313899060898,0.6054998468431472,0.21353356769977327,0.14870176396808354,0.16201311027965037,0.9039413840678792,0.6621736548459757,0.7559121526337063,0.9439352535825624,0.9424928921374637,0.8902544578887182,0.05447327925867984,0.8064106025898535,0.009117425030704895,0.9272747793537628,0.5267786568066112,0.9980989885842307,0.060034434223468325,0.20036140821338277,0.04220594785407494,4.05701884168889
