center_0,center_1,center_2,center_3,center_4,center_5,center_6,center_7,center_8,center_9,center_10,center_11,center_12,center_13,center_14,center_15,center_16,center_17,center_18,center_19,center_20,center_21,center_22,center_23,center_24,center_25,center_26,center_27,center_28,center_29,center_30,center_31,center_32,center_33,center_34,center_35,center_36,center_37,center_38,center_39,center_40,radius
0.49624968875662734,0.8685962040570469,0.5081295316626724,0.6106449306672374,0.1857980643670114,0.6355249802806476,0.5251912090904172,0.9677470826425736,0.4864090063973915,0.9830116893143293,0.4015806999570528,0.4764929572767169,0.9511609852849668,0.6758501757518253,0.9969703359046762,0.09435537313301412,0.0749160271426591,0.7340169261693621,0.552370648768779,0.23285287183449432,0.6580279352180984,0.6856637135597888,0.9245278226014692,0.6296883271860302,0.7028133139836782,0.9800079244068634,0.9202355117952375,0.2175164836262209,0.30227231049877035,0.26826306502573205,0.29014594009291805,0.17334447573812795,0.6237896154203183,0.0974676777779655,0.48443443215238935,0.014553148590924714,0.28251311978068083,0.9965112205812102,0.2025974157300391,0.7233292539040818,0.3079229457444409,3.5084847649405826
