center_0,center_1,center_2,center_3,center_4,center_5,center_6,center_7,center_8,center_9,center_10,center_11,center_12,center_13,center_14,center_15,center_16,center_17,center_18,center_19,center_20,center_21,center_22,center_23,center_24,center_25,center_26,center_27,center_28,center_29,center_30,center_31,center_32,center_33,center_34,center_35,center_36,center_37,center_38,center_39,center_40,radius
0.7152457946829195,0.7025757063021497,0.7497360709843338,0.663167078064146,0.3585863062145612,0.9158957703974868,0.2814680713925639,0.7015122652385221,0.342707194280899,0.032914663955296075,0.9544804849952129,0.7297762817900095,0.3937059274941852,0.4293069394776744,0.5979416558291415,0.00939768798380125,0.434649566285635,0.6475308564925012,0.9771746886075834,0.7531459971078754,0.6793638973885453,0.6704204453502807,0.2093702884654567,0.8337883635485517,0.09032331358922796,0.4455764324894168,0.07336251828028195,0.67214248732246,0.2511184586099764,0.1664548645786773,0.8940884534130291,0.23879571216164908,0.19414815647776185,0.7025719882050971,0.9606700269941872,0.6644931948450236,0.24585495741070074,0.5416914567896151,0.7416820858990568,0.7548264172533696,0.5285457294251258,3.386323240152864
