center_0,center_1,center_2,center_3,center_4,center_5,center_6,center_7,center_8,center_9,center_10,center_11,center_12,center_13,center_14,center_15,center_16,center_17,center_18,center_19,center_20,center_21,center_22,center_23,center_24,center_25,center_26,center_27,center_28,center_29,center_30,center_31,center_32,center_33,center_34,center_35,center_36,center_37,center_38,center_39,center_40,radius
0.3622748443986319,0.48885874534322693,0.36541335190180024,0.37603673372442303,0.2444410490519151,0.005589623853273551,0.11148758299591277,0.7707152980490534,0.30190381305432556,0.9598591277391935,0.9834411306172319,0.18708987524795373,0.4923352295338662,0.13072728817943957,0.40737916804579155,0.17255418351083862,0.8724497974081318,0.902625439342574,0.003914025914916186,0.44454480004910246,0.34924909757449696,0.2639784195637179,0.9883683673614665,0.3923281215320924,0.11799077856365803,0.2283335896426163,0.7713540788037943,0.2060175582537057,0.6413062315427172,0.6958756048256242,0.3104992531610191,0.6876107842926698,0.5217305158324803,0.3192819044359265,0.8068004791972623,0.6210936109953311,0.9196571673670907,0.9707205206662097,0.10405312817823853,0.338666867494003,0.5699396813892044,3.150039647564236
0.018135582449333443,0.7640071955162354,0.8359715004537931,0.27471114385673934,0.984384760781953,0.5286148502598336,0.787034345669436,0.16081823338706724,0.265976133260192,0.47498169478279584,0.5914265465682271,0.9379443280547927,0.9791087413045696,0.7853845939272762,0.7880279093284156,0.1276221560300409,0.4805930797868688,0.18407689217658407,0.6875305644530741,0.749452659367425,0.236390959560977,0.5335524495592704,0.32616097855083703,0.7373247257530225,0.9941987184760098,0.026662465997495,0.43720792605618086,0.06093894107675235,0.29553224096288855,0.0830382528822784,0.498764329538677,0.2513615869065784,0.9498458927674555,0.4867098039740628,0.17279598015579745,0.7347330993609122,0.3777237585350023,0.11782390646896257,0.850658533505378,0.7193966827802896,0.10092703010128679,3.1777215579976565
