center_0,center_1,center_2,center_3,center_4,center_5,center_6,center_7,center_8,center_9,center_10,center_11,center_12,center_13,center_14,center_15,center_16,center_17,center_18,center_19,center_20,center_21,center_22,center_23,center_24,center_25,center_26,center_27,center_28,center_29,center_30,center_31,center_32,center_33,center_34,center_35,center_36,center_37,center_38,center_39,center_40,center_41,radius
0.31196384417241785,0.7082358868784672,0.9033790303307291,0.7448186024633416,0.150311120430919,0.45211606523651193,0.9551200679545622,0.4130445031741983,0.38828238683220107,0.20285958637347534,0.8140914693773686,0.7467135573181088,0.04371867665313112,0.6817441862306801,0.300821565662439,0.9427702104499607,0.0009428969558508138,0.5341961827326932,0.6652949040385479,0.4965562123721191,0.6481179140959364,0.34465731795020194,0.06767690875562826,0.29892754582632575,0.8207497264757901,0.3350309563758943,0.09503783790223586,0.8495000353500924,0.9348056807079639,0.8127154931577555,0.6153435344028872,0.3503495365939261,0.9118386776316022,0.7125441580422627,0.651363100567199,0.359845670337569,0.859819751215563,0.9842062764063872,0.3672674548911157,0.14032048770077798,0.11488898736386466,0.3761998065662515,3.5485999639366326
0.8895061483175427,0.18458153369886687,0.4145374841725641,0.19719777846557518,0.9998392213487479,0.7965157705260918,0.07659819857932326,0.2550815428770503,0.9293896353096659,0.5673794679221708,0.0910235976368653,0.20929529955113435,0.9174160377706859,0.18479493608702025,0.6769023737895429,0.7576429939393021,0.9585392645690328,0.2161753234597169,0.012317120122489422,0.6874457187919537,0.259470988682602,0.46514841484679637,0.4529405344312727,0.9710640635216959,0.2852961729418494,0.6162452999797271,0.9311939849112476,0.00961164160616812,0.7896007120076588,0.03298039778854389,0.19802889870316043,0.4555935543391958,0.28417730025736454,0.6741002682683978,0.0020668679825857073,0.6781072460598827,0.18504332358306486,0.16487017500683032,0.7991722463493681,0.586992767189656,0.0024434365016744453,0.9618355558090066,3.4242398652701933
