center_0,center_1,center_2,center_3,center_4,center_5,center_6,center_7,center_8,center_9,center_10,center_11,center_12,center_13,center_14,center_15,center_16,center_17,center_18,center_19,center_20,center_21,center_22,center_23,center_24,center_25,center_26,center_27,center_28,center_29,center_30,center_31,center_32,center_33,center_34,center_35,center_36,center_37,center_38,center_39,center_40,radius
0.4756448996823558,0.0287482944705435,0.2725679212697112,0.9052533535669219,0.8587153596979344,0.021742079889918053,0.3514172312481718,0.5069273659370279,0.7088317285378973,0.15442059453691004,0.9123231386226881,0.31094497441992197,0.8659699352170466,0.40152347395226795,0.33218445544200537,0.8552868584980492,0.5378524608467911,0.910440003886089,0.16705740674684,0.9752000780261046,0.19694410131559192,0.6936715447189195,0.4762649733818137,0.8465295300160254,0.10465191217824599,0.28573701306086696,0.13965791681029338,0.8591227230875749,0.4610662850150493,0.9392962067322623,0.10292371215203722,0.9478044482456738,0.6223845568424754,0.15928809378407005,0.8698364604017782,0.4613023599148163,0.5944044652836088,0.8770563586529141,0.6405872367096835,0.11461637217357601,0.024480041354689064,3.440153959598501
0.7895487235721733,0.7712026867850338,0.4003284974019067,0.10949027958520707,0.0742815544962615,0.889924364488765,0.8928201692173476,0.6710997634392629,0.017912043912757247,0.9717120648896842,0.08381827182941015,0.865182244427823,0.3286612835621908,0.33368189819049043,0.39363501953078694,0.6354132534318616,0.2000354337414595,0.7722079700218468,0.9908700542562229,0.11362580815839607,0.9939941616966779,0.5809903138535565,0.01680226641510285,0.3043887395325021,0.9250350727852757,0.643253995025272,0.20552376355052193,0.9600187660880466,0.6361813615787475,0.9822312850514432,0.5039730705409754,0.5191754855586702,0.13239547432129328,0.987399274764301,0.706704742132732,0.13797566867641098,0.500776152898815,0.14548646361866258,0.03059372990879039,0.14897199358683522,0.7268791253490544,3.469419259599025
