center_0,center_1,center_2,center_3,center_4,center_5,center_6,center_7,center_8,center_9,center_10,center_11,center_12,center_13,center_14,center_15,center_16,center_17,center_18,center_19,center_20,center_21,center_22,center_23,center_24,center_25,center_26,center_27,center_28,center_29,center_30,center_31,center_32,center_33,center_34,center_35,center_36,center_37,center_38,center_39,center_40,radius
0.09102565447816813,0.2638046749084715,0.22556088392756768,0.24770445702995025,0.1198527508706968,0.6430370017437635,0.8296674617729767,0.5624970633463396,0.01823294543283982,0.38254639568033044,0.16183738091613342,0.7071378538698985,0.8010385808549624,0.02652178536233074,0.4144557649494891,0.13262932482882628,0.33135648580752264,0.5773687751023635,0.5423344437421073,0.8332816196853934,0.7457262496564507,0.7135111787585281,0.9076455444182869,0.6846863669440518,0.57669324377526,0.3549442040963222,0.6924697419800471,0.14998473107625998,0.6953947515574919,0.5840594781682169,0.6766020729158465,0.8896781932372565,0.23573891437140326,0.8509848231795707,0.8300096484328904,0.11509566846678465,0.5157417367138086,0.22584441370799424,0.5628982869929123,0.5980854442867345,0.7115360898517107,3.17530518102327
0.9245678076829588,0.5500994467209903,0.4837261660409702,0.1621534308989946,0.8108318075972069,0.05049680602410522,0.9646127399474591,0.24610920865710606,0.9814444236264612,0.7951516245206226,0.4392903383599487,0.7293494166899327,0.01810456649393477,0.9359013231402847,0.8405496173926064,0.3278530981112481,0.928654959209294,0.7369657956869411,0.7412355386913596,0.08778624348021957,0.16982516711029316,0.31834349656226535,0.42323042726002946,0.10609091426055162,0.7910039806153438,0.896166855708008,0.0343617916796648,0.491053840073713,0.07860347730002737,0.7535011486897318,0.9227443809840346,0.3712168574284017,0.8984394825579283,0.21754321581553304,0.4674272147706918,0.7490602950815516,0.023595288983024765,0.422120491096344,0.4735365322910233,0.8155271625669123,0.18449085212761307,3.629580649105755
