center_0,center_1,center_2,center_3,center_4,center_5,center_6,center_7,center_8,center_9,center_10,center_11,center_12,center_13,center_14,center_15,center_16,center_17,center_18,center_19,center_20,center_21,center_22,center_23,center_24,center_25,center_26,center_27,center_28,center_29,center_30,center_31,center_32,center_33,center_34,center_35,center_36,center_37,center_38,center_39,center_40,radius
0.204225992504933,0.8140234156173456,0.0900981898982014,0.8081089428218089,0.6060216790804396,0.6380476567269966,0.10913729669652172,0.42544530669843084,0.26457893248247266,0.5924261357693111,0.020240907265207664,0.5005863019728064,0.4439201070410397,0.5408727147909406,0.12566160118412395,0.6584017705455252,0.5046772574433589,0.5340716474533428,0.13504848271053815,0.4360391394879487,0.1949762492276803,0.7707046421462207,0.5737716460450041,0.1465411882771226,0.10846512672540443,0.2208316593436972,0.21071654304601828,0.10862355859954576,0.6480609966787111,0.25289199332484436,0.20780361252345703,0.05067171692707906,0.46046629088557045,0.4309772604405523,0.23133961937667624,0.3631575042324692,0.8101932462503193,0.5718474343502018,0.5498372078375618,0.21195400560363442,0.8534222306294865,2.509037210169649
0.4004059814934302,0.20731672032215664,0.09988213659268241,0.343259591708004,0.4091717238555467,0.7293209102106002,0.4999380531836154,0.9775451625260926,0.8201355194061516,0.3476402852613525,0.2917898717459865,0.6547523043050232,0.8627971250000913,0.13807004939437206,0.06809753597007984,0.7316950506521355,0.1740461542397017,0.7226359165686966,0.28689472883581923,0.35844488918164585,0.5040810654421857,0.5719248604001691,0.6037005559205111,0.9730034761468758,0.7971679297089292,0.5879708742532849,0.9358198820918926,0.30849307281878846,0.6573621484193445,0.34250949004304765,0.8915668938662964,0.741127913570401,0.878976107089871,0.5941335649313512,0.9190720796374514,0.2924671608868473,0.2921791771186629,0.21068815005917163,0.8479742466893854,0.09049745533270037,0.39472432589097106,3.2669797287994204
