center_0,center_1,center_2,center_3,center_4,center_5,center_6,center_7,center_8,center_9,center_10,center_11,center_12,center_13,center_14,center_15,center_16,center_17,center_18,center_19,center_20,center_21,center_22,center_23,center_24,center_25,center_26,center_27,center_28,center_29,center_30,center_31,center_32,center_33,center_34,center_35,center_36,center_37,center_38,center_39,center_40,center_41,radius
0.046847391726147714,0.34097436891039334,0.7208639237281286,0.7856258824226613,0.10783019772429403,0.9751257805066152,0.3480630073750517,0.011248214514862798,0.21259650679934206,0.5625580818014846,0.8982363156173282,0.07186195802579387,0.42739719157224154,0.6862736001915716,0.9054786057580066,0.9743791527010653,0.16512521383450973,0.9121258189784711,0.9374229529731326,0.44940814147802466,0.17871940642359951,0.44425612252727287,0.501193474698009,0.2852223529605614,0.9951716336250406,0.020193827841845424,0.08273255769592602,0.12520842407566912,0.7926780831795381,0.2962780359593322,0.195558011316747,0.540020537373218,0.7577233950764612,0.14704255958639223,0.8641677780886489,0.5536211325359995,0.20939038733738358,0.43978729046376575,0.14748873266431473,0.12733739047253168,0.2550308712128305,0.4823408742035822,3.1707848691058365
0.9177286533912575,0.5562983146571838,0.581158581761854,0.7356386961690857,0.930234824868803,0.4830092576176217,0.09678802428802591,0.61335582418461,0.12437268432496784,0.011824576816403587,0.06190101833562389,0.984705923856655,0.5748268117057903,0.6541649940049249,0.10750852909599529,0.14155790911631783,0.19370093266958033,0.3559035007517336,0.61687593301793,0.16832696699073946,0.2724460512062178,0.23817352600825092,0.9380382262326893,0.9354231283413886,0.05645098627735312,0.7257786905100859,0.9254997425732139,0.23340253185466187,0.7693057013089146,0.3685434849477811,0.9275047952569202,0.7327419494269978,0.9679892149653678,0.047160451931314795,0.34725597867997204,0.6804494726637064,0.2241362024009933,0.4070016973554541,0.8274987162514285,0.6318358603576391,0.3903270016440593,0.9868465997919145,3.5083166896435003
