center_0,center_1,center_2,center_3,center_4,center_5,center_6,center_7,center_8,center_9,center_10,center_11,center_12,center_13,center_14,center_15,center_16,center_17,center_18,center_19,center_20,center_21,center_22,center_23,center_24,center_25,center_26,center_27,center_28,center_29,center_30,center_31,center_32,center_33,center_34,center_35,center_36,center_37,center_38,center_39,center_40,radius
0.8485527708424608,0.7218773073600633,0.5288126553302889,0.7622026733735519,0.4197021887000082,0.443971371792384,0.1511075635239889,0.4851284844361149,0.9205805353038455,0.6471981191115572,0.9279522860877175,0.634409421729312,0.7022315826286949,0.298790314183104,0.44732575724138535,0.6430660210063244,0.4083368337678006,0.9835758572240297,0.13111491627267713,0.9870590022375862,0.5238288169996921,0.1501764295878234,0.0988989503226605,0.42731239269981347,0.08199423721384436,0.47666753369803283,0.5609592038485415,0.5115637180250272,0.8407592340240833,0.7218864156592196,0.6599753378675944,0.44964633366498064,0.5501327764715865,0.4664269460907312,0.5018822367994966,0.02489178953968907,0.14438133583201962,0.5704029228554461,0.5765401719797585,0.06641828365822189,0.47116575020740936,3.2106264412186163
0.26508997059866557,0.4209207810507517,0.13466263165399206,0.10744866874406778,0.7172928660765198,0.2943400107123755,0.7569525533466186,0.848477559296826,0.6125626283153012,0.47130354783591266,0.21129861120460702,0.025662090604204324,0.36607760459383565,0.6019937555081543,0.7555251683255452,0.03098420501001853,0.8520668656766649,0.28272080097243424,0.8821519480371658,0.03196485424224427,0.1780095039450611,0.9917401340972081,0.8236915052206658,0.8105070685420942,0.5813727245420149,0.44469267706039606,0.9865821911370087,0.5238035240460656,0.021290393542527042,0.12110781874284848,0.32589460784450475,0.9816643171879613,0.16482836999784145,0.9965791709179516,0.6714658409166808,0.3209067523426652,0.2886047895488264,0.6751249774705822,0.9038611532052199,0.9241775437184951,0.8402916502455903,3.757531627187885
