center_0,center_1,center_2,center_3,center_4,center_5,center_6,center_7,center_8,center_9,center_10,center_11,center_12,center_13,center_14,center_15,center_16,center_17,center_18,center_19,center_20,center_21,center_22,center_23,center_24,center_25,center_26,center_27,center_28,center_29,center_30,center_31,center_32,center_33,center_34,center_35,center_36,center_37,center_38,center_39,center_40,center_41,radius
0.8342067531959716,0.4925136658258099,0.7058212128025738,0.76466914108619,0.15675874430287629,0.5310385249315694,0.46521930740458817,0.5745915756240927,0.3497596507279247,0.4811721949974409,0.3026280341118456,0.2156530580628836,0.19886726507797126,0.95259821043971,0.18882699705039085,0.7606947278974079,0.09597732511291401,0.9111571649728626,0.8384743783161978,0.6739614266076149,0.0703712781308028,0.656948552702382,0.709052156956327,0.26888737455720246,0.02510217987322061,0.1839896000781981,0.06542807212469592,0.6743843381584879,0.2419177737198125,0.8666143246236525,0.8418461192358662,0.7801836893752315,0.37705694242091736,0.05901335817215403,0.3385569077825834,0.6676504108884608,0.6305144071489142,0.5531328764101736,0.05555294586975812,0.5530326297923894,0.16634472145743417,0.31388603478484867,3.034388546869969
0.03245886206784254,0.6030136105549702,0.22312953010811953,0.9027981744885887,0.5105350604726592,0.5766319007630633,0.0655089360910559,0.3479979995857576,0.8873090193491068,0.6542393274588045,0.6898353348378894,0.8256196397767643,0.14366888198267214,0.937348716607111,0.7465316799382153,0.8947691814483869,0.5515614390764603,0.595286959700795,0.951012437154589,0.8277863281608645,0.5796196978612942,0.8882815395827479,0.9766836288916576,0.6879539539988305,0.989922299183399,0.9080996262824711,0.7107636702650107,0.17796743419538397,0.5748754300752192,0.18614499792289352,0.22100538841018702,0.150976959056615,0.6827274169541643,0.07615578847137949,0.4279417199497666,0.2923088068319152,0.18671224828274813,0.38652784654299566,0.9930887183886676,0.7841372401881525,0.9762773782106525,0.9667189532692861,3.5690850609002815
