center_0,center_1,center_2,center_3,center_4,center_5,center_6,center_7,center_8,center_9,center_10,center_11,center_12,center_13,center_14,center_15,center_16,center_17,center_18,center_19,center_20,center_21,center_22,center_23,center_24,center_25,center_26,center_27,center_28,center_29,center_30,center_31,center_32,center_33,center_34,center_35,center_36,center_37,center_38,center_39,center_40,radius
0.9151979478115446,0.005045405318660268,0.8563889207907073,0.6593780194473159,0.45784490376480724,0.607171672326684,0.3696019439521695,0.050097305087611566,0.051588990909989585,0.23295331261056074,0.7258130095665412,0.4980042348036431,0.9651598053170168,0.9033076478843197,0.9616891468366395,0.8630963874079848,0.33510917141238383,0.18850355037847222,0.9100479854263944,0.5448410992623997,0.587997281050322,0.7486909974338057,0.6384641022842771,0.5782014307612509,0.06889596557526168,0.38431505352994144,0.5919207504783228,0.02506178811322657,0.42190313768021925,0.35660607328147576,0.4858884244606686,0.3880881190287333,0.8157566113775222,0.5204996579383524,0.6966614935213487,0.34205512955305495,0.12231061984816105,0.28734510230753885,0.669239286868862,0.7259227855295592,0.9366982344487682,3.157473200906847
0.663561815087881,0.8836310903608653,0.041980628165488976,0.8485310176345279,0.9627378417676845,0.04684685842750658,0.9755213705770573,0.5239955835520235,0.5533373005013588,0.8767892452940803,0.045359834519177356,0.5264461401199482,0.47422113473616534,0.14077622380883748,0.23398768831625172,0.7030882496363483,0.7495717126397705,0.8960968266794385,0.40321301635358386,0.7399546060172038,0.044249849455337054,0.013177243907423919,0.972987906190528,0.1402331276106299,0.34441326151059304,0.9660742245108954,0.3445583413257105,0.8840196087174282,0.7142228607633742,0.15079803095373845,0.8106088706703611,0.07614502462318551,0.6445308238651173,0.34242037107076717,0.024353626790260985,0.7174982949787145,0.19806211929614714,0.7851044012712389,0.19278900656867315,0.09431254855179727,0.9318514890724203,3.221901179426111
