center_0,center_1,center_2,center_3,center_4,center_5,center_6,center_7,center_8,center_9,center_10,center_11,center_12,center_13,center_14,center_15,center_16,center_17,center_18,center_19,center_20,center_21,center_22,center_23,center_24,center_25,center_26,center_27,center_28,center_29,center_30,center_31,center_32,center_33,center_34,center_35,center_36,center_37,center_38,center_39,center_40,radius
0.5539067131109106,0.4210408735235591,0.8965953939443647,0.6615123833369226,0.16004578462478036,0.8619721437592456,0.7471303700387382,0.2544966200575044,0.7346182796618842,0.8653615788927603,0.6858185053326735,0.39648465963793356,0.3844320234697626,0.04154636298959058,0.7650788752230745,0.21263159191353043,0.8928881276394319,0.6485829307340472,0.4954155043513929,0.45643589171443943,0.3007892456700777,0.5506068105018412,0.12489079254443747,0.8329100221886917,0.22458980233531511,0.447879252428649,0.5096701161030711,0.5439517253321188,0.6728483027345049,0.6710526442066252,0.017792402983880407,0.21437014851519576,0.31182057206452585,0.8113307630789117,0.643613766584864,0.9126627306951238,0.8593804498368784,0.7882214240315998,0.6826820551508052,0.7212618973277708,0.9558701992657777,3.409229533976498
