center_0,center_1,center_2,center_3,center_4,center_5,center_6,center_7,center_8,center_9,center_10,center_11,center_12,center_13,center_14,center_15,center_16,center_17,center_18,center_19,center_20,center_21,center_22,center_23,center_24,center_25,center_26,center_27,center_28,center_29,center_30,center_31,center_32,center_33,center_34,center_35,center_36,center_37,center_38,center_39,center_40,radius
0.4844906781940542,0.044438804827276024,0.6248475596279008,0.05192608874088378,0.727044083894209,0.767386215383971,0.9041594727263085,0.8316471571174783,0.5999351426191862,0.4741168839860629,0.3597454330165656,0.7671429185906187,0.08180656291066046,0.35615396369346086,0.3635273419374343,0.41253712443239077,0.8508399915932815,0.8759163065412956,0.579090656488717,0.2224323080000552,0.6200141030009506,0.3416564367028112,0.72233060229235,0.24680301382940806,0.05118231166085396,0.4694357049904063,0.2291315049785928,0.628765903971877,0.045024278678866825,0.2917606883333407,0.6679623166459782,0.9461463602113169,0.4325323956410204,0.06962435254148436,0.06559959195469622,0.2922791079526319,0.7766331282694584,0.20837758733433354,0.31728343485433763,0.9052115162119179,0.14693550513059506,3.1982065833141355
0.7386327236856018,0.9619355119843274,0.24873212584985838,0.8441873043318593,0.05352072542579234,0.33152604106736716,0.843408451526762,0.37852075063708857,0.06130824385016709,0.5474308709684996,0.6885493854877281,0.4397031719943604,0.5748206965832997,0.9629895128190689,0.9618586138139319,0.18662220243960814,0.8247051128289734,0.06116877583251734,0.5378410370416701,0.8499474404492681,0.3824779291978704,0.3458245395425089,0.1078944029608444,0.6148398317670405,0.4951795856717278,0.8619279996418344,0.578334997879573,0.41337709601853956,0.6175598521884443,0.925893538918774,0.2773629742971715,0.419764128049652,0.08002268529708556,0.8324844108490416,0.8423328411061968,0.35938263029449236,0.3056740576863891,0.981155050932148,0.49553899308741567,0.009155920091055814,0.6686465878095015,3.2831829983583276
