center_0,center_1,center_2,center_3,center_4,center_5,center_6,center_7,center_8,center_9,center_10,center_11,center_12,center_13,center_14,center_15,center_16,center_17,center_18,center_19,center_20,center_21,center_22,center_23,center_24,center_25,center_26,center_27,center_28,center_29,center_30,center_31,center_32,center_33,center_34,center_35,center_36,center_37,center_38,center_39,center_40,radius
0.9175995005689664,0.7071815770655133,0.6796067191671858,0.0702328391605277,0.5176741416424161,0.06189670732514829,0.271584820165058,0.9565235091100442,0.9135709097928779,0.5714768791031221,0.9818529981406827,0.09767773981853556,0.7392023019255266,0.9510330034080906,0.1185420076626219,0.23127161062702228,0.8102785369194969,0.008241290459713335,0.13598420641808984,0.47259136627065657,0.47694871602568456,0.7715615681738958,0.5172015688194475,0.15614529371329067,0.905001206306478,0.002091230165343405,0.8576371461881755,0.8784471781033938,0.33640460769268843,0.39974256576704326,0.501685954606489,0.7973248289645553,0.7828315821185519,0.853921178569494,0.7804098177963467,0.6581354294797214,0.5544662770981511,0.28743467530176736,0.7031933271223788,0.061628251666901335,0.8152365387962908,3.459276420992317
0.27276062733887607,0.391393921057693,0.05167649990764833,0.6226935196432626,0.9317587433224332,0.2859015530812905,0.19371252347457757,0.14937230610907481,0.15724201557118078,0.7973035566487165,0.07665535417035263,0.8669026844456413,0.024165674381418922,0.13111939398839,0.9340496910532337,0.8723481917813551,0.07617448313738295,0.8683681117890208,0.04594520894570664,0.593357393058456,0.3936400198771286,0.18829128925501537,0.9113714235912596,0.8985354075775003,0.6990298298985755,0.5976863600290201,0.5449668767049105,0.22198110902944845,0.1282447518240467,0.03102840449307054,0.012566354831594184,0.7312508043099333,0.1913164510761065,0.642754275336047,0.028276834738723333,0.6074512056605849,0.7781388408180965,0.9362005694283446,0.005951898964646318,0.6132277006390046,0.8123694503501139,3.2216640727841344
