center_0,center_1,center_2,center_3,center_4,center_5,center_6,center_7,center_8,center_9,center_10,center_11,center_12,center_13,center_14,center_15,center_16,center_17,center_18,center_19,center_20,center_21,center_22,center_23,center_24,center_25,center_26,center_27,center_28,center_29,center_30,center_31,center_32,center_33,center_34,center_35,center_36,center_37,center_38,center_39,center_40,radius
0.13951291061701876,0.2447365760546859,0.2685967602901691,0.45553388759473723,0.5767315817145987,0.3384416907239278,0.16391151681582838,0.6773883358859424,0.029028384679458674,0.6035636201127312,0.9959326797365305,0.1668997992689657,0.6894092148779515,0.8808435878389446,0.4263434766861617,0.9991629235698792,0.05864095660721069,0.21837474866268503,0.07830122019049457,0.05393501898824016,0.5295069283432388,0.9201154737078915,0.8038033786203387,0.7995829419895516,0.5934490767408866,0.7257871308093509,0.7788204984316321,0.4063816372536071,0.719218761876872,0.2894662034022958,0.6521752336047069,0.045471294864533385,0.13656348486204917,0.6154813281919621,0.5223148009804383,0.12882645444221086,0.21030942462138136,0.5833272812615401,0.23091879937029403,0.7135976408086367,0.2948977770444139,3.0528918598896047
0.449113331420124,0.9593606219792405,0.7435231692455507,0.09629611099829072,0.9001583673581066,0.08103115690934293,0.8727697235914191,0.10389952415994141,0.47656783018927784,0.20771715534055302,0.1359534851894325,0.4485500164496429,0.7300830717100463,0.05008325271586955,0.1915574097763798,0.6730514745190123,0.8166859067703397,0.863420496934273,0.8705561051097045,0.3793229978961662,0.8102839830448315,0.46465168853734307,0.716260458138045,0.6667400647458314,0.8090889749710173,0.3641534540588165,0.46614570808852385,0.579911333469881,0.056149685532045024,0.6842834335390584,0.2643799923359076,0.7692639893976261,0.9508773848717365,0.779672828388661,0.3624354947440195,0.9662980826808436,0.3017878331535486,0.18386152884410922,0.5212472791604978,0.5524965517995006,0.7726628589388853,3.24048406286363
