center_0,center_1,center_2,center_3,center_4,center_5,center_6,center_7,center_8,center_9,center_10,center_11,center_12,center_13,center_14,center_15,center_16,center_17,center_18,center_19,center_20,center_21,center_22,center_23,center_24,center_25,center_26,center_27,center_28,center_29,center_30,center_31,center_32,center_33,center_34,center_35,center_36,center_37,center_38,center_39,center_40,center_41,radius
0.24619364730841276,0.7782325343753138,0.9993951380550439,0.6620295478747057,0.6233052258911819,0.249574841958343,0.6751626530780356,0.617298207267825,0.0320711402126026,0.4030779741008108,0.9455297616547,0.5991515681899907,0.18473158716330929,0.9052054257583355,0.6313164957020785,0.6379306926840111,0.08335436038370281,0.23833064517350777,0.07572936229483473,0.09941057774046191,0.4515365661845592,0.7004339650784894,0.8468842280416834,0.5266635685924984,0.48620569004205116,0.1514326220539709,0.7604349125302005,0.7603390155935781,0.7857645174575054,0.5805044060061042,0.9439105085256478,0.14436387978569187,0.8078908092215579,0.6168351255769497,0.6387558468658439,0.320514359260232,0.9638924486336498,0.44759048867168205,0.2789548928129444,0.8507393756236318,0.46834576775612247,0.7975937640130115,3.4354093371486423
0.6872048784222464,0.177087112084245,0.251366177851552,0.8443451111647177,0.37183166508636833,0.5914021527621448,0.25302090896442375,0.04470951401845502,0.9860250753857615,0.9184490617777178,0.8067406716687279,0.9157688988603426,0.7099761482992488,0.40506159203608993,0.24242245306870291,0.4678681433478411,0.6221022247634445,0.8063813556635413,0.6482610633010069,0.9057602050805768,0.0722897557223614,0.5727896175253011,0.042912624035159275,0.8030572786473635,0.5766522346270448,0.8532839416333421,0.051913106290509825,0.0770844550618428,0.1894460991563348,0.3409251825439812,0.03597027560014987,0.5849324839836745,0.1836345824236868,0.8189221365493742,0.772032606522121,0.42492071856084623,0.31183522091835203,0.8173177982829942,0.6309888549244547,0.017674176275930154,0.9898664826489075,0.061186844681104025,3.3880148815362947
