center_0,center_1,center_2,center_3,center_4,center_5,center_6,center_7,center_8,center_9,center_10,center_11,center_12,center_13,center_14,center_15,center_16,center_17,center_18,center_19,center_20,center_21,center_22,center_23,center_24,center_25,center_26,center_27,center_28,center_29,center_30,center_31,center_32,center_33,center_34,center_35,center_36,center_37,center_38,center_39,center_40,radius
0.9545301842628542,0.6791566975857586,0.5326847391839071,0.058783465039718874,0.13814233568465817,0.09472825942216434,0.510829805194167,0.3362460890514207,0.018763662198888365,0.7942457753694199,0.3620959181966983,0.7261239752529552,0.6744722605552161,0.39846775828155545,0.4001696383359,0.6644941439293742,0.20400961831635744,0.3268824065761272,0.7501278591841076,0.29256165185873995,0.2685035220267793,0.262543618694134,0.7336359483408215,0.3844199528723816,0.9611902761894174,0.6747508355084265,0.25305997053342466,0.10624105509908799,0.9799752406747886,0.8050073029297704,0.7168306929135655,0.7580768163544604,0.7471017546365084,0.7627542427515386,0.8760495188490212,0.10526013817183899,0.6720627965952627,0.8119760934032364,0.153044880491239,0.4752696325857457,0.6408677032639268,3.2462272403075514
0.12379782295143704,0.024839525829207232,0.35044758089099726,0.8227366779830299,0.9780122642206772,0.6140298546872256,0.11920451813848021,0.6859147728676842,0.9633085006981795,0.4431276341922623,0.005939593771609353,0.2475628164723389,0.21113868011294612,0.31099477974271994,0.8162760526946997,0.072734393129673,0.9230795681774805,0.7169531258893492,0.4160817823657792,0.9369007909456982,0.849016089159455,0.5192220990152292,0.6026312311522234,0.2656850274945337,0.44548499933521035,0.7143997071446115,0.7102488944808322,0.5822386296202862,0.2767447828184981,0.044086499871150875,0.6802679557197704,0.8782487817883019,0.3833790296586521,0.40601196227709424,0.15687818732701908,0.8807485800173604,0.12845885668692036,0.31416482933837264,0.5935232907464608,0.4047827394166186,0.07705369764443648,3.3580924473856313
