center_0,center_1,center_2,center_3,center_4,center_5,center_6,center_7,center_8,center_9,center_10,center_11,center_12,center_13,center_14,center_15,center_16,center_17,center_18,center_19,center_20,center_21,center_22,center_23,center_24,center_25,center_26,center_27,center_28,center_29,center_30,center_31,center_32,center_33,center_34,center_35,center_36,center_37,center_38,center_39,center_40,center_41,radius
0.8133884910372735,0.09277433783437139,0.21080570790763475,0.17324674302739096,0.1344656037115517,0.524830338708356,0.4432041608051194,0.9068625810321267,0.46923960403032805,0.14358291307477045,0.1722334711923379,0.22136209033467902,0.4151372601875316,0.5426475665008409,0.8178926230410962,0.17059320315974325,0.5223055182299923,0.266608311777195,0.41073032355229744,0.16371556208531268,0.3953653202772537,0.4284543076378371,0.4457828368849621,0.0705333138074069,0.9471213164007577,0.7239778132511433,0.7961768632494756,0.6883177172765781,0.9867947187763322,0.08248843232999648,0.05796184563463358,0.19674876491042803,0.5198433395069627,0.7957741628656004,0.8690761574128784,0.27110228742893194,0.9289983418831469,0.04793391122947677,0.2313338514915395,0.09880098067224985,0.12673103004370923,0.4334682974559513,3.235191490909804
0.10707788255567574,0.8542787742498519,0.18692339390146184,0.8554921948996672,0.6780258829565343,0.1526612768261112,0.018497186829403045,0.6656153663832677,0.8480416939575547,0.35106311336640894,0.5031923343790579,0.3698134754126513,0.505353580206471,0.4293676323786736,0.45014774756494247,0.4390534247417823,0.6926165289528596,0.4962988711403835,0.8067297103953661,0.9218016419208229,0.7636497290143817,0.5792374291620382,0.08130351334600228,0.8363817607038894,0.3668191194485797,0.10591494415171743,0.15484808553189944,0.48277982256345275,0.045434357750627985,0.9831200350646097,0.8560551033540768,0.44127456163427947,0.13821451256085893,0.15907283897467117,0.6114099875473051,0.6941125697766067,0.8371871505324061,0.7199589661823826,0.9409660158820331,0.758277722469432,0.6836253165185883,0.4436517993954422,3.3774224948225435
