center_0,center_1,center_2,center_3,center_4,center_5,center_6,center_7,center_8,center_9,center_10,center_11,center_12,center_13,center_14,center_15,center_16,center_17,center_18,center_19,center_20,center_21,center_22,center_23,center_24,center_25,center_26,center_27,center_28,center_29,center_30,center_31,center_32,center_33,center_34,center_35,center_36,center_37,center_38,center_39,center_40,radius
0.19278647803428928,0.553452254022218,0.7515776687999846,0.08196241901905943,0.9193746410458541,0.8808563350596745,0.01112222725960188,0.5636344615960418,0.38996276006156216,0.43340630833064986,0.22270415706785207,0.8173400482361857,0.9314462538732312,0.8049039167009776,0.4359964807203871,0.8956578507202534,0.7051370249048948,0.7418101852386438,0.5008633712603578,0.09203599119079953,0.530660758329007,0.48686909126718303,0.0554363447517231,0.791538214402891,0.2777077395423708,0.4701961188025717,0.7243688576709457,0.9629860591514522,0.3538886084678087,0.49648047351392954,0.21815826058971688,0.44655622183994126,0.9057512205136063,0.5507179648113316,0.2573394967264572,0.5904400061124196,0.04817741365224271,0.8520669601592068,0.6891624632174361,0.9743535465791635,0.3971646152934183,3.193133341327442
0.6984774590541629,0.6684519807699157,0.2307274525338161,0.8568042133167355,0.6623066938368513,0.06569560119797235,0.8912013564204021,0.4832880316192273,0.8248803859017851,0.0034423132096448317,0.8860905209828398,0.8200502691384454,0.08893446758339119,0.22093001036473114,0.40555842720542035,0.15764363473860665,0.5058392716772501,0.1850199084886598,0.23055948878727606,0.6715333720927099,0.9047335818183849,0.3685156675462411,0.5002914353062824,0.18613520125143757,0.9690224833540394,0.9907674425953079,0.4545163226514395,0.16847070609160397,0.26954365109575185,0.9722528576630757,0.6422982955998319,0.13296975673223144,0.1942124650877275,0.5220416504896872,0.9124169002147807,0.5577449955525445,0.9537930253140637,0.21944124614709815,0.2706872362434368,0.36374158562582226,0.45355288691101814,2.952589119930975
