center_0,center_1,center_2,center_3,center_4,center_5,center_6,center_7,center_8,center_9,center_10,center_11,center_12,center_13,center_14,center_15,center_16,center_17,center_18,center_19,center_20,center_21,center_22,center_23,center_24,center_25,center_26,center_27,center_28,center_29,center_30,center_31,center_32,center_33,center_34,center_35,center_36,center_37,center_38,center_39,center_40,radius
0.04097383088350992,0.17299271167343166,0.5682614363998229,0.7190230024310331,0.04712253877434047,0.42636732061168936,0.40877265668704443,0.2305256102432185,0.33357644662811237,0.247920907081852,0.8842561835103742,0.1008094457174632,0.741567824092323,0.29076801932192187,0.6162853286959749,0.19380358772197892,0.2156104187705924,0.26322187371169903,0.48346661569807725,0.17771207735579908,0.5272088394528949,0.8163556540077092,0.47746326133474404,0.6638075452887575,0.7240430118555203,0.4957839908946762,0.71929748756037,0.5909880374792122,0.4829323129441373,0.7799763162112286,0.156772996769303,0.3599143762308592,0.22371346847037532,0.0971898431253122,0.674738690759683,0.7023711650949592,0.009728767232334512,0.5738400081468731,0.14798129117531333,0.6957344640446513,0.8038696518353527,2.7722420683137337
0.8740283985644032,0.1047831375521433,0.310511301604922,0.5267464942329104,0.029898206542094408,0.6294241762099422,0.5812083795071209,0.5857905235220904,0.6025969011920651,0.8503127900104905,0.19524046823291807,0.9883344412095151,0.19993062196993527,0.5817688713322374,0.6021462181826343,0.8869506147787999,0.8835960566829429,0.5575503048647926,0.8733020258919855,0.44965206558428106,0.09519207871708524,0.7797354566954362,0.9611658800744417,0.6058900376172736,0.5110451292424806,0.2329962414998289,0.08754657817874134,0.9338626590466294,0.4004121563963525,0.6223330618104315,0.5995432473399289,0.5730499204333755,0.9247374872020048,0.14816987323101638,0.5507946053806241,0.09353139978501968,0.929763455435395,0.6881684876453918,0.06788065857426873,0.11083930524182328,0.8866654961871805,3.435607090295235
