center_0,center_1,center_2,center_3,center_4,center_5,center_6,center_7,center_8,center_9,center_10,center_11,center_12,center_13,center_14,center_15,center_16,center_17,center_18,center_19,center_20,center_21,center_22,center_23,center_24,center_25,center_26,center_27,center_28,center_29,center_30,center_31,center_32,center_33,center_34,center_35,center_36,center_37,center_38,center_39,center_40,radius
0.6785820014499665,0.338520721238182,0.33676720927555803,0.7019066879102127,0.581498933710454,0.06917301963815292,0.9848772345529985,0.3838296246686337,0.7808398617404804,0.766074841619693,0.7606787408394383,0.476412747572704,0.8465601477438585,0.9420938348631273,0.10027295719331164,0.2779386475919271,0.1826838957947775,0.37546296146464964,0.6493126321734308,0.6966343268925591,0.20979907666470687,0.21770675841037057,0.15418930072868298,0.027358195318489154,0.021494804120277267,0.8897397613748019,0.24026929236877026,0.8940347119862909,0.766591850587734,0.37019636494433306,0.5489160676724069,0.3490728305216849,0.16410667897988496,0.19563542169579562,0.4746029591900809,0.6755791836305559,0.08504586061076269,0.5974349489711369,0.6023927467415223,0.0833181565188369,0.9017196210462203,3.127115475842296
0.4754953815511591,0.6961105280895469,0.8946956731515006,0.9952686812826829,0.13070628597784117,0.071212806357142,0.6835568105476933,0.6824488457422211,0.10697956538634901,0.15051932408081314,0.5029264692157634,0.9324811751096356,0.6039654782293434,0.0873835655364894,0.829517241114495,0.8463938567162868,0.6911449971220089,0.6942675228119228,0.7805248829521897,0.4537398763831544,0.748049952271193,0.6079254953112405,0.7079047377839777,0.837436084071758,0.19092737584116792,0.3376911453831358,0.6055514137645629,0.0914470569703848,0.31550453374365905,0.8841173492455012,0.14824390507462726,0.1026390421246216,0.09626981473487561,0.004888909483171888,0.9943860638873618,0.003600189768445672,0.7504065037490661,0.47502045236788026,0.17716086824338784,0.9525841233807818,0.06779401096499904,3.1109396423768887
