center_0,center_1,center_2,center_3,center_4,center_5,center_6,center_7,center_8,center_9,center_10,center_11,center_12,center_13,center_14,center_15,center_16,center_17,center_18,center_19,center_20,center_21,center_22,center_23,center_24,center_25,center_26,center_27,center_28,center_29,center_30,center_31,center_32,center_33,center_34,center_35,center_36,center_37,center_38,center_39,center_40,radius
0.27499984608007433,0.20735671597417393,0.8422540645095001,0.2499677965204099,0.5472826187412788,0.47590159784177477,0.22196120739098313,0.8868019043883405,0.27777587311178187,0.6255895749524661,0.5708653011285411,0.298688140905375,0.06034698016130946,0.9245803458118447,0.12757028988343588,0.7074814336834556,0.6687344041240132,0.7705237050162851,0.9727176098641607,0.2865686768270941,0.8614457744392606,0.653233665647773,0.399860658113787,0.6908576162525009,0.7550946765826122,0.8763685949898583,0.9951557126664456,0.8527474443518842,0.11866272861437521,0.4529419767610984,0.764762038907415,0.7073459142552776,0.13097704203273275,0.6214081669503327,0.04920775266567645,0.1357801299833541,0.14016582711917192,0.5954522882180079,0.9848164647462732,0.3791583323846929,0.811074768559245,3.4772229546854674
0.9721329890958695,0.7316952450958829,0.2168694929546764,0.4610090797674029,0.39821936900407173,0.9949853051309787,0.3979556873910386,0.9724829995568608,0.8788079108213268,0.445752632171186,0.548254082491944,0.2028971142114906,0.9750839050800423,0.3864692083487833,0.6832041846826906,0.890114001222491,0.17242573154034513,0.0020212996697765995,0.02262105333780462,0.7528753519296248,4.357615207228882e-06,0.013122878692442996,0.6376634119822785,0.12692555867364763,0.12450704578159322,0.20891379109342645,0.11119037201251736,0.3062927601137545,0.861117182961306,0.6735759688247576,0.03614441495493126,0.4658951676129971,0.05452898812567242,0.8388431152224869,0.8715546855905302,0.7514148981459514,0.28558260997105256,0.03446726962622515,0.22376531641378117,0.6406593108137514,0.18805507387901987,3.122844233712118
