center_0,center_1,center_2,center_3,center_4,center_5,center_6,center_7,center_8,center_9,center_10,center_11,center_12,center_13,center_14,center_15,center_16,center_17,center_18,center_19,center_20,center_21,center_22,center_23,center_24,center_25,center_26,center_27,center_28,center_29,center_30,center_31,center_32,center_33,center_34,center_35,center_36,center_37,center_38,center_39,center_40,radius
0.14874100865993056,0.8873346816999833,0.32288712658583174,0.1828691569491636,0.8320253388838991,0.8947125026903102,0.2510130303079675,0.1317066527704338,0.9560437010328011,0.697899683203929,0.2505408819637871,0.5347706708685602,0.18772905178982258,0.3458589133487159,0.9035569630365895,0.15821578939817993,0.22697805101264246,0.8590409135911861,0.7882443146250027,0.8660875719894986,0.4574033670885983,0.5723270717316654,0.662672897783102,0.8925510862060068,0.37607269788800934,0.6575338777433505,0.4063531250861109,0.8821138904746706,0.7225705211137458,0.4412746354609349,0.9347146993447554,0.8367949279294524,0.38983274453008765,0.6801264812935643,0.8081130351100481,0.9701689785318177,0.9813779881936517,0.49524160626006386,0.5772919537810312,0.03396330520311097,0.830561623385448,3.6079242120052872
