center_0,center_1,center_2,center_3,center_4,center_5,center_6,center_7,center_8,center_9,center_10,center_11,center_12,center_13,center_14,center_15,center_16,center_17,center_18,center_19,center_20,center_21,center_22,center_23,center_24,center_25,center_26,center_27,center_28,center_29,center_30,center_31,center_32,center_33,center_34,center_35,center_36,center_37,center_38,center_39,center_40,radius
0.10152073398146477,0.29144639432341024,0.27638421070782493,0.6641893552158072,0.672164641054638,0.5170209333059558,0.1570762718073755,0.12719277642779747,0.856114563600516,0.2748643545789853,0.2643105368647699,0.05089114231824021,0.9399009301916607,0.8399222594274889,0.05997158333760533,0.1827862948319834,0.5247205930104251,0.8226078866558416,0.5523234702183695,0.16574271641831706,0.27475714666311213,0.8169072537050452,0.4327254600123207,0.9525013559062133,0.40710443019541376,0.6800194252592783,0.209974935719074,0.2785465487099279,0.3140707524413683,0.22048590681365676,0.9789861867923135,0.3304551786320399,0.6361183126263397,0.9713327227827788,0.8236917142585893,0.7620672441955452,0.19645262917979223,0.8816463109419479,0.10883128090257299,0.4701163928946427,0.05139491293254517,3.031749333278398
0.9250382588892075,0.32062654433448257,0.37977148731207655,0.34038404423331003,0.6748856575556273,0.5957561048587695,0.7976262692579228,0.4542651036562507,0.08197077451182033,0.6754201688088204,0.7848193773708596,0.9930340019939667,0.5322974737456097,0.33426376994551366,0.7250105750557498,0.7606545683426729,0.37273502973483896,0.7833308098783764,0.10781713434754292,0.1710382767981472,0.8901947646089459,0.04577697774139644,0.4421718303425599,0.12159909323463369,0.8239729163921113,0.5652491324025283,0.024859059446754928,0.9437803306276262,0.22105741632320253,0.24190441844439337,0.8504211910529451,0.7649233893418436,0.5224921410857746,0.7444185977872402,0.796582421093353,0.4888794951097116,0.39347470985218047,0.11392922442139708,0.7372923614051471,0.6173937203516061,0.9670874880755702,3.282409011120952
