center_0,center_1,center_2,center_3,center_4,center_5,center_6,center_7,center_8,center_9,center_10,center_11,center_12,center_13,center_14,center_15,center_16,center_17,center_18,center_19,center_20,center_21,center_22,center_23,center_24,center_25,center_26,center_27,center_28,center_29,center_30,center_31,center_32,center_33,center_34,center_35,center_36,center_37,center_38,center_39,center_40,radius
0.29543019084714117,0.3294567895214757,0.7664248287991787,0.9090699078603522,0.8648482506564145,0.0789468219008127,0.5354895503650443,0.15679323730211436,0.7282692661503299,0.2133277160757392,0.1985408263589885,0.40228734940848565,0.9198931701169559,0.532726793267894,0.8749592608644782,0.6931734752620986,0.5064800182884314,0.9482529968631573,0.05943528605507342,0.663099097449932,0.1429424960762541,0.3795394790023595,0.5019941914549801,0.8695562243104672,0.25799156559502423,0.403019508200435,0.43233558418215656,0.5905839681015039,0.5134862132321008,0.8187744636481278,0.0023420252490873317,0.15567285062201364,0.16607546525243477,0.8776132898056463,0.3203581362656762,0.6189279686343522,0.37253221432310213,0.6738946892278747,0.45091593651002393,0.028954617369313818,0.14586186331958995,3.0417436637452804
0.2791564120526372,0.07255837047695934,0.30724572630552127,0.3761098674568457,0.422645289322623,0.4876955039146168,0.1471536173520661,0.6032120829867884,0.7760545332820159,0.8894889377461745,0.8513792636758676,0.6227784311733435,0.1123312153165672,0.7498857534699633,0.1395587416538222,0.23608413362085867,0.22899077565185766,0.08905348865740859,0.2230080332602773,0.6025493802806707,0.957408876614221,0.43657474557500464,0.9628475779214147,0.27378344929095266,0.7156738064276523,0.995378183607392,0.996782103291736,0.9136771831741252,0.5587518308241219,0.005337305779509194,0.7326147292341499,0.8507575884319166,0.12977522765337302,0.2247401280663197,0.651103375230086,0.8308603445195696,0.8349177770359343,0.029959766544661925,0.5678387812057409,0.7003354085499229,0.5343538134742243,3.3514943976329556
