center_0,center_1,center_2,center_3,center_4,center_5,center_6,center_7,center_8,center_9,center_10,center_11,center_12,center_13,center_14,center_15,center_16,center_17,center_18,center_19,center_20,center_21,center_22,center_23,center_24,center_25,center_26,center_27,center_28,center_29,center_30,center_31,center_32,center_33,center_34,center_35,center_36,center_37,center_38,center_39,center_40,radius
0.22744881159436348,0.3543806374479318,0.13850950629478676,0.6666662468296519,0.4527906204162071,0.5805836466219413,0.1446516417674839,0.9206807222959672,0.8726832521926099,0.10289646236300787,0.36360024438222593,0.41933943858893974,0.40658137236010883,0.7986051065685446,0.577581358964885,0.35384421976663416,0.974238739931088,0.686686970896881,0.05900700588310015,0.5294951990793225,0.12802509862695677,0.6370078375615447,0.7835276584824952,0.9095390503200432,0.5471804492374891,0.400376530542099,0.1392594807949975,0.8159700691174254,0.4768714297705662,0.772791766245402,0.563532821146662,0.35807406761409166,0.27605449038777674,0.16618148562652013,0.06098159454323038,0.00836210149765837,0.14802263377295488,0.8772856198994633,0.3168097492281259,0.02665971349180729,0.9559003082829884,3.308513401103878
0.8594531065592372,0.2390908420356681,0.6993174903879851,0.03723770666978321,0.9341522720298285,0.19261006823241322,0.9053120680105367,0.6303005382431867,0.016269991474939793,0.9802162516883202,0.15769060452497274,0.3591899539011316,0.03661680143016066,0.03677247481600043,0.19254526056111587,0.06350820952023317,0.24401082238125738,0.40659343556092065,0.050968927345399484,0.7319074560828829,0.7563470798629554,0.02566972829775671,0.7258345513599926,0.9028842029400678,0.39262182426046777,0.9646003533777582,0.8309743727946562,0.14952438384774047,0.0711101602377473,0.4355388709150232,0.27574884890051776,0.5964359267438144,0.29697733543590643,0.4931328373641223,0.8529409712482775,0.2476142142942227,0.6429724542665408,0.21663857269148767,0.029755759749683253,0.9403548972962081,0.0067835449653506075,3.4699981649718175
