center_0,center_1,center_2,center_3,center_4,center_5,center_6,center_7,center_8,center_9,center_10,center_11,center_12,center_13,center_14,center_15,center_16,center_17,center_18,center_19,center_20,center_21,center_22,center_23,center_24,center_25,center_26,center_27,center_28,center_29,center_30,center_31,center_32,center_33,center_34,center_35,center_36,center_37,center_38,center_39,center_40,radius
0.2961643476439739,0.07733972480119045,0.8098778925100452,0.7491757560399214,0.18544139443051444,0.15188644868723145,0.8978879512076068,0.0810929279467173,0.2906501451910011,0.7484837786518602,0.8091877095202729,0.6520445347519463,0.26130508306413125,0.7902424374119086,0.17412567157649972,0.9698052744354738,0.38916462751928793,0.9402968484785211,0.9964666780548417,0.5330424699133907,0.2534239672457933,0.9676857706622278,0.6705880776571873,0.9187876550799265,0.4266169958490468,0.38547512920280935,0.7216802114765168,0.9083044366544937,0.30569511437254127,0.6726098358680591,0.10631901703055247,0.9642956834959605,0.556463576903669,0.3073887869377422,0.640608126299998,0.8321329993036871,0.3356934633734191,0.8672857245864981,0.7350181278419006,0.29762577979386906,0.8219340797534078,3.350924121162754
0.7758508489766662,0.9367326478067515,0.7614486036576713,0.14293838704460093,0.57984751142527,0.9853829362974885,0.3500176434791188,0.8210286600882165,0.5014550503576043,0.9884359504484231,0.3682088761933362,0.5102777107302527,0.6070548912958146,0.04783618144845825,0.9383777576128453,0.564976772784209,0.32435475979937445,0.07932344550535664,0.3280110827330547,0.7110288838835641,0.05093198238552343,0.011650281060307632,0.0466649955841999,0.2500895850134496,0.23576764047641785,0.9434250143061812,0.0618384716597562,0.6681914571218902,0.5318843017566617,0.8735197714373996,0.8590909536055006,0.22910905204569154,0.014034994205112006,0.04807832453300387,0.8923440070777341,0.9159471515339837,0.7786474489360834,0.21811059327735782,0.5700029691487911,0.963577519676732,0.3392269927771251,3.1306387621278677
