center_0,center_1,center_2,center_3,center_4,center_5,center_6,center_7,center_8,center_9,center_10,center_11,center_12,center_13,center_14,center_15,center_16,center_17,center_18,center_19,center_20,center_21,center_22,center_23,center_24,center_25,center_26,center_27,center_28,center_29,center_30,center_31,center_32,center_33,center_34,center_35,center_36,center_37,center_38,center_39,center_40,radius
0.7274657055623347,0.015590628617997537,0.39899401448223526,0.8490061790802957,0.8639605528249918,0.00811458019348199,0.7324154323414186,0.10062747689754481,0.8267270052175748,0.062455248133315044,0.6701222305976747,0.24165337919074348,0.44973612101719407,0.9602900622128385,0.7496482243422065,0.6772269032355788,0.5814551852103832,0.893473580640963,0.8763867265221541,0.8151156746463262,0.27454947373830874,0.6484196671610362,0.4777072967592352,0.2564158391240232,0.837043523705186,0.45006105446146605,0.4737805148219354,0.4482587528834763,0.6086526498126091,0.988438038955769,0.6798176763132544,0.1679108566353792,0.21057238084946595,0.4073889630047778,0.013586229046868903,0.659907722175659,0.9986051836558034,0.7551254663643058,0.8393913286914901,0.14953096559036727,0.9577545151873929,3.598951192627557
