center_0,center_1,center_2,center_3,center_4,center_5,center_6,center_7,center_8,center_9,center_10,center_11,center_12,center_13,center_14,center_15,center_16,center_17,center_18,center_19,center_20,center_21,center_22,center_23,center_24,center_25,center_26,center_27,center_28,center_29,center_30,center_31,center_32,center_33,center_34,center_35,center_36,center_37,center_38,center_39,center_40,radius
0.9975875833710738,0.9522920658743149,0.4594083900127771,0.6606610870616758,0.3092805191403314,0.25606138490539887,0.2198060908923728,0.9958399158736922,0.41538837779429616,0.25742291981671517,0.26676466455095393,0.632041932794544,0.37576809455527305,0.7555990504867486,0.9758281641216402,0.45366061140398783,0.47034664719646,0.6965874602873954,0.46677721322455545,0.6762128067667479,0.721073768463297,0.5424103159517711,0.218484600796641,0.3481580588204152,0.8115379988016657,0.4187737551503561,0.22170024599729732,0.6101289739392849,0.15476343773676404,0.0833727027326201,0.8206859407024124,0.058035486190171515,0.145374511108042,0.7850697951400087,0.40069401620522493,0.5444066516037743,0.7851127046933162,0.16275674626721803,0.8916575378590447,0.6432388452328979,0.8658900251560167,3.2765150871012847
