center_0,center_1,center_2,center_3,center_4,center_5,center_6,center_7,center_8,center_9,center_10,center_11,center_12,center_13,center_14,center_15,center_16,center_17,center_18,center_19,center_20,center_21,center_22,center_23,center_24,center_25,center_26,center_27,center_28,center_29,center_30,center_31,center_32,center_33,center_34,center_35,center_36,center_37,center_38,center_39,center_40,radius
0.9927711323476818,0.4538987140603433,0.2518616213203817,0.16363503374047617,0.7612495504855594,0.6594134667290373,0.7253592011668385,0.5749898953361647,0.46438534907811724,0.5287000146260405,0.11819505246901074,0.108329120019803,0.8351349993841581,0.27864573908960244,0.3598575422077781,0.5829548073067446,0.1586266898827411,0.32009801091095746,0.3644967367129356,0.5243750693054055,0.9550364193673541,0.35805734289417535,0.6376691193073604,0.6645598048940397,0.10229935196522844,0.9883570060778512,0.9028439522840256,0.5350622872761981,0.3337708156011976,0.45693626563487577,0.9509636697590799,0.5803047116855087,0.4795470872089349,0.3912393934773203,0.48048537343974873,0.6057540927224543,0.37419252813146886,0.624958545706566,0.1365177920487105,0.4328926749467169,0.06968062727976954,3.2902219105547217
