center_0,center_1,center_2,center_3,center_4,center_5,center_6,center_7,center_8,center_9,center_10,center_11,center_12,center_13,center_14,center_15,center_16,center_17,center_18,center_19,center_20,center_21,center_22,center_23,center_24,center_25,center_26,center_27,center_28,center_29,center_30,center_31,center_32,center_33,center_34,center_35,center_36,center_37,center_38,center_39,center_40,center_41,radius
0.9505725465115231,0.7989959570291096,0.5725740532317855,0.9934038519817511,0.6957549368162669,0.7566848252408462,0.19441034275734892,0.9558650773638828,0.024918344527056435,0.17116984851140116,0.7324831876625179,0.8745340626644295,0.9560084169053862,0.598603662385113,0.39043301263491703,0.19385873376037777,0.28326869706489155,0.8570972571240686,0.9420806569995227,0.7156066803560006,0.04035841606977619,0.9108898972331543,0.6102642314139687,0.7740435570510559,0.13742576476127544,0.8660558053300134,0.5955654888589655,0.5609543576466164,0.815497631258069,0.18830345368464574,0.6794138708251554,0.096848293751712,0.5511017813657803,0.7101024945278198,0.2022965388214799,0.4027961936760639,0.1728708362153094,0.5045228959966364,0.596930255466316,0.5705172576231661,0.5644757833010356,0.5982173464071918,3.57405089611745
0.08269627396898649,0.992618105268867,0.012239898439170838,0.07608018891740231,0.016251986125131457,0.2913947518716222,0.9601969133974002,0.1372603200289887,0.10091290122549823,0.3859473222141552,0.051205470438160594,0.09019951485379663,0.027305000845329275,0.19036784655724415,0.9859105108403299,0.11059410705669537,0.04398606374336511,0.8976953910266895,0.023898443389960167,0.17050162126337642,0.2058885298674321,0.0010397880546796356,0.9772909457908848,0.1839926296068508,0.27133367341216996,0.027478548749798604,0.9549722422421709,0.9609524774487344,0.06693736754819946,0.9820399759354088,0.1647276039789629,0.9023243317725799,0.7966254718050133,0.003867964511136024,0.13322206680573057,0.776832023370074,0.9670989450759356,0.735431764084294,0.30785772849854576,0.573844216775325,0.04680259919353791,0.8942312021262802,3.1169659624632233
