center_0,center_1,center_2,center_3,center_4,center_5,center_6,center_7,center_8,center_9,center_10,center_11,center_12,center_13,center_14,center_15,center_16,center_17,center_18,center_19,center_20,center_21,center_22,center_23,center_24,center_25,center_26,center_27,center_28,center_29,center_30,center_31,center_32,center_33,center_34,center_35,center_36,center_37,center_38,center_39,center_40,radius
0.3987877855158264,0.32075967397507243,0.05932356544537298,0.1959894864358701,0.8356937625330166,0.3510890494402604,0.6920975146266102,0.476290742071805,0.3800331617684949,0.09994431906262136,0.14566818218816702,0.6382724057013265,0.004940791476269135,0.7179772930188271,0.29793191170228106,0.9620763138835737,0.9479407025021647,0.9674835390166073,0.4897576597142421,0.5235935586121444,0.38721438939091957,0.7642656422314713,0.20194227536772635,0.251856901995513,0.3889076239374242,0.4008481204660156,0.1530773223260986,0.25396545777965607,0.6393854271219618,0.6315480847935141,0.8411524480609943,0.8396849707476592,0.31392865399767034,0.9173005872679055,0.9165568159566488,0.6376548047268085,0.9194995054639596,0.7636927258639942,0.6712192095290618,0.26294272044955136,0.049812826049048464,3.273733756880956
0.19130420649971658,0.04993018390391257,0.9565192740326269,0.6755047738898281,0.16566053350551957,0.41150035727678025,0.0985840930437305,0.09195125451300501,0.8391467802545592,0.1436392678539402,0.7228714543722635,0.7393284122586822,0.8518922071292868,0.7434756391079121,0.8227907184234213,0.010389605713283179,0.483658326740645,0.10326837733342609,0.501725377339794,0.9228591505843028,0.9918239012864641,0.04629059565351812,0.791822485651331,0.02713516616296685,0.906859354975857,0.6008751582074952,0.9358554603662071,0.765960121070107,0.5053031380423059,0.4711568240178444,0.41714793438965825,0.4082995818908268,0.8760715348619922,0.3720675487932663,0.21454516190132755,0.9288884250326434,0.004100741968911414,0.0028684682781927595,0.3849428109228267,0.2840388900802949,0.6338193452714533,3.221858723312213
