center_0,center_1,center_2,center_3,center_4,center_5,center_6,center_7,center_8,center_9,center_10,center_11,center_12,center_13,center_14,center_15,center_16,center_17,center_18,center_19,center_20,center_21,center_22,center_23,center_24,center_25,center_26,center_27,center_28,center_29,center_30,center_31,center_32,center_33,center_34,center_35,center_36,center_37,center_38,center_39,center_40,radius
0.9682324224841831,0.30942674121295255,0.8496836106034874,0.8579388971688466,0.6582568814166895,0.982309945418503,0.04812720327516651,0.7574336479706084,0.32395481214011546,0.7050651818409394,0.7181130776808371,0.42519190847606647,0.8236778320092549,0.3736212204418937,0.5741741733430319,0.7588026445534083,0.37575985302252257,0.7065221052150061,0.43009840187132753,0.12045938697758918,0.9835614740107126,0.9525811081299222,0.1503365557411026,0.8016463436865188,0.8618146252942205,0.9906979422378921,0.12109386803264877,0.4385759664414143,0.26810136657567984,0.3415814654507652,0.6544047788946703,0.7119575354013326,0.806656445109577,0.9357024714835759,0.11785335156976717,0.7392322093190113,0.7713108629826912,0.16490309929620162,0.22375087432255014,0.6005842920208732,0.011567007026336507,3.7507586326490605
