center_0,center_1,center_2,center_3,center_4,center_5,center_6,center_7,center_8,center_9,center_10,center_11,center_12,center_13,center_14,center_15,center_16,center_17,center_18,center_19,center_20,center_21,center_22,center_23,center_24,center_25,center_26,center_27,center_28,center_29,center_30,center_31,center_32,center_33,center_34,center_35,center_36,center_37,center_38,center_39,center_40,radius
0.777377493105426,0.5497297999716034,0.5060122959070682,0.40703291603636116,0.5085372149843319,0.4335208936857684,0.17509248651131915,0.7407312472907296,0.6324029296690661,0.7743815701205775,0.5139153298606979,0.12465899837550598,0.1670241278350818,0.002901808765594427,0.7269090593737619,0.639532833178366,0.02983278661905131,0.1410748872625477,0.6467812449839884,0.8521916820183362,0.579548072180213,0.6660996297717585,0.7590042879365225,0.8864360784837367,0.7826259941272712,0.004760115370977869,0.07855573230908208,0.9283999289899367,0.5228713017056161,0.9585356750277677,0.6590465909288248,0.6620209477412445,0.4877285155329172,0.037900055452133596,0.7427215847951794,0.037221325290686114,0.35480977405723,0.6200735327383824,0.6695241058272078,0.7238840894425667,0.3724957801353753,3.2342807579594077
0.04452082256378764,0.9200507569123454,0.9673664701929225,0.5352338640575685,0.8662365437831684,0.5220510271824711,0.9911785150795449,0.8279504026513645,0.06295421084464092,0.19430041321265457,0.7879453004640105,0.9269505081776634,0.680029892993932,0.9016076330305484,0.4506064885790888,0.1628208333310458,0.7227392394634066,0.8636962730225182,0.7488822807793529,0.6022393443798436,0.27107846663683044,0.4969763705818835,0.8262484382903006,0.6516253906620016,0.7016146805733905,0.6014091656114255,0.8271066972661247,0.17325000813143676,0.381862955648547,0.17886801876577474,0.23065354258309634,0.10123902714581001,0.19501193464814726,0.8914568128439218,0.07092519456297441,0.8452264466110437,0.3450943031039423,0.6100567282814819,0.08392585604544323,0.7977596805093319,0.3675351295933629,3.396431893015437
