center_0,center_1,center_2,center_3,center_4,center_5,center_6,center_7,center_8,center_9,center_10,center_11,center_12,center_13,center_14,center_15,center_16,center_17,center_18,center_19,center_20,center_21,center_22,center_23,center_24,center_25,center_26,center_27,center_28,center_29,center_30,center_31,center_32,center_33,center_34,center_35,center_36,center_37,center_38,center_39,center_40,center_41,radius
0.6090204613618427,0.1153247621349891,0.22190564948191138,0.006880729977624789,0.6529318404595744,0.9502747796382648,0.9859612464012679,0.23044924934917965,0.6272573764284085,0.3263483106296836,0.21075107333081478,0.4160651681202022,0.4189239015365803,0.3531681673498779,0.6269283173535072,0.4402383311870809,0.6689640974458836,0.8709862369408641,0.757929033982053,0.39490371739988595,0.3184562880392925,0.27652407646325616,0.20613480974407616,0.1841959161612946,0.14640700292234943,0.28749340934433354,0.47756039418267004,0.6076052837191919,0.9743236373103666,0.4299539587804446,0.6468859893446204,0.3670993115141352,0.7940699771563973,0.010139829474600348,0.13269460411050082,0.5096697952402456,0.10070706581432831,0.13143784008501858,0.2207305971783915,0.7665307536456928,0.21078248581080583,0.5123182237173833,3.0790306724126646
0.34219321065915687,0.8449416715093099,0.5595414468894195,0.9172524150118122,0.9424018059107863,0.5692979685825034,0.09452139983256214,0.3848846465470467,0.2258187667066771,0.3546277874068192,0.8452885412526524,0.46767457068064533,0.8998551896271182,0.3181986197727621,0.26837380012245515,0.6860404368966491,0.028363044570144824,0.880249641071141,0.4917851085817462,0.2090078265688755,0.03458067024599265,0.6722507119062593,0.43110122282169594,0.9592757684001296,0.3620779253868699,0.48574400338740165,0.799709517624631,0.9398488185846543,0.1835850105369382,0.6052680560174931,0.007906404856581228,0.9367552324756868,0.8910463738394244,0.11931110222247254,0.8549786155890914,0.03876876772435822,0.8729391962907761,0.5245247168912718,0.9328742894978997,0.14784762987372824,0.982989211565633,0.2886705675829948,3.5261459825822015
