center_0,center_1,center_2,center_3,center_4,center_5,center_6,center_7,center_8,center_9,center_10,center_11,center_12,center_13,center_14,center_15,center_16,center_17,center_18,center_19,center_20,center_21,center_22,center_23,center_24,center_25,center_26,center_27,center_28,center_29,center_30,center_31,center_32,center_33,center_34,center_35,center_36,center_37,center_38,center_39,center_40,center_41,radius
0.7177858314267602,0.7262158277285637,0.06813405563250485,0.30452181728210237,0.4436900582517679,0.9562176405792656,0.3626246463237759,0.44149898208276195,0.8673981383907277,0.3079633756218949,0.837498377251191,0.2001158047773265,0.5327038809360368,0.040106022361450666,0.88345003339803,0.6256675354205187,0.908871292013638,0.5261335864625513,0.7217874366437437,0.6008069344690091,0.2615898655807547,0.9484908532591537,0.424857763491051,0.7675192628485655,0.6385125944974052,0.503677578394916,0.01960981809548712,0.38335092590875375,0.4561623830103251,0.08794806780991471,0.0895592918522573,0.7508789309060017,0.18752120213435097,0.8863650609709968,0.057247662872893734,0.7580617395991747,0.06804845416912653,0.6672772995077464,0.22812038393232092,0.6182365853490152,0.7426528266752696,0.3135101008937534,3.245075450114823
0.03284554670921502,0.4601130967634749,0.7340222160292033,0.8646010598041555,0.11656837427141065,0.3158188520937725,0.2577540979674027,0.8896507241712576,0.11755690208961234,0.6050617350672808,0.0912095494061016,0.5227481889363335,0.3241940402007202,0.5558190523205032,0.42785793211792544,0.9552487210937439,0.7031638317193454,0.7289852683505669,0.1630950493595399,0.1077094219873378,0.010130310533583375,0.2732468462026114,0.7951546344447348,0.24106747032935372,0.3729350856050462,0.8349365550520449,0.935830118433862,0.0438789751366534,0.5438978549438391,0.5516740136914394,0.9679376095581013,0.08687662768678361,0.9225808319011852,0.5857950807698377,0.995380605037957,0.15659029465142849,0.8951843802096772,0.5667242454054743,0.5932406134977406,0.25086477051941836,0.9761953666090464,0.5340288906373502,3.3455500636246445
