center_0,center_1,center_2,center_3,center_4,center_5,center_6,center_7,center_8,center_9,center_10,center_11,center_12,center_13,center_14,center_15,center_16,center_17,center_18,center_19,center_20,center_21,center_22,center_23,center_24,center_25,center_26,center_27,center_28,center_29,center_30,center_31,center_32,center_33,center_34,center_35,center_36,center_37,center_38,center_39,center_40,radius
0.8177460985884959,0.5133799335644367,0.7341436778917497,0.7029108422027839,0.11068514681994623,0.5785793954234344,0.24035264646935495,0.6461361330178556,0.3794944822475764,0.5140470048819717,0.2131464344820082,0.10451733642417227,0.01373577657411218,0.5126331937451308,0.8589046854249396,0.8802872441227504,0.29270926469035685,0.5649002816025412,0.1605263848845203,0.09014739744647626,0.23311385023012443,0.9817800410159256,0.7440331381182224,0.8517425575124116,0.45083369589209044,0.14329310729212885,0.28121420040737644,0.9310045829824971,0.163240680816777,0.2589385643577402,0.7111903538872143,0.6206194654869083,0.18354717334491077,0.9451705166499837,0.17287333366402335,0.6936842797425331,0.2336941760749368,0.4956196270474652,0.5195965168808491,0.30600219491355773,0.5005884996388358,3.075590751645603
0.36501323623480464,0.3347620979162801,0.7083826143537054,0.018561779268424505,0.6808057390711457,0.384830699004318,0.20337980636649688,0.955347349833553,0.271210665741785,0.18042809888226274,0.8401990831469126,0.6908995471499707,0.9665434847255012,0.1787876482839892,0.5130564684977098,0.06526031591143666,0.3595409755726897,0.7711292536888072,0.5360104501276177,0.9157475927042479,0.778359944275824,0.879695410316511,0.9548171315089624,0.5107612510981765,0.3713384370965398,0.19583103422779136,0.7512323851538018,0.1670294553793784,0.4612031081364,0.8622870294062779,0.1332626704395905,0.31447343117338045,0.9444202534631686,0.06198912262615597,0.8772559745554567,0.2612064765388946,0.41342600696966036,0.9081554823869111,0.6087602570572895,0.8235758823312792,0.20609089039053863,3.5153246564946237
