center_0,center_1,center_2,center_3,center_4,center_5,center_6,center_7,center_8,center_9,center_10,center_11,center_12,center_13,center_14,center_15,center_16,center_17,center_18,center_19,center_20,center_21,center_22,center_23,center_24,center_25,center_26,center_27,center_28,center_29,center_30,center_31,center_32,center_33,center_34,center_35,center_36,center_37,center_38,center_39,center_40,radius
0.2645765828351583,0.30154290945003714,0.8101501049592827,0.926902226628484,0.9423423841324245,0.26927859727465076,0.8025765102249088,0.8275027529496799,0.8660569052417663,0.8179767879221914,0.7531545829701891,0.06929120236793329,0.06937425910762163,0.269721044186941,0.522636629423043,0.18096312800935932,0.6738523984900218,0.44302413204527225,0.7544349191894444,0.5433672497489247,0.3977423870128558,0.729504289259899,0.6222308006686664,0.06505194229491962,0.08617295098495115,0.4639527726981174,0.3896841485787891,0.3682752811133433,0.6203394872748789,0.5173166517320372,0.2389265240028975,0.008513920724310009,0.3811104350549669,0.3100813751555561,0.2666797905888123,0.20053537981751812,0.3333831595231811,0.3786223428922042,0.5868804692581661,0.09826205339361915,0.19886676349377908,3.0381333214560553
0.9104660405784603,0.045764281157965714,0.4428037791031847,0.25310607790923223,0.2180050324262276,0.3535436183210978,0.6367171095399676,0.3170700929326985,0.009953562359702683,0.2916279290913415,0.5103792218080364,0.9588094489717702,0.8337763094947498,0.6503466283876163,0.4611650308669092,0.6758633032888903,0.7986284300399549,0.11455145022249114,0.10981758727404212,0.6222926299090907,0.19637272354479618,0.00874173349665952,0.8072487795354901,0.6353355797613999,0.09400394973517223,0.7983896375561235,0.2475221845620995,0.9572400159444833,0.6981786560336681,0.9865667753347263,0.03711879114347694,0.8988630117934003,0.3153253975017929,0.7524412601752919,0.9695588945555877,0.4326779177511656,0.7064117121192022,0.47281418516804863,0.037739072241391836,0.9429807892223745,0.7641860480888514,3.2108446723741406
