center_0,center_1,center_2,center_3,center_4,center_5,center_6,center_7,center_8,center_9,center_10,center_11,center_12,center_13,center_14,center_15,center_16,center_17,center_18,center_19,center_20,center_21,center_22,center_23,center_24,center_25,center_26,center_27,center_28,center_29,center_30,center_31,center_32,center_33,center_34,center_35,center_36,center_37,center_38,center_39,center_40,radius
0.610512452458306,0.4620133123331521,0.7029637821085905,0.4362350980225159,0.5364485966290222,0.5861619095694652,0.9879351707156168,0.6820304696789378,0.010823026138149894,0.8197765013528421,0.7821821998064388,0.3893522807393608,0.6195674186619023,0.5928876933461011,0.24621661626633184,0.5789046424415227,0.414163343564641,0.4145159401120614,0.23524915832390858,0.9418111954209171,0.38187036353873405,0.9724570394796742,0.07790077016714636,0.6803498061091503,0.06882798633500853,0.009872632622105137,0.8062194279286877,0.038233540361815255,0.5509250434758678,0.2721088409716911,0.14702602383819707,0.6032598504826765,0.3755945401454319,0.3270608658970594,0.29646345801912766,0.8157601595650983,0.15301711102875948,0.9726031438011491,0.8494406459738474,0.7233983593210511,0.5299396934162397,3.2880801420580683
0.3238649595622316,0.7109767968124686,0.6110485554370454,0.03375103978040028,0.38202905581391167,0.8750808324690516,0.04207593362816353,0.3233791960753336,0.9904154065252584,0.4602207075975294,0.8344331279140645,0.03621197574299018,0.2730348041501759,0.11114977381369828,0.8210608985806463,0.657385313128869,0.38114879688991976,0.7137572390269652,0.3152383650591033,0.28659902673148774,0.38073941288516655,0.03587994546008355,0.700407956971203,0.23930272072339975,0.7262557193693455,0.901260166538169,0.7844230874553829,0.96843706817261,0.7807977900414086,0.9993745575201737,0.3887174021383667,0.8461001840352456,0.006233720236366924,0.27778573134077134,0.486877424803843,0.10968366943226548,0.788528932341148,0.003197316815434448,0.08858663387399945,0.5078958841624341,0.193993509221697,3.045473552295493
