center_0,center_1,center_2,center_3,center_4,center_5,center_6,center_7,center_8,center_9,center_10,center_11,center_12,center_13,center_14,center_15,center_16,center_17,center_18,center_19,center_20,center_21,center_22,center_23,center_24,center_25,center_26,center_27,center_28,center_29,center_30,center_31,center_32,center_33,center_34,center_35,center_36,center_37,center_38,center_39,center_40,radius
0.33635094282179834,0.43350993139595695,0.7661750144679562,0.2000954964787851,0.836040465176177,0.10405808283612628,0.29462526858533766,0.8196931022895306,0.9930407977101334,0.31912792595143036,0.9954867480074665,0.7531940546365877,0.705915491230747,0.808908468576911,0.9884245624832277,0.16304278053093624,0.27054996985520197,0.2318747989686507,0.10084102878873091,0.9162185175886374,0.9918988849316771,0.15543332067162963,0.5458065492743225,0.41895699725940594,0.9533639010238878,0.7340269786000078,0.5870745615557846,0.9093298475179192,0.43231893285167333,0.2023134466998494,0.49063209905615923,0.1089769818138252,0.10652528546903073,0.7623078980858489,0.5948393501870897,0.2980911610949186,0.6562523497106064,0.28427204431711106,0.384346248417304,0.3324293908130975,0.43971278501635624,3.641887543037588
