center_0,center_1,center_2,center_3,center_4,center_5,center_6,center_7,center_8,center_9,center_10,center_11,center_12,center_13,center_14,center_15,center_16,center_17,center_18,center_19,center_20,center_21,center_22,center_23,center_24,center_25,center_26,center_27,center_28,center_29,center_30,center_31,center_32,center_33,center_34,center_35,center_36,center_37,center_38,center_39,center_40,radius
0.6118908753159342,0.8426754146650439,0.4760156610134445,0.43928832194638245,0.5028017500006792,0.407621791714206,0.05900063241357911,0.5613671858579625,0.9490383517168568,0.8146739917649763,0.9123047142993316,0.24982398978994513,0.4387699735099726,0.7244982180877436,0.15363751024733807,0.8047142462601821,0.9623820366352402,0.3745042571151397,0.9486956778894711,0.5890963860336449,0.5785827200317446,0.0934803896288603,0.2987803601433481,0.5183902852089363,0.8809309917717044,0.5086649190570406,0.13723733272402305,0.25562088408345207,0.009193414199309191,0.19728014622791157,0.9657521063422335,0.41542908292605074,0.3897531168264311,0.6993313526579372,0.5133608404931889,0.8781266942097079,0.6714187345861945,0.48122146795869314,0.33458283869653704,0.5909989701878336,0.7734245401913669,3.2660722954448334
