center_0,center_1,center_2,center_3,center_4,center_5,center_6,center_7,center_8,center_9,center_10,center_11,center_12,center_13,center_14,center_15,center_16,center_17,center_18,center_19,center_20,center_21,center_22,center_23,center_24,center_25,center_26,center_27,center_28,center_29,center_30,center_31,center_32,center_33,center_34,center_35,center_36,center_37,center_38,center_39,center_40,radius
0.011946534781522966,0.6371338172826542,0.5568670295863172,0.9132565758960605,0.16285314011795904,0.6636446325930231,0.7129902590938022,0.5804062400913411,0.15613371409367938,0.3065516465255338,0.9308347024142394,0.33258403253865776,0.9648029438558771,0.08913444886636701,0.3750335337304568,0.07648386353648096,0.5948093191179812,0.1611379110276473,0.1352714897838495,0.7919285094368925,0.6476273364096101,0.6161755454031994,0.07107864770726646,0.1252912155945045,0.8164454637324522,0.25964273105189273,0.04359074748776681,0.6118680088362856,0.4802004309769101,0.7189544893410773,0.24561386101127303,0.992086705804608,0.7638161521445597,0.5053906655431148,0.3893914366959855,0.14049390856283928,0.41342829999523834,0.278637609695341,0.475119380953562,0.28184222189839625,0.400312093417469,2.784618749440544
0.9134764330506636,0.11633645304484941,0.6522345586185784,0.8906885222178104,0.3481011214343842,0.08941522727847118,0.6565706498161541,0.8476619032024831,0.8743313993603032,0.9847376063983768,0.01737975491663002,0.4832499947500766,0.40196666259979597,0.5231946125867001,0.804671866261161,0.9207179879051329,0.8742252127207175,0.6726619478699484,0.88132240496535,0.7084014073104139,0.8217420851277792,0.5645616818393482,0.32563665428295907,0.6758520345674881,0.9578446647887178,0.5864668582003593,0.9588393818295549,0.6385076297904884,0.27536900110786056,0.12428059344020825,0.5808589423192005,0.9143999620389942,0.9340974252648135,0.15952474649112758,0.6050366237143671,0.7071241107907269,0.9259281427582056,0.9340657099889847,0.07564499957298965,0.20885365343079443,0.5315507532369216,3.871342658178705
