center_0,center_1,center_2,center_3,center_4,center_5,center_6,center_7,center_8,center_9,center_10,center_11,center_12,center_13,center_14,center_15,center_16,center_17,center_18,center_19,center_20,center_21,center_22,center_23,center_24,center_25,center_26,center_27,center_28,center_29,center_30,center_31,center_32,center_33,center_34,center_35,center_36,center_37,center_38,center_39,center_40,radius
0.8390555452206967,0.44173033561202635,0.6207734881182705,0.503686878963046,0.0854895136466669,0.5645479352833848,0.7317000872339965,0.16939787865587952,0.4090156448499668,0.30116118012911863,0.27100697046296207,0.6268759224778402,0.6966894582547158,0.15513482788601296,0.33248814886037237,0.9008604691949353,0.28761917581557794,0.9153355345857509,0.031560847565608285,0.7872131866746176,0.8683296260284429,0.5352412526086433,0.5561603491285342,0.017458785380070507,0.3334997712823443,0.1118068323033603,0.9333042094103966,0.08649959230765325,0.12893050697137165,0.0840628000025051,0.06863934892277912,0.3225660122670887,0.26849809587606077,0.16887256518982863,0.811872538663244,0.9552441372126461,0.4431251098885748,0.09575084188210825,0.46554828171008944,0.4568863109449428,0.7248570430208089,3.057531513264348
0.8119916162263943,0.5473160182492769,0.9256538278108964,0.5639873337220186,0.6079653952059264,0.3598043041922534,0.18949590833494456,0.7547263464998627,0.7469413823840039,0.8250070165872797,0.3105710223861903,0.6980254460077936,0.005171246489567349,0.8656624084729507,0.07628283924515988,0.1415731861449988,0.7929183889129614,0.7261153118326972,0.3870215038330552,0.07532251587339045,0.022472753806533463,0.9632713079095347,0.36318458183729796,0.9047776149091634,0.44330408156843826,0.3050699112045585,0.4941819461166802,0.9383188660909165,0.9108412091789254,0.9716968250651944,0.9888728603469786,0.8146159034767981,0.9684520500403604,0.9268856946271209,0.792097601960478,0.3523038608648458,0.06297496149729553,0.8365853451796321,0.6256089110869572,0.39962247018503294,0.37028243099549285,3.2942026352835616
