center_0,center_1,center_2,center_3,center_4,center_5,center_6,center_7,center_8,center_9,center_10,center_11,center_12,center_13,center_14,center_15,center_16,center_17,center_18,center_19,center_20,center_21,center_22,center_23,center_24,center_25,center_26,center_27,center_28,center_29,center_30,center_31,center_32,center_33,center_34,center_35,center_36,center_37,center_38,center_39,center_40,radius
0.5111589464439367,0.8396265003137839,0.6716124919129149,0.40266863272858266,0.8640069982710132,0.27462814929184487,0.9174466067183141,0.2988013474916096,0.4500725167905202,0.02038370971447423,0.07012294624416193,0.26581467791963065,0.5617678017875444,0.45178179635584526,0.7892568085025049,0.5275393185973019,0.3124223263842483,0.022610030372943735,0.38057022581325795,0.6303882656223619,0.7679017243515546,0.44811011341033824,0.7153789321428923,0.5110408308952058,0.6940305389699303,0.07967826209665896,0.9410333636542905,0.4801228404857253,0.20812340008686703,0.49143019910318075,0.4621029439740987,0.6358137693131145,0.884016383589744,0.005922388531537259,0.21793210940819463,0.15496167093156887,0.4955632436370906,0.43803519181440875,0.6454714914984837,0.3257756615468147,0.8167744302986963,3.324989680940587
