center_0,center_1,center_2,center_3,center_4,center_5,center_6,center_7,center_8,center_9,center_10,center_11,center_12,center_13,center_14,center_15,center_16,center_17,center_18,center_19,center_20,center_21,center_22,center_23,center_24,center_25,center_26,center_27,center_28,center_29,center_30,center_31,center_32,center_33,center_34,center_35,center_36,center_37,center_38,center_39,center_40,radius
0.9723339003495189,0.21353972346123018,0.32004577279889057,0.5515502359025883,0.9965310910944016,0.09535553574507916,0.18473513458013568,0.8624232066932199,0.30677781165030604,0.9720913993592308,0.682439335325165,0.606461941861897,0.6459449972856968,0.760795006713828,0.0867732743221108,0.793226748309656,0.3237146174403074,0.49110715072387856,0.28628732541912427,0.9584702595679316,0.1802979266901399,0.6024222281740245,0.5427404963690637,0.6479362564332106,0.07529326131088254,0.867027277723289,0.6901777724449198,0.1526594716249262,0.15452582605644793,0.7367614290406455,0.5771125657751404,0.2192611371140395,0.17167424557787814,0.7991184583702349,0.6097483729432788,0.42554573971232323,0.4352609933603062,0.603726926134065,0.7286915208495827,0.42822129515996354,0.5426662608022089,3.4552202156927625
