center_0,center_1,center_2,center_3,center_4,center_5,center_6,center_7,center_8,center_9,center_10,center_11,center_12,center_13,center_14,center_15,center_16,center_17,center_18,center_19,center_20,center_21,center_22,center_23,center_24,center_25,center_26,center_27,center_28,center_29,center_30,center_31,center_32,center_33,center_34,center_35,center_36,center_37,center_38,center_39,center_40,radius
0.9524317924483595,0.9037730619280647,0.8868007512272753,0.10660542703287956,0.8941474763544016,0.6838845546154592,0.3445595941238694,0.05553712339763339,0.736026491778982,0.23949210688492395,0.8125797586154777,0.9941914871451943,0.8590164378439096,0.2935788094208789,0.060782987635758734,0.2460316977741771,0.6204426417158545,0.8685693940495463,0.3220902270345666,0.023495943036452083,0.45552383773413385,0.16533987682646878,0.07272571706099595,0.6048614761229961,0.6762579324838164,0.4770435375517701,0.6264197614209921,0.3295357394954339,0.3033453962744642,0.7136612895430313,0.7573089529340186,0.572459254596717,0.39388972995452765,0.5645896825323525,0.6390547944842605,0.18119491876558347,0.5011840758635969,0.045294344821179444,0.6263972105232792,0.8047204010432585,0.7652902779408871,3.3456111994000115
0.10651180489012313,0.33982650113943025,0.005051719566430024,0.7375463404552292,0.9197321756260319,0.5689940227716374,0.6729955872780701,0.5225807306285114,0.9923528568864942,0.6357611277061033,0.6406164411275538,0.11311321650493922,0.9767686370785286,0.36824226854309905,0.8303759272546332,0.2449217333919762,0.5356576017528697,0.7568648015400318,0.6695279805249005,0.8043850001148162,0.9335299524053715,0.9160242544965347,0.8487553995052388,0.023751459765601113,0.7581263571173532,0.9792136841006878,0.23407180820370443,0.9162579364425344,0.42556119674825166,0.16810326621523464,0.3830265779175559,0.04250384133147611,0.2718694128055822,0.021339947973557205,0.03087144695753985,0.8702752869992525,0.9917192892518915,0.7143609864438095,0.5840538850005077,0.002485918731605752,0.0007959743335492764,3.930265735080625
