center_0,center_1,center_2,center_3,center_4,center_5,center_6,center_7,center_8,center_9,center_10,center_11,center_12,center_13,center_14,center_15,center_16,center_17,center_18,center_19,center_20,center_21,center_22,center_23,center_24,center_25,center_26,center_27,center_28,center_29,center_30,center_31,center_32,center_33,center_34,center_35,center_36,center_37,center_38,center_39,center_40,radius
0.6991581677391205,0.6192372398415855,0.49541984521953086,0.518057597403035,0.38377353574021456,0.14832908289072655,0.9739175384738018,0.15839184174732945,0.5944048052244869,0.8660893023483578,0.21440368470888338,0.026805652362834942,0.7822188572325554,0.8927289679798591,0.311384017110511,0.178954955598145,0.6554803412334184,0.22557921439200845,0.6460305182570429,0.26451215463055466,0.7421900812134883,0.6023736525647254,0.21031211827117435,0.4209848403694303,0.22930415529893355,0.4261155415518175,0.7323988214261657,0.9531920531640427,0.6623392421606652,0.46501268916324057,0.13715802048330594,0.5062054336521792,0.4211161934206471,0.4025846882122893,0.6266999947032084,0.32186821622954187,0.029039851512317916,0.8791046895212974,0.7718236466630494,0.4367422424530789,0.430266801956111,3.2440415676055077
0.5129365991741399,0.45043047118906354,0.3715835615227747,0.8825140577163015,0.9689641717728131,0.9177378974207029,0.12457423623866593,0.22283925951482997,0.5268972307234455,0.2372198534258233,0.1217214480148513,0.5937471557785606,0.07329474880748266,0.06519569131080039,0.6138573139635065,0.9335195470998947,0.016543396879134087,0.0017299004653642536,0.8354946570119982,0.9760849501245665,0.09468595252544332,0.8560717415991373,0.1464884058097352,0.918277056037767,0.1617531808497552,0.3407028504484866,0.9798445322130334,0.14920874730260336,0.06755887626274282,0.5759086213134185,0.9925955643150113,0.01195678422077906,0.9478243846046325,0.43585684770554933,0.7309659886383345,0.9523945376387124,0.9581031520767185,0.05504396330696504,0.6149865601475457,0.9750813510225861,0.29198605275881373,3.5898188634456245
