center_0,center_1,center_2,center_3,center_4,center_5,center_6,center_7,center_8,center_9,center_10,center_11,center_12,center_13,center_14,center_15,center_16,center_17,center_18,center_19,center_20,center_21,center_22,center_23,center_24,center_25,center_26,center_27,center_28,center_29,center_30,center_31,center_32,center_33,center_34,center_35,center_36,center_37,center_38,center_39,center_40,radius
0.49595065326437937,0.03241957187786815,0.37645646690641543,0.18464518747396375,0.03885260474270846,0.5294389085037435,0.9106979965763895,0.4058013072891792,0.6331542324751638,0.7094422406978788,0.23468252287768532,0.1565205337559168,0.059172972440385774,0.9482558143235674,0.584284059454383,0.3477322543376197,0.04110760596257845,0.30781020998363684,0.8097688855523975,0.37793857044198786,0.9614205087660446,0.5371647571487614,0.9143106831555831,0.014496699138740188,0.9669513421217744,0.407397013441929,0.9828772103867977,0.7762996156412637,0.09951287479053983,0.3374062008096016,0.1635453731094586,0.49748361604729596,0.07637585011179482,0.9087302511101937,0.6729004885997579,0.17692525360429123,0.2548884004799694,0.7741367035230634,0.8342347521325786,0.401422591238361,0.10200151581127714,3.73405792833271
