center_0,center_1,center_2,center_3,center_4,center_5,center_6,center_7,center_8,center_9,center_10,center_11,center_12,center_13,center_14,center_15,center_16,center_17,center_18,center_19,center_20,center_21,center_22,center_23,center_24,center_25,center_26,center_27,center_28,center_29,center_30,center_31,center_32,center_33,center_34,center_35,center_36,center_37,center_38,center_39,center_40,radius
0.37269024471714485,0.19125774308384358,0.5771941901125771,0.745133895693372,0.33640136606510096,0.4908811553544997,0.4642064027655901,0.4956565733123597,0.35294130301207594,0.24877563706159045,0.33217432433263394,0.004027112726094018,0.8810095223260416,0.9756070969804258,0.25507044667238465,0.09125219236080961,0.48039612597062875,0.4493981103730672,0.6511067525708273,0.3508100993013432,0.3239964659238719,0.22388113614449234,0.20560434610288914,0.9254990388687546,0.22507442635780484,0.9842424841648494,0.036350656585123486,0.3946425069166357,0.21499535323854968,0.772157281903048,0.3169098619250704,0.347203909610163,0.8926583925763836,0.36768788599714,0.922382954545464,0.7811714805799403,0.029210016505904934,0.6375804278876894,0.7115685718190187,0.2503251452905544,0.6920458399660263,3.282913862044099
0.9598665776985223,0.5817718849990926,0.48692115738219643,0.4802630059525007,0.728895397514743,0.8190998653309679,0.8306582691934788,0.951443370511268,0.04691058474210119,0.6847291742812864,0.20314033553942634,0.7635058303264776,0.8195384185712679,0.02450348696693605,0.8860916783661649,0.6099738695476712,0.45950194551072865,0.9911128461846589,0.17450917134366928,0.7386591388944378,0.49715333150243246,0.7661007046361813,0.9582247716753095,0.058354322571749995,0.8486963918303662,0.040537579954899705,0.933630837006515,0.31373684847762273,0.8943387191332646,0.3704219089454953,0.17517026505248345,0.3027951648605559,0.6167864896433447,0.8640136087861419,0.5714956430306478,0.4970265459960037,0.9991857367313707,0.06258030481770382,0.4804327104442442,0.9573911127558847,0.15402996832819804,3.7598219013445338
