center_0,center_1,center_2,center_3,center_4,center_5,center_6,center_7,center_8,center_9,center_10,center_11,center_12,center_13,center_14,center_15,center_16,center_17,center_18,center_19,center_20,center_21,center_22,center_23,center_24,center_25,center_26,center_27,center_28,center_29,center_30,center_31,center_32,center_33,center_34,center_35,center_36,center_37,center_38,center_39,center_40,radius
0.2669527258473987,0.865729129268483,0.21328940659657958,0.6934334264800533,0.7722237584766802,0.25444342420960475,0.194860217194057,0.7661493147378845,0.008490501158910702,0.8633944855582287,0.9658615824229971,0.2136902297538854,0.07369781132376219,0.834548433279672,0.4089542317276291,0.7155148087103322,0.7818242173753932,0.23809179299573835,0.003034977464826616,0.03539866628948718,0.920470663351999,0.20705576240761758,0.52323957565423,0.5930718906683571,0.3187715870986798,0.8806038631423724,0.47760312326552823,0.7663439694127369,0.47352404966331685,0.505192687635154,0.2029083180199549,0.994807636644062,0.07282046440966605,0.057220887522548725,0.2571909793119803,0.4453212295267305,0.5433481728569215,0.9371320830980693,0.584381709828734,0.3699740128445381,0.7569554196529662,3.405171433347456
0.1279602645477167,0.016452896601121036,0.7064183213338242,0.745765820896458,0.026087540822277266,0.6001787268337881,0.21621961891083785,0.40167213672462887,0.8442169947707486,0.15590240577671033,0.04051663237312353,0.9956386769501637,0.09159066522545478,0.8151385652696117,0.43704089385142686,0.8488909664285322,0.0742981077963033,0.7176159407025346,0.8031914087960862,0.9681989197969332,0.6675868960955452,0.7288965587139374,0.18488184088042148,0.6651603214415068,0.057539267234152036,0.5264462587196156,0.010254812538482927,0.04745111181500172,0.8059068700352362,0.06726295138300498,0.4801513893085836,0.05703936218653882,0.9759843011145753,0.9900324577364996,0.4517614217408127,0.28244847454251987,0.0058121306041788445,0.01918711551488894,0.6219679471079622,0.04028290661438849,0.857940088831446,2.912798030720157
