center_0,center_1,center_2,center_3,center_4,center_5,center_6,center_7,center_8,center_9,center_10,center_11,center_12,center_13,center_14,center_15,center_16,center_17,center_18,center_19,center_20,center_21,center_22,center_23,center_24,center_25,center_26,center_27,center_28,center_29,center_30,center_31,center_32,center_33,center_34,center_35,center_36,center_37,center_38,center_39,center_40,radius
0.14944710322032317,0.2271075757363058,0.8817377960721065,0.916920120476849,0.6286082176388221,0.143720779482993,0.7571298042111181,0.38863690522173167,0.9340290062935779,0.705074194214432,0.6987983854808282,0.9320406086404378,0.37382528381392455,0.9296786772823165,0.5516073954347654,0.49989319297541657,0.9100444455656365,0.4794132797440357,0.6871215413278535,0.5940060221676079,0.936694806622791,0.4239032060263731,0.9708137527384754,0.488946112762748,0.720145337227622,0.8706086507487785,0.585717044812329,0.01194106340756973,0.37757603942659823,0.6526146799380205,0.013211232005864049,0.8431119571612243,0.9870516628932922,0.7198201672521367,0.6731468152985853,0.3455541018094447,0.5345722610379084,0.7264200213903976,0.15562696951914456,0.5188895508404611,0.3981089175960397,3.3826257340690353
