center_0,center_1,center_2,center_3,center_4,center_5,center_6,center_7,center_8,center_9,center_10,center_11,center_12,center_13,center_14,center_15,center_16,center_17,center_18,center_19,center_20,center_21,center_22,center_23,center_24,center_25,center_26,center_27,center_28,center_29,center_30,center_31,center_32,center_33,center_34,center_35,center_36,center_37,center_38,center_39,center_40,radius
0.798726295954047,0.9059588727189463,0.1674140526309026,0.5241101449058517,0.8406043494751265,0.8784074408878348,0.4558062844067583,0.542242325683379,0.9515768576905401,0.49273761994888055,0.21444024986039423,0.08590537711842805,0.10657682887999775,0.10065610002956593,0.23130447993131464,0.6675598474207747,0.45780175083316355,0.07117876149862346,0.9637052468118414,0.8437278510350761,0.2716491743892696,0.6968660587917335,0.7233589990334389,0.319873846876924,0.8619137203360224,0.6863313962546319,0.0839907754738487,0.6525388503035106,0.6341772776416673,0.3840505917523126,0.4486318002930425,0.7974918319568096,0.8399212863123838,0.8537059238163935,0.9046811132713547,0.31957336467407493,0.8153338848747165,0.6237898159061214,0.5049670272977571,0.3986516776276785,0.7322268616332989,3.3844457074160705
