center_0,center_1,center_2,center_3,center_4,center_5,center_6,center_7,center_8,center_9,center_10,center_11,center_12,center_13,center_14,center_15,center_16,center_17,center_18,center_19,center_20,center_21,center_22,center_23,center_24,center_25,center_26,center_27,center_28,center_29,center_30,center_31,center_32,center_33,center_34,center_35,center_36,center_37,center_38,center_39,center_40,radius
0.1396395407585893,0.2350042371548864,0.5085737357494104,0.8502538997061514,0.9507381035470656,0.9078484117999982,0.507029804296573,0.7590186391373631,0.2028737022171927,0.6131608630354936,0.6979877190012179,0.9213959100115734,0.40637358969785653,0.057011471555970306,0.2428736977535988,0.21106425634729364,0.26396643001387143,0.083238998150311,0.7587589521276186,0.04055494431116513,0.6686412013002004,0.023316962443772238,0.9178928740542822,0.9807068164474496,0.48625075752364544,0.7798875870253595,0.4996572897806737,0.4399182650692468,0.21189257749646195,0.5594929662753167,0.4882770795959639,0.5852070557057512,0.871078449278882,0.15255651756716448,0.29296856692455653,0.28300336984622043,0.38042607944336704,0.6498479440508175,0.018316445113395696,0.3566040799023432,0.05442680754895746,3.2303334738294476
0.7949818753206771,0.8583767356403238,0.8763964951428761,0.027960983617131507,0.26583346460060087,0.6397139687224079,0.40238456630032493,0.46955397070677674,0.8150721784638897,0.5623917138292751,0.216364570964237,0.18135094382810468,0.31646699808051837,0.9424410239077985,0.4388015705328344,0.9233237561602848,0.013375139296941452,0.9791831671763973,0.8681653685870688,0.2137515259992444,0.1847886900371264,0.8926187674655444,0.361503454176738,0.74260401567917,0.7884674384254502,0.6453975773133483,0.4100371720719377,0.029816407169616088,0.27867161343361146,0.8054909718566938,0.583745346766685,0.05905028576181148,0.10257840421669884,0.6736985875023351,0.8211227973993789,0.9966173192360122,0.8791645929149889,0.22395864524322173,0.553564428983527,0.5837805945646061,0.783411321545314,3.7502465755052605
