center_0,center_1,center_2,center_3,center_4,center_5,center_6,center_7,center_8,center_9,center_10,center_11,center_12,center_13,center_14,center_15,center_16,center_17,center_18,center_19,center_20,center_21,center_22,center_23,center_24,center_25,center_26,center_27,center_28,center_29,center_30,center_31,center_32,center_33,center_34,center_35,center_36,center_37,center_38,center_39,center_40,radius
0.030984592404047273,0.5927886813938593,0.005894684698768304,0.1561190882617357,0.8116992806954647,0.11880863501301164,0.2719697537905986,0.4793939162412666,0.35966712538224443,0.7631993632445804,0.9397845471170518,0.0472035445629011,0.030069008747328763,0.406610948357071,0.22434178674553973,0.782082835725309,0.3554670342854819,0.7443438910457887,0.432396382307104,0.6567829326533203,0.5632359176172017,0.8689567983831833,0.18384520618493194,0.9298659570399221,0.4549547124573694,0.7688649893063356,0.15522420155777272,0.7536790165662285,0.3479007497422353,0.6774512987764714,0.9944181382415245,0.44861698614128664,0.18633394307665718,0.36303481852919606,0.08257225181769567,0.8305276982481974,0.013108221180320623,0.8411712937307987,0.16554253832501298,0.7899409410561927,0.7629315769426217,3.4883076235817017
0.9746366697544134,0.397405393896231,0.8295002937240368,0.8964420153643876,0.11775125107794404,0.6452088515860175,0.9617045430482913,0.49816196127069345,0.9949712626237778,0.11257814767995766,0.052249841533782426,0.9132925839985361,0.5477142129236262,0.5322245147433443,0.6838390704447613,0.6908495182533292,0.7660680730701402,0.028257798964585024,0.8181852066151432,0.22694985305810356,0.5366231192848099,0.09562780718894948,0.5484110223599168,0.2757862235660017,0.6011037474737648,0.6542633897263758,0.8134034381773644,0.0919840328958278,0.7890537318343356,0.0723766281017949,0.18305633752753403,0.9857491813425737,0.35456371657444563,0.42242684610886894,0.5966407916298174,0.05737245408248948,0.5745699652653868,0.04258422762018499,0.7730720357063231,0.6793546677086847,0.4041288523032244,3.210457685891561
