center_0,center_1,center_2,center_3,center_4,center_5,center_6,center_7,center_8,center_9,center_10,center_11,center_12,center_13,center_14,center_15,center_16,center_17,center_18,center_19,center_20,center_21,center_22,center_23,center_24,center_25,center_26,center_27,center_28,center_29,center_30,center_31,center_32,center_33,center_34,center_35,center_36,center_37,center_38,center_39,center_40,radius
0.989165292716761,0.337125407860957,0.05989988121028367,0.6407422690733903,0.8992254800546652,0.979398027349727,0.023510458361221898,0.9590422867090759,0.9156626626473543,0.031464845655921336,0.5716775326806732,0.3510934498243271,0.6933923438178925,0.37930241585687796,0.7535450400584474,0.2866092636451245,0.8242272846649115,0.8040805630455037,0.7426444364923162,0.48688974537717833,0.02762356928238663,0.7115395007920668,0.019144660986792572,0.1120708671539048,0.4394940438449745,0.07603802651686709,0.274607912367997,0.84146086878713,0.5198688786533457,0.39465608297622434,0.6793323336214214,0.6761165640261046,0.6993002749584883,0.8227606689451398,0.8917712170808538,0.09674845546652444,0.16208341274065252,0.37951347322972073,0.6159943144977752,0.03529091396119477,0.7076933851012241,3.5125602663053286
0.01848584911700535,0.7075047158044366,0.6972201529477268,0.6614673733896336,0.011194050714311343,0.1511782861148424,0.6792451022529615,0.26418099731345124,0.5305358486124833,0.9460057124804996,0.3903309586559697,0.8064039496807672,0.5790034676219369,0.018276840720107934,0.5905361276641562,0.9348175718612916,0.19433302506375416,0.17442965002379407,0.026696212025310473,0.49105813199929116,0.32123011526919376,0.04157206566524729,0.9656683705330525,0.7631165393725824,0.08489989055794311,0.6593837437673424,0.20934323610026495,0.34955849861736066,0.17344561458606778,0.6261603057771016,0.27836331355399346,0.11264862740949344,0.7416511593992623,0.03180199518070781,0.663877952450663,0.5287171648159106,0.3464284469257273,0.9899120738472359,0.06192544785434928,0.7883263788474258,0.4199638420276298,3.038194657373092
