center_0,center_1,center_2,center_3,center_4,center_5,center_6,center_7,center_8,center_9,center_10,center_11,center_12,center_13,center_14,center_15,center_16,center_17,center_18,center_19,center_20,center_21,center_22,center_23,center_24,center_25,center_26,center_27,center_28,center_29,center_30,center_31,center_32,center_33,center_34,center_35,center_36,center_37,center_38,center_39,center_40,radius
0.44320314245481063,0.07700517103455806,0.790414783040987,0.13030796337107842,0.5977325423976776,0.9433561841873045,0.9926575940011305,0.8525167664636217,0.5618771956095724,0.9013611300345105,0.32329319173169146,0.6528373226895673,0.632119106875767,0.4647336327295303,0.7938910117728399,0.02142324619665492,0.31970406848144617,0.955039098743294,0.543475160271555,0.43816872156508313,0.10616522623952729,0.8796528817347795,0.6979402863488644,0.38256105064374,0.5581378259889225,0.2090117204531461,0.5256936681717415,0.08025772163492839,0.584807664485623,0.15779935816320823,0.27000520351296264,0.726737824860201,0.6917585491501875,0.4693260772911275,0.11677273627074114,0.5293309404798394,0.9932545584339174,0.307581531756148,0.9419185580292118,0.11919540096122783,0.8403976664216088,3.527188204026917
