center_0,center_1,center_2,center_3,center_4,center_5,center_6,center_7,center_8,center_9,center_10,center_11,center_12,center_13,center_14,center_15,center_16,center_17,center_18,center_19,center_20,center_21,center_22,center_23,center_24,center_25,center_26,center_27,center_28,center_29,center_30,center_31,center_32,center_33,center_34,center_35,center_36,center_37,center_38,center_39,center_40,center_41,radius
0.8554566356547731,0.27307146483047195,0.876924879353274,0.5881440048622237,0.7434192772602476,0.8865416988707877,0.1277283745700485,0.5363911176918282,0.9639982414125188,0.20069581013590787,0.6872667904052406,0.717666004271036,0.023724695584075417,0.11710892408585027,0.9954815235687968,0.4625754090198593,0.12977198889713948,0.6912472858646747,0.7782603882460343,0.08300842057163593,0.6937476198876286,0.6599256015890641,0.30103634947622315,0.4515528058210634,0.26409724232920284,0.859874436390581,0.6581520248190771,0.7590452825473358,0.7223985987083156,0.9969635990841186,0.5375359031772894,0.4836733841907259,0.9500386495764941,0.48119873588730755,0.15755762497077264,0.29176373664625477,0.6210294916623746,0.8600210561535058,0.18054829915522386,0.2675022975029602,0.5348366848422922,0.6750645293087012,3.8047073304056074
