center_0,center_1,center_2,center_3,center_4,center_5,center_6,center_7,center_8,center_9,center_10,center_11,center_12,center_13,center_14,center_15,center_16,center_17,center_18,center_19,center_20,center_21,center_22,center_23,center_24,center_25,center_26,center_27,center_28,center_29,center_30,center_31,center_32,center_33,center_34,center_35,center_36,center_37,center_38,center_39,center_40,radius
0.7753594118867695,0.4525898144811432,0.8405411932797127,0.18561176884963226,0.7896790985139687,0.6716566443385352,0.13233145234608878,0.09210819359348366,0.4473272427579963,0.33884681783171333,0.39068517626772037,0.8681906230500934,0.9253660015221203,0.029193271708049973,0.11525326726825513,0.15798690588819786,0.008199171405108618,0.3293162614063002,0.7584649154551574,0.12255489817466791,0.20898099904935852,0.3252249089656756,0.24488401887536293,0.9895528386700565,0.7545356750810456,0.548020413172443,0.6225727654744518,0.14824798519843652,0.3894868177372268,0.3546663657234669,0.4014935192891912,0.3969920193033095,0.8367566932138516,0.33483815906383096,0.7201404431328307,0.39803131176782847,0.508258089904737,0.17879850929813745,0.8920822753920634,0.6675410202143791,0.8349287852079411,3.1470614767605047
0.8841651891765305,0.9119515044566664,0.25956975362098444,0.6784952077190128,0.36714245067533546,0.3468373151542926,0.8356743023199175,0.6825035045184442,0.15550860219515872,0.32733848292703915,0.2929560124270226,0.6539987261845299,0.1278908925989879,0.9910551399598063,0.5277314664079059,0.6591979201180282,0.872553478669661,0.028034412722267366,0.8766163563135287,0.9620302811935558,0.09896506359191093,0.739300251191387,0.6667902666374731,0.1712736877034614,0.3106096194491734,0.364788479176301,0.19384071643671563,0.8817735681360548,0.11588180716157304,0.9071333430727944,0.4828230707014137,0.6481898797498232,0.05589130657903718,0.09820898813945511,0.0003576051165168348,0.7764569063756642,0.8295079630381429,0.6977678122489229,0.704565593056845,0.2675067928767598,0.41103768474033975,3.5640781047563297
