center_0,center_1,center_2,center_3,center_4,center_5,center_6,center_7,center_8,center_9,center_10,center_11,center_12,center_13,center_14,center_15,center_16,center_17,center_18,center_19,center_20,center_21,center_22,center_23,center_24,center_25,center_26,center_27,center_28,center_29,center_30,center_31,center_32,center_33,center_34,center_35,center_36,center_37,center_38,center_39,center_40,radius
0.3628828090275612,0.5482518649671574,0.30205128844712514,0.43860446627659655,0.5688715420565251,0.23496973628918227,0.9471591689243384,0.994346748393083,0.47516153153560337,0.39350666351832775,0.5694842706293504,0.03863964823700772,0.43158250068195536,0.9558631065543719,0.7991532119516631,0.9625828935470302,0.9163866248871605,0.5873160296577982,0.9634636583260716,0.5792339619385698,0.4632821175182189,0.8434783737109346,0.31498620262719024,0.2745198865162126,0.7342472731362628,0.0804488965033544,0.9836760903927773,0.5751783460122409,0.08609376995773366,0.08143814533036442,0.37714442094682354,0.15996670038444716,0.01588471330066432,0.11031370139775065,0.4060749495685073,0.2800194094007381,0.4927301739404001,0.7414162147428582,0.1783160807853469,0.1001134291607797,0.12096754919851915,3.5049325054971554
