center_0,center_1,center_2,center_3,center_4,center_5,center_6,center_7,center_8,center_9,center_10,center_11,center_12,center_13,center_14,center_15,center_16,center_17,center_18,center_19,center_20,center_21,center_22,center_23,center_24,center_25,center_26,center_27,center_28,center_29,center_30,center_31,center_32,center_33,center_34,center_35,center_36,center_37,center_38,center_39,center_40,radius
0.03222929599933355,0.9118370300905262,0.06413482655037794,0.9191557993443157,0.5250273736406014,0.6595288232504747,0.10181999960240917,0.37701367343278713,0.228459237521918,0.1450590394965,0.5387726995078742,0.43896414638827075,0.0985542677268394,0.4479374651089323,0.2507646778122502,0.23432802570762168,0.9240799902755946,0.5504224523287076,0.9557369361428564,0.3841257109054821,0.12016964643221728,0.6178091006476321,0.49676342314149446,0.168084882410104,0.990629697440005,0.30723713510943773,0.7277124092188965,0.8344224971140398,0.8886269692899033,0.5821021463505243,0.49922706455179044,0.6038154197275113,0.7566662839332723,0.7843521598571733,0.909274760862352,0.9133783370623487,0.9491372588282382,0.2689818110774901,0.012596055039443277,0.6475395130822845,0.04870559077738135,3.0700950268036347
0.8297012008492353,0.15512376841849973,0.8612453116962087,0.3210989196876567,0.09283310831007063,0.10542514047772111,0.2469078702852412,0.28356311227323727,0.5002170593111127,0.5689744839831149,0.3721815369880659,0.08210836841836633,0.9590249123180112,0.9797285535462033,0.8960247646446369,0.946328150719145,0.8671465764992993,0.8889327463919586,0.17356625245809087,0.5694015854287389,0.9393384122677332,0.7915307593272882,0.47446991448952525,0.013747218536426686,0.5202969127999116,0.34847016805593,0.06610099295241334,0.5525755662038324,0.19515623074448696,0.07250710470034749,0.9046760052973708,0.010438118006619646,0.9241296787125818,0.2881467351904108,0.9973438538752453,0.14891258631405624,0.95934532707688,0.37906674434529275,0.80853223362038,0.9898123701767514,0.8823717931814216,3.6924758088110257
