center_0,center_1,center_2,center_3,center_4,center_5,center_6,center_7,center_8,center_9,center_10,center_11,center_12,center_13,center_14,center_15,center_16,center_17,center_18,center_19,center_20,center_21,center_22,center_23,center_24,center_25,center_26,center_27,center_28,center_29,center_30,center_31,center_32,center_33,center_34,center_35,center_36,center_37,center_38,center_39,center_40,center_41,radius
0.6884506571697021,0.22154099618403278,0.48239707763670103,0.9979135536550492,0.4640484638047907,0.1152011872348414,0.39741322555063585,0.5571147631501302,0.8603667334882796,0.07250618176498569,0.5057342701725872,0.1363256386515761,0.5002896948797465,0.17480951097643038,0.7094854156815311,0.6562470855925697,0.531797972307934,0.27476070496566496,0.28982911963912783,0.9260727121597921,0.1255385961122948,0.036798660994387555,0.14804405226359685,0.11714647866228822,0.5403594647370361,0.4112628181753273,0.48187409140273696,0.1893217049614191,0.27967785465961537,0.9103940686871758,0.05074439833835287,0.49562073875069124,0.30910664917448494,0.23849967983735776,0.6834471376356792,0.8418459660869108,0.12112524267909497,0.9325643159958318,0.7558341893911552,0.934518107884839,0.013955153990483748,0.34082219584561113,3.1974841349839136
0.8400676938680761,0.24824659815047334,0.03161312986245168,0.38632703515947076,0.8622971083481258,0.8499827386240002,0.44062499518075604,0.3303989391312262,0.4583299112194328,0.9448449490869483,0.6674612405197483,0.0646665970802226,0.047156280468250156,0.7566087585671728,0.00813155020739853,0.06753382017949305,0.08150901171630665,0.7076405000096933,0.7461888157008716,0.14833019563428518,0.7950428838202495,0.7875472549811966,0.18626876660676517,0.9572751032892008,0.7263587977057423,0.2892305762873747,0.07104588006129176,0.350047952353881,0.8171951513339877,0.7871323383301116,0.8729273288363298,0.3037387026747008,0.807112660849228,0.8244317332442488,0.9881161712535422,0.0797488595596989,0.5416561411218151,0.04360439360585111,0.11630792289990022,0.07075201986532387,0.38808786926849126,0.7585412347521971,3.441780718580526
