center_0,center_1,center_2,center_3,center_4,center_5,center_6,center_7,center_8,center_9,center_10,center_11,center_12,center_13,center_14,center_15,center_16,center_17,center_18,center_19,center_20,center_21,center_22,center_23,center_24,center_25,center_26,center_27,center_28,center_29,center_30,center_31,center_32,center_33,center_34,center_35,center_36,center_37,center_38,center_39,center_40,radius
0.6813852969703299,0.05507058768889117,0.38299945623763887,0.2017719384146487,0.38282867688749167,0.012348188422482309,0.1446634959655264,0.17955219011308976,0.18425453298511763,0.9766581396973578,0.47187017040147705,0.09983367555085465,0.9723354243809376,0.9925368750402439,0.9946369438907391,0.1658651166377626,0.39427145115955864,0.5279409808809525,0.8304260454631834,0.06280182449541083,0.19440428540387678,0.4338287693178442,0.8085743015829028,0.9641354239272394,0.95858678590824,0.8154455275008979,0.19891206332930877,0.2854060483638844,0.04342110393821086,0.2848960782740335,0.5669109352381682,0.38534118131692263,0.8048952944465045,0.3223047691608324,0.23755294282027906,0.8402841917327426,0.7196596663091396,0.7400962171778743,0.15170192607130117,0.8596595855435922,0.1444618313722431,3.377785356103202
0.9531463837641366,0.9386563345406129,0.6331866206929327,0.09081926827685738,0.8248859635897574,0.9738474043927959,0.5786946943306652,0.7123030682840549,0.5966032904769863,0.5008920881386698,0.8138031628204058,0.12149043070221466,0.9480131751806626,0.2909581515487877,0.04938890141777341,0.8470329067863845,0.7515968852991118,0.02472875019685805,0.42705119769057576,0.7851251885972316,0.9011104286874121,0.4530294338840023,0.09938724156800915,0.02326548927795924,0.9949625158084273,0.11498477508945815,0.3878537679309805,0.8004846654192365,0.9264586919236899,0.08270619802727308,0.05340727310759186,0.16355211211683274,0.9457582685907798,0.14281659204819108,0.8688944430089726,0.3937477518378494,0.8879912615656714,0.9345677905266295,0.8614449715287692,0.2496514124153748,0.43595986138286835,3.7361954892016067
