center_0,center_1,center_2,center_3,center_4,center_5,center_6,center_7,center_8,center_9,center_10,center_11,center_12,center_13,center_14,center_15,center_16,center_17,center_18,center_19,center_20,center_21,center_22,center_23,center_24,center_25,center_26,center_27,center_28,center_29,center_30,center_31,center_32,center_33,center_34,center_35,center_36,center_37,center_38,center_39,center_40,radius
0.1508011219553359,0.48828823288726697,0.03906778929827659,0.907631413123548,0.10931719742125023,0.3076316428181062,0.7895870091066799,0.5794423031336556,0.044478250014132414,0.09613569219916063,0.9691061291698422,0.6594916232275505,0.9472685436775026,0.5035704131291867,0.9368672567543929,0.900543318523414,0.6652283271429673,0.20178848999586907,0.7062997442416107,0.6968241790397273,0.122242264720405,0.11442967962542805,0.20044775203174336,0.5580217713637361,0.1070277908509929,0.17306736087869956,0.7460110667436665,0.8435063278471016,0.2445556795224446,0.931725553443497,0.4282315695184855,0.7456993612094538,0.22523629760989394,0.8781395497755116,0.4148945458576173,0.5298769339662716,0.5712186649526734,0.13160385643682937,0.6544006474139807,0.5806286338022603,0.620401833162237,3.13390554841243
0.7569057833694134,0.8443550180057464,0.6451530773029406,0.9166946841210504,0.8569138711175665,0.9839622430118453,0.6370552855262098,0.8113471568048762,0.5433112949842825,0.16487210851084877,0.9239078323895182,0.4380846344938525,0.20681762837110795,0.2159305698382411,0.7471379969772417,0.2691212658848572,0.19020937542618888,0.6325873191076252,0.14104912402434455,0.056396245511989074,0.8926983847858302,0.9397722416017356,0.9250671358275789,0.8129236212219213,0.9579779012869252,0.7753161236020135,0.03556302816292434,0.5714313225755366,0.9919813969078138,0.18601210486948017,0.4088315351242616,0.15035597339184614,0.034564403791750964,0.7354416080013717,0.1521269391044795,0.30831842436857926,0.7091813646815694,0.16007787643174953,0.3754173853244307,0.7426133785751614,0.11514669084330376,3.3591316032866376
