center_0,center_1,center_2,center_3,center_4,center_5,center_6,center_7,center_8,center_9,center_10,center_11,center_12,center_13,center_14,center_15,center_16,center_17,center_18,center_19,center_20,center_21,center_22,center_23,center_24,center_25,center_26,center_27,center_28,center_29,center_30,center_31,center_32,center_33,center_34,center_35,center_36,center_37,center_38,center_39,center_40,radius
0.45657218557910595,0.35395118179805773,0.2873068141022548,0.19117801796548017,0.8061136890756305,0.8947603889960263,0.3581320859435718,0.021519208097972142,0.5116796698323052,0.9292718190402001,0.6158218499913248,0.4998807486484862,0.8766711739157855,0.8295306915856937,0.06278589402969459,0.1801804819924504,0.37038163143012803,0.36029433600344885,0.9922324318632065,0.31792642139940674,0.3512466797682685,0.748328046115142,0.16144451985392227,0.5009788555034361,0.6965809376699577,0.490032765234215,0.7495136665592653,0.05608785744876699,0.5043660283606533,0.39320060886389063,0.4088306522302534,0.8392962260147308,0.5712741437613469,0.026985539306955908,0.7434279568223041,0.8379390486013523,0.3691076314703786,0.8324223853009047,0.7899107512527723,0.17852062888289244,0.5759408228074637,3.3841691641345983
