center_0,center_1,center_2,center_3,center_4,center_5,center_6,center_7,center_8,center_9,center_10,center_11,center_12,center_13,center_14,center_15,center_16,center_17,center_18,center_19,center_20,center_21,center_22,center_23,center_24,center_25,center_26,center_27,center_28,center_29,center_30,center_31,center_32,center_33,center_34,center_35,center_36,center_37,center_38,center_39,center_40,radius
0.20542168300400865,0.2230797627647796,0.33809546310535277,0.8117949768631704,0.9146539372862011,0.32369101736116135,0.2811413301952933,0.6269359228598356,0.39376659423937777,0.1274517837775001,0.020003706102242558,0.7207367326688424,0.1359003560501798,0.22468037839256938,0.09339169763853628,0.8476105903527441,0.9220622117771361,0.3532117460951072,0.8161939164695986,0.1498738138597525,0.22530004687118188,0.9351274796294735,0.759123404902138,0.6121295735236593,0.19778918331536488,0.8615998860042419,0.24490940824230467,0.971837221845914,0.7857748568998079,0.17407697323297378,0.40944795056410344,0.8112370359519181,0.8351186351077203,0.7099794980197149,0.8763003361825543,0.676584696188291,0.72267487644665,0.992614152795626,0.6303901753545369,0.5004365625331275,0.0345258376541816,3.233652431818595
0.5158025387804623,0.637552246426322,0.7075851886695947,0.390155209749649,0.010583228407758938,0.6475461331206903,0.7634913888173952,0.13592330958466237,0.3871709241291432,0.6387929380922144,0.8194737843928765,0.2573511222662529,0.6434042337540873,0.9249423871758922,0.5504046953450613,0.779655279535041,0.22352378730285194,0.09460232441851157,0.28399479570794217,0.511749566396997,0.19950495498613674,0.8806903290653116,0.1877293847464272,0.7089540241768917,0.8388158898984998,0.7864148772266398,0.9710830284304488,0.32434669439969277,0.4848037958963588,0.9905591943649981,0.9463314451119823,0.23539667357916427,0.01883548114932665,0.7236344505826341,0.33330159406009807,0.31925779842353463,0.010349381731987739,0.14482230862997147,0.23049595047598503,0.011082116534421038,0.8637711755792662,3.198058766411978
