center_0,center_1,center_2,center_3,center_4,center_5,center_6,center_7,center_8,center_9,center_10,center_11,center_12,center_13,center_14,center_15,center_16,center_17,center_18,center_19,center_20,center_21,center_22,center_23,center_24,center_25,center_26,center_27,center_28,center_29,center_30,center_31,center_32,center_33,center_34,center_35,center_36,center_37,center_38,center_39,center_40,radius
0.2819485798753787,0.20681153283277443,0.3156668148178835,0.8916894136017065,0.43494540363395995,0.9862880602938916,0.4505753228422209,0.7665443570071719,0.3667604187045831,0.8728630440531461,0.8180822922746463,0.33916735593110836,0.32098035426590543,0.8285564965109031,0.6029520908413906,0.27340288903352616,0.4094024615406854,0.9909259937631381,0.8782957511095669,0.8639376871579724,0.9297919202248182,0.7209723195536556,0.37113413987383537,0.06042422371068967,0.3885107534483151,0.13574758868412962,0.6059636246899491,0.7995498623549868,0.9705185632494537,0.7193591847159372,0.6120997194931856,0.3834352471474898,0.7524987209283042,0.5627867338445173,0.770535460763678,0.7249372243071486,0.7384094386988245,0.5825343499773394,0.23041786657924335,0.4404541418390675,0.2782557854795149,3.543906759207283
