center_0,center_1,center_2,center_3,center_4,center_5,center_6,center_7,center_8,center_9,center_10,center_11,center_12,center_13,center_14,center_15,center_16,center_17,center_18,center_19,center_20,center_21,center_22,center_23,center_24,center_25,center_26,center_27,center_28,center_29,center_30,center_31,center_32,center_33,center_34,center_35,center_36,center_37,center_38,center_39,center_40,center_41,radius
0.1573222604633574,0.1928364131364133,0.6817766810339682,0.4510637842705122,0.9411273714538805,0.10880632060464945,0.8926320055755689,0.8382334014405595,0.8551466712242003,0.20221022212252382,0.860586254344222,0.7389568818762003,0.26889626037386205,0.2580412730377848,0.8957595267602955,0.7852066396987119,0.5940012366324985,0.9813144048424759,0.41945198507121484,0.3373109586306756,0.5164987287078351,0.5328335542486844,0.6830931193179895,0.40739780743499665,0.3774917335401773,0.5322930389733246,0.8894607498628038,0.14256248284770434,0.5300401493712165,0.04704286969222704,0.8345989048749988,0.36278547641739434,0.02572538027629445,0.8903273008653255,0.3415092743318231,0.07000288535684618,0.6387349440624082,0.65455321778443,0.9238477609907991,0.7838824171989595,0.7487803657724864,0.8842304085900624,3.797894374177274
