center_0,center_1,center_2,center_3,center_4,center_5,center_6,center_7,center_8,center_9,center_10,center_11,center_12,center_13,center_14,center_15,center_16,center_17,center_18,center_19,center_20,center_21,center_22,center_23,center_24,center_25,center_26,center_27,center_28,center_29,center_30,center_31,center_32,center_33,center_34,center_35,center_36,center_37,center_38,center_39,center_40,radius
0.15422622580932077,0.7754825083904473,0.3606412056662066,0.620329290020615,0.7527342638561799,0.8561471039196263,0.7972421373119416,0.61869279343347,0.09422959272019471,0.09063316696094115,0.363863721529455,0.8529994804311796,0.38650249489215116,0.8974114042220224,0.8051338381067588,0.5143399932478907,0.7643077157045622,0.5989356665403871,0.1638116473182425,0.27991337641714287,0.48380950694322666,0.9444463127833479,0.5665945200075131,0.6553375380650931,0.6866005389989863,0.00965573881842674,0.17942708527750106,0.7046642135042802,0.9780232644966778,0.23538169259726727,0.9573439694123838,0.4604745828703384,0.07732022928824,0.6043074469004265,0.8398230914896311,0.14323867180320038,0.5811549613599751,0.1537941577211437,0.6821210340476606,0.30895663061153156,0.9063981253059803,3.180647386612619
0.9202140189993903,0.10999310139050777,0.8654757494121831,0.29831193648829224,0.06928382245212061,0.16294227971698594,0.29356744980241867,0.772212963001584,0.2768537282720873,0.47259117761135416,0.032151457145971785,0.039455069332731574,0.5870904807188675,0.410530317209877,0.8627423322821655,0.7415936072213544,0.16245543872559765,0.9334533441295806,0.19503264753836413,0.9017938584632416,0.49847885030010364,0.019585503920814595,0.6207952189983166,0.19362197269603476,0.060269106811697504,0.9759912573746305,0.7355025041429224,0.2997045750192807,0.8860189248251652,0.6108422486284664,0.6575883630586992,0.9105264121971417,0.8143495518833226,0.6018189607601687,0.4849591736838774,0.42495928661253357,0.08086325474068001,0.7004658783878798,0.0059520061743296715,0.926973391746194,0.6086734909664718,3.072123043087872
