center_0,center_1,center_2,center_3,center_4,center_5,center_6,center_7,center_8,center_9,center_10,center_11,center_12,center_13,center_14,center_15,center_16,center_17,center_18,center_19,center_20,center_21,center_22,center_23,center_24,center_25,center_26,center_27,center_28,center_29,center_30,center_31,center_32,center_33,center_34,center_35,center_36,center_37,center_38,center_39,center_40,radius
0.79861922232295,0.03454345322935548,0.47260362562984215,0.2951224512692455,0.9874785811578425,0.5432258342245405,0.6356577847611579,0.1875690799006693,0.8101822039522975,0.5073858745713975,0.40786581595779503,0.7911159329876174,0.3609541585836211,0.4592296894257476,0.5264577734941113,0.9363808540715151,0.7213272778415873,0.8685766000835186,0.485339821454675,0.5686076383998814,0.19854248981552647,0.31318779039609623,0.6518323608593023,0.05795226524647645,0.4838969905208803,0.5204580291412881,0.42450831971209657,0.42033472136097016,0.5208736329678615,0.3475203892977786,0.3996700091830867,0.9909068046400173,0.4820440572385395,0.9237006715437219,0.4452427410052714,0.4074542575020905,0.30224957343770775,0.9648310914389278,0.43238310359202814,0.06411336667892109,0.38315840918064814,2.9060169668162703
0.5380870958864276,0.8736686432632009,0.9115879767480938,0.21245147010242493,0.14603288697245753,0.02887068307220131,0.18047203287610958,0.9479190091121892,0.03502631987888116,0.855424312115996,0.2834589540451986,0.280072303344467,0.010509910975065817,0.9695285520047159,0.8363007542401844,0.011003727446657008,0.8661567816764258,0.6334129180736687,0.809618700359042,0.9695530055635221,0.862261492873182,0.6479408641524133,0.1722803004245066,0.6285925695101848,0.9046098283070807,0.3306866465197904,0.7539959734460513,0.6776704348467697,0.4066268565635228,0.8140413658763126,0.07875038357632058,0.986228070249338,0.810397904008984,0.6472759117463143,0.630313591185702,0.275004999414605,0.10362866597221598,0.023073850938171603,0.8059241709788568,0.6832497442667276,0.9075489077267201,3.325723931153734
