center_0,center_1,center_2,center_3,center_4,center_5,center_6,center_7,center_8,center_9,center_10,center_11,center_12,center_13,center_14,center_15,center_16,center_17,center_18,center_19,center_20,center_21,center_22,center_23,center_24,center_25,center_26,center_27,center_28,center_29,center_30,center_31,center_32,center_33,center_34,center_35,center_36,center_37,center_38,center_39,center_40,center_41,radius
0.04790454384519449,0.13939394582875309,0.42519226135768406,0.19030872171445812,0.3833384622512066,0.48901248885347515,0.9272022875708574,0.9868523029353663,0.0785392225720537,0.4039011198121396,0.3093329364409416,0.6246870915101962,0.36857481492362065,0.2933073020950042,0.3580963110668566,0.4977181688219572,0.04514503390355251,0.554487195915727,0.14437228463090346,0.26328027015176414,0.08445879625579111,0.013274135230419093,0.5235926951618282,0.8941818946405002,0.6005390254688345,0.9327778387723392,0.48666825249493495,0.5729416691201107,0.33922775565402474,0.8293008090119205,0.9721401962007553,0.7828444887035229,0.9916072946680673,0.26113628571846803,0.9379998633390487,0.3910330249431855,0.5788024492684022,0.039081671391018036,0.3285792439209624,0.8468885491291533,0.6607982484564648,0.24782409053963927,3.5005024695335383
0.6867769202050048,0.37287212469268827,0.11144385111876787,0.9845028552412284,0.5072556001526975,0.06173667469937161,0.021366407278151978,0.04128262147241046,0.27569704263912287,0.9608991232333136,0.25615333492646775,0.9160539349587153,0.039638502104869855,0.5678718160992375,0.9308228972575127,0.5953797342318604,0.9808769295902451,0.24024289644897712,0.5490385379423486,0.9928399794951243,0.6994626647975989,0.8741656556212895,0.5656765472959195,0.03184958928339987,0.8146367921201374,0.3287826773552832,0.1506995145561103,0.25587051787827286,0.909715654634435,0.13541379133691311,0.23615799055599318,0.3246290668604549,0.004331591972115412,0.23945459977026917,0.13081654636340145,0.1799856518685412,0.42343586079286166,0.04924922585997027,0.06514951310269568,0.04871607933479227,0.9478604582442871,0.8461352996732389,3.0388739071292203
