center_0,center_1,center_2,center_3,center_4,center_5,center_6,center_7,center_8,center_9,center_10,center_11,center_12,center_13,center_14,center_15,center_16,center_17,center_18,center_19,center_20,center_21,center_22,center_23,center_24,center_25,center_26,center_27,center_28,center_29,center_30,center_31,center_32,center_33,center_34,center_35,center_36,center_37,center_38,center_39,center_40,radius
0.3116057626250732,0.01756502371413493,0.46113858415178877,0.10604512361037444,0.31424481564936013,0.45560001114448845,0.5113050868100322,0.8781534137948688,0.6869106478555691,0.9351920284168822,0.6208279068969647,0.7205021739390877,0.3939057637198594,0.7792745716014609,0.40430973531955605,0.657723322109282,0.2348603060902109,0.6344377986101981,0.9496698016782578,0.6782628122911424,0.2777273664891361,0.9577818928355287,0.5302383920651412,0.4750432857182588,0.49752852282596294,0.8568295346111395,0.26167600644966504,0.18691054998535717,0.23022027525253952,0.8183133203223374,0.5693450747252915,0.3553277126910608,0.8855960938527554,0.41179388378758597,0.8497257297564473,0.39965596613844023,0.6039970349800836,0.14653949188781434,0.864390402901838,0.6898841545925991,0.07175192862766278,3.4413758603219544
