center_0,center_1,center_2,center_3,center_4,center_5,center_6,center_7,center_8,center_9,center_10,center_11,center_12,center_13,center_14,center_15,center_16,center_17,center_18,center_19,center_20,center_21,center_22,center_23,center_24,center_25,center_26,center_27,center_28,center_29,center_30,center_31,center_32,center_33,center_34,center_35,center_36,center_37,center_38,center_39,center_40,center_41,radius
0.9963470298046726,0.9102038370332124,0.21575758087950658,0.18302919482724034,0.3212379290066868,0.19479742642936615,0.0005043978602174981,0.3860386061859714,0.7089191692026561,0.33616321914307157,0.9759667200176827,0.8250264580294634,0.7188704742675498,0.49710609480709866,0.20607670941309453,0.3350643867944385,0.5971195324556022,0.15516250910416385,0.18850136008219542,0.5159544780211317,0.7632677885139401,0.6210539272046466,0.9699117700331934,0.5450088144869265,0.16657813349194595,0.838397711318373,0.5753631232711194,0.8800532654068397,0.5396356941279621,0.428860029755739,0.7564013561517654,0.5736413016948587,0.4518081367698219,0.8609204523340507,0.41261294517080627,0.3873211342193347,0.11806583411563076,0.2393427222189325,0.49639186499026067,0.5078541295667133,0.319504504770905,0.29553003531867916,2.9210315340479647
0.20672251782192042,0.6593546785749462,0.3471539743545371,0.5791181656543248,0.4475803936981292,0.9663009964980802,0.5392158651192736,0.8663776285157647,0.6033377528416243,0.43751228255936037,0.6433885240707351,0.03755048937477257,0.8929770682566591,0.20996566310070142,0.8281196673176143,0.11490385415803317,0.7897477841733578,0.20117620318487717,0.9372580262180551,0.7913649641960147,0.7812792635623524,0.7847283526191309,0.1365419043462206,0.4720516467341115,0.942533128713376,0.012966595321125207,0.039117498936279804,0.07502203059709944,0.9935237868585204,0.1253680305386462,0.8612485677033104,0.9628416812031954,0.9351667378016519,0.2480077030538267,0.207860864038381,0.4116696282879302,0.7206412692999593,0.9857662317726623,0.6716799364390142,0.8809639221409807,0.5683323285069724,0.5885664327117365,3.7191451273996465
