center_0,center_1,center_2,center_3,center_4,center_5,center_6,center_7,center_8,center_9,center_10,center_11,center_12,center_13,center_14,center_15,center_16,center_17,center_18,center_19,center_20,center_21,center_22,center_23,center_24,center_25,center_26,center_27,center_28,center_29,center_30,center_31,center_32,center_33,center_34,center_35,center_36,center_37,center_38,center_39,center_40,radius
0.05987824054725832,0.5747959661646332,0.961019327959113,0.46247943068384745,0.1744329926309952,0.8935274787874518,0.7938280220434014,0.4449019608158681,0.3748951301188417,0.6043425844395351,0.7714576293376844,0.7601216563006472,0.17800170013386085,0.46257489707990684,0.6103562623471154,0.7720788557788311,0.885443049465168,0.9972711889214135,0.05121378875649396,0.43598828132809997,0.8483414426986399,0.230866071030439,0.5522445964169477,0.6781062315838154,0.39855904886778737,0.48613082879465563,0.40608822474333206,0.5487835592811472,0.05344615980892753,0.5811949918053877,0.47335082014004115,0.5142162808447055,0.347607305182039,0.9853454077111305,0.4680231351022436,0.5061556586318079,0.37119748776091155,0.2686370224402761,0.3137597275849049,0.332018395656947,0.7931609433137468,3.28380314468752
