center_0,center_1,center_2,center_3,center_4,center_5,center_6,center_7,center_8,center_9,center_10,center_11,center_12,center_13,center_14,center_15,center_16,center_17,center_18,center_19,center_20,center_21,center_22,center_23,center_24,center_25,center_26,center_27,center_28,center_29,center_30,center_31,center_32,center_33,center_34,center_35,center_36,center_37,center_38,center_39,center_40,radius
0.3182179414495132,0.03325141436907442,0.2295469915970587,0.0672953432235377,0.8435495849753365,0.43629405661861087,0.9282435318672121,0.43577615756315824,0.3855999454786756,0.6998471582787785,0.6030557584917323,0.08171445847332892,0.35767378786312687,0.21926541304660607,0.1616205693480779,0.7402420144310744,0.5598160398073275,0.8417447051292,0.7573758199405383,0.4638788456871068,0.7471155470718316,0.45398623923557124,0.5078544046706098,0.9795075620275725,0.8209765219499011,0.7631516055147884,0.06473339656832022,0.6309313433850479,0.49327119086899307,0.8978015738012803,0.012480343267987859,0.3882628620156765,0.8398623423255561,0.7751485932731682,0.6570817008217866,0.2213941968339248,0.8562668914516176,0.8350044430528474,0.4428597517333138,0.1982858467193015,0.28109325599395263,3.5216850420980195
