center_0,center_1,center_2,center_3,center_4,center_5,center_6,center_7,center_8,center_9,center_10,center_11,center_12,center_13,center_14,center_15,center_16,center_17,center_18,center_19,center_20,center_21,center_22,center_23,center_24,center_25,center_26,center_27,center_28,center_29,center_30,center_31,center_32,center_33,center_34,center_35,center_36,center_37,center_38,center_39,center_40,radius
0.03451767986764642,0.014197970488150524,0.6526465628056805,0.5576775718444271,0.1569838961401836,0.4764053737057371,0.6959179219760525,0.6189112758735699,0.7628543739730473,0.6294308933549105,0.050737500444458905,0.23493928154678445,0.8038733945262392,0.4006753573389441,0.8466243002286221,0.6314840913240841,0.4087637722660755,0.5774770539930676,0.5587209916527104,0.7206581302495113,0.3883899926433264,0.14625095194676363,0.5548970003840754,0.14546327910310908,0.5613781525176064,0.5231440512006571,0.519871257651312,0.6804424142156665,0.684947806491111,0.0240631720860478,0.26958518954438515,0.821629127589958,0.9672607163106054,0.28222253439198086,0.8917767240397095,0.9212204892727073,0.4032020468413251,0.9684309248893402,0.23323304965459213,0.3880727145841233,0.9269399182125642,3.3543790226749843
0.9939732164299312,0.9731798013176747,0.02411494433270056,0.92687310114923,0.856327405178343,0.961200111573564,0.1499786247128101,0.7050374651183507,0.17762694809461133,0.8741268852708912,0.8148910129181272,0.1020180616825701,0.7956444864460106,0.6830466012561139,0.011078676145482524,0.09115808180637841,0.4902905390651512,0.9021571126753908,0.3272565889068667,0.30653047891224594,0.5159102709892588,0.47043583096467845,0.3587927167234507,0.5029547592269031,0.6868894158409904,0.9502741074461903,0.03872017057176991,0.6989348193728897,0.4881851922694507,0.8329599008254019,0.18963854455132256,0.6533335589800473,0.27033828928241255,0.8949624082890989,0.08239649714501485,0.10800593420768445,0.011306039048476935,0.02074354628037023,0.7692235734993194,0.047122619004288935,0.19374884883966204,3.261420184294937
