center_0,center_1,center_2,center_3,center_4,center_5,center_6,center_7,center_8,center_9,center_10,center_11,center_12,center_13,center_14,center_15,center_16,center_17,center_18,center_19,center_20,center_21,center_22,center_23,center_24,center_25,center_26,center_27,center_28,center_29,center_30,center_31,center_32,center_33,center_34,center_35,center_36,center_37,center_38,center_39,center_40,radius
0.633234706711558,0.5260113868764846,0.40965939108221017,0.7361372276336177,0.07543241369116971,0.5841838929659381,0.9566912216350657,0.2951580966280517,0.9081316328316039,0.2160930927093625,0.7796753676421819,0.024918974934375004,0.5654843385228638,0.6644249610676489,0.4154899922015317,0.5762485428128172,0.760282723796305,0.9338531030393219,0.4425757848461226,0.8500032102115481,0.18122234091833844,0.7615889683954631,0.6821898815282428,0.36250916860076754,0.5458891598390244,0.1445839270113275,0.7281457660796162,0.5400728056976425,0.01659904522224409,0.3311826868581238,0.7751285225242808,0.023114684732892687,0.5835589373374345,0.008949577352925564,0.4750925801486672,0.5904314546589644,0.29731402862202705,0.14089925172136386,0.825230270309557,0.9011904127044617,0.8388844493261888,3.4863882483943036
