center_0,center_1,center_2,center_3,center_4,center_5,center_6,center_7,center_8,center_9,center_10,center_11,center_12,center_13,center_14,center_15,center_16,center_17,center_18,center_19,center_20,center_21,center_22,center_23,center_24,center_25,center_26,center_27,center_28,center_29,center_30,center_31,center_32,center_33,center_34,center_35,center_36,center_37,center_38,center_39,center_40,radius
0.9185467963539902,0.3126931603294887,0.6781822465276822,0.12711404123084136,0.32887747280235213,0.6367525604276519,0.7357699070617894,0.017795088186891017,0.8008256287509388,0.31454683721864973,0.4640679370328905,0.45884939245909384,0.5727605219794907,0.8595250899182825,0.05811067257470559,0.7229462239877057,0.34206275806674213,0.3406391945642626,0.10008051777714155,0.20226973136478332,0.7089896196482391,0.2793710990972601,0.8368489484065809,0.14278260224752837,0.7315474173907953,0.6944940919238248,0.08482821080021896,0.8751033914553826,0.5037019285836444,0.8228580192701798,0.4180231854194676,0.9758762225324338,0.6509676411972841,0.2474499454173653,0.515169317809845,0.2884632704415745,0.9435512715757681,0.7918926864075557,0.8696873426230844,0.7478879236582776,0.9904682049509783,3.3783257023931696
