center_0,center_1,center_2,center_3,center_4,center_5,center_6,center_7,center_8,center_9,center_10,center_11,center_12,center_13,center_14,center_15,center_16,center_17,center_18,center_19,center_20,center_21,center_22,center_23,center_24,center_25,center_26,center_27,center_28,center_29,center_30,center_31,center_32,center_33,center_34,center_35,center_36,center_37,center_38,center_39,center_40,radius
0.6262441655995801,0.705895917433663,0.532815109888022,0.14278312876400212,0.4915171911276387,0.3087260983935115,0.7989067712339983,0.9012045643251011,0.5121601084066384,0.5282222596237517,0.5174820513015509,0.20695181094579496,0.01423953346119966,0.8286347681488395,0.22516526023250327,0.08491836436193312,0.12285310157321727,0.6509953979180981,0.5994678660203396,0.9895276065796865,0.7910252235499959,0.23202950441881431,0.9303292536419359,0.31937397872874007,0.5421343662777552,0.021453119237023643,0.9437136919918655,0.11523018065739044,0.09002999029684589,0.504839314901626,0.3689200187183117,0.34394167399960585,0.19802924415782464,0.34753809495849275,0.9902551557352226,0.6177787463223158,0.6557870460845031,0.02986515690751057,0.5124994668980773,0.581924131135766,0.7156457937105604,3.588561070431861
