center_0,center_1,center_2,center_3,center_4,center_5,center_6,center_7,center_8,center_9,center_10,center_11,center_12,center_13,center_14,center_15,center_16,center_17,center_18,center_19,center_20,center_21,center_22,center_23,center_24,center_25,center_26,center_27,center_28,center_29,center_30,center_31,center_32,center_33,center_34,center_35,center_36,center_37,center_38,center_39,center_40,radius
0.516880537401648,0.29016105834159867,0.9639404019312179,0.7103505120553584,0.9147055543039014,0.23873450740035707,0.8910618556269169,0.8064903335121297,0.6022760619450084,0.05877212919263908,0.23570068621455253,0.824105625877905,0.46964923186887286,0.8549603336531649,0.5321691106401107,0.9386288731578485,0.10891303804506747,0.2165686950571536,0.4773752369537567,0.001799596635443268,0.3025938042648919,0.1290033701625911,0.6052830008042837,0.17475289052469134,0.3724794079302043,0.29482315890659705,0.06251798389425933,0.9711385449470957,0.41379403611635623,0.7678090919550657,0.28636049518332163,0.06278255402961341,0.41174179890617946,0.6294735450114785,0.010778395721031675,0.22779451944256057,0.922951850272304,0.6440498245141958,0.644283516893327,0.9009426949780653,0.7102290662296054,3.2056023457873106
0.44840627977142977,0.14899043751772123,0.6581806192629571,0.5912427025236122,0.8348375523215638,0.31778861991089136,0.1740879535223353,0.02080073007430472,0.020276662121617273,0.8149503366559441,0.5622420551119535,0.13815568427718083,0.8427278137534139,0.8937650185080535,0.15522126516034085,0.18844539191331044,0.7042225001706917,0.09888541517062599,0.6879333936062884,0.1505525424985602,0.4456177943273878,0.9639883125458851,0.12791306089737964,0.5541085654516235,0.6016072574746516,0.8951537408098069,0.9101301923969264,0.09217588744857852,0.858930409400422,0.09882298518022037,0.4944273901711357,0.6455042770005702,0.9334274010686697,0.5774274296544691,0.8843525916078337,0.717162874684952,0.043292253166478334,0.21030902004255192,0.09828125497947826,0.4982701843521721,0.1907990172094841,3.1896653217543296
