center_0,center_1,center_2,center_3,center_4,center_5,center_6,center_7,center_8,center_9,center_10,center_11,center_12,center_13,center_14,center_15,center_16,center_17,center_18,center_19,center_20,center_21,center_22,center_23,center_24,center_25,center_26,center_27,center_28,center_29,center_30,center_31,center_32,center_33,center_34,center_35,center_36,center_37,center_38,center_39,center_40,radius
0.14735510250933892,0.536921225816884,0.41315971717165023,0.09148162391334647,0.8663444988497734,0.3463162975142874,0.549757015898131,0.6464322256347514,0.8630937801618782,0.9962230334241866,0.6343947931317825,0.5488773228445213,0.11718620610156927,0.9812261217887959,0.9842306189847143,0.1807621371497814,0.40198597589208507,0.5510463625331901,0.7508735791332585,0.3204327308627798,0.8966423283470176,0.4018148408769373,0.39710922156838957,0.17172711622274317,0.5965906363385393,0.297206529510906,0.1367474406653929,0.4957213281467987,0.7530044947119396,0.28447252383849264,0.6181136754692734,0.4570136697908054,0.16939234051968566,0.08160973387987813,0.3563276917580456,0.7883534331537813,0.2742835190142531,0.16457243033498725,0.5385173631006042,0.5463032930997531,0.052147174233790894,3.016947746222203
0.846307508161217,0.06716250045537753,0.5949753795395741,0.3150694966507094,0.972182099817938,0.9756528616950987,0.6862341697986895,0.886775452436878,0.6540511385244853,0.35353044831538283,0.973967845979772,0.7291213306090903,0.7147344512148276,0.11383407205315998,0.2218424525717888,0.8197276926154101,0.2987490924075282,0.05675072035102491,0.1269584246072668,0.11342917644966855,0.12458052047726553,0.11743463379851782,0.6625886660167839,0.779321565593783,0.6973678578178326,0.35529586717986794,0.6294764309559816,0.9508439304059628,0.15689183696976328,0.03003315206428603,0.3953989981472672,0.11363329705894276,0.011705703104249676,0.8667270521637553,0.8670409358405323,0.15266921695911617,0.7259751826972844,0.7373084829233439,0.27771835231576203,0.5507213878234717,0.8675500144649878,3.410070616467143
