center_0,center_1,center_2,center_3,center_4,center_5,center_6,center_7,center_8,center_9,center_10,center_11,center_12,center_13,center_14,center_15,center_16,center_17,center_18,center_19,center_20,center_21,center_22,center_23,center_24,center_25,center_26,center_27,center_28,center_29,center_30,center_31,center_32,center_33,center_34,center_35,center_36,center_37,center_38,center_39,center_40,radius
0.2539598538085406,0.41167546004206335,0.798491125843792,0.7030477240810091,0.9925614120648852,0.1303957939183501,0.7575633037753788,0.6030012730634934,0.5489635292807477,0.3748053538946995,0.554480503225131,0.24668350365269665,0.5409680759035594,0.8052547533542774,0.5473272088406145,0.5870834371331104,0.007014102981687587,0.5057816812103533,0.9306825321986376,0.013382505192592986,0.3744865046813475,0.44610853439952425,0.2470085816286537,0.13745610121793617,0.4842589994288924,0.14920684318294297,0.010954811207852244,0.9615947065786308,0.8073062307293142,0.8522084330594795,0.8289331839594618,0.7114701437623779,0.9434093644507873,0.9159571778857417,0.24772969443033532,0.8472698283051001,0.7256713255219432,0.9942989513429965,0.2522456735487075,0.6459865376961904,0.5379099095892617,3.1760911800422527
0.43918442442366823,0.8589609042573434,0.1891173327806137,0.691052313465988,0.9336956532506063,0.09855822385377344,0.9356027388455789,0.05421225283628839,0.8111800516805789,0.7751029339319195,0.7064174541690776,0.7145319013127627,0.07441689127585338,0.5648263625433934,0.989597516167933,0.8629031921176956,0.8649789345150716,0.20330216509342458,0.7444368754141827,0.48648869655786775,0.8852747444401459,0.5169552699302281,0.9254476701236787,0.8801358269056196,0.2786690908724876,0.48959332290629254,0.9105116424958494,0.18961976768982391,0.16117924346006351,0.12057582429435665,0.8016585908924331,0.0059489013365102705,0.021285872188947286,0.3117196001465081,0.774703421561685,0.5982359553703026,0.8459500272784549,0.2656367452714895,0.9942398805155129,0.17513939786364685,0.617238966615101,3.6803174255305495
