center_0,center_1,center_2,center_3,center_4,center_5,center_6,center_7,center_8,center_9,center_10,center_11,center_12,center_13,center_14,center_15,center_16,center_17,center_18,center_19,center_20,center_21,center_22,center_23,center_24,center_25,center_26,center_27,center_28,center_29,center_30,center_31,center_32,center_33,center_34,center_35,center_36,center_37,center_38,center_39,center_40,radius
0.8190981555360822,0.23800683133598843,0.7233029585179725,0.4619643184584409,0.688816200108589,0.12834657895706036,0.7837131573695462,0.6238019397830484,0.9352090255692432,0.6610560219344109,0.4181189796489523,0.16148012514649568,0.48997948199377317,0.5029017520633022,0.4974682841421182,0.3937696887883926,0.9617693883044943,0.1150019924377711,0.4767051817140282,0.5537019242915971,0.8811732505298611,0.5009273624410696,0.5974124761203562,0.7166449834597935,0.16764474341548796,0.24811793370521185,0.29015480769625746,0.5838673524948031,0.32919493298797287,0.31997350097891586,0.7992580794217559,0.35280044356939055,0.6773143425372136,0.1403682333283992,0.3195621914152761,0.24653743602197997,0.8813576926537073,0.5850794236880996,0.06703027164558062,0.8844924654773033,0.12707257327992616,3.3847972765849117
