center_0,center_1,center_2,center_3,center_4,center_5,center_6,center_7,center_8,center_9,center_10,center_11,center_12,center_13,center_14,center_15,center_16,center_17,center_18,center_19,center_20,center_21,center_22,center_23,center_24,center_25,center_26,center_27,center_28,center_29,center_30,center_31,center_32,center_33,center_34,center_35,center_36,center_37,center_38,center_39,center_40,radius
0.08932814398904443,0.3914706765084175,0.5261323577455873,0.22583266777380084,0.12839232703896863,0.8458331255163476,0.9611873533605313,0.0555693050076016,0.5417151620996538,0.6067874639881663,0.4345625227654927,0.03099439974914253,0.18109273129480252,0.6752827470483433,0.04868532981726892,0.6903239247365941,0.2937575996116998,0.24560460562833464,0.815963370342609,0.1506690016515505,0.23470446937457945,0.4244212833973644,0.6059311244068077,0.19113248733489463,0.3854635031142085,0.12875569306540713,0.24577883682394064,0.25049922077335207,0.7619625610325019,0.16269692649381484,0.7006506495012961,0.729498917262091,0.5966568717817728,0.5867259072734912,0.5006784241904364,0.7866710740584834,0.6663994767271018,0.6696951089365789,0.9404633260941448,0.5682335056095754,0.6175957928523736,3.040864345988718
0.0467989490643167,0.40387663718906597,0.0034315034551894996,0.027377141028737673,0.8413753919521876,0.6174528835547924,0.1679687330725762,0.7221910589276443,0.9645571231597558,0.16181727812852753,0.12853505860847114,0.41318192898833805,0.9175249386774538,0.14991197916625376,0.8734987431306945,0.9763390622269655,0.7242098807463272,0.8406837851636664,0.06222221244957615,0.7448354060918944,0.897530700528228,0.9276804524411936,0.793567424738861,0.8458292466116739,0.48378018019073266,0.9931725663346563,0.8689949443832383,0.898218903446408,0.6078047869365063,0.21075653477580292,0.8635082612569673,0.3988204671092491,0.3757942775173231,0.16867244546650273,0.9448995631386315,0.9586670274331266,0.4398533147229897,0.4092894236311112,0.9619452019668822,0.23832673924588332,0.24506076113521924,4.1236110020960375
