center_0,center_1,center_2,center_3,center_4,center_5,center_6,center_7,center_8,center_9,center_10,center_11,center_12,center_13,center_14,center_15,center_16,center_17,center_18,center_19,center_20,center_21,center_22,center_23,center_24,center_25,center_26,center_27,center_28,center_29,center_30,center_31,center_32,center_33,center_34,center_35,center_36,center_37,center_38,center_39,center_40,radius
0.23422248457908856,0.5217218974242328,0.28682560849608696,0.690729660239314,0.8653605107228244,0.2580421250314916,0.1730019128449728,0.31354822604579535,0.8134238367578299,0.8116287609620854,0.8656269137134028,0.7400412242526722,0.9992072692181823,0.8018699039746183,0.03746610051166621,0.16075652556933107,0.7765656971133693,0.7279135630501165,0.17514919752491376,0.945243288208661,0.519322360057479,0.00876171832889372,0.1927743908375117,0.3169525842607075,0.15943669366356827,0.8672475856924691,0.05896679441814101,0.882416526822001,0.581376400124063,0.7135176250709332,0.6160553628368065,0.35736218949560694,0.5228824847880063,0.7844107792375952,0.22956003423543214,0.578950101199192,0.05728721609843712,0.7634496091677373,0.4795605000880002,0.7524664656884974,0.4792946410628286,3.313188136289002
0.17678606851252576,0.8940863772795989,0.8589699660302305,0.38711123780540213,0.696327685773675,0.9324915853920799,0.9142582667589282,0.4470078004294741,0.11434075155275869,0.040687085333639184,0.31661584258478837,0.8373712727100123,0.28490714170822273,0.07340636889635732,0.4133028574373224,0.8912971923699845,0.1687738190209751,0.2025830757014182,0.7834307652640602,0.02027616824155598,0.7696232744780804,0.5377696318932994,0.9708416930718281,0.00933752494797202,0.03803130455004111,0.32188873677633,0.994178461811011,0.9844868619731059,0.07879748686307075,0.05871241501943292,0.9768668963658348,0.3667725404853971,0.581502767120058,0.17979842353565612,0.6343787194119251,0.07242636348289133,0.361714004115278,0.0723077068403345,0.3196837285135887,0.15730032393896876,0.4591755060939412,3.1784526318428417
