center_0,center_1,center_2,center_3,center_4,center_5,center_6,center_7,center_8,center_9,center_10,center_11,center_12,center_13,center_14,center_15,center_16,center_17,center_18,center_19,center_20,center_21,center_22,center_23,center_24,center_25,center_26,center_27,center_28,center_29,center_30,center_31,center_32,center_33,center_34,center_35,center_36,center_37,center_38,center_39,center_40,radius
0.2637662722359698,0.810136350124706,0.6672763680548168,0.789399780689516,0.4126121854243229,0.6797878157242567,0.7105724185980385,0.013957042751837734,0.8834929041649865,0.6487466347984386,0.6948240413008177,0.8256437668250343,0.17037749664459578,0.9488694400572625,0.5188594558819946,0.9012651092462651,0.14578307416440728,0.5389900112084699,0.16906716110438835,0.4589517578825817,0.9837576879252556,0.2589714387351346,0.8943099217647674,0.45060106622351104,0.7800713127835508,0.7847625802490114,0.946800684644539,0.05569478044545195,0.36580727261348167,0.7603953722769106,0.35370248008516747,0.12430780118564644,0.45038241966888093,0.45382861455216705,0.01823358756537985,0.0015292899313466002,0.5008011628025189,0.9978973643205351,0.5833282890293994,0.2429508773008976,0.8592752641487601,3.3438822016985705
0.9663757886740716,0.041635747544318646,0.5826829249329327,0.9837181730612252,0.5976391549755814,0.8200205278739344,0.273432361366177,0.8638814168191647,0.2947042032657561,0.22507377008848461,0.10579166903974324,0.0773454015075038,0.7722687651936547,0.33412317204924435,0.8655610401361287,0.7534605039297961,0.849119005620304,0.25091732789960886,0.9909859481131611,0.4666918998433748,0.45648923649697626,0.9486755958669613,0.7959830748235946,0.10746377134173146,0.2990891332575204,0.5817102754466389,0.0004950173217604936,0.654134674968896,0.43579698788235544,0.2683986410187815,0.7779428295349323,0.5784335223179273,0.28168967450074345,0.8898203607712954,0.8832256966972506,0.9696163649929104,0.8205407351749837,0.10621952161174997,0.6889136465627803,0.9879588712953817,0.8694052189313786,3.676385815238781
