center_0,center_1,center_2,center_3,center_4,center_5,center_6,center_7,center_8,center_9,center_10,center_11,center_12,center_13,center_14,center_15,center_16,center_17,center_18,center_19,center_20,center_21,center_22,center_23,center_24,center_25,center_26,center_27,center_28,center_29,center_30,center_31,center_32,center_33,center_34,center_35,center_36,center_37,center_38,center_39,center_40,radius
0.22511973244174077,0.7444050671001412,0.5573084595146045,0.30913590098285415,0.3360464118845018,0.06850414594187582,0.37910450143234975,0.9093835229369722,0.8479908997814245,0.14500459409733313,0.5296160903752235,0.4999407262885166,0.6280617214892454,0.40265867151849144,0.49130383385972176,0.9182265527911075,0.7431048279185081,0.018317537621134528,0.7581555440784361,0.7439968792596173,0.7376433851218386,0.0808483854694243,0.6845913524546144,0.6948178707019763,0.3791405436366828,0.6693013906880919,0.6226900819006245,0.6923119051241077,0.9854037291808071,0.09855638847438186,0.7781490386345656,0.7821030009582501,0.2754924516714411,0.7839344299599195,0.9038888287133086,0.705731676522626,0.7921156310677147,0.49171384248546646,0.3723245915016574,0.22115188443674771,0.13246104660852198,3.269668376076769
