center_0,center_1,center_2,center_3,center_4,center_5,center_6,center_7,center_8,center_9,center_10,center_11,center_12,center_13,center_14,center_15,center_16,center_17,center_18,center_19,center_20,center_21,center_22,center_23,center_24,center_25,center_26,center_27,center_28,center_29,center_30,center_31,center_32,center_33,center_34,center_35,center_36,center_37,center_38,center_39,center_40,radius
0.3763379208536337,0.9014437857128959,0.09677297091349324,0.8471377560965794,0.6622605570385213,0.3764426133409521,0.38875085061918224,0.22491473213125457,0.8489373838055494,0.7342754993024198,0.4180203493425082,0.5620494571997519,0.5984198146732326,0.995998878148997,0.45238320498715945,0.42776693804104227,0.9447087731500493,0.7773370937985463,0.37756858406681626,0.402940698615332,0.8726457472703756,0.46689960023333876,0.44542355724711635,0.3670180850757464,0.689404304250619,0.5197566694026345,0.8068847871380276,0.7383920169964941,0.7481538190470912,0.7673642903560898,0.16011352411705992,0.1318487000749451,0.033896352564257826,0.4324612580331013,0.5030305961418456,0.018101025384818836,0.8184572129899809,0.9224989844710041,0.7203199339816868,0.967166858672687,0.37638348280524836,3.4298646123473877
