center_0,center_1,center_2,center_3,center_4,center_5,center_6,center_7,center_8,center_9,center_10,center_11,center_12,center_13,center_14,center_15,center_16,center_17,center_18,center_19,center_20,center_21,center_22,center_23,center_24,center_25,center_26,center_27,center_28,center_29,center_30,center_31,center_32,center_33,center_34,center_35,center_36,center_37,center_38,center_39,center_40,radius
0.6344964692854115,0.06836203996094459,0.6681659491951211,0.7474929327006967,0.696594704258356,0.32270911738301566,0.6483810632988389,0.49108730479866625,0.36832472137672834,0.8983486321774304,0.09275115041521698,0.5961608938533708,0.5095051861798751,0.5395251176086583,0.8411528052774171,0.35524702115422724,0.088496085973098,0.8687331801637737,0.08577587661056196,0.2720233370557338,0.6353220621173055,0.30950343394831703,0.17477768814439965,0.04866164878191104,0.11444301314912819,0.4720535626173452,0.6337403695541318,0.6732805695306862,0.962796068110076,0.7843213875937972,0.006655115375985288,0.7496260401800144,0.7171758948144279,0.6451463767297404,0.3922334996980499,0.14626954426342087,0.77551527887134,0.9432094359167138,0.26854659190908403,0.9403658159116112,0.3749381568779394,3.2216100975772086
0.02332730610972067,0.9445074203665625,0.2653879099751004,0.07483195761764072,0.807192547533639,0.8765641570106836,0.13248035466642993,0.0690399944936505,0.30711766231308046,0.5618003644415183,0.9404031371556429,0.6570896837804109,0.5452171577391355,0.014366496003675455,0.5203539412092537,0.15412789840355334,0.8331480532131673,0.13709427152219922,0.8135212737614094,0.9618314084350479,0.06911712359706823,0.02426176317833917,0.4392459841473304,0.48067122394913164,0.9354305598167898,0.15498895022992198,0.14214353032794125,0.6153171289635745,0.6407533130948961,0.009397554335999425,0.7545619145998248,0.2753491256593942,0.43658473921989616,0.13214613532464337,0.39089132701879836,0.2652578313134134,0.1543758914088187,0.47779788953112645,0.4377505984370994,0.3260131025878349,0.03898133942878568,3.220370477259188
