center_0,center_1,center_2,center_3,center_4,center_5,center_6,center_7,center_8,center_9,center_10,center_11,center_12,center_13,center_14,center_15,center_16,center_17,center_18,center_19,center_20,center_21,center_22,center_23,center_24,center_25,center_26,center_27,center_28,center_29,center_30,center_31,center_32,center_33,center_34,center_35,center_36,center_37,center_38,center_39,center_40,radius
0.7485543907437028,0.19651632170879796,0.6300769670089595,0.8922276861225817,0.3569367963316683,0.7741536858299564,0.3291961021253986,0.3530233175967703,0.4625445677205433,0.9243610146195808,0.7298458495202207,0.006155120602226449,0.33447834670881216,0.18910927039537495,0.7083319947060253,0.7742750528462454,0.8555428876569773,0.1657854687307715,0.5444683026123539,0.12008169213118602,0.8733527909941372,0.9915049397139222,0.1535749491154329,0.05047782603202644,0.20268504290525646,0.6274970859346727,0.7873983808407309,0.2770236027924723,0.3977554592319754,0.05473438015166854,0.9077752642548905,0.19447551555813336,0.21421395543306365,0.43431151951422553,0.7181634763884365,0.7937483556800735,0.9386878069475146,0.9565478210496681,0.23148587332796422,0.5885781425149509,0.391657930322609,3.381201936205716
0.3073830590884009,0.9474404691437138,0.6982361854545849,0.19509584128026258,0.5573258233861255,0.05125109549690565,0.8984103576934737,0.1458689963321519,0.7755618384256756,0.030505852909865516,0.8705120120434693,0.6849344371825707,0.35728430210754936,0.8659786979753362,0.5973372207097289,0.12737534522477578,0.08147566357440039,0.13867522400690802,0.01803877032148926,0.9497713703503095,0.4987797360323222,0.7083923078544933,0.7204928598385718,0.8136057106037434,0.8698414108355503,0.47479605285805215,0.25659220043981945,0.693410256240228,0.9744138628015645,0.5317861653317957,0.1743643382480098,0.8695412991927945,0.06599026768390803,0.6767720832293804,0.007402341124817524,0.4858890533959239,0.07371186443027844,0.12830342931597594,0.7311689271587819,0.5532465773476881,0.7072236416568063,3.119878555518937
