center_0,center_1,center_2,center_3,center_4,center_5,center_6,center_7,center_8,center_9,center_10,center_11,center_12,center_13,center_14,center_15,center_16,center_17,center_18,center_19,center_20,center_21,center_22,center_23,center_24,center_25,center_26,center_27,center_28,center_29,center_30,center_31,center_32,center_33,center_34,center_35,center_36,center_37,center_38,center_39,center_40,radius
0.12676652846310377,0.8582399464450163,0.47886737719175243,0.04816481708260112,0.46664386655026935,0.8255560700404903,0.20328836747602574,0.3389676159564452,0.5362966899424553,0.09945694662383653,0.18693984615158799,0.9172476383272342,0.0521287716714669,0.6533064533724449,0.7358147970328112,0.15421507829071157,0.2385720533523057,0.0002287096567596958,0.5012832039705819,0.5080091712061331,0.5724020039176293,0.13526617599799917,0.28941747655561856,0.9713226229839191,0.3517600806538852,0.17180941492959834,0.6014601868910984,0.0967554264610071,0.6652421773045695,0.45550144202540743,0.74910263592482,0.4673598358054033,0.7747250269734374,0.3752178042478791,0.6986054639718726,0.5739497510569446,0.4485471572835156,0.5342110198280651,0.6375357402596865,0.576404839237708,0.8578625371705929,2.8692049684615775
0.8692832677916699,0.3822596597875011,0.9125390957617684,0.5316074146399538,0.43535306804291074,0.1337415041893184,0.4716356722279338,0.8814277923916386,0.9946994456032313,0.9117921689716522,0.0931977789180789,0.35162292758270286,0.7486694349667368,0.1746179081053355,0.8367664207945904,0.8532545808750073,0.7662601565330905,0.5254092187605189,0.6292091721562787,0.13610167734257017,0.4705810014145554,0.997332772127419,0.17957663663613865,0.02365698963671048,0.09044831221077188,0.7317564379513531,0.09526002003096934,0.8828309262262772,0.8369569557350998,0.8322217249732309,0.18970518814508974,0.0968484488591822,0.9103194877925629,0.07981065957149647,0.8038068077912445,0.5687780349487868,0.6830550462395761,0.5199123173104704,0.11353091046719088,0.5809251034568587,0.8494206466985906,3.677411417775647
