center_0,center_1,center_2,center_3,center_4,center_5,center_6,center_7,center_8,center_9,center_10,center_11,center_12,center_13,center_14,center_15,center_16,center_17,center_18,center_19,center_20,center_21,center_22,center_23,center_24,center_25,center_26,center_27,center_28,center_29,center_30,center_31,center_32,center_33,center_34,center_35,center_36,center_37,center_38,center_39,center_40,radius
0.6285046745472797,0.9707136485646304,0.8726592657227394,0.5725482806270892,0.5324389017854122,0.4343471225459119,0.5713657183738278,0.03781347606751184,0.7819351860584564,0.07012916692996518,0.7834107318927863,0.6738359760236163,0.5526341460100557,0.9735849734557908,0.9153431093462617,0.23049346785001257,0.5008359622880711,0.9539682477748611,0.05257243088228514,0.2609088958450245,0.3249956640209547,0.06315375398317735,0.21784889246685435,0.5890711685008321,0.10656550164141898,0.1517081480819118,0.14514283474320133,0.319428360182078,0.8668630899617416,0.49795650430612703,0.6498017598828895,0.16050078210550578,0.8930470989405861,0.744363373920621,0.7845019006680344,0.21427397528679792,0.724823523571299,0.6002322013387968,0.4345911832333875,0.7041474828656673,0.4222205307279471,2.878941764828368
0.38177450354253384,0.6108689770750393,0.08842505522500577,0.7416180453356864,0.902145880194047,0.7528982389301511,0.3818043446430336,0.6101942139666353,0.21401028077990447,0.6056287739527254,0.4384196189842998,0.4337093257010959,0.2443143575094583,0.6286918085874694,0.026865672809414765,0.9175031935187483,0.454932684571406,0.1451468381458586,0.8374984217352183,0.8315688599489429,0.6643713853015839,0.3428023384428889,0.9512002877082422,0.15594467158633507,0.19280305293637967,0.8612348369522967,0.9418061331696366,0.16973267896634625,0.20187621936496303,0.9210887941461186,0.5922419909339933,0.4403147775395223,0.3368712346958953,0.01797053084614908,0.8278156319164882,0.7833014945583178,0.17837599637490553,0.16931055476293078,0.31665025601349106,0.6976046628910253,0.08062897029266536,3.2658622102487427
