center_0,center_1,center_2,center_3,center_4,center_5,center_6,center_7,center_8,center_9,center_10,center_11,center_12,center_13,center_14,center_15,center_16,center_17,center_18,center_19,center_20,center_21,center_22,center_23,center_24,center_25,center_26,center_27,center_28,center_29,center_30,center_31,center_32,center_33,center_34,center_35,center_36,center_37,center_38,center_39,center_40,radius
0.6180100017520597,0.3604815769876506,0.4105736841261326,0.4159635508300088,0.7083229199985085,0.011661049790585243,0.32345186367713186,0.07850566935199343,0.7117723208278781,0.786137113436821,0.7835390990429169,0.7755242416767969,0.04843206770367947,0.31908139687622705,0.11867323791953599,0.04013084306027859,0.5425770156425717,0.5005559803073006,0.9320326813000296,0.4488084459617595,0.7111528345275064,0.10594198312666814,0.145378763093014,0.12478564857905305,0.7055210399400835,0.5690860894265628,0.23638869656127948,0.19842322881343288,0.061105309767337856,0.2507632082679707,0.1927629392609519,0.7010749561169665,0.6148143245767199,0.5742407068321995,0.3951625359939963,0.1422195317488122,0.26814172643194567,0.026920014614487564,0.6232042098585026,0.012372057714406415,0.34453364310834145,2.738793811043522
0.9481000538361037,0.587944923672927,0.4298284058590398,0.08097147594776277,0.7289788065057744,0.5508596066623743,0.08448724651724049,0.7658423237605582,0.8047104952734218,0.10106479438717031,0.7570632044263974,0.9098697347795415,0.45076338927408033,0.9248481030854179,0.9820274286038843,0.34808763724282754,0.2179896171751019,0.35550913083759617,0.39645323870459614,0.8986740112149801,0.5565568053862623,0.791674207174224,0.6736685687125703,0.3837462598191269,0.8734153439981064,0.31356372394915866,0.7796752567143865,0.1576610757100264,0.7368166601757384,0.020393200064148354,0.7978909706824925,0.7664619453775212,0.4447429088963164,0.7448011828605345,0.10949171056227547,0.35629374823727356,0.5391005455756713,0.7514752427303325,0.544706154825157,0.978261360863415,0.9287292512014887,3.588538947721013
