center_0,center_1,center_2,center_3,center_4,center_5,center_6,center_7,center_8,center_9,center_10,center_11,center_12,center_13,center_14,center_15,center_16,center_17,center_18,center_19,center_20,center_21,center_22,center_23,center_24,center_25,center_26,center_27,center_28,center_29,center_30,center_31,center_32,center_33,center_34,center_35,center_36,center_37,center_38,center_39,center_40,radius
0.006459485122695119,0.24649830344503487,0.4718054580580249,0.8362678841873242,0.8208197385231079,0.038583087458896825,0.32702390253646363,0.5516201932315906,0.8743000990957055,0.09576919848715093,0.2626280823946534,0.2631452919453917,0.7244114102755355,0.3807087646731224,0.4061510184634859,0.015675320666869053,0.1152008900508269,0.8152286149583325,0.9031749689966359,0.5032247569892888,0.9584091585563538,0.2352716141111172,0.9207794503874582,0.7501575384989799,0.7185345300367938,0.87701881961196,0.9779405040329552,0.9868857313689398,0.7059154120566851,0.6090351852229897,0.7488508880879825,0.7069099778536109,0.12501558613905794,0.21539813434766708,0.6499248801511825,0.7346762966070676,0.20206463863792012,0.22145555817181095,0.9518929939531481,0.6569605072461625,0.5192511460789563,3.4386027774084766
0.8481137088944573,0.10255499363330989,0.8502453372050548,0.7272321317579952,0.11121928478086329,0.19329732710815484,0.7728434992444086,0.4695519011849377,0.04678471485970925,0.8029507953662719,0.06024648737957816,0.9353787123433267,0.233618549370608,0.6874826908813093,0.7309302798606867,0.4830568423433268,0.4763555732962379,0.7694466071736507,0.9667200758880005,0.6856855602675649,0.3616448242564062,0.9876692465706047,0.0995105083936596,0.3863660748241624,0.10315181651508021,0.04091295904429926,0.15964603227325813,0.5691760378021761,0.04005414737949031,0.115628299875703,0.3532108059668775,0.8459365841067602,0.9833043805967469,0.990457234826216,0.006592074891705102,0.4541179695009149,0.9358019633510407,0.18060332568912651,0.03945970212634142,0.5423442435276983,0.752989999273464,3.1222641198221583
