center_0,center_1,center_2,center_3,center_4,center_5,center_6,center_7,center_8,center_9,center_10,center_11,center_12,center_13,center_14,center_15,center_16,center_17,center_18,center_19,center_20,center_21,center_22,center_23,center_24,center_25,center_26,center_27,center_28,center_29,center_30,center_31,center_32,center_33,center_34,center_35,center_36,center_37,center_38,center_39,center_40,center_41,radius
0.4503460084557658,0.7206114308223533,0.3475806411836989,0.6806679408820955,0.05436512469175503,0.7682854691564044,0.05273433822257634,0.14664801117900417,0.260653394015115,0.42502705103680793,0.155677188330421,0.5443996473985974,0.21663750043959717,0.054503415319360426,0.9444986660666506,0.5982916349287604,0.4796763255565025,0.19959385859344747,0.3565718139438738,0.7586267332717621,0.4441399566665659,0.4865273822394707,0.07362629229526008,0.8707044494046909,0.5252326775336559,0.3167458852784817,0.017765588138759614,0.6794687913775231,0.9454382054435152,0.29163258584780205,0.2591476918362998,0.7818831155958785,0.6177593376694153,0.06678981006806695,0.20458944324186246,0.7934336261922812,0.0037141349921386846,0.5105608602539212,0.9395845476632443,0.6812982990513139,0.5484872241357039,0.8278998344483097,3.0912539291280585
0.7771698043961068,0.06732034174470958,0.6705833614520713,0.9747927209275062,0.8871067166869756,0.7602929578620565,0.7874300924977321,0.8211714585539472,0.8955879168198873,0.576696191120269,0.8256111914200077,0.9808334367855955,0.7526593773955053,0.31778222424858626,0.7194127902931103,0.07790408539702276,0.8844196243801787,0.037535148661072104,0.6894663419793277,0.3801516236808786,0.5206555251668753,0.6246674896941284,0.057027342090348654,0.014904823471864281,0.7885815747609355,0.9358460236598202,0.7801649634288929,0.92111337219474,0.6698983173626873,0.0009022927124527902,0.5382508380338136,0.20402675984520846,0.09821385966377894,0.24042913509640518,0.49540470489301947,0.6933933684471212,0.9247419878429591,0.29138801754273325,0.04824782080346279,0.042295478522818675,0.760253834932175,0.3687441156415394,3.884713183499121
