center_0,center_1,center_2,center_3,center_4,center_5,center_6,center_7,center_8,center_9,center_10,center_11,center_12,center_13,center_14,center_15,center_16,center_17,center_18,center_19,center_20,center_21,center_22,center_23,center_24,center_25,center_26,center_27,center_28,center_29,center_30,center_31,center_32,center_33,center_34,center_35,center_36,center_37,center_38,center_39,center_40,radius
0.4070632876768,0.866182754315358,0.7308132624556654,0.5908901993270551,0.993083714341516,0.5630107194164514,0.9584679115260546,0.8181747382733431,0.5069579280408405,0.3206754237047025,0.7981893691834846,0.09298276072110856,0.5836720244655567,0.19039372671835053,0.4137546367726591,0.2360637760223624,0.4590222336412175,0.886980819032077,0.8676219017396042,0.013368139332326057,0.47438181797332213,0.3359660386877641,0.6662481969062485,0.3950258953855751,0.3153458978700754,0.868197984626676,0.6749832818418884,0.29893524898644963,0.5682477299760207,0.9231244113204448,0.24137649445909715,0.6582471964224845,0.5482166112428364,0.5253075909312961,0.41250702189454325,0.8844612895394358,0.06903998333156436,0.15806673039258368,0.811703790657536,0.8207449155649318,0.41796047974915485,3.324067466859285
