center_0,center_1,center_2,center_3,center_4,center_5,center_6,center_7,center_8,center_9,center_10,center_11,center_12,center_13,center_14,center_15,center_16,center_17,center_18,center_19,center_20,center_21,center_22,center_23,center_24,center_25,center_26,center_27,center_28,center_29,center_30,center_31,center_32,center_33,center_34,center_35,center_36,center_37,center_38,center_39,center_40,radius
0.3101899067582462,0.8423422553928965,0.5164599773255978,0.30532637100347704,0.869372630860377,0.6469554316234862,0.9914588956736557,0.6270711202603834,0.8511212147912933,0.8225542816682206,0.056016523657466455,0.9310092941134851,0.2664707412820376,0.6040990980986255,0.8190615787613639,0.0752714866461538,0.03692700738263155,0.17128612521729103,0.9177272876876214,0.2939747987888054,0.21436975739041975,0.8954888283747919,0.6889126179414053,0.2975231533937065,0.7427165794040517,0.949744635210441,0.438346885221624,0.7502739651394483,0.5835210069329131,0.4424638834654453,0.48877139190872765,0.7933252143946505,0.2476973565714793,0.8224961753632443,0.21912539584756385,0.7888780576203998,0.4764702519025519,0.6808564357967697,0.8135644687996328,0.5021900655110306,0.9544883425660119,3.4104944458905306
