center_0,center_1,center_2,center_3,center_4,center_5,center_6,center_7,center_8,center_9,center_10,center_11,center_12,center_13,center_14,center_15,center_16,center_17,center_18,center_19,center_20,center_21,center_22,center_23,center_24,center_25,center_26,center_27,center_28,center_29,center_30,center_31,center_32,center_33,center_34,center_35,center_36,center_37,center_38,center_39,center_40,radius
0.6299941182298883,0.44935822054473495,0.882939020248549,0.9580826705712703,0.6912410987713219,0.913857174850097,0.8080789537841957,0.9759269326607912,0.6135029135163773,0.5200758718220847,0.38744125140878094,0.6520967347015281,0.11046703498371102,0.7519536196209106,0.16154570340255348,0.7031662388997555,0.16027388387820884,0.08361852390558921,0.8844882902668546,0.014516839514252644,0.073609433170987,0.010860433134354697,0.41637758323734786,0.8407336112213389,0.7318195851619026,0.9299713189335238,0.18017965805595637,0.2172021169790681,0.6108940675393641,0.40312599087615164,0.5002546107422235,0.8217843430307418,0.646773530808582,0.4027235416107603,0.034504364843464086,0.46683246472874085,0.5814732299151157,0.09321377294660804,0.3662799787294718,0.3830131711704998,0.6019563879412532,3.1361173708086816
0.8845032960225789,0.5315186161869223,0.7328410315739684,0.09103116811559653,0.6798025635765197,0.187722726926145,0.2936970330896047,0.21839771233007044,0.6276214702356776,0.6107137914065691,0.7751469571957912,0.35256087240470035,0.3287791913780238,0.3045892545676432,0.7002388986626309,0.06180314807316667,0.9194468226280266,0.8445536822249584,0.04057460169680349,0.6212019053564537,0.025029682266147435,0.8631214576175987,7.619722295237885e-06,0.1728825845044759,0.43863828480885936,0.22356120339732022,0.5965648825702586,0.5067508884568868,0.010942386591224706,0.8279515210653197,0.04878728345234917,0.3679306807586873,0.8112706646190696,0.8468487838535997,0.7953475354040033,0.9972263233472207,0.9044729620050335,0.7956076088454678,0.11186239984589796,0.4039497731251509,0.7274792823571912,3.4681570423739245
