center_0,center_1,center_2,center_3,center_4,center_5,center_6,center_7,center_8,center_9,center_10,center_11,center_12,center_13,center_14,center_15,center_16,center_17,center_18,center_19,center_20,center_21,center_22,center_23,center_24,center_25,center_26,center_27,center_28,center_29,center_30,center_31,center_32,center_33,center_34,center_35,center_36,center_37,center_38,center_39,center_40,radius
0.21862294691336892,0.45024937439471935,0.8790174456950968,0.9683887327787095,0.975999525354889,0.5658087792915043,0.07721152958376987,0.5363923118120552,0.7908991642293203,0.9620231088306443,0.34862454704613055,0.7563102167794888,0.1109993105471978,0.9650986271746093,0.7341184883324222,0.37869359173361483,0.26665371281797434,0.3989326960087185,0.875480072736709,0.8015069757264104,0.26248164817096664,0.30613237785880054,0.002382119255142645,0.863790747935464,0.04607758862747635,0.9211134008887576,0.404941269770165,0.15271964757785195,0.5024690146151772,0.5212587535533151,0.1799844515540684,0.28626684027898597,0.9368280811736194,0.26197346929989895,0.7513893541836472,0.5332211149756237,0.24663904721657592,0.4419640837572767,0.8193457885804921,0.8413321545454014,0.8491237633387237,3.251419831195565
0.6461476721928137,0.8670098915400608,0.6088079491572251,0.033364213548624955,0.018570202846573847,0.47514459220620486,0.22531194234862273,0.28417716970643314,0.45170608413930136,0.2602607226210639,0.33631132781276973,0.6631723381737096,0.6730404498569447,0.2843000687017637,0.14552742133339247,0.1625824074965716,0.8526385028984321,0.4674998703422383,0.6596940859745487,0.721467557873098,0.9540861536649933,0.9005370644345044,0.6590586683146386,0.8530971644343939,0.5768226161046205,0.008624990152746204,0.9823353033622213,0.8470227256107775,0.9531430218514609,0.9693833524662179,0.9583437366064211,0.18378251396081757,0.4634302273212164,0.5441514867485294,0.9148422537930359,0.5907430649051109,0.5132902150344408,0.0350083820181748,0.032217173527877674,0.08391542121687123,0.5230309633917954,3.1957856499925468
