center_0,center_1,center_2,center_3,center_4,center_5,center_6,center_7,center_8,center_9,center_10,center_11,center_12,center_13,center_14,center_15,center_16,center_17,center_18,center_19,center_20,center_21,center_22,center_23,center_24,center_25,center_26,center_27,center_28,center_29,center_30,center_31,center_32,center_33,center_34,center_35,center_36,center_37,center_38,center_39,center_40,radius
0.1552210238210342,0.23791230420359866,0.46074547537929555,0.33920845036479763,0.2940910405392435,0.20440545614702954,0.8703558990548421,0.15106555601312865,0.0994443575297086,0.9975194705245783,0.12066922010593295,0.9132343169375259,0.6635140396164323,0.5134186413350315,0.6546915333784653,0.4879617595439648,0.5565686878722976,0.45163369297597233,0.1717695248911334,0.7684196863456766,0.7409311025560883,0.779146930412361,0.7508345713368643,0.5715035590477715,0.9102143711531472,0.11601213870276028,0.6792195218982605,0.9031362881290208,0.29086977657774027,0.8828770286524021,0.9405512800127286,0.42515753082958907,0.9153868728794181,0.566187370240426,0.4334465734134991,0.7945699757698317,0.4206143257110093,0.17287750938670854,0.750994224413755,0.7051958854421463,0.1625417097672347,3.3321100121302933
0.8661098274803114,0.9712733059159849,0.8643421797852017,0.04260400179399593,0.43359635085281467,0.49392777250107234,0.052468318735279906,0.9223717538495609,0.9091598579078518,0.2420119447100222,0.1195968466281554,0.9740245766147988,0.5496753478340938,0.002619470112011024,0.7797224752711577,0.9556230324971784,0.6989831513992637,0.8322055590508846,0.9224286817704901,0.3275683234918757,0.11381945455546516,0.838656637590869,0.24927433967275037,0.04270297743070628,0.7010723225768618,0.8954059935740952,0.785428315440783,0.21536488963665024,0.5247688883196032,0.21901880361274884,0.11940928947787965,0.0036365931308706134,0.05461479009518988,0.11670560376185457,0.3397409860274211,0.047061511657708666,0.33868110803834073,0.9298235930207246,0.19706338956455283,0.5577257427465551,0.9138987110703777,3.337332925055263
