center_0,center_1,center_2,center_3,center_4,center_5,center_6,center_7,center_8,center_9,center_10,center_11,center_12,center_13,center_14,center_15,center_16,center_17,center_18,center_19,center_20,center_21,center_22,center_23,center_24,center_25,center_26,center_27,center_28,center_29,center_30,center_31,center_32,center_33,center_34,center_35,center_36,center_37,center_38,center_39,center_40,radius
0.14879821680185767,0.8915488041685751,0.04553927923200218,0.04535451816294733,0.49055046039664085,0.9497553573510165,0.21571103409961956,0.8929650093331848,0.9884146530394231,0.9091144134076002,0.5542021396683526,0.19840015719705661,0.8995876285869789,0.3227154343846713,0.7215190618561876,0.14842208047163408,0.07936742183123102,0.9514468884916243,0.32365844996285187,0.46156816576507853,0.528577537764892,0.5850161224333188,0.1753694930866161,0.4959001518862992,0.14591066874107894,0.7391423085090554,0.8279854802928988,0.059188816401326005,0.34390893866223193,0.07517656785202476,0.9199810115844469,0.7233885155045194,0.49099565098163356,0.8560721690321103,0.8030424872790468,0.052770644017101964,0.6712765495747696,0.05356757373086418,0.09207274981321156,0.10027243583333356,0.27795792968539146,3.382876026699115
0.973645344105308,0.19265640318299204,0.021670689459586057,0.7950166230188999,0.34646163757732606,0.8071956122389845,0.9428475713000355,0.9786867719301204,0.7187543806897058,0.41764324513683604,0.3524368066191701,0.012829799887075666,0.08986726575569992,0.8765355582162551,0.8267121964714602,0.9577466064037433,0.7542982171550818,0.2449583497753094,0.9030369717830619,0.6857461833332992,0.6516710176268296,0.3075343703457507,0.7287780226623453,0.8074658817013631,0.8538377916695975,0.1710113651252252,0.5277247962868624,0.9115193258242779,0.26917495942250935,0.6244677711517751,0.1458188604752122,0.15521100328933268,0.9751732400559213,0.13379531659095045,0.08841587940582518,0.6608612171953223,0.9041570465643305,0.8644520298356516,0.27812960290190647,0.6782625676729073,0.614700047263047,3.769160549647309
