center_0,center_1,center_2,center_3,center_4,center_5,center_6,center_7,center_8,center_9,center_10,center_11,center_12,center_13,center_14,center_15,center_16,center_17,center_18,center_19,center_20,center_21,center_22,center_23,center_24,center_25,center_26,center_27,center_28,center_29,center_30,center_31,center_32,center_33,center_34,center_35,center_36,center_37,center_38,center_39,center_40,radius
0.23954790896691736,0.824567839043137,0.5135442903143466,0.04874066687762524,0.36590913099292943,0.1785448099001694,0.9240050739388265,0.5717843360687953,0.6465188421963117,0.7716000100928971,0.04909545142957805,0.7197451774000144,0.9130403419651594,0.7221750956265064,0.3651444738607629,0.7475679452766284,0.7616621381889365,0.8533474111828859,0.7168137409625617,0.5617469841499884,0.3712398913628323,0.14030024671429797,0.34052683655137383,0.1199840937919,0.3849073114073832,0.4154016484884575,0.7198477972866085,0.38934928543029135,0.6994008119221103,0.7124358376701291,0.006391063173332712,0.5509931154318156,0.31829942824627333,0.8921685520872147,0.44519077161102305,0.1868020652978809,0.37044665830824763,0.8661374612255063,0.7226440019944396,0.6940998474158631,0.2914590508926418,3.297707107540078
