center_0,center_1,center_2,center_3,center_4,center_5,center_6,center_7,center_8,center_9,center_10,center_11,center_12,center_13,center_14,center_15,center_16,center_17,center_18,center_19,center_20,center_21,center_22,center_23,center_24,center_25,center_26,center_27,center_28,center_29,center_30,center_31,center_32,center_33,center_34,center_35,center_36,center_37,center_38,center_39,center_40,center_41,radius
0.830276061483963,0.6710127163525881,0.6115845295837004,0.4451290286699895,0.18001411172146542,0.3560324532321494,0.1572053621288514,0.8554302171251581,0.9790202534673375,0.9438856835341989,0.23166938303613138,0.4253949284537907,0.16044569673513187,0.011674744721304586,0.7137316309432724,0.6512991525190458,0.6356050256202893,0.3242438554672725,0.0048033108062239815,0.06713103802549225,0.8106735928823475,0.04732278555403169,0.5724603158890553,0.5158129024922373,0.8643779488568151,0.8081273944465999,0.6855392108910844,0.4447400732323966,0.004779326983573529,0.6816489264049557,0.5294483389000657,0.5063993243212292,0.29710772592375523,0.42771369024390593,0.9897316755908412,0.13432467752965738,0.20687646553676498,0.8537708145583617,0.8700109091150787,0.3282034227585967,0.6948333693424908,0.5981643307280935,3.3604350368945144
0.6292258274241419,0.06746070886869004,0.6862749040171984,0.02243316010347951,0.932423786072803,0.17804348547718796,0.639417700474702,0.11405851194086314,0.025936074710116275,0.13863705064020726,0.8100694624262681,0.07797282542462491,0.863599947195424,0.920333446591889,0.21094731424076374,0.5914984410174696,0.9666495210295273,0.10814445232611114,0.8327525937426431,0.677126982408493,0.02829464299783857,0.7981946178517302,0.9227360530889372,0.2073290608571351,0.22014766239111505,0.29855433214939575,0.21250638992389326,0.9531430267491557,0.7929188596614342,0.4930411345140775,0.8407344696084259,0.1552660091730671,0.7943185809691351,0.7093739122970046,0.37164101926583637,0.20199034870924049,0.6928473921184224,0.001404655880957062,0.49482123649164067,0.4449060628211664,0.06719418212459971,0.623984285037441,3.259986352190558
