center_0,center_1,center_2,center_3,center_4,center_5,center_6,center_7,center_8,center_9,center_10,center_11,center_12,center_13,center_14,center_15,center_16,center_17,center_18,center_19,center_20,center_21,center_22,center_23,center_24,center_25,center_26,center_27,center_28,center_29,center_30,center_31,center_32,center_33,center_34,center_35,center_36,center_37,center_38,center_39,center_40,radius
0.7560617187124374,0.8164021739900728,0.43262316168875736,0.03833247597822553,0.8785015747464063,0.019500397342077647,0.8120367404436103,0.9974952388427565,0.15324059586650574,0.29779398140222835,0.33139135509292794,0.27456653638874706,0.6796191994062144,0.19446419717475427,0.7918033482784873,0.9735386796692245,0.9652534584971401,0.6375494423694104,0.7531699574495312,0.45891530608913245,0.7653454865872216,0.9367238952226464,0.7757433405869592,0.4913859352196889,0.9383414198234056,0.07334038478344873,0.35160583824683467,0.35469072497162957,0.8986078768976766,0.027255715847363082,0.28311304688956096,0.8832088636037644,0.2218633258089271,0.8530175700892242,0.7461476758629277,0.7516787305231339,0.9733747468766417,0.20871050033845684,0.9836837816821606,0.7353599102185029,0.6675548273754486,3.5292289456454435
0.09289618319164317,0.4586983685234345,0.9952837154137376,0.6888426343041166,0.3095960957823264,0.34347508760218015,0.2357043669373714,0.8895569906114911,0.9138391628754707,0.5600148975167476,0.8992196902164837,0.11395803626328882,0.8426607129818384,0.8493212459823112,0.07562293750513871,0.3828940291872771,0.1344749478057723,0.355383643391476,0.09544751288779407,0.881402935804085,0.19161740970274577,0.33174141386249867,6.103946007185446e-05,0.8530992865731644,0.06471190174852859,0.8884173835586961,0.8999584010397574,0.6668328132120699,0.03636947071871066,0.9359103330238902,0.2880367316767668,0.11172234599742592,0.9257004631201587,0.5582084136831261,0.8856302560598325,0.6325429770667205,0.7975917674881488,0.4709370736279529,0.3651304209890003,0.16246569740036543,0.29146872329450835,3.225095869343255
