center_0,center_1,center_2,center_3,center_4,center_5,center_6,center_7,center_8,center_9,center_10,center_11,center_12,center_13,center_14,center_15,center_16,center_17,center_18,center_19,center_20,center_21,center_22,center_23,center_24,center_25,center_26,center_27,center_28,center_29,center_30,center_31,center_32,center_33,center_34,center_35,center_36,center_37,center_38,center_39,center_40,radius
0.6253857660473028,0.5453182442288087,0.38253298279064984,0.07471962728689119,0.6930153902198402,0.09210454723763861,0.6257190109324036,0.7898408696855438,0.35655908661060753,0.44768303385873254,0.017036578306667716,0.094979384462058,0.8910291252374908,0.7416511527042302,0.9609909499689515,0.47786330698476653,0.06003771255333323,0.6153659010833185,0.9368605052823623,0.0732879600632802,0.26809930048568287,0.7443159499553763,0.23287908398128854,0.9501616631641837,0.8381836614893714,0.7166259415907478,0.8961368712723254,0.26215989410201157,0.18813113778688983,0.22543042662898438,0.9865278428400837,0.167933758172226,0.4510926552649306,0.4031828477277004,0.7437865298254277,0.5118396250541086,0.47834822911281805,0.6748015945235027,0.720027407410849,0.4542808260125303,0.5361519715937022,3.3929246045553967
0.006460655458897735,0.9662063996097559,0.6617951187111425,0.9504085141824807,0.2651547015159419,0.09046306470195276,0.8315263093535203,0.9165987761374353,0.7156345040039902,0.9245212233633303,0.9332424928661316,0.9999944410882848,0.049968577395480884,0.78323593473282,0.09803985510966262,0.8038682826568034,0.1698243796340051,0.608053311370862,0.9068385752321679,0.902475570571367,0.9558421081802313,0.0585291146087078,0.7387171348459382,0.4746162582194675,0.07624406451516585,0.2555856445649618,0.16003358056404426,0.7459965207696119,0.7596962397201693,0.609204504382787,0.35652521719287456,0.8510332975073392,0.4521156872579073,0.993431781744291,0.07503972006583881,0.08871490588528097,0.3005182405100336,0.12677757369653442,0.9303511689772445,0.1671948107445349,0.7346887597815599,3.398987124523626
