center_0,center_1,center_2,center_3,center_4,center_5,center_6,center_7,center_8,center_9,center_10,center_11,center_12,center_13,center_14,center_15,center_16,center_17,center_18,center_19,center_20,center_21,center_22,center_23,center_24,center_25,center_26,center_27,center_28,center_29,center_30,center_31,center_32,center_33,center_34,center_35,center_36,center_37,center_38,center_39,center_40,radius
0.6328720619110528,0.9362431374643451,0.23111574131970614,0.9849538473666646,0.6430248730949683,0.3564336454732896,0.01282219301312959,0.47098334730691316,0.8615744041502598,0.3233278231556215,0.08355671723435887,0.8879634817281854,0.3808613748085201,0.7741157888744777,0.43563888050914235,0.6488884958805975,0.500389585061579,0.881823669196594,0.577720691197624,0.6134053446019884,0.5921138054877211,0.18442034336887347,0.8954423425662469,0.9472636105790656,0.9534590918270281,0.22847496684430746,0.5592922558868445,0.4187353353625012,0.36894344056616957,0.8569365472227668,0.9321303263147337,0.6693394443260093,0.9588380542636967,0.5155012879392038,0.42933374375501965,0.5138036611945088,0.3115491273539345,0.5562664894934437,0.7186251078913725,0.1131824525445021,0.8460647235520518,3.398996878653658
