center_0,center_1,center_2,center_3,center_4,center_5,center_6,center_7,center_8,center_9,center_10,center_11,center_12,center_13,center_14,center_15,center_16,center_17,center_18,center_19,center_20,center_21,center_22,center_23,center_24,center_25,center_26,center_27,center_28,center_29,center_30,center_31,center_32,center_33,center_34,center_35,center_36,center_37,center_38,center_39,center_40,radius
0.8937371243216689,0.39838941987610144,0.4797772616543813,0.11978812001877259,0.7628479667289231,0.9271869912924922,0.4012341856977033,0.30265108246716466,0.49123261208571567,0.883713306612121,0.057702441829735274,0.05886494575441792,0.739586310998595,0.043139161354560196,0.37825160132392965,0.6427554796428924,0.21513781060046588,0.6503520768105294,0.7593927437122024,0.7772362162506843,0.45267489240270464,0.14115935750521935,0.6713822382634399,0.48625472503442846,0.8512384506711902,0.7161185801771139,0.005701768771343763,0.02655177013168275,0.6792418096977528,0.04089534931495553,0.12739063482911683,0.1160687904799449,0.7012278823655472,0.5105726030600733,0.09824879475864678,0.8221409562455819,0.9654883668322853,0.2568721181435919,0.788397472565143,0.8834095062654569,0.5003009973266402,3.4904878157907495
