center_0,center_1,center_2,center_3,center_4,center_5,center_6,center_7,center_8,center_9,center_10,center_11,center_12,center_13,center_14,center_15,center_16,center_17,center_18,center_19,center_20,center_21,center_22,center_23,center_24,center_25,center_26,center_27,center_28,center_29,center_30,center_31,center_32,center_33,center_34,center_35,center_36,center_37,center_38,center_39,center_40,radius
0.28992555808833387,0.49461126817197254,0.13468981116711287,0.47503176020825155,0.7354296226623834,0.7539064541305036,0.38323509944187784,0.8549913437308354,0.10343253420772214,0.9111881463974296,0.9401553239946049,0.8328820014278305,0.17177394631090792,0.9067279097101418,0.7525850622203549,0.23962052293603997,0.9584154625992012,0.2627850233567638,0.24735800685608778,0.6683134688246696,0.4022521468390261,0.429536320042319,0.18372999467011253,0.08082130733776371,0.8328367218716914,0.4602981212107684,0.0964240903616328,0.6417283592996642,0.6644292280494464,0.03934216405964586,0.5378461606373719,0.485330833709568,0.7264184008929084,0.88373323095356,0.36004009621494637,0.7006076605992528,0.9870360933752229,0.7557160587116267,0.741153157376892,0.20474701399070283,0.862940959851767,3.2531057440830313
0.8692322705223055,0.8889831007606598,0.7266132265447729,0.5495697927605158,0.9264417423980981,0.2377123743701376,0.34813121606310204,0.06791285176579331,0.27750803651906286,0.8480887650716324,0.4682612298111848,0.23387506228683774,0.7581257508785268,0.11653183424532554,0.7016471777578508,0.5401875587784047,0.019326090840349863,0.811163545710558,0.6335169155837098,0.12640629529161762,0.4006674353402657,0.6606991367052856,0.8836794609587465,0.34894309389459377,0.5139035622390439,0.662859493420135,0.6298933674627565,0.7607939647795436,0.35898742815357265,0.9148109416970378,0.5783452935919592,0.7531320144159274,0.05735218228578798,0.27154611327409617,0.9992189027021149,0.9221948385969929,0.014574803112029855,0.07053222308954787,0.8839233761797566,0.5705722850835604,0.02668554422161784,3.1473854874117655
