center_0,center_1,center_2,center_3,center_4,center_5,center_6,center_7,center_8,center_9,center_10,center_11,center_12,center_13,center_14,center_15,center_16,center_17,center_18,center_19,center_20,center_21,center_22,center_23,center_24,center_25,center_26,center_27,center_28,center_29,center_30,center_31,center_32,center_33,center_34,center_35,center_36,center_37,center_38,center_39,center_40,center_41,radius
0.5442729294327187,0.3260488774305662,0.972786030547319,0.799335728140539,0.2800976650079541,0.07767130070123618,0.2742703542442402,0.18155488476676762,0.09172076672266449,0.4039694752337216,0.30058700775860947,0.5834146424874115,0.0279858851383179,0.8998747598441275,0.7189619090091839,0.815124971250458,0.7699708487647192,0.3008648567872728,0.7394417265492073,0.19190900365870522,0.7259212362432339,0.6678529060993631,0.6038951893048075,0.9957865857562963,0.19265544254765266,0.14733413728026534,0.08515838865807612,0.21354107065600114,0.5699971933487843,0.8070108326745089,0.19647676010455617,0.5731799913307293,0.28421560045587646,0.13411364888198285,0.7922576067644264,0.19657717414619458,0.8366515317343348,0.4455613051824939,0.5112475140624749,0.16617824859567365,0.5733378983460831,0.4069298991094209,3.1884168223851894
0.21382190806778334,0.11619315846078848,0.0034763342247597917,0.8760256084844067,0.3381362109156506,0.3244010464841701,0.887381344950503,0.8921485525929653,0.8863571499172247,0.3242049904509231,0.6628380446186343,0.015292513471546587,0.6817804056372136,0.16833799902507995,0.9530343642155918,0.2278847519992303,0.17952266974206155,0.03849334417506001,0.7069219150961873,0.976433965242053,0.7321481916409827,0.29602104391741146,0.39690674358558853,0.4970407298846533,0.9974183997611309,0.636392767378065,0.9863789023884305,0.026163011647521883,0.43113215449582476,0.09389155336806132,0.009481268519872743,0.35416042579441087,0.2584193316134946,0.8530561830294676,0.2013035275114844,0.38905751830490687,0.9306680189891715,0.35652631738584317,0.9523400633535445,0.9573798799259692,0.6577721711541893,0.8604959648638368,3.574247680667553
