center_0,center_1,center_2,center_3,center_4,center_5,center_6,center_7,center_8,center_9,center_10,center_11,center_12,center_13,center_14,center_15,center_16,center_17,center_18,center_19,center_20,center_21,center_22,center_23,center_24,center_25,center_26,center_27,center_28,center_29,center_30,center_31,center_32,center_33,center_34,center_35,center_36,center_37,center_38,center_39,center_40,radius
0.4053887950051459,0.8045640267900366,0.6614356297900327,0.5472608149369701,0.357354382853459,0.3810385569410455,0.7572084990100897,0.7915993253566028,0.7873673468036866,0.35421300923561894,0.6506492733728385,0.9109704669237683,0.061316638171076465,0.5126696885028498,0.14266734695700156,0.892052592758505,0.9609008645639124,0.32369741178127975,0.25955360222607493,0.4510892664912023,0.873755348117538,0.6127674792176869,0.83807459157647,0.5475366807128069,0.38666817474546933,0.0808391050123789,0.5299966483349515,0.7460369792002549,0.6865645252839279,0.04321419487538736,0.5907565065111986,0.8042201364900938,0.021803685860829147,0.4756844160279514,0.7566644563539457,0.26520789154976676,0.9561370033928863,0.3344111505441223,0.8970635479262464,0.4278604313161578,0.2927511496606984,3.2350883259636287
0.6859323398710465,0.9581846713760306,0.7243340815206489,0.11704501286173197,0.874440639523119,0.22496329666229864,0.24261330808249648,0.8860288591426427,0.8083393041635325,0.8597941692559294,0.11064930989454747,0.10049461808047089,0.3791363717157117,0.21758978170985033,0.16626816489015983,0.36178639349742747,0.474253418180284,0.9948741787671387,0.5555382201496736,0.17140635229553824,0.036541981300383775,0.19053264917491974,0.023566821375183622,0.06697942119841882,0.977716423588809,0.9827986589208125,0.5756558300335476,0.6702860032604463,0.6810369302071256,0.9366692094486796,0.05596963203305627,0.8192300417387656,0.7969068507467791,0.8923887608950698,0.1811646023223339,0.9058613711681036,0.1971058644382988,0.7515115259852052,0.018705075256571835,0.30935035492274776,0.657688444402839,3.149574984884176
