center_0,center_1,center_2,center_3,center_4,center_5,center_6,center_7,center_8,center_9,center_10,center_11,center_12,center_13,center_14,center_15,center_16,center_17,center_18,center_19,center_20,center_21,center_22,center_23,center_24,center_25,center_26,center_27,center_28,center_29,center_30,center_31,center_32,center_33,center_34,center_35,center_36,center_37,center_38,center_39,center_40,radius
0.5387205466056556,0.5878376599543822,0.6800078482132761,0.5086768234590963,0.18332425238689398,0.011615233763560995,0.02456993026502796,0.5324034689863684,0.5014378368493976,0.20528993727466638,0.3725495889272975,0.6893948196754373,0.9973218709554292,0.8687526467748552,0.5814110632744773,0.897929544346983,0.9217936401213351,0.9540070072214755,0.15176173258453707,0.3295997377365756,0.1721596683129909,0.12954843465597965,0.9215733667020946,0.30016117504041906,0.19230671497834606,0.3509771613994199,0.5394636380440633,0.4140654114768646,0.5885258532627828,0.5355810020378153,0.18533450528036022,0.17771743280225893,0.5544479333202181,0.39702054695631517,0.23466275737137343,0.7042263122778764,0.645165454417776,0.41761550017038307,0.2791962266815682,0.10751706682103168,0.9801597400937433,3.022619185868079
0.1555951422511238,0.9783703114070084,0.16484077047880852,0.0627330626828726,0.9969533885725003,0.9976757440648023,0.913991803174925,0.9784155375610446,0.08273878669580914,0.29679032179152254,0.43379842717731343,0.9174499030158926,0.23817123597344647,0.722690223713176,0.030868778801094177,0.7625822058738242,0.36645720396353576,0.22719259345680531,0.6701328221072278,0.9816642926892933,0.615321036060394,0.786338611991522,0.4242519507736735,0.6571251666306231,0.3342468757756363,0.844567544973788,0.4532912367962765,0.1281296365761566,0.14679028044359776,0.3318688736722565,0.40503709909587926,0.3415378367891001,0.5403283029085223,0.41103412360625124,0.5535456763042181,0.3994329483719352,0.37376274937830656,0.4374513358623534,0.7970145553192217,0.9944813747759977,0.011901070345057052,3.550514008050338
