center_0,center_1,center_2,center_3,center_4,center_5,center_6,center_7,center_8,center_9,center_10,center_11,center_12,center_13,center_14,center_15,center_16,center_17,center_18,center_19,center_20,center_21,center_22,center_23,center_24,center_25,center_26,center_27,center_28,center_29,center_30,center_31,center_32,center_33,center_34,center_35,center_36,center_37,center_38,center_39,center_40,center_41,radius
0.5141488080990538,0.9631822174116738,0.16826791409424102,0.38130878786072975,0.03153654976436071,0.181166110107155,0.3070639789423397,0.8889873581522251,0.5268072882548563,0.9693609790328457,0.6644412828536,0.8117324718309824,0.7453130815318454,0.006048944929052502,0.7762047251920663,0.11659618773766256,0.3157769082150055,0.023826875318319063,0.5665794974725463,0.6739880126152092,0.6004298486242822,0.27021464019548114,0.3873214972774678,0.697920787846384,0.41297019975273463,0.5769533979254671,0.6467964945856753,0.9021548237227947,0.5707831029013862,0.6882553366518538,0.888933969384195,0.9478599592835114,0.2897181886809672,0.6911974608655366,0.2647561357918161,0.16590043637158913,0.3000255020017212,0.3144990648696714,0.5996819611874925,0.012760998998506023,0.40822665089007537,0.28687405227556717,3.0454996643695473
0.6486831092702924,0.07696123901678276,0.6428624788866782,0.12444312938904789,0.7111750650025414,0.848617216524266,0.6029321633288359,0.013196756340155047,0.12633778947034802,0.09358611080181878,0.33344852487801213,0.15176901151738653,0.3952552202916718,0.9881813480224272,0.5618708828898015,0.8381420683381772,0.20036461750371626,0.4641936729399895,0.41677923167301845,0.8813023033153544,0.06154000581819974,0.31901665408580704,0.8502617010378202,0.6354370963544795,0.2865733663569888,0.5468177384465127,0.5379448708548812,0.32832356063286927,0.27245988688412515,0.5511386499124886,0.11837918449315632,0.15393319996553623,0.8232729441941674,0.3940025113654583,0.6382974264296942,0.9486023092569257,0.42197886387569483,0.4892893791609646,0.7749626672214195,0.5572217624432335,0.09970284552195041,0.8706514579342075,3.212515917018914
