center_0,center_1,center_2,center_3,center_4,center_5,center_6,center_7,center_8,center_9,center_10,center_11,center_12,center_13,center_14,center_15,center_16,center_17,center_18,center_19,center_20,center_21,center_22,center_23,center_24,center_25,center_26,center_27,center_28,center_29,center_30,center_31,center_32,center_33,center_34,center_35,center_36,center_37,center_38,center_39,center_40,radius
0.7067028827306219,0.28832610541934656,0.6825849510487539,0.25931852670182265,0.4107007225886091,0.38516146335711543,0.8020214036204046,0.05471465592184377,0.14288779381354744,0.6867366479426618,0.0751350150691249,0.021610921240775127,0.5890313877061925,0.26702792795418273,0.9275064666095734,0.3099472138106725,0.5321961586540352,0.7424848518459835,0.9955572749140654,0.1848330622812271,0.8410162342938454,0.7519823812002778,0.4300404128186225,0.5075325297967056,0.7600932374982178,0.04406516970729102,0.047102618130960394,0.15891652758684482,0.31153303579405756,0.21082016909928392,0.6464473810420668,0.794562284205825,0.11490570126365562,0.06369667812422142,0.8125430365870546,0.12528203743770117,0.6142755848793284,0.8564650495034167,0.24424676040935112,0.7315041397340225,0.9685418727739892,3.3105983841042943
0.7308629602571345,0.8662451075387797,0.318548016294271,0.803188955569104,0.27606507465853747,0.7803575067358819,0.18593079660706313,0.8298784236788299,0.14744262406440678,0.2619178394309336,0.7929074678825437,0.8743324741833179,0.6931647805882767,0.3460703015183495,0.21852319439613077,0.9279977354065136,0.9540914972126977,0.640134536826233,0.3711823586585651,0.9466269854168055,0.20055182616886014,0.4822920761347791,0.4056701728269577,0.027667423584727846,0.581904248277311,0.8458724139466348,0.9809152343592118,0.41719994859084064,0.11104995460744349,0.5619323917417299,0.0957848078918283,0.22544605923138383,0.9687275593708915,0.91689342252094,0.047812307963975176,0.6317604198884285,0.902916032412774,0.4988151127716608,0.8282360813212892,0.1324463127624924,0.7054403523410148,3.5146514427095936
