center_0,center_1,center_2,center_3,center_4,center_5,center_6,center_7,center_8,center_9,center_10,center_11,center_12,center_13,center_14,center_15,center_16,center_17,center_18,center_19,center_20,center_21,center_22,center_23,center_24,center_25,center_26,center_27,center_28,center_29,center_30,center_31,center_32,center_33,center_34,center_35,center_36,center_37,center_38,center_39,center_40,radius
0.011721590765507384,0.848933345885013,0.48158579134607615,0.17002118907771668,0.7946159098600546,0.05476176411064393,0.48044746680394623,0.7734233625300733,0.36102885735860235,0.8610789266844837,0.9753838690954681,0.6079539882908862,0.29752105120583205,0.4038262488850831,0.7236987412871071,0.01737247051010571,0.3647929925084431,0.7869809760915989,0.9200891131732934,0.7304101590434611,0.7742654736721198,0.7330623912264729,0.395530003736687,0.6389938596780277,0.06155896863766974,0.4082296553117999,0.48553308410708396,0.8342488796792065,0.8220525741635815,0.22871730861551787,0.8471967388196514,0.9028194663851176,0.8898831342656958,0.3318589661048513,0.02041419672763456,0.969726775329931,0.3220266137870933,0.33603872288201486,0.5432343918916126,0.10159665716453226,0.17465201303927047,3.329408715502663
0.9724162211775095,0.09392249135161901,0.013019762496193743,0.19308239019802487,0.6062090631744659,0.829648178899843,0.18993640915327192,0.2790562022941484,0.5708129465434232,0.007167327820902236,0.9432147611461357,0.8996024223408292,0.804318084488157,0.23169960901471998,0.09279510593574858,0.2965053317746458,0.07909005242779632,0.2790270113333865,0.23015191530639112,0.6080369180268042,0.22086551105823116,0.5241938744491214,0.9159326762120638,0.3750287220629438,0.9803089556639524,0.6901665706613657,0.09228942744830637,0.06045143051572177,0.2375479769351444,0.6169397883713685,0.165032272804432,0.7728262170389845,0.054627019696078416,0.37893989061096356,0.4728180289839826,0.037802297145319574,0.6594232596625342,0.21883300596410094,0.6720101674348206,0.5470560159983002,0.8816398967931404,3.4406296207095157
