center_0,center_1,center_2,center_3,center_4,center_5,center_6,center_7,center_8,center_9,center_10,center_11,center_12,center_13,center_14,center_15,center_16,center_17,center_18,center_19,center_20,center_21,center_22,center_23,center_24,center_25,center_26,center_27,center_28,center_29,center_30,center_31,center_32,center_33,center_34,center_35,center_36,center_37,center_38,center_39,center_40,radius
0.7036801516275832,0.15190359076258908,0.09456734857397131,0.7546441978720455,0.1958351903268678,0.9270612998377636,0.42209121065779664,0.07800764804129978,0.5908437816034916,0.932347706121756,0.5367602235579442,0.29838490021967834,0.6210957246565744,0.45345543854046677,0.7626388259086219,0.669424795781877,0.48138486511801737,0.48419745437132733,0.4094966925662724,0.6228202493746973,0.8992573716114871,0.5207799001364234,0.5296457369417277,0.244003065970271,0.22302136995891286,0.0423231900760902,0.13680298607804053,0.3915816483485195,0.22553450956143406,0.27380615581132295,0.40132928303017,0.751124506705478,0.05216926774702968,0.6577355554224631,0.2699474608738216,0.3701903153869569,0.8363339361334484,0.5695710133700428,0.5018679060780775,0.3785248036052784,0.27019515764239654,3.1019935567358985
0.11375636062452299,0.8264739941983099,0.4677352044778501,0.8227830628913169,0.8585897055610316,0.11976827156823189,0.4892545199842039,0.7996924605337846,0.9372956111511298,0.03632964460604671,0.22803404828265184,0.9923215122223381,0.8190592875141423,0.30788752894967664,0.44513393554633285,0.07286726332806415,0.2978708512372351,0.051796923911739734,0.43818782273446566,0.7228105839923153,0.4043052718033532,0.8448265320824833,0.8649673746959164,0.8739995802889012,0.25992831380967507,0.6355115486035515,0.3676386404806956,0.30164441719796453,0.6842064525478907,0.783873176798969,0.713218604435483,0.14500912599763227,0.9460889061700669,0.15865053900143766,0.7399225457684353,0.32997282537380823,0.007211977561236815,0.027940443380543134,0.6686785555793314,0.40524781595569925,0.9079256918725372,3.1826699962218172
