center_0,center_1,center_2,center_3,center_4,center_5,center_6,center_7,center_8,center_9,center_10,center_11,center_12,center_13,center_14,center_15,center_16,center_17,center_18,center_19,center_20,center_21,center_22,center_23,center_24,center_25,center_26,center_27,center_28,center_29,center_30,center_31,center_32,center_33,center_34,center_35,center_36,center_37,center_38,center_39,center_40,center_41,radius
0.07571473806396989,0.17982669580512944,0.1991560680140423,0.9282776568426324,0.15694506998911684,0.5470768878959157,0.26941213044294743,0.6809926297093537,0.5352148578413307,0.041018934896528525,0.7368610203343295,0.8333874639318684,0.9606776308292333,0.5799359107890996,0.07208268422559383,0.3360423005659986,0.7002637841222037,0.980578448123558,0.791120421254929,0.7726321540210147,0.8819913395193338,0.4775596170046684,0.6036261820530532,0.6622232773579535,0.7868662328186015,0.08143861453162604,0.8219823099567902,0.3260524707334226,0.04932692595029542,0.5413093397745735,0.7362217280360401,0.595489020437822,0.79260810291109,0.1987826767170403,0.317454665756273,0.9139297985136634,0.6009441513139804,0.5301967674915476,0.7505416478914152,0.25116589706969783,0.620105653189838,0.8152807272017478,3.5417863937221954
