center_0,center_1,center_2,center_3,center_4,center_5,center_6,center_7,center_8,center_9,center_10,center_11,center_12,center_13,center_14,center_15,center_16,center_17,center_18,center_19,center_20,center_21,center_22,center_23,center_24,center_25,center_26,center_27,center_28,center_29,center_30,center_31,center_32,center_33,center_34,center_35,center_36,center_37,center_38,center_39,center_40,radius
0.4314006285287888,0.9800540240037746,0.6944926728705209,0.08853594022145284,0.44364217022039243,0.9076502120643106,0.6725722929628605,0.5402092619909358,0.5145874992644456,0.009295205488612068,0.4284769696280516,0.11778793683433297,0.8848152483877575,0.06291147321166579,0.3974675431000564,0.6456817809271593,0.6328688566198273,0.8675826277410883,0.48650793331991604,0.4717955808154609,0.4635261470810712,0.0007058283130060294,0.06024847548688139,0.8508373769414624,0.7016105020193735,0.733298935746416,0.21743036733403576,0.10137290407766764,0.04303035466104321,0.15620110761167572,0.21212811823269295,0.20839062510511164,0.19150810311181354,0.8874882342403344,0.6652333869103342,0.7506049219566902,0.014086088149971032,0.07029777463122022,0.8926866748804082,0.11552436101413388,0.32003598133593203,3.28657803590329
0.3312127595012263,0.2948307749261332,0.5878190227886105,0.9921759485215591,0.5336755522831569,0.12538113407812412,0.29167922557044346,0.4905769688835495,0.9536917223417283,0.7861772915109487,0.6815331811725484,0.9414068519531148,0.23814729342302365,0.7902206526728192,0.07610401787741439,0.11797234091981001,0.9321904180464022,0.1782277482488286,0.7471859783124047,0.5804327609025697,0.9338565688631901,0.6241010180880031,0.9875960173237283,0.21394777376456187,0.971133673994071,0.41128186417005175,0.538564374311079,0.7002234773966585,0.9756242283417622,0.604609254374598,0.14875353179427875,0.49176655556411786,0.16615527809413644,0.3585531431832907,0.1383475993676051,0.5505352744883882,0.9164010501333666,0.47616266718124567,0.7168574668631724,0.6336443229578838,0.7479757984415967,3.481742708879429
