center_0,center_1,center_2,center_3,center_4,center_5,center_6,center_7,center_8,center_9,center_10,center_11,center_12,center_13,center_14,center_15,center_16,center_17,center_18,center_19,center_20,center_21,center_22,center_23,center_24,center_25,center_26,center_27,center_28,center_29,center_30,center_31,center_32,center_33,center_34,center_35,center_36,center_37,center_38,center_39,center_40,center_41,radius
0.865020977612019,0.08370618109482975,0.7921984552583066,0.8132432467993356,0.04461225091108534,0.26827940575060516,0.9589830973769476,0.8815396241001674,0.02955635343290175,0.697602911658001,0.07640424811478397,0.9604147324193215,0.33967724453070935,0.6125891576430208,0.620659523585296,0.3720745739397495,0.5443113201399826,0.6621145452933093,0.24471756828762714,0.37540136786591494,0.5926707074737407,0.4691836290775604,0.04571790752349769,0.6278205284272002,0.641248187536764,0.33233023541549456,0.31373647956439255,0.7745896270313406,0.9922496902964636,0.7319198567114428,0.06677622348896939,0.912656831620866,0.565763165304701,0.10932942463676243,0.475570297000495,0.38527148289938984,0.9766717357495123,0.8993762120149805,0.8673952507657379,0.2647503552314463,0.3708989259870239,0.7279529567625265,3.710987772036293
