center_0,center_1,center_2,center_3,center_4,center_5,center_6,center_7,center_8,center_9,center_10,center_11,center_12,center_13,center_14,center_15,center_16,center_17,center_18,center_19,center_20,center_21,center_22,center_23,center_24,center_25,center_26,center_27,center_28,center_29,center_30,center_31,center_32,center_33,center_34,center_35,center_36,center_37,center_38,center_39,center_40,radius
0.35900043526294667,0.9482521095905514,0.26277382478750344,0.12576169715470364,0.7283896133384938,0.8188731349474188,0.6647194882548627,0.7600630971094221,0.9661913811950171,0.4811070542097914,0.3734178442915371,0.02530497418268962,0.7894603267709197,0.47368304712694653,0.12266452548932028,0.4416892722620783,0.27173248380852,0.7808119915737043,0.28417224479506453,0.8577570580305612,0.9096015414947539,0.11236946524051106,0.3234692716216431,0.8859873355496487,0.8220293803127681,0.23985824917009502,0.195850066644227,0.7550421193164306,0.670651520931491,0.4272775598610232,0.5308983199797278,0.2526744054039145,0.930031260124121,0.16233133408802958,0.47049476565177595,0.6976503230098449,0.2746558845056578,0.2740031757626986,0.31238330426608696,0.5368527742211934,0.022422310137347967,3.4264991579156896
