center_0,center_1,center_2,center_3,center_4,center_5,center_6,center_7,center_8,center_9,center_10,center_11,center_12,center_13,center_14,center_15,center_16,center_17,center_18,center_19,center_20,center_21,center_22,center_23,center_24,center_25,center_26,center_27,center_28,center_29,center_30,center_31,center_32,center_33,center_34,center_35,center_36,center_37,center_38,center_39,center_40,radius
0.7297775989608515,0.6813362588671393,0.12333843015868928,0.5604202565156139,0.8676057595354826,0.1684318844280599,0.9258639729344319,0.37437318502908157,0.15661146250061508,0.5888925806828151,0.6566091030068016,0.7735470684442329,0.7122309178204297,0.9522820530954067,0.9602956294836147,0.9729514469764518,0.3545870017972669,0.3170159349713717,0.1494765629886311,0.7315238026784037,0.3993918307760801,0.9327540388807929,0.5499090122604725,0.00829790047587775,0.5656166081159745,0.3138435142811973,0.20281905244187803,0.19589453784788435,0.9355368051988322,0.8410416318513573,0.7367752526516759,0.9705665301390961,0.21117293817428728,0.09173142341383933,0.46821956735029324,0.18531702384566962,0.2463798173639702,0.6364336868433753,0.9552240834919925,0.14083192994403648,0.710858960780291,3.233236750375909
0.10467399023182511,0.8898556079677937,0.569615742828274,0.08394567103283379,0.7149566741038945,0.7088046580416608,0.6270230301996702,0.7438467807024948,0.6029671169089468,0.9701422786208409,0.7828569126182829,0.9968308887713867,0.17136098357439944,0.32700479209185906,0.27358938433541957,0.9328115491681725,0.4412025432678346,0.4583159219644771,0.8994987154081893,0.08801251708082358,0.020315251320349725,0.054178671661252786,0.026047260150460327,0.6613987550319931,0.3107986118140542,0.6105761700203152,0.9883729457375459,0.7818854254044894,0.54635487231763,0.4888041409225906,0.14377750695454095,0.34387822873520857,0.08682218076350012,0.9032474649122358,0.964420858852528,0.6680465668987527,0.7092312162340609,0.01583104033349636,0.13635793045204214,0.9408777658191115,0.8119570756475238,3.1304299203873684
