center_0,center_1,center_2,center_3,center_4,center_5,center_6,center_7,center_8,center_9,center_10,center_11,center_12,center_13,center_14,center_15,center_16,center_17,center_18,center_19,center_20,center_21,center_22,center_23,center_24,center_25,center_26,center_27,center_28,center_29,center_30,center_31,center_32,center_33,center_34,center_35,center_36,center_37,center_38,center_39,center_40,radius
0.9655374098164278,0.9234543448222177,0.4286262893162577,0.4959920209418336,0.4180607483327622,0.3321739019735519,0.7415881452150583,0.007564160328567215,0.6329557413279331,0.3014214847793215,0.20513461168020886,0.7807045376349976,0.821374603916358,0.18901653511642713,0.13275943612431496,0.2862229944534438,0.1701500227707229,0.8691125126479902,0.2218057209727352,0.26680305545446037,0.9703466008355427,0.4217569963752208,0.4706764242026572,0.24107429884871345,0.7048444691628594,0.21690100250834254,0.2872049418018079,0.522727635362668,0.6347844594678234,0.8248955606238587,0.9600297106872798,0.879665045554662,0.7681700143008383,0.3379328051573216,0.593670382358164,0.6267129796220159,0.10878197436912962,0.8078772747682939,0.7378249245460031,0.15208433044659098,0.5577976669037894,3.1559740412292325
0.05454542131195772,0.2861149089566889,0.8331806630297461,0.9329686332399523,0.9462482051640366,0.6110451656353795,0.17525766167587775,0.7880618952332602,0.9121206699992529,0.36326614778639243,0.7762053406132922,0.6677642417361086,0.31357765374268787,0.8748659896260089,0.1938402699508318,0.35477556518237596,0.8986463620238596,0.09626324862352753,0.8048116020186197,0.8977454332556726,0.09461201691376209,0.7365763326504947,0.15363745577189103,0.40009723510815765,0.1396949634221646,0.8206175399374295,0.4882713573395213,0.8903669735691484,0.5896504151111739,0.09353837609892013,0.15654958528620955,0.43852062217002474,0.1405629896444489,0.13831253780160435,0.21287510786196007,0.3529933865712386,0.7459237299345666,0.32917592270189855,0.34209982339105116,0.9811018463956582,0.6846032033482315,3.3761242209750804
