center_0,center_1,center_2,center_3,center_4,center_5,center_6,center_7,center_8,center_9,center_10,center_11,center_12,center_13,center_14,center_15,center_16,center_17,center_18,center_19,center_20,center_21,center_22,center_23,center_24,center_25,center_26,center_27,center_28,center_29,center_30,center_31,center_32,center_33,center_34,center_35,center_36,center_37,center_38,center_39,center_40,radius
0.7575293156375469,0.560694836515629,0.23347967102944078,0.5068424286987202,0.9180529873960732,0.2821653400415751,0.9628766129245814,0.5322491391336788,0.8829299402005788,0.17309673138164383,0.22947492839976313,0.09971273229911748,0.27874704666253447,0.3038709301570459,0.21463935699843317,0.3187934294514728,0.3172806532716318,0.18949054545530009,0.8549093856703917,0.8251796232631438,0.04714845529853673,0.7433299903773517,0.2659670023156884,0.9062081275615032,0.6528510100550466,0.8732868158875786,0.7064913050674816,0.8974121113993807,0.26766244185507115,0.8742008758656863,0.1313023219375784,0.5157051599814828,0.7168985697351676,0.8894251794410438,0.7574706125808262,0.27102271522865795,0.5158707391398021,0.13937373750643156,0.5876064893806205,0.9188978863481919,0.3895546385806633,3.2614510538414274
0.9778668276129263,0.18106582901101775,0.2986636727843456,0.726421206094194,0.5704868472440007,0.6174577270902676,0.3209067540510556,0.19873984218680052,0.5947248265629493,0.44295911679675426,0.5634173679774624,0.2519262554771323,0.676940521297905,0.9374935927822694,0.933785137365624,0.9702688492363084,0.9060051772757968,0.4817149801761219,0.10911085966710132,0.2610300826779781,0.7538100828828935,0.0473692129298624,0.9681557010240925,0.7406820796953353,0.00898727020980894,0.11019325004228964,0.7152815395454363,0.8643589340402485,0.38058295727908065,0.24902691719817938,0.9733253066347093,0.6346228682972754,0.42875262440766015,0.09065557422687176,0.29909265390601913,0.9673710608280353,0.08505991970725202,0.9758675831644871,0.04169125902789661,0.3657396216661304,0.503933352601858,3.518953291720972
