center_0,center_1,center_2,center_3,center_4,center_5,center_6,center_7,center_8,center_9,center_10,center_11,center_12,center_13,center_14,center_15,center_16,center_17,center_18,center_19,center_20,center_21,center_22,center_23,center_24,center_25,center_26,center_27,center_28,center_29,center_30,center_31,center_32,center_33,center_34,center_35,center_36,center_37,center_38,center_39,center_40,radius
0.9402424267006421,0.9704883655924842,0.24364500307634218,0.075445078516713,0.7957000112861123,0.17362451084685682,0.20162935364349344,0.004215639619752465,0.6186805042649702,0.48050652468872457,0.9641575617357915,0.4816532762976312,0.5081674010785943,0.03786611862850431,0.5879314715460725,0.6633143612830451,0.7008416734719037,0.2780013103470952,0.07419910670747831,0.53750254098915,0.23279022902170854,0.5061895834036534,0.604913260893133,0.6224318108141055,0.9759082766257503,0.028699673216682542,0.5387638586297256,0.4497827038870871,0.7360150847860955,0.4305332079758265,0.15930242020485152,0.5434020035253151,0.8350990531766455,0.14003692525364952,0.7962512175804703,0.6858826448062055,0.7432886165897489,0.5334497414825287,0.5709861152808311,0.39579531184754146,0.5383756209632521,3.239147885378229
0.14495444960507453,0.06291066119583444,0.6451893852684611,0.9905617068383501,0.02796478601658292,0.651758271871894,0.6754589930073556,0.8255200369155511,0.9542581271451603,0.13751749856493,0.06854723567558973,0.9719213544043284,0.7886271597250115,0.5618606760602676,0.03856556321115168,0.4847887567606898,0.3588662139160457,0.3484500431409696,0.42847136304791744,0.5391505422478088,0.500413284544669,0.6534562148927512,0.7900171589112956,0.12451119736000416,0.08024270926125776,0.9859287195235252,0.04026921587709753,0.9921352174509956,0.25105626604557674,0.9425220892644901,0.44982165946627906,0.660975343176638,0.7000019156409278,0.9835596894808684,0.831806522807292,0.4711944393416392,0.4003219256435241,0.39540332306973736,0.4589457580056858,0.485042182602218,0.2891855819493494,3.053667022668438
