center_0,center_1,center_2,center_3,center_4,center_5,center_6,center_7,center_8,center_9,center_10,center_11,center_12,center_13,center_14,center_15,center_16,center_17,center_18,center_19,center_20,center_21,center_22,center_23,center_24,center_25,center_26,center_27,center_28,center_29,center_30,center_31,center_32,center_33,center_34,center_35,center_36,center_37,center_38,center_39,center_40,radius
0.239808476693681,0.49633300090635324,0.083441587246333,0.31627987934694823,0.22310296246599737,0.7433729035480875,0.4705082736711569,0.9474675884726442,0.9037711514724209,0.9377471269760075,0.12299198108823062,0.03195211904667716,0.6855552764046633,0.6869154104721449,0.8191633954356373,0.11292525558085054,0.3724036877503759,0.15624586185792066,0.2706806623822354,0.7989539912856723,0.10988914551241202,0.5204200425773781,0.8127712296276509,0.9152607887430216,0.6765967482233687,0.20945228212549838,0.7235960607061414,0.38875992510284163,0.6499855706644515,0.8069784433468804,0.5197935442364058,0.9521797231436836,0.04121910032144693,0.5332168776402497,0.8109209061032868,0.5965650198757887,0.6595736268002956,0.6432475518735447,0.4622658749771086,0.39350229849074914,0.5902593072539145,3.4663056058068977
