center_0,center_1,center_2,center_3,center_4,center_5,center_6,center_7,center_8,center_9,center_10,center_11,center_12,center_13,center_14,center_15,center_16,center_17,center_18,center_19,center_20,center_21,center_22,center_23,center_24,center_25,center_26,center_27,center_28,center_29,center_30,center_31,center_32,center_33,center_34,center_35,center_36,center_37,center_38,center_39,center_40,radius
0.22889008129516253,0.8989658737897169,0.014160461541085634,0.8589393855992727,0.12122968736418893,0.2582311473976835,0.5666100530993119,0.6366500195087582,0.9771868438096704,0.44857456667725404,0.825990220292655,0.012292337393921882,0.5964960989322959,0.059856294985805025,0.8208383046081771,0.6108075893359796,0.5535335759101134,0.9350168788846738,0.741209553397679,0.6385337845172139,0.3619126507267463,0.8125823888967271,0.3854596617617948,0.6743420383942271,0.5120618208646874,0.8464413223296603,0.8356628433807758,0.2620511554390593,0.48641248212963295,0.2781277543346351,0.9201883459369186,0.15778378196967935,0.02111306611301378,0.12235139950861429,0.9000386055695958,0.17236498276924272,0.5841552838139347,0.8673748100083882,0.5583273589514484,0.2784231536311148,0.6582600106418,3.432330594286229
