center_0,center_1,center_2,center_3,center_4,center_5,center_6,center_7,center_8,center_9,center_10,center_11,center_12,center_13,center_14,center_15,center_16,center_17,center_18,center_19,center_20,center_21,center_22,center_23,center_24,center_25,center_26,center_27,center_28,center_29,center_30,center_31,center_32,center_33,center_34,center_35,center_36,center_37,center_38,center_39,center_40,radius
0.7834277146991463,0.4790960046524152,0.28600432033499934,0.2644455718249983,0.09656674775119423,0.8258787061988009,0.3496130460103716,0.6674130791352187,0.24327798980448279,0.6473174292601955,0.27330247755016335,0.2568404483175636,0.04821480159181735,0.0438249134821016,0.6500629914977976,0.26730880402626533,0.6335419780365998,0.7353004817722529,0.9068445315522311,0.32937741919986063,0.11725332608895378,0.6966653172410947,0.3016258863382282,0.6867110895822718,0.7844946188851488,0.5024890971349993,0.570660669043676,0.06044607492156606,0.9365633628541054,0.5922216781978128,0.8035677667754768,0.3395952496379053,0.10797964020087703,0.7246353522302305,0.1474781766445571,0.8977259333963398,0.8708031917025025,0.8387161658987826,0.14622375354683181,0.8747771401290213,0.5894282135504162,2.9931785225135252
0.9500847082685838,0.47412212390555997,0.2726802052733156,0.8634533819319014,0.785930768229709,0.08388908756088553,0.8958123395001277,0.21624547935443417,0.7525383728938856,0.009683849496764374,0.7939834321277849,0.13884470953291383,0.2957886659636364,0.989342315837269,0.04365502920239861,0.8940306290985989,0.028078820490132883,0.8096411998872551,0.9504420105842795,0.8970353214971583,0.811878066886503,0.8202086146662103,0.715797119924132,0.1519164448304735,0.006195947315110639,0.7980020609756912,0.016582025407589795,0.8659321843404489,0.5784203584888227,0.37469468274189566,0.4931589429752584,0.4815727931048852,0.3792600608692972,0.8281678886577483,0.44853326828275775,0.44382157191490856,0.5866072385344906,0.6683292306473431,0.129656148674819,0.4510113770820098,0.13965628042807332,3.5534994723281668
