center_0,center_1,center_2,center_3,center_4,center_5,center_6,center_7,center_8,center_9,center_10,center_11,center_12,center_13,center_14,center_15,center_16,center_17,center_18,center_19,center_20,center_21,center_22,center_23,center_24,center_25,center_26,center_27,center_28,center_29,center_30,center_31,center_32,center_33,center_34,center_35,center_36,center_37,center_38,center_39,center_40,radius
0.3882816842315845,0.5277276453846008,0.7442203802967166,0.5352066769387068,0.6124086503333237,0.7592657477894632,0.7102823563114338,0.30766047597236235,0.7944678094789003,0.35188684106393964,0.7376883176229485,0.1978332609860105,0.759514491324677,0.3595427956172256,0.6287417287700126,0.2349224795765028,0.13846871672343353,0.6179014611087948,0.575513861008534,0.6514852475925081,0.5576258567889104,0.9222251507881863,0.3936414138492549,0.7804116137519062,0.8119625813953192,0.8867339939969917,0.41047948963408276,0.36504499666976986,0.7783635436432318,0.06156388834986992,0.40847525210114966,0.8232698805858955,0.5865823686586069,0.890846972800631,0.2903336162775385,0.17542381946649543,0.6423288209602496,0.600375323406835,0.7098923584320264,0.611620838369523,0.5553410864460427,3.1134749642834936
