center_0,center_1,center_2,center_3,center_4,center_5,center_6,center_7,center_8,center_9,center_10,center_11,center_12,center_13,center_14,center_15,center_16,center_17,center_18,center_19,center_20,center_21,center_22,center_23,center_24,center_25,center_26,center_27,center_28,center_29,center_30,center_31,center_32,center_33,center_34,center_35,center_36,center_37,center_38,center_39,center_40,radius
0.5325295434696898,0.007286382930856039,0.8418938134846149,0.302780403323899,0.640529934950869,0.5078139930422251,0.5269144603363521,0.6958248648898825,0.8577422691094307,0.9367738834360768,0.2726477650984739,0.17736079223071466,0.9740717102900835,0.9624121798761187,0.04858018085002758,0.644201532575837,0.9749036092669313,0.5395672884606424,0.4851602090506105,0.8600064307879542,0.16178015163158455,0.12577153008708897,0.982065316829171,0.6655770513270574,0.8681113578858486,0.665328060474754,0.0330557919201806,0.41025321013194527,0.06574098578886933,0.4988576125979627,0.5852691722371084,0.8979113549993786,0.8677195204489396,0.6888631734237304,0.2130002910879415,0.9453482037884099,0.2644273644542441,0.6597431594097296,0.9698720857740757,0.9744728595974638,0.6244075576985078,3.8524779427511553
