center_0,center_1,center_2,center_3,center_4,center_5,center_6,center_7,center_8,center_9,center_10,center_11,center_12,center_13,center_14,center_15,center_16,center_17,center_18,center_19,center_20,center_21,center_22,center_23,center_24,center_25,center_26,center_27,center_28,center_29,center_30,center_31,center_32,center_33,center_34,center_35,center_36,center_37,center_38,center_39,center_40,radius
0.9612203823038402,0.9716653785751667,0.08358107280381333,0.2374476611280517,0.8200924478954913,0.7653371006470222,0.7121623435196629,0.5737366268781474,0.23737108832992249,0.9191865211003761,0.9129133091072125,0.31970973963455196,0.5479617918972838,0.850021281563807,0.09081816597809522,0.4562983545579865,0.843123780076765,0.17413625961841217,0.9707372703169321,0.6564221021704928,0.7359494775996662,0.03438609298796258,0.30849167283665246,0.10823492095921816,0.6803296479469824,0.6108484536686265,0.7415285129136513,0.8548994610071232,0.6124982139845367,0.5398027539442561,0.5516694593343658,0.09046359241757829,0.08450927537848518,0.5273966743721097,0.6940838087838043,0.12459775807488982,0.8085544980992977,0.6426563008281787,0.5789806533211702,0.8554724144627339,0.281968235824514,3.3789976838593763
