center_0,center_1,center_2,center_3,center_4,center_5,center_6,center_7,center_8,center_9,center_10,center_11,center_12,center_13,center_14,center_15,center_16,center_17,center_18,center_19,center_20,center_21,center_22,center_23,center_24,center_25,center_26,center_27,center_28,center_29,center_30,center_31,center_32,center_33,center_34,center_35,center_36,center_37,center_38,center_39,center_40,radius
0.3130037246465668,0.752176482211392,0.5949903601239229,0.9090167899453341,0.07375116428690831,0.8456246320111255,0.2686721545773616,0.9897047372104977,0.7020629449663676,0.031589282062902346,0.54599477648397,0.9343532553799982,0.14928658486656587,0.10105908409802378,0.8045321771814122,0.7252215885712103,0.6031453160930789,0.17790244433484137,0.053703543203888926,0.9638104542006336,0.5416848844201463,0.18889312097506494,0.5014387073525243,0.9202755488680636,0.8752374317150868,0.4317976048187536,0.9178652370232376,0.7022653160037616,0.6942150052275895,0.5669389872784618,0.5794632667399289,0.06307752905476638,0.8288442808118904,0.47182222701463117,0.6392882995400684,0.6464045374770604,0.014177258703765516,0.5008089023468012,0.9519870826962634,0.9218325037134416,0.7684200731840709,3.4564853985416106
0.8993994039062209,0.4856969618450937,0.39457843726004926,0.42229160187127757,0.021971414973776193,0.44899655615147094,0.8201296757580276,0.06439773031642992,0.12844893734425666,0.7654648243632455,0.34262537611686417,0.040117837777699394,0.655219210001242,0.9396496392240303,0.4412571925213985,0.7899450575974966,0.591624130526312,0.751651695379082,0.9696554344347311,0.17851360476732003,0.33140692949041806,0.021077490275439925,0.1133305355534725,0.06413120692894347,0.15658376066971402,0.5557931448404311,0.4705216981772776,0.30715687019683047,0.38290779191254254,0.2581615460955743,0.008603643599502608,0.320995792626517,0.05677902041787797,0.8291477980146095,0.3772743241248093,0.6244659507540943,0.9979995576811312,0.033537563767118916,0.20884519224147402,0.1646704752250837,0.4206780321755673,3.0773920991371138
