center_0,center_1,center_2,center_3,center_4,center_5,center_6,center_7,center_8,center_9,center_10,center_11,center_12,center_13,center_14,center_15,center_16,center_17,center_18,center_19,center_20,center_21,center_22,center_23,center_24,center_25,center_26,center_27,center_28,center_29,center_30,center_31,center_32,center_33,center_34,center_35,center_36,center_37,center_38,center_39,center_40,radius
0.9031734427468263,0.1804157750008294,0.7268057755226772,0.22028275050381474,0.9550339383810392,0.03420771420755664,0.31374203731703254,0.8802872325117397,0.03356663781254854,0.15420716648667032,0.5881486592704888,0.43216913439063187,0.012079915908109418,0.8212531707523352,0.7043419024320648,0.7974764126018158,0.4892389352584283,0.24187792346823822,0.9954849705455753,0.15273180826602317,0.45639201729954726,0.11171492470279665,0.31652388996102876,0.7302648663069652,0.19698414535206898,0.17906383813239302,0.5415950473416469,0.7510481131428284,0.7869445453163105,0.3850087729458638,0.4384259136791627,0.10578067098384225,0.6790965010810887,0.20355342126813614,0.7929096138134774,0.423449128843274,0.8036891162049852,0.576737654027288,0.23514045715482546,0.5667157853070259,0.5749919838215038,3.061682399026487
0.8197779175939265,0.11460740137705727,0.20336671397771267,0.9989790371608436,0.05753030473323073,0.5316711684193708,0.5455098819807008,0.0802947853567948,0.8721803906414973,0.8653976416005589,0.6244823659174101,0.7352832268140079,0.8600274958009111,0.8254588214790594,0.8977982234787558,0.323552834214199,0.7524339367448842,0.959824706006752,0.17923967306940358,0.611729195659195,0.7792609235329385,0.378855583221245,0.8046082479757971,0.5588668894441402,0.6751239915802548,0.9879341683079977,0.3425630458673843,0.3206022275167415,0.1743589860651764,0.9646529838141659,0.13978932367067987,0.36581870546003414,0.7476673211687169,0.6026479627367672,0.6008236369596887,0.7353899036355575,0.27712469539430407,0.2924175053090261,0.1518945118503784,0.13783352023947404,0.1786814533189356,3.5016597205714564
