center_0,center_1,center_2,center_3,center_4,center_5,center_6,center_7,center_8,center_9,center_10,center_11,center_12,center_13,center_14,center_15,center_16,center_17,center_18,center_19,center_20,center_21,center_22,center_23,center_24,center_25,center_26,center_27,center_28,center_29,center_30,center_31,center_32,center_33,center_34,center_35,center_36,center_37,center_38,center_39,center_40,radius
0.30725493725948483,0.3690614550931005,0.9899518413558875,0.6465853157513927,0.8024899212472807,0.607911122815566,0.32250659048381913,0.8966991327822428,0.30239090076408115,0.5698685751501996,0.8707260698634071,0.10675615503383051,0.8693530541673602,0.7078099568657965,0.7793307259482155,0.8690047929041853,0.950192090314405,0.11572888531856529,0.13292849454289024,0.7418932146113006,0.8494073833129431,0.3581337439354373,0.43478881630994204,0.9738709470168397,0.13009477730482344,0.46279108342014397,0.7753514819690388,0.252165290916214,0.055764662803777454,0.08045618353393424,0.27326950457069643,0.3089775146556536,0.7051825201853987,0.8138473921185856,0.8083203209282661,0.7825821893521556,0.7101424588484236,0.28394768856617747,0.7505805834043948,0.9840781003919304,0.7656679584197073,3.8059138471025777
