center_0,center_1,center_2,center_3,center_4,center_5,center_6,center_7,center_8,center_9,center_10,center_11,center_12,center_13,center_14,center_15,center_16,center_17,center_18,center_19,center_20,center_21,center_22,center_23,center_24,center_25,center_26,center_27,center_28,center_29,center_30,center_31,center_32,center_33,center_34,center_35,center_36,center_37,center_38,center_39,center_40,radius
0.7845028418323743,0.5911509403161445,0.21087501705086953,0.8292985253840952,0.2717609806375918,0.7745662398786806,0.17323394530003933,0.6867612969990639,0.8415381401826368,0.8952751332808784,0.8371684345030935,0.10260201911207134,0.15636796468394643,0.9885956329014449,0.20625973790710994,0.17861142759531368,0.039454582483103406,0.5944272408350258,0.08201723012437245,0.5186922554884841,0.8448594241149266,0.4438425193571114,0.5783868965297793,0.9542070473637688,0.9268947635309552,0.5414945109797337,0.12138361727858782,0.8354924086706463,0.6265118875032001,0.4306996844990869,0.03469547025672681,0.7727201569869314,0.2219194471997441,0.5047051513628681,0.16845586599135876,0.5273629186117816,0.6284706861988659,0.6547692212477754,0.8915265891689955,0.6210859793958837,0.338877780912465,3.384377317389285
0.6126683075854931,0.8815865639116206,0.05743426869824275,0.2594402682379794,0.9161485990088583,0.1931084286184953,0.9427589482167813,0.8973948941472403,0.15632684020350618,0.02050913195830939,0.46621982650768856,0.8090823450549843,0.13890250698415807,0.17552268757640543,0.8196613173298141,0.10972889832819566,0.6193794367790598,0.7766731869455779,0.09424270081893893,0.8494245693662337,0.011469651110945445,0.7253238050519196,0.048667299645457796,0.01398626627016697,0.42740864593994143,0.3644849352023727,0.9673832862614513,0.09100396180913073,0.35788185013970286,0.2895948095494172,0.7843072449811803,0.14696892171461295,0.8919623787326708,0.5014943543312242,0.5909848998694719,0.2279706383139799,0.7873968308293892,0.49472672065612733,0.12618085145301083,0.2212728701738611,0.8562169883851197,3.1088392512862435
