center_0,center_1,center_2,center_3,center_4,center_5,center_6,center_7,center_8,center_9,center_10,center_11,center_12,center_13,center_14,center_15,center_16,center_17,center_18,center_19,center_20,center_21,center_22,center_23,center_24,center_25,center_26,center_27,center_28,center_29,center_30,center_31,center_32,center_33,center_34,center_35,center_36,center_37,center_38,center_39,center_40,radius
0.316086336112129,0.6062795973040032,0.1541086862518415,0.4887562822845528,0.8714555817302644,0.3875136544759238,0.5963455394638989,0.8733863312855644,0.6080330728011734,0.6392084164675167,0.3247703416031289,0.21057081854280912,0.8729296011214448,0.11114483072756132,0.8781236651134352,0.766764534539693,0.493757219781903,0.7872429361430583,0.46844191365822574,0.2910875178875846,0.3227361698019072,0.4126911317204498,0.8745061774886888,0.026609022324385334,0.3329820873351881,0.9428861310390443,0.36940234710203623,0.6385528643315592,0.6493491895472807,0.0847584660965055,0.5574887328310533,0.13496817050917564,0.1325286319650777,0.807771816435109,0.5699780824988615,0.339871978759954,0.37233024185520935,0.04420377074245263,0.9769042898484844,0.621340250706007,0.19026416516941425,3.3175184726310145
