center_0,center_1,center_2,center_3,center_4,center_5,center_6,center_7,center_8,center_9,center_10,center_11,center_12,center_13,center_14,center_15,center_16,center_17,center_18,center_19,center_20,center_21,center_22,center_23,center_24,center_25,center_26,center_27,center_28,center_29,center_30,center_31,center_32,center_33,center_34,center_35,center_36,center_37,center_38,center_39,center_40,radius
0.4348509508618966,0.8214180432818783,0.5114092571434607,0.4284338352796563,0.30735478704529473,0.8078848812341944,0.1794716421199698,0.24806489490482153,0.7106729900773427,0.4302328802594265,0.13733318775224024,0.6103956695701481,0.859140367344536,0.2826458787430798,0.9212103941315536,0.6929589917601073,0.003940603603277082,0.35824816678740534,0.7282619526792915,0.5891658118102495,0.5702360421738164,0.8675529800680409,0.16124617887210413,0.5366782104550903,0.924562969381765,0.8522852186610572,0.5754752378804647,0.4899170889350414,0.7442043635713118,0.4258550893319971,0.799350985036014,0.2508488611629004,0.11860614552037774,0.4861775253884111,0.7957003663951102,0.7378614196058151,0.8157827452062411,0.9648419403794326,0.20541550850865753,0.2967781228697244,0.7589040800971255,3.207218207215169
0.9265863489305196,0.9845876667403873,0.3707119942186018,0.024007512465970215,0.9355892028172128,0.9373382315879573,0.6572165118609056,0.9212936440672682,0.7893094904898592,0.747735272944022,0.18637721041630262,0.12806452526836398,0.1190285754068584,0.0954473493205259,0.017906613492245316,0.09076923823909622,0.8445171113651291,0.6770474187401393,0.32362521816749446,0.750659321424451,0.8553507134947975,0.5076975483060636,0.7958889374519589,0.9169693525403076,0.03442563353136985,0.004019948797668538,0.7865046272090372,0.32985481419537277,0.2113510004665955,0.771834736861087,0.14265388929111722,0.9414995857421021,0.6324557283843141,0.6534735290683418,0.14496355671784922,0.5873517623730484,0.2697083003091114,0.061440179664552175,0.7268007492840524,0.6269153589558351,0.874515548206562,3.516132851354818
