center_0,center_1,center_2,center_3,center_4,center_5,center_6,center_7,center_8,center_9,center_10,center_11,center_12,center_13,center_14,center_15,center_16,center_17,center_18,center_19,center_20,center_21,center_22,center_23,center_24,center_25,center_26,center_27,center_28,center_29,center_30,center_31,center_32,center_33,center_34,center_35,center_36,center_37,center_38,center_39,center_40,radius
0.2854302568450079,0.19356235029160151,0.25137674015963674,0.7609780599011349,0.09925315455637174,0.22551046916781625,0.3320060779650801,0.6117804795761854,0.9387565185975612,0.3866105050161667,0.5319082911685804,0.5758136347625614,0.7372634731545329,0.5033422436580968,0.4743029272441549,0.7323001647343451,0.9266197247481669,0.7788029204986722,0.08793790975138194,0.9465629472557504,0.5311838631555369,0.028685970788616233,0.2156502458624815,0.669612809773355,0.330705704196691,0.4585126899109204,0.7717725819733224,0.4340363710264551,0.32714755430719644,0.947851581862257,0.2857869366281014,0.7538717326727828,0.06989460170080852,0.815408166349692,0.41187416957308287,0.8159522685662187,0.22583338131788788,0.15049613040069254,0.8689850635651388,0.5698842649540139,0.9459876235371929,3.2380846200469495
0.8150744576730945,0.4839726636942796,0.8055457650351361,0.02244398532828984,0.26059500145865755,0.8200525405137493,0.92997217825545,0.03249550096346332,0.08102566661652333,0.7579768308860847,0.9806986980363512,0.9290678546743871,0.39011932646469416,0.5315445079777499,0.18645821789870842,0.41377769219376626,0.20066150365356095,0.15992567507420885,0.09769945590669293,0.16123954867235646,0.8492068406482458,0.8300923052447465,0.6871831713821626,0.2526436266710076,0.4821568470206814,0.5544154329046996,0.281489024127614,0.5314572556552782,0.19244845366358987,0.0427532885172619,0.037176499121583495,0.5975064325794465,0.2984337017962111,0.26569823024613737,0.4538992398606868,0.016099703749440142,0.994844950605404,0.684952217064897,0.7105595968372107,0.05558677407363044,0.06335292734884579,3.138787437165209
