center_0,center_1,center_2,center_3,center_4,center_5,center_6,center_7,center_8,center_9,center_10,center_11,center_12,center_13,center_14,center_15,center_16,center_17,center_18,center_19,center_20,center_21,center_22,center_23,center_24,center_25,center_26,center_27,center_28,center_29,center_30,center_31,center_32,center_33,center_34,center_35,center_36,center_37,center_38,center_39,center_40,center_41,radius
0.559035378756181,0.3988574131621204,0.7717675499445,0.9074232140700648,0.9719404692492413,0.23861792943360238,0.3617758101955665,0.40107291609500395,0.5253925278928864,0.27419000883414846,0.6783822610105049,0.29866891337471413,0.27474496855622677,0.07728915726846464,0.531813243171855,0.4826854727456322,0.13971598675550834,0.8570010380465819,0.9250150698688843,0.46823063546728416,0.7073765195345416,0.7044594498201343,0.7016559640526887,0.11605898581215845,0.6745130366639304,0.5576612488692486,0.538182418464298,0.23818837452281727,0.2415597340697121,0.45167623282847436,0.40094404068866285,0.9213682236194235,0.3042856536078762,0.8113532870396264,0.0796807332252677,0.8819292123167711,0.9091462458151136,0.7725829633897153,0.7939808920529918,0.5125801553098542,0.573384111274029,0.06381803356606908,3.3082189560192967
0.092097243368232,0.08723685057604169,0.5319425731258083,0.15504449309462043,0.0036392985154498625,0.8989430519105243,0.009223557017322026,0.7826831997016972,0.24501248763411887,0.48472814452494895,0.24432701978638705,0.12764475103729167,0.7203273839732207,0.39122849232584156,0.556993613224775,0.8996285649701711,0.8142780296567548,0.20833354152262296,0.6734096500962468,0.925278423604022,0.3228824301980445,0.7129485871982583,0.5784403878154849,0.9007147882261634,0.1921559889345552,0.9073675742515331,0.914594655000895,0.6822396411527266,0.6474921794427608,0.46459332697135447,0.7919239521499386,0.07211428217191906,0.737774400979017,0.6597004351819814,0.9335368215021378,0.341824956393893,0.08204290592604924,0.011046012835090546,0.0656274371836223,0.9973849685731091,0.11497891174313957,0.8119793547324551,3.445035717046156
