center_0,center_1,center_2,center_3,center_4,center_5,center_6,center_7,center_8,center_9,center_10,center_11,center_12,center_13,center_14,center_15,center_16,center_17,center_18,center_19,center_20,center_21,center_22,center_23,center_24,center_25,center_26,center_27,center_28,center_29,center_30,center_31,center_32,center_33,center_34,center_35,center_36,center_37,center_38,center_39,center_40,center_41,radius
0.45836361832464856,0.16889325653450782,0.4577981117861366,0.3504753389458375,0.9798426721034208,0.4774390743597996,0.910412943335341,0.3127149572628073,0.5480810353753518,0.42056914196638395,0.11888320071127456,0.9016090888825621,0.6485115660177498,0.38351787918544744,0.829750177837976,0.6305693078086139,0.13867687083602032,0.6794207849709003,0.7984623740316912,0.5648772715294859,0.3423645665670427,0.03305708954384445,0.4374782497470614,0.36166993168788386,0.24111579473382128,0.8022083149538695,0.6005765444514483,0.528411451804851,0.12361398143490121,0.7167382800857486,0.014002888529868196,0.8605467944317362,0.21969832894151742,0.9921051495653622,0.08915100119004282,0.6665615356683284,0.3872184756363214,0.7944239839515296,0.2575983659568767,0.628858697799081,0.9858722252214467,0.7887603973467511,3.640913704044929
