center_0,center_1,center_2,center_3,center_4,center_5,center_6,center_7,center_8,center_9,center_10,center_11,center_12,center_13,center_14,center_15,center_16,center_17,center_18,center_19,center_20,center_21,center_22,center_23,center_24,center_25,center_26,center_27,center_28,center_29,center_30,center_31,center_32,center_33,center_34,center_35,center_36,center_37,center_38,center_39,center_40,center_41,radius
0.6237997830840281,0.38935992276446174,0.3167065726326248,0.5669495644089299,0.7584334584281665,0.7113742316574452,0.7854183497259144,0.0505048371566762,0.9645734611265181,0.7066292159079518,0.8650376686298832,0.29890587801770674,0.7249507415296932,0.040829386504814824,0.7873227266836378,0.9542613553837455,0.3601643504867046,0.3992583589595694,0.24188327651640196,0.6759102752221906,0.4618794358759034,0.8877673901919005,0.2753997581815192,0.6742978373126851,0.8380612336021609,0.8593065247110678,0.8191129556852904,0.08888760442004129,0.5404093349864709,0.6061750630072429,0.9068717920044593,0.6323217412035644,0.04364490085210426,0.011769362194599786,0.5695261088108361,0.5324075792070404,0.3709274947196658,0.8729630611685676,0.7331172891109926,0.8168661042448349,0.9785295498119813,0.9312085684992014,3.799570793218414
