center_0,center_1,center_2,center_3,center_4,center_5,center_6,center_7,center_8,center_9,center_10,center_11,center_12,center_13,center_14,center_15,center_16,center_17,center_18,center_19,center_20,center_21,center_22,center_23,center_24,center_25,center_26,center_27,center_28,center_29,center_30,center_31,center_32,center_33,center_34,center_35,center_36,center_37,center_38,center_39,center_40,radius
0.8715907746688121,0.0008877270303698781,0.15817794964477438,0.921999811835679,0.5342404304945129,0.20587101496368665,0.2803534782523046,0.37619432525114094,0.35548920372845727,0.6107676769246418,0.9850159979284638,0.5768962036757443,0.8082819153115842,0.012186047138315614,0.00779230931619157,0.46761775105143255,0.9360472860715249,0.7655976501624334,0.555743176709004,0.005167922185198348,0.12697625357620712,0.4673760328967943,0.6778289056958903,0.9021228960396084,0.362327852806415,0.1771014726584147,0.4564552607449126,0.3883772554978052,0.7514910348510474,0.5083066217954262,0.010484743338454838,0.5660773822532843,0.03544603373622213,0.5426624481221433,0.8987872146028651,0.02639571918727812,0.6751508351520888,0.8830111773499145,0.16737934423962864,0.43529985159607976,0.061991925251842495,3.0704804001043993
0.5566728714085891,0.906603731918555,0.5140388528925514,0.11489618968390392,0.32526500411518267,0.2987893470341686,0.7218123470715151,0.6131023125565666,0.9883991400749467,0.8504196632871347,0.8273191965261628,0.7874621568282758,0.11598736091567685,0.9558476406104482,0.8027394620500495,0.9642262867156486,0.16390270149493624,0.9412575147047019,0.5697598909774599,0.9282610036592709,0.6574915017666911,0.9356226836037596,0.4622072091803663,0.7149698014696511,0.8963031994392663,0.31820223345645104,0.22731974832689494,0.4102712025344297,0.0656340244846868,0.9137024175980913,0.12645921798927628,0.17053224585888982,0.18270130418737207,0.5473043010380334,0.1714155260626784,0.7837727503417184,0.8244165269826284,0.7914123523889803,0.6937364132293955,0.011360607949443602,0.08596404648029676,3.8276231459992553
