center_0,center_1,center_2,center_3,center_4,center_5,center_6,center_7,center_8,center_9,center_10,center_11,center_12,center_13,center_14,center_15,center_16,center_17,center_18,center_19,center_20,center_21,center_22,center_23,center_24,center_25,center_26,center_27,center_28,center_29,center_30,center_31,center_32,center_33,center_34,center_35,center_36,center_37,center_38,center_39,center_40,radius
0.3709195153363377,0.23066040753040007,0.016559203145528834,0.6455028782894022,0.4127619430908873,0.9102001319668659,0.15732676255892208,0.4865505679802158,0.8337478060767289,0.7810172006681843,0.9952589846333031,0.3889998151181413,0.8863958326156883,0.10114572805522781,0.4101979652018478,0.6372491647491618,0.633723981153118,0.5385526135478667,0.8240428593566957,0.5496876282935658,0.30668715253896606,0.08154614305784247,0.8543134233097115,0.10497278722560599,0.6227098448927453,0.34297478616666655,0.36226460309315434,0.4498542458388589,0.17552501036037105,0.4890458534070573,0.4383263129147581,0.4612814930423146,0.8568340347109129,0.1153073061965808,0.8387662649394113,0.9285614365878021,0.7571105707179803,0.2750216836872039,0.9020580783069917,0.2176494423055848,0.36904311204120843,3.4785419616242668
