center_0,center_1,center_2,center_3,center_4,center_5,center_6,center_7,center_8,center_9,center_10,center_11,center_12,center_13,center_14,center_15,center_16,center_17,center_18,center_19,center_20,center_21,center_22,center_23,center_24,center_25,center_26,center_27,center_28,center_29,center_30,center_31,center_32,center_33,center_34,center_35,center_36,center_37,center_38,center_39,center_40,radius
0.06349569390128118,0.6147444567887236,0.4664685194420497,0.9589377549187313,0.5448341103938378,0.1770489566864395,0.7246357549265192,0.3486467517708326,0.8333750265045818,0.5661922734668906,0.6274078489621191,0.09677338029403437,0.5111527692757007,0.4138668272506554,0.7127364494221805,0.20574655563875255,0.6808803418620688,0.20008137711144125,0.6095700659357778,0.3190130815345762,0.8956970308182028,0.7443652097782414,0.6245766414078195,0.764945344693717,0.7292932629237306,0.9654299920765395,0.04195283212807799,0.28409033653719395,0.7177002980419253,0.6646793492401951,0.08419931560512339,0.4564272946174861,0.08295480053346949,0.7572064373948104,0.061224184942473836,0.9434726766929875,0.7424660640332529,0.7068250250781333,0.47629470294668785,0.21094921694673296,0.6774750139167585,3.0300157687006815
0.6969919754218497,0.7961672602325958,0.7661934871464037,0.05665894189259835,0.18684027435010575,0.7943931551938124,0.7165910772773993,0.9338718174349143,0.1308049277490505,0.5168987119290361,0.043029750944543865,0.4212942643237114,0.401213119866481,0.860394108515977,0.1914564589746357,0.4752313006864377,0.7247112697880855,0.7222340290300447,0.8220321846262723,0.2719163945099634,0.8464300192571204,0.5411956882542515,0.7536975406289379,0.6326575171666105,0.1424202743581563,0.050957214285591745,0.4657837099492661,0.8821742370449193,0.4508579055283317,0.08017565211904187,0.9901479156664237,0.05796975435949436,0.44404476112907976,0.05428909173789653,0.6761599706226867,0.8890663237503024,0.030725265769471544,0.7604010873980436,0.4063118780539283,0.7140942761700197,0.06865768436557695,3.4374206869767865
