center_0,center_1,center_2,center_3,center_4,center_5,center_6,center_7,center_8,center_9,center_10,center_11,center_12,center_13,center_14,center_15,center_16,center_17,center_18,center_19,center_20,center_21,center_22,center_23,center_24,center_25,center_26,center_27,center_28,center_29,center_30,center_31,center_32,center_33,center_34,center_35,center_36,center_37,center_38,center_39,center_40,radius
0.11995109769297285,0.11361825161066486,0.8148562952492652,0.5780569667212305,0.5738962480846526,0.5723836791084668,0.42249636139385516,0.5461574470883359,0.25479654364828597,0.3140532190296206,0.1440695494306956,0.8466457005824907,0.24651411041486437,0.6422668290302732,0.7427342936978989,0.6023463405399886,0.1260845184512145,0.8178694328435951,0.8514957839837677,0.9003908188545873,0.561392815169434,0.9631523448679704,0.8762597006044865,0.3615816448709043,0.8708505052021994,0.7815649593190519,0.2454045330574569,0.9997322804469404,0.5947389967345134,0.5347878022829909,0.5563131040528864,0.14999740306672116,0.8208996191278838,0.1463880961315288,0.5328745335975952,0.49674084183158096,0.37750447020444744,0.5723919566085139,0.6442956499955563,0.3427307582516982,0.5905239104041808,3.286668842888469
