center_0,center_1,center_2,center_3,center_4,center_5,center_6,center_7,center_8,center_9,center_10,center_11,center_12,center_13,center_14,center_15,center_16,center_17,center_18,center_19,center_20,center_21,center_22,center_23,center_24,center_25,center_26,center_27,center_28,center_29,center_30,center_31,center_32,center_33,center_34,center_35,center_36,center_37,center_38,center_39,center_40,radius
0.06207818000808041,0.7051800254805548,0.5827861439674058,0.523933464977092,0.3316430513597364,0.1887505481330004,0.373949790509048,0.5901429762588066,0.8088645326901106,0.17487723606269123,0.5707582856859368,0.44248562221264154,0.1710320324836282,0.0195057059187016,0.27078293326702296,0.7354767040977592,0.5283786459254376,0.5066693701757211,0.7493741381370407,0.5121679153274135,0.661227805923668,0.6858922339759691,0.39913943336669,0.6864579665426225,0.7391311003753807,0.79725864465535,0.41147225697044354,0.19148736400356137,0.5870646875581225,0.6756042761525326,0.8795608278680148,0.9890372767904174,0.9865739263318696,0.2186789117477852,0.317989358895172,0.6839365850286024,0.33726477479766837,0.8742648796349238,0.7595800683924759,0.7506791216486605,0.6373245556931977,2.916213453812364
0.9119026404960491,0.06205231387607424,0.7826414949468233,0.34994751846221905,0.7154411059178243,0.7814493972408305,0.8910851904004066,0.24145423313088343,0.11539525520868177,0.5391083508967177,0.9228187148649917,0.7711715472634325,0.39367715707119,0.8381963915124184,0.74211311140178,0.31267579972428583,0.9229836196040244,0.7736167288250622,0.10791172104025948,0.8020619839709199,0.4262595156544504,0.6320401554356231,0.8217545767090451,0.4338366026716801,0.17564164464319632,0.9610036137694061,0.40233114439122586,0.6544381889799074,0.14932636573153357,0.6251613244096639,0.8855537548027839,0.004072268960050529,0.3833224193154915,0.05374761840716913,0.46008050666545874,0.5007110112393328,0.9574743170245517,0.04111987834463804,0.3050045627196013,0.6497277032165091,0.4797079742852668,3.4429110247850723
