center_0,center_1,center_2,center_3,center_4,center_5,center_6,center_7,center_8,center_9,center_10,center_11,center_12,center_13,center_14,center_15,center_16,center_17,center_18,center_19,center_20,center_21,center_22,center_23,center_24,center_25,center_26,center_27,center_28,center_29,center_30,center_31,center_32,center_33,center_34,center_35,center_36,center_37,center_38,center_39,center_40,radius
0.8091775570247571,0.8575220692248022,0.23299929879263692,0.8238598159331322,0.12164067102768394,0.8154803338831977,0.0733480629899319,0.3825573838238704,0.006128377327091372,0.3659514556494977,0.6367050379711672,0.7960311677397959,0.14188545083650828,0.6238653624477194,0.9997405180211153,0.14931051989926947,0.2551458926049982,0.044374987493850604,0.6989671230134313,0.7676688513752198,0.7329761291356969,0.7929041563799483,0.4128632291397639,0.25785072987504454,0.9968042094580402,0.22460278393316235,0.19114966147429113,0.9145142956251204,0.6370823764950193,0.027211823466972263,0.6875685113874662,0.536856599022803,0.8812273614825987,0.8540873735318656,0.5501241089059581,0.26409809030825093,0.48976291812433215,0.8411553608344245,0.30804756913419273,0.40225271961571485,0.37573534367540806,2.9669710777967047
0.6475885268557304,0.11181177834393907,0.7279440849575032,0.0896045432178817,0.5337677979156726,0.7093572413798462,0.19907608873376448,0.9124169025283289,0.9296356980081834,0.7095774860917882,0.08049341595537685,0.7679720918451777,0.6542960117644612,0.029724893216224957,0.926344917385453,0.794404958692464,0.8037637611488586,0.8203005755542211,0.61990640386207,0.3102481514480018,0.5647600422444767,0.45987710016488437,0.8728478628678877,0.761558285176536,0.1507320849133379,0.3391452879470144,0.7417509058983929,0.16334384405772373,0.03097582083477446,0.5749162768017508,0.13363625159886294,0.11750584928098429,0.40906210958000433,0.150078650472938,0.4968924900695654,0.5816548430425947,0.13885928237695977,0.1997686379127016,0.8477198603812273,0.18516783147462734,0.21921505522982543,3.4334584704048865
