center_0,center_1,center_2,center_3,center_4,center_5,center_6,center_7,center_8,center_9,center_10,center_11,center_12,center_13,center_14,center_15,center_16,center_17,center_18,center_19,center_20,center_21,center_22,center_23,center_24,center_25,center_26,center_27,center_28,center_29,center_30,center_31,center_32,center_33,center_34,center_35,center_36,center_37,center_38,center_39,center_40,radius
0.972239876967519,0.49068276320230186,0.2690740003877785,0.8231277392628283,0.579147531509649,0.19672352920908376,0.27016851579665835,0.7481129529594708,0.8041888406186811,0.40464792968312613,0.005193636643521682,0.3119232133548331,0.24783844179284265,0.06771437010812908,0.9347656989474822,0.4940316914070433,0.31486899183572437,0.4316687991661591,0.9305152132545413,0.3923962115512596,0.31072058931627056,0.0821712970650873,0.7954040162604673,0.6075744264831238,0.17063190566666775,0.2809928841997261,0.03104454218272712,0.25994856680616263,0.568203450703876,0.21809871213819343,0.08156716100971717,0.8213725962051254,0.2624622625077735,0.71075506693423,0.24046534816325038,0.7464277823366909,0.8274825956441121,0.14572722462658305,0.5677292804893171,0.4805975434987888,0.453621019208429,2.8198099491078974
0.7554403923353019,0.49527761316740715,0.07166036211689164,0.059567083712058655,0.004955031886869188,0.9100038363500934,0.9502789166333874,0.9793024804916606,0.9672299929193865,0.6922053128970469,0.5400802880736298,0.7597188814504618,0.31880280972525044,0.7150596958574424,0.7347521323692959,0.03831997022267841,0.8780308599571779,0.98233285999978,0.382876865593459,0.924251011240976,0.6772099485980584,0.85926566704417,0.04628705659737209,0.8663902346076157,0.24661265388040077,0.7257570158000715,0.37566103492686087,0.7600674539903906,0.42852479377205854,0.16492912035973006,0.9736898895223463,0.2606023115673842,0.18785551322056082,0.7328658154774254,0.1850636785971137,0.09693519161218689,0.5458523763491492,0.9521012704783678,0.10290743913224432,0.92133916193063,0.17102348231215425,3.7806550120214957
