center_0,center_1,center_2,center_3,center_4,center_5,center_6,center_7,center_8,center_9,center_10,center_11,center_12,center_13,center_14,center_15,center_16,center_17,center_18,center_19,center_20,center_21,center_22,center_23,center_24,center_25,center_26,center_27,center_28,center_29,center_30,center_31,center_32,center_33,center_34,center_35,center_36,center_37,center_38,center_39,center_40,radius
0.678243163620489,0.11188019686040251,0.24462770608697226,0.8457595845266112,0.46632308918761634,0.7999997859315297,0.3338362613890423,0.9596779291461444,0.7966843364208283,0.10010022539516938,0.1093199120016255,0.16962536837689823,0.019123045740347178,0.9917248208545668,0.04250778966216473,0.23772915513289639,0.9882490676889343,0.3067844501983007,0.624233074757925,0.3214166613554168,0.42834633105899567,0.05466267062680075,0.19717346269460045,0.7136324875965723,0.9409250155708797,0.3085188816548642,0.02973579569421303,0.7096204053976444,0.758828790166402,0.41620432636981053,0.955908944644781,0.05676623292238858,0.8078040554921448,0.5984030200820136,0.5846097369955193,0.2327061162233126,0.18954601561804263,0.5058009050934352,0.36664719137682,0.2543186105193991,0.8629659341189807,2.994389372775076
0.8497498765501558,0.9333200876482795,0.9026473141820696,0.6071541570557123,0.19378935873812375,0.7890228996155426,0.9490724677128793,0.42898773999491413,0.022198902869074444,0.38300213535138683,0.3240791597780107,0.8268004391487603,0.6294964323121066,0.44666717571482917,0.8651080389728061,0.8944014891944225,0.21590846354155235,0.529894686630689,0.25980818534400996,0.9914976962774833,0.21295330432701876,0.09664843607743168,0.7443929279950051,0.3565185248812681,0.44245508039288783,0.5859227763804277,0.8565064160275219,0.9535881297398087,0.08857344712771653,0.5586527433563637,0.5690038675996794,0.5008247519632899,0.629248718944313,0.6898500642885868,0.05768101998966613,0.08160964952605732,0.9888962010230673,0.3936621431922672,0.8628597306241389,0.4861097853191447,0.744168643747682,3.3953720071727753
