center_0,center_1,center_2,center_3,center_4,center_5,center_6,center_7,center_8,center_9,center_10,center_11,center_12,center_13,center_14,center_15,center_16,center_17,center_18,center_19,center_20,center_21,center_22,center_23,center_24,center_25,center_26,center_27,center_28,center_29,center_30,center_31,center_32,center_33,center_34,center_35,center_36,center_37,center_38,center_39,center_40,radius
0.6977928382598114,0.3436875855052891,0.5217297076095596,0.5950834251265744,0.8852539120117099,0.7056154581420735,0.5496009385336464,0.6244706928827338,0.032528305791985845,0.124896685383876,0.9384541195855047,0.9242513033728755,0.48118113770523463,0.9107932561052191,0.40331070374980926,0.7893228500452367,0.9299991259479868,0.25662900889543505,0.06580939853016643,0.48608453488941983,0.06807512517162106,0.05920741302045829,0.9408119368809946,0.6618915139518169,0.6124166156432297,0.6495662906535825,0.954112705084631,0.478333500114941,0.9570538614702635,0.09438814065135626,0.05591997123735093,0.8600125801649303,0.1607321012782349,0.15682192147760643,0.03471249658227682,0.2077796069363258,0.41356783466291847,0.4256625022091022,0.46349976806116533,0.4386464192563495,0.4264286414554431,3.036065203782126
0.1334719607258359,0.7017402883902979,0.06552753854217364,0.2844656830370308,0.17865496105924084,0.9208205638745106,0.7434945233289192,0.3806641714404638,0.9032636838986711,0.42919129410537193,0.0659523620685264,0.45518879943877577,0.9400470176472076,0.24347779043960938,0.8602504630383466,0.6395292914784211,0.6161512828654987,0.4932379418151237,0.6609450038973164,0.4963167636593425,0.9820818216045126,0.6329838525069107,0.180300821073338,0.9102950227416078,0.9132858044407266,0.3060073845143113,0.7318907331932224,0.5448926857945576,0.30893447662020346,0.7386627404434082,0.5441404715317661,0.4299834456691135,0.8225602883274865,0.9496026879528454,0.7134412069074838,0.5135910384753016,0.25327493192797956,0.20580252970157753,0.1164712137798084,0.38406048490900735,0.8487448751223742,3.4461970004999793
