center_0,center_1,center_2,center_3,center_4,center_5,center_6,center_7,center_8,center_9,center_10,center_11,center_12,center_13,center_14,center_15,center_16,center_17,center_18,center_19,center_20,center_21,center_22,center_23,center_24,center_25,center_26,center_27,center_28,center_29,center_30,center_31,center_32,center_33,center_34,center_35,center_36,center_37,center_38,center_39,center_40,radius
0.5655099234792105,0.36221640626862417,0.3986839434671835,0.06717120854617964,0.6955150028377688,0.44884885960480925,0.8224773188810546,0.3586817977601747,0.33295947508270696,0.9055504992476782,0.6592657083812422,0.0647163808131187,0.04910692301326103,0.5493642343487263,0.19264401586945423,0.5929939220748868,0.6385781040693848,0.3569412784947089,0.5813391463733766,0.3890471308115422,0.8921849480831926,0.9859191656914472,0.4354535734890894,0.3230639350589427,0.47051279273657143,0.8757006006796,0.8681980989526776,0.16435101205588332,0.11003604238873721,0.6825141902276773,0.680036821363256,0.16050958628356016,0.6340391553109491,0.4713907484280392,0.3711125642304477,0.2089572437257463,0.07497204277272773,0.5806618403645428,0.23439591706370055,0.36591290377645425,0.45444417511666046,3.214707595940652
0.2009493634477132,0.2085757942570755,0.822993286649141,0.9821113227371092,0.0013162515147048248,0.3066549564710954,0.28328763478574226,0.045276519579903085,0.20311832987920475,0.3684204126185139,0.02816254049078415,0.8714148952503974,0.7439729591466611,0.1327784690457925,0.9720489414434187,0.49915573132942737,0.9192692641934943,0.03471427401090921,0.16724807519852913,0.9895404588606505,0.08214625481714588,0.2006417177554124,0.6800612932886185,0.7345223406679798,0.8874525239867403,0.08451219934171961,0.21287929819199924,0.4692394126871986,0.4947637404684464,0.6995523077399526,0.7553394523534687,0.5558824550226366,0.48671586797974364,0.756994601945673,0.908090739824692,0.4910463598502347,0.905420629695528,0.24933954800418867,0.7863692330409824,0.00025824927703210765,0.88185698122787,3.079795740345819
