center_0,center_1,center_2,center_3,center_4,center_5,center_6,center_7,center_8,center_9,center_10,center_11,center_12,center_13,center_14,center_15,center_16,center_17,center_18,center_19,center_20,center_21,center_22,center_23,center_24,center_25,center_26,center_27,center_28,center_29,center_30,center_31,center_32,center_33,center_34,center_35,center_36,center_37,center_38,center_39,center_40,center_41,radius
0.9958001023510339,0.70907255604322,0.39314539597371434,0.5150791896215476,0.7834229923873228,0.0630553307890237,0.49315537879070925,0.1200493585541168,0.9532459553522306,0.6546157259185266,0.7935350566146486,0.8985096187908417,0.17815777462645166,0.44099605010381326,0.43701179048374605,0.14956128345526365,0.5015116074167937,0.3391516973776466,0.9840477897291959,0.2604838701074108,0.44022914461702867,0.17876129150832343,0.821540785457712,0.7744550489705115,0.8999627231958712,0.4511873796007616,0.3668290574577332,0.12046505757439152,0.590290840730698,0.22469924849233047,0.7195837223977612,0.04961440505870529,0.6756298397665759,0.6787722962794052,0.4900877924100544,0.8320018943881909,0.43446122036853974,0.7902473908638729,0.39845978444385044,0.5447012894126434,0.250814383501051,0.18799073669938515,3.348539848152298
0.10511066754113296,0.5921158398113323,0.712099315774375,0.3122317617386553,0.13646746232613682,0.8205105414329386,0.914982658403889,0.7741635547476303,0.7774055253514476,0.35389842357226653,0.5646699369199032,0.11023677995734782,0.8588299344635691,0.4732890449932763,0.13514556930078436,0.30510930588608587,0.2857357589981183,0.990957627346411,0.35766887645561696,0.9350599409407473,0.10250768622170991,0.9703932299212995,0.018189902729739305,0.4325640855164239,0.008031803912692759,0.7081558165650341,0.997494818650728,0.40257180861569153,0.41679626757135324,0.6479964255511906,0.09893131184933313,0.9362451027673897,0.2893991398995771,0.8602400069308376,0.7580266418603381,0.2686606326355311,0.06669840498884949,0.0702765642217621,0.9660735552509799,0.03608356611973118,0.7722818849615586,0.9602868711007643,3.5514726867598756
