center_0,center_1,center_2,center_3,center_4,center_5,center_6,center_7,center_8,center_9,center_10,center_11,center_12,center_13,center_14,center_15,center_16,center_17,center_18,center_19,center_20,center_21,center_22,center_23,center_24,center_25,center_26,center_27,center_28,center_29,center_30,center_31,center_32,center_33,center_34,center_35,center_36,center_37,center_38,center_39,center_40,radius
0.2618475127646692,0.09672038268449978,0.7609672083616855,0.3473310304564672,0.6098441639024008,0.45751511024147284,0.3123954004809587,0.21286806474061726,0.3147443244829602,0.8778141137323712,0.3373020874779544,0.825442006292381,0.6419260709951133,0.2695594759312576,0.7964922184171397,0.9458880219276362,0.8859159281222627,0.8010104794078116,0.7532842228539691,0.9263621736607264,0.4509427445163957,0.008303612039781694,0.7035076639870861,0.1258914514530992,0.10122434717986217,0.8733032700020698,0.6501015865258591,0.005024704998124241,0.463618579179944,0.3922909060121381,0.595260207809704,0.41105197223640766,0.0885585863294861,0.5138973820759192,0.9973350972574521,0.40054218626507476,0.43272634953682465,0.9193919413055605,0.11191096426144131,0.3254502785377731,0.08695674278645049,3.280563442468663
0.2569655797842689,0.9436239853253628,0.6814470711183167,0.6061894777003435,0.08589902784133163,0.2696720936217496,0.8085216910802956,0.3074165644759551,0.4545866168175424,0.16412652456803212,0.043224461514244306,0.06806641805019675,0.7855802628088185,0.7743178666370991,0.25119056906343185,0.0040796366978271825,0.64617634854503,0.3950519858798145,0.6554903063256202,0.09965478240140768,0.5485457010317182,0.8406722122363793,0.12961594853358538,0.8506423705953611,0.05444810844901571,0.44246091242685615,0.1639366144531892,0.9449291012297412,0.5628707167840579,0.1505335581830961,0.3477707685843827,0.6669558440979596,0.7325493367655276,0.9070293274017641,0.8547063688234814,0.18817505451201944,0.9192806419350201,0.02256423073196656,0.9730978480934637,0.18303998671879718,0.7057473702401711,3.0698857637523416
