center_0,center_1,center_2,center_3,center_4,center_5,center_6,center_7,center_8,center_9,center_10,center_11,center_12,center_13,center_14,center_15,center_16,center_17,center_18,center_19,center_20,center_21,center_22,center_23,center_24,center_25,center_26,center_27,center_28,center_29,center_30,center_31,center_32,center_33,center_34,center_35,center_36,center_37,center_38,center_39,center_40,radius
0.27877780531498997,0.28402753886947385,0.14644505020700538,0.425094347738902,0.9948602564464406,0.42868486781761783,0.5082415791029649,0.0821253178415492,0.7910459663339874,0.18388637804620145,0.6769955879503511,0.9770443717326741,0.7981245622841386,0.856584647624164,0.8008992280769436,0.9377699618080355,0.3860236679404553,0.5770019053651332,0.5540317064636388,0.3446171682464969,0.6219478168709671,0.22268323765273357,0.704721575517807,0.11616363902538496,0.16056182304878597,0.9010139199483369,0.01957924938639055,0.6923774402092693,0.8396073957221856,0.058302768335699584,0.6851654216322718,0.6419707838202263,0.47541258040788015,0.6342189780317077,0.5775119533527652,0.3066275219571457,0.7346855621218971,0.9596288906969204,0.7610064776256722,0.8270655775113169,0.4923057830510502,3.3914511289506315
0.9373972129079005,0.8639520073550722,0.9772966704201786,0.879562742659297,0.006092886402654374,0.09319771121678166,0.34647944377497464,0.9724134750751632,0.5380712246422301,0.9156433079428427,0.6766123113857421,0.050027950038333935,0.773072224644831,0.7257022105379634,0.8167096952048273,0.00775994021186277,0.9348334041507109,0.33499216313933267,0.28433970972656586,0.7780774572550212,0.9182173656770032,0.9465506122153647,0.9175583733806871,0.939699522668395,0.3181198227164991,0.8664602801469095,0.10466542716944949,0.43604252676211785,0.11454683591202908,0.8845570938817837,0.09952574747750331,0.06279147600725188,0.39477518454117444,0.8844292891871707,0.3711207010799168,0.7257607013956859,0.19629062198745806,0.03178940418922083,0.03367433351810556,0.4864683987137399,0.21461609693692252,3.564939298449838
