center_0,center_1,center_2,center_3,center_4,center_5,center_6,center_7,center_8,center_9,center_10,center_11,center_12,center_13,center_14,center_15,center_16,center_17,center_18,center_19,center_20,center_21,center_22,center_23,center_24,center_25,center_26,center_27,center_28,center_29,center_30,center_31,center_32,center_33,center_34,center_35,center_36,center_37,center_38,center_39,center_40,radius
0.3826765624948725,0.8317873450250228,0.7512969346652763,0.35675653312286315,0.7848423229394238,0.6436854247090729,0.47813967680726355,0.955334705766642,0.8297749780176427,0.07087026077200365,0.11964447866991623,0.3446593397551302,0.0038634838693074602,0.09032915341489756,0.926793453373505,0.934487999196759,0.15737167894214066,0.5948096332152095,0.6859388884032817,0.20268818781800868,0.5093965132112278,0.3553818959199051,0.6332181670549819,0.45718023685674725,0.1843274103445116,0.07734735310512575,0.1689242451249725,0.2892359744283919,0.8491044943564903,0.7751939216755258,0.01518194227074987,0.30040767099572363,0.2584303566143742,0.5120402753487364,0.682307226357191,0.6726289408383218,0.5757368376044358,0.9239216019294662,0.5133728967972258,0.6436161191560444,0.6524089446143114,3.1586793992012177
0.411075625253823,0.4663281109298614,0.31650339435377217,0.31133525448888977,0.7161587878066437,0.752352496966954,0.7120979688667288,0.33507879816070985,0.8073552865789998,0.7104436547269338,0.7277751174711007,0.008794499023478397,0.9411235962468218,0.9770828373782778,0.05952064173133542,0.8971834517851497,0.955111815257448,0.511068149526121,0.18670547431956752,0.9812021758981663,0.9283992768436051,0.07941063334246812,0.22239453951161914,0.8508554538437033,0.8410177071568687,0.31372738494478514,0.10936006059940573,0.9771865445808996,0.2642158131136071,0.6517746837841288,0.5855718068486261,0.756652191573848,0.8493473102590124,0.7967582276336892,0.012527033008480792,0.17050435138745323,0.9674296873270324,0.22408528943246087,0.1089120830500041,0.6479100014056363,0.8001823572206636,3.7250628144694167
