center_0,center_1,center_2,center_3,center_4,center_5,center_6,center_7,center_8,center_9,center_10,center_11,center_12,center_13,center_14,center_15,center_16,center_17,center_18,center_19,center_20,center_21,center_22,center_23,center_24,center_25,center_26,center_27,center_28,center_29,center_30,center_31,center_32,center_33,center_34,center_35,center_36,center_37,center_38,center_39,center_40,radius
0.6195562887698598,0.5525539987464888,0.2779294487329004,0.6667928391778635,0.32228369072241836,0.19217075444051535,0.12999144434550636,0.6787971732698718,0.23733709823553928,0.02725213684975958,0.123863542572753,0.8365429533596699,0.7069107213105625,0.4575406263427978,0.5275415610182844,0.8420287581361017,0.2866259876501952,0.2523523067836658,0.386227511253898,0.7632534104225152,0.9912222763890733,0.9805294871047099,0.9186819064002641,0.6536185596667721,0.4929502522631375,0.7395181433960664,0.2281874750473173,0.25840826274271544,0.2892392821432407,0.8845079706535749,0.34693078021074353,0.7345722509167162,0.5560026228661092,0.0015883967885806927,0.9906466358081705,0.48409538875585034,0.4965495083412108,0.16206661151944335,0.8945350849287915,0.15553834955940782,0.8698652960711901,3.3119877108616174
0.21230318635832202,0.18771673614066808,0.14206007566008705,0.04149294226014688,0.48667334217924085,0.17689873839100356,0.9662552459586794,0.13289543120751712,0.7445497692045331,0.6751379088640551,0.6739712673157278,0.87511236139497,0.2498746495641495,0.2776624119382214,0.47695097333619707,0.7088781743872038,0.6778419228058891,0.8394599799280756,0.7562983543548526,0.7878590344650211,0.20146465052550633,0.05925924606268884,0.3085502791415835,0.23829420313550453,0.40446810561658897,0.38593840406606383,0.17307885792713662,0.15863704115094923,0.9107677978890474,0.03946209502518172,0.9178588820088838,0.005998719093667337,0.12743386277174062,0.7394396491564169,0.14583620709343537,0.12594346427289937,0.09179942015070852,0.8197500243657116,0.24964301094205066,0.9756275353637572,0.8043155825775026,3.1606923620947533
