center_0,center_1,center_2,center_3,center_4,center_5,center_6,center_7,center_8,center_9,center_10,center_11,center_12,center_13,center_14,center_15,center_16,center_17,center_18,center_19,center_20,center_21,center_22,center_23,center_24,center_25,center_26,center_27,center_28,center_29,center_30,center_31,center_32,center_33,center_34,center_35,center_36,center_37,center_38,center_39,center_40,radius
0.9362042214787217,0.43689622605378087,0.057568641558901734,0.006591981821833293,0.6722446585399974,0.0706768666906521,0.41195221910805147,0.28740295744481525,0.6539125883921724,0.053534595058735146,0.6065784435214162,0.18359627730134165,0.6525477761849481,0.026590798601750953,0.5593306379826207,0.49079064740195866,0.9072404291932665,0.4189403065031504,0.8933165419256726,0.31593544689913344,0.9267474958037811,0.9253479055048637,0.09083600706787387,0.5019894804440612,0.4934468417843034,0.7681944231421486,0.15574670066655383,0.5886892476182538,0.33123263975668504,0.7519592668667073,0.05642030956031574,0.6648649058524609,0.27459204223993294,0.00912851306638851,0.2747215095429266,0.02786763415412108,0.8107292121217757,0.4740349634117552,0.30711865539674077,0.6053431707394771,0.8279939814181322,3.436301049201426
0.019867955076477206,0.9362653038924178,0.9373466035768154,0.7999354758771899,0.9546991072780565,0.8131743759218749,0.4627210239470495,0.31281905246691066,0.41123218454524013,0.8102189857174694,0.5456074541254361,0.9244356372630423,0.03499699121396127,0.3639873975075042,0.062289064702142904,0.7955912195600717,0.6369232812422027,0.9614876935476492,0.3598251545608686,0.9902992585212359,0.08767381833645793,0.06222050749709851,0.43582344749763646,0.7636490655814284,0.12492263634706813,0.2327789414974244,0.47378942647302014,0.12924628910555558,0.16081394328897758,0.8216425661905505,0.96798809244438,0.05075793531414674,0.7056229548143491,0.3421781930930725,0.8044918882206006,0.8567428142432748,0.9462681691069674,0.6720514507295204,0.8158507121609617,0.69478665371163,0.17434357900948616,3.50433153974208
