center_0,center_1,center_2,center_3,center_4,center_5,center_6,center_7,center_8,center_9,center_10,center_11,center_12,center_13,center_14,center_15,center_16,center_17,center_18,center_19,center_20,center_21,center_22,center_23,center_24,center_25,center_26,center_27,center_28,center_29,center_30,center_31,center_32,center_33,center_34,center_35,center_36,center_37,center_38,center_39,center_40,radius
0.3682641889988465,0.21413331045830453,0.3510078366373217,0.6967228313019205,0.4426804865067926,0.76051814378015,0.33463709537274244,0.33913877730510944,0.6166304729216894,0.6127463316802129,0.08286895500333413,0.6328540334386104,0.8505751247252247,0.58012871100118,0.2887037197963437,0.01904507380895648,0.936029107882169,0.6012468497067255,0.4809508720456058,0.5210503282922873,0.4415707751741059,0.49565324302558267,0.8940199446401118,0.8681152367751523,0.6960584814779563,0.8220511839173058,0.5583479710258819,0.5762261906271333,0.6093585609962051,0.8525204816413943,0.9776431626253808,0.6350226545863225,0.6925204957230315,0.7891645619554986,0.901658620901021,0.3623293885716936,0.22312488994586188,0.11824838297660878,0.13172558022575653,0.2795449066103952,0.3885845959748089,3.3218077577764915
