center_0,center_1,center_2,center_3,center_4,center_5,center_6,center_7,center_8,center_9,center_10,center_11,center_12,center_13,center_14,center_15,center_16,center_17,center_18,center_19,center_20,center_21,center_22,center_23,center_24,center_25,center_26,center_27,center_28,center_29,center_30,center_31,center_32,center_33,center_34,center_35,center_36,center_37,center_38,center_39,center_40,radius
0.5295087490769272,0.9602447583781651,0.17654646681392228,0.7639807120418073,0.2765006211358767,0.9897580497780406,0.09414277311870878,0.22914125950607056,0.5394235406268423,0.4473311605241288,0.8409657858677112,0.40481858240905066,0.9819334461598388,0.32893119110885216,0.15117689784191535,0.35387827454891363,0.2452326234818707,0.6219523933768599,0.039029318933758717,0.7225324740612724,0.2843918702750089,0.22458282249606742,0.3102020737098452,0.48411906239799285,0.0020304406229996186,0.5854935265198644,0.19553767705871494,0.40738424515937377,0.7684069623525569,0.23048723517968905,0.1002231608413987,0.8248834567027465,0.7197355085857279,0.7606373294101372,0.8573038954111746,0.2286113929254744,0.4913420323078733,0.22741835855988057,0.1674727657483509,0.8941257719828923,0.30029336317992195,2.527728028544529
0.8644392638857075,0.8325066029989222,0.6465789972129365,0.23380723292200312,0.5447965681778613,0.875995483897227,0.35280899765240714,0.7910775831913209,0.23974422619953195,0.45013938125203945,0.8690731425363002,0.6909926094537455,0.013987395150668047,0.4884979481012136,0.4637011626877019,0.12666082389259825,0.7714886600298143,0.5428974579745042,0.24949112926009143,0.6695282049440013,0.8915190928445453,0.762675647690693,0.9268033613468021,0.4538435007476044,0.5073546026720076,0.16037435264091837,0.3981958106717096,0.46004601931884437,0.11103532979605857,0.4318717256007366,0.4669773170028888,0.2051328326819314,0.17076042036459949,0.08101485748404347,0.9896361136480398,0.05658027135740895,0.9874139930587625,0.22752824517442705,0.433142549991429,0.19791696591004426,0.490922666688019,3.334188417961161
