center_0,center_1,center_2,center_3,center_4,center_5,center_6,center_7,center_8,center_9,center_10,center_11,center_12,center_13,center_14,center_15,center_16,center_17,center_18,center_19,center_20,center_21,center_22,center_23,center_24,center_25,center_26,center_27,center_28,center_29,center_30,center_31,center_32,center_33,center_34,center_35,center_36,center_37,center_38,center_39,center_40,radius
0.964696260660787,0.20659148996132837,0.6760032625042156,0.23651531980056728,0.4170609365180883,0.13220897268308018,0.2818713480192775,0.15729460251941252,0.5420517054693385,0.4663458982845321,0.8670254773776453,0.8026773295430641,0.6790833816744497,0.6264945834813083,0.8278250799000355,0.5716690784859476,0.3368984468277153,0.2957602981322528,0.6750986391936236,0.2811288302406252,0.8697164229920263,0.7996612220305064,0.9891604289288061,0.3403757796499526,0.43457042196270446,0.4383225318986689,0.15573202876558068,0.9964984119734293,0.4275510957327424,0.04554299258597294,0.9216271047107638,0.08271211483999841,0.6307730960566833,0.9313726791930897,0.8051737172862663,0.6848869126350442,0.5151945919718338,0.13352175743524375,0.13267522008122556,0.781563021203812,0.5104943956113157,3.418374874216584
