center_0,center_1,center_2,center_3,center_4,center_5,center_6,center_7,center_8,center_9,center_10,center_11,center_12,center_13,center_14,center_15,center_16,center_17,center_18,center_19,center_20,center_21,center_22,center_23,center_24,center_25,center_26,center_27,center_28,center_29,center_30,center_31,center_32,center_33,center_34,center_35,center_36,center_37,center_38,center_39,center_40,center_41,radius
0.32794515993184703,0.03275919146208661,0.8727111051698251,0.03420404746210903,0.30234720112957714,0.06200549230794483,0.931470697071633,0.5221610107583866,0.7460561757302683,0.557971025585976,0.23833101856344263,0.8975544173568617,0.45471078286454114,0.7424043819491802,0.5477749362149194,0.48308707831046305,0.9924318280257465,0.8886385112944962,0.5095121714084503,0.2735103846928597,0.8545875652547146,0.4360631945393285,0.7942846574806433,0.720998513335859,0.18912459432535622,0.48854763403023005,0.8155737851201763,0.45619438720284566,0.25788591898207547,0.5523757080165793,0.4317388904502988,0.6260540818125337,0.29495053699494844,0.09412700256450823,0.3443210708089609,0.601906186281494,0.056361041983292726,0.4051764534198872,0.6131820180725138,0.48149229388992065,0.45039930311911713,0.6927996114170466,3.335223583903609
