center_0,center_1,center_2,center_3,center_4,center_5,center_6,center_7,center_8,center_9,center_10,center_11,center_12,center_13,center_14,center_15,center_16,center_17,center_18,center_19,center_20,center_21,center_22,center_23,center_24,center_25,center_26,center_27,center_28,center_29,center_30,center_31,center_32,center_33,center_34,center_35,center_36,center_37,center_38,center_39,center_40,radius
0.5743380999971608,0.6597349148440422,0.8891856067042944,0.5639100427165424,0.8499178283671356,0.9511736805360554,0.5390737557367973,0.4644647807254315,0.4484123430312974,0.9743531067473148,0.3176743081358563,0.48322607120562844,0.8358593736337591,0.9150131239880624,0.8175013809071109,0.4936451831031372,0.27454947160926413,0.30421167899260804,0.8709167464903176,0.9321758195638367,0.7030307944606385,0.4374094983688339,0.7157404052573054,0.4311049106224235,0.49816690942797826,0.5707300280157512,0.22180781071012778,0.3407650778453992,0.22338235413538954,0.2536447063602829,0.9063856954875681,0.045195331654945714,0.09507435664147079,0.05123560986909437,0.3597004772283193,0.09326455994615801,0.8997213281870221,0.6253566394789903,0.2881666234155722,0.22767784438297323,0.9741855377851285,3.296432295384694
0.28636349021187846,0.3603825572944942,0.3032419630621571,0.7101091478252598,0.09501602670030518,0.03168615629065419,0.1624033689894998,0.12616369203256583,0.8234996690129927,0.0670550653742541,0.7760573258017878,0.10214142131327242,0.1128369683472884,0.5621338602513156,0.9668798087180762,0.41334382010663917,0.7460069046344903,0.6310692707367189,0.2682396254879976,0.16160830058525444,0.2161205641374645,0.1171062905636795,0.983885228583608,0.6442153743232154,0.016447612518513788,0.6945209895584271,0.5253615028110652,0.3580525131959391,0.07718236040542203,0.8557855811422669,0.05087379015937665,0.3708941089106761,0.576154243039342,0.1419305334965636,0.025744243945462486,0.9871049224884573,0.08583897592782408,0.09723476851671398,0.7842158538827534,0.7901979717114838,0.04166243085612775,2.916007027373256
