center_0,center_1,center_2,center_3,center_4,center_5,center_6,center_7,center_8,center_9,center_10,center_11,center_12,center_13,center_14,center_15,center_16,center_17,center_18,center_19,center_20,center_21,center_22,center_23,center_24,center_25,center_26,center_27,center_28,center_29,center_30,center_31,center_32,center_33,center_34,center_35,center_36,center_37,center_38,center_39,center_40,radius
0.32049969932982436,0.6778575599824873,0.3507597510301226,0.2698830875958874,0.9047831811910595,0.8316909730011471,0.0050769138518219625,0.12940362997246035,0.6041425358759942,0.4340133499944324,0.781138898963822,0.21511719729031298,0.258932662466399,0.09107361166806782,0.30393511395990613,0.6234360641612843,0.9439865859062532,0.8771331321424456,0.16297289653364067,0.6454950378587735,0.4314798201620075,0.7375747135273597,0.9331198263354792,0.4477933355082755,0.297219041085774,0.7380875091067078,0.3975611653230433,0.05702919949445229,0.4951469326076575,0.37864115333043724,0.21002166992760352,0.42027051091950063,0.632803889908934,0.10384577497133662,0.42839219607840984,0.48208894638928057,0.36898769180720714,0.346018823523381,0.9548036207915483,0.5727862396254715,0.5419769728710118,3.3246929475763594
0.9707586210171438,0.2806498784255227,0.19670646092802024,0.4430588902555622,0.2945561842238267,0.0643231516451006,0.8141737115060559,0.8441075188403707,0.3243885974242793,0.3858015959664727,0.04078851527338023,0.7138899941280022,0.6020870932027507,0.9345433123664226,0.0019170492258420158,0.4735171298082559,0.030477091812024515,0.03652449168414651,0.6346961264732547,0.033163656943797415,0.9119235172256791,0.35531850852513125,0.09649856238962962,0.8622454809631268,0.7901173010344786,0.5762599900679491,0.07959232427367058,0.6997926844395621,0.5210812607123158,0.9621128775402324,0.7815662970173999,0.22083927855324004,0.1918049395414061,0.8375845230216781,0.8628634325571076,0.7166828266483191,0.5192760744368555,0.04878704967622649,0.14870633152265467,0.6817479957609665,0.6935985318011727,3.2943777283167117
