center_0,center_1,center_2,center_3,center_4,center_5,center_6,center_7,center_8,center_9,center_10,center_11,center_12,center_13,center_14,center_15,center_16,center_17,center_18,center_19,center_20,center_21,center_22,center_23,center_24,center_25,center_26,center_27,center_28,center_29,center_30,center_31,center_32,center_33,center_34,center_35,center_36,center_37,center_38,center_39,center_40,center_41,radius
0.040191061080279034,0.5712552226641688,0.31499559010135825,0.3127708853276673,0.8862590691613335,0.9915358421655299,0.6174711996919565,0.03164311552537202,0.12329941494741603,0.19072097126117882,0.16347013859889303,0.7154531532686433,0.7154630364612955,0.0204394333403195,0.6346558817261924,0.5584487925273703,0.6776176593497985,0.635459988115431,0.642906636552849,0.20917918320855944,0.5218511733657042,0.5869031094394889,0.49330304425174887,0.2598271703867331,0.9174148477342716,0.788460898439802,0.9132732940302885,0.2550283656002158,0.8973313912844212,0.9529457670961211,0.5174728561945039,0.25988960511530923,0.863730885122353,0.47585284062348043,0.44770248801980284,0.1382012846377889,0.6609379726669379,0.36668787915152123,0.06800406105920476,0.2586668330234826,0.42298317881462544,0.9988154786444219,3.4873514697228716
0.8475456428440901,0.4031456883971891,0.26256798306573803,0.013544301435683637,0.08319504507807629,0.26374548457566216,0.10226223846085214,0.5850397152929749,0.9462376745344142,0.8429931314280483,0.9691981310322074,0.822623290171271,0.7073526063690552,0.8437498386626616,0.8463045799463644,0.13632931283448313,0.03806955302774662,0.26055897426044283,0.5594980754059219,0.9168061722685155,0.9927842978397694,0.8291170495628711,0.7286852897137664,0.5178032583411815,0.0677556439209912,0.8886609630694157,0.013356274766027965,0.972416255858999,0.3615607562275839,0.25301658018503714,0.0034185774921371426,0.18091062748259656,0.28059691149225263,0.2904951555969112,0.9550002656971794,0.813398781586253,0.032977763508624025,0.7698468762266255,0.9605483214281372,0.523370037550302,0.5284541963837897,0.4019288887651088,3.2942465163615773
