center_0,center_1,center_2,center_3,center_4,center_5,center_6,center_7,center_8,center_9,center_10,center_11,center_12,center_13,center_14,center_15,center_16,center_17,center_18,center_19,center_20,center_21,center_22,center_23,center_24,center_25,center_26,center_27,center_28,center_29,center_30,center_31,center_32,center_33,center_34,center_35,center_36,center_37,center_38,center_39,center_40,radius
0.4097266812200939,0.9313722112979349,0.5245671776715052,0.2684839930380345,0.6377303016974052,0.23955451312483433,0.34185030645515313,0.0697523909270531,0.09378749395472852,0.32137104901373026,0.7169355514443181,0.06802413345843672,0.4062205995621121,0.044552430814959076,0.3783743892940773,0.4106750877957135,0.4700453715711229,0.8118250240499801,0.37650439751488285,0.4861235506123518,0.6766883313611417,0.27826917340931023,0.7229920782400533,0.10177982216148462,0.7712749691000215,0.329632531468227,0.6311905947999936,0.8922596979830895,0.3988300762219318,0.9330012267106841,0.6142416084766816,0.015686999996393003,0.6961860587852534,0.6332316157717964,0.45696238969314695,0.49414635821507935,0.9580112413004813,0.016585278169957696,0.3385109096261677,0.6500330036575138,0.764478988220555,3.225240667234257
0.2930515367792519,0.2099783684282004,0.572544974668555,0.8818948937506141,0.7471379751759911,0.4322805724143609,0.7498389745359844,0.5565439721302619,0.9218812622518279,0.08738458528678517,0.6992354497293917,0.20451422088316185,0.06268866716299837,0.9538813305923932,0.9213982145521178,0.9816930741754281,0.8503147695069159,0.1342852840401897,0.8214630745502525,0.7790193901127873,0.04518351171609436,0.5662894216800434,0.7375404875402005,0.9563909808645921,0.07231955053506611,0.7495788293563426,0.20390993291885617,0.3669378441726092,0.29231893122499064,0.00943569112504583,0.77284030398828,0.9004410045232379,0.7467228976775706,0.6311313575366577,0.4987800295914482,0.7326681612189516,0.22165048773583107,0.8594546144913785,0.9274491575531932,0.7755422555476814,0.009293012130981881,3.7121138805141385
