center_0,center_1,center_2,center_3,center_4,center_5,center_6,center_7,center_8,center_9,center_10,center_11,center_12,center_13,center_14,center_15,center_16,center_17,center_18,center_19,center_20,center_21,center_22,center_23,center_24,center_25,center_26,center_27,center_28,center_29,center_30,center_31,center_32,center_33,center_34,center_35,center_36,center_37,center_38,center_39,center_40,radius
0.7337599992368771,0.4504588418308467,0.6313768085761101,0.23897869457384036,0.19421485807863537,0.367575953745922,0.490945970646686,0.7226249425566164,0.8573333317116886,0.9369207779567386,0.2108193291729089,0.9693178647283714,0.8623569898805188,0.5408164465310811,0.5201295678894656,0.4632255356897945,0.05230301673286475,0.5867989264193568,0.9160029770182754,0.24928225576267093,0.9853393548804891,0.29114875500962223,0.33448872283615816,0.5419629844351065,0.7665489773833787,0.2366886263757646,0.9454895038929304,0.8349879983625282,0.36673697620430656,0.3585287136956825,0.103582597746251,0.5651438601274403,0.4840214233290697,0.10098109680126544,0.9128013155723061,0.12115187387661641,0.3126306274160996,0.8243110335847158,0.11675991448432455,0.29885119561242146,0.6619953133448427,3.1428037729482545
0.010691997470853476,0.4488599406022532,0.23282771040020322,0.8581500712819929,0.8548632834609247,0.7854569773628666,0.7970095666885807,0.7398795366024999,0.4164413495328161,0.24666751036064938,0.9759422790898414,0.222125404264497,0.2636071618512087,0.7527296067147226,0.8557813725279538,0.6460289255523523,0.6870825985890499,0.686518467648172,0.18208194770565922,0.9916070282800727,0.7541515389642,0.891874278961581,0.5827015929740204,0.7875726743008065,0.42053063125774093,0.9853843365523295,0.297916543853732,0.02171640397761454,0.3119204992127801,0.8668990325516425,0.9881487535753203,0.12024825652853588,0.4119518890755429,0.30492409290921985,0.5421973251148372,0.4516851191871756,0.08753085864720755,0.7048283393295416,0.9052918318457405,0.39181635141793725,0.8385622350496336,3.7163999488333794
