center_0,center_1,center_2,center_3,center_4,center_5,center_6,center_7,center_8,center_9,center_10,center_11,center_12,center_13,center_14,center_15,center_16,center_17,center_18,center_19,center_20,center_21,center_22,center_23,center_24,center_25,center_26,center_27,center_28,center_29,center_30,center_31,center_32,center_33,center_34,center_35,center_36,center_37,center_38,center_39,center_40,radius
0.7756901226185345,0.5348514844716958,0.5675094323915081,0.17840868721690661,0.3950320475654664,0.27414242848844816,0.6452904496329078,0.21002218888223978,0.18367360019160506,0.46561919179111355,0.25332626095706934,0.7368050053748707,0.6646391194763626,0.7280625144254017,0.6457814196859878,0.8706482175056214,0.6158655664100029,0.5480355509238697,0.014475878943579379,0.5353437496667982,0.3445988605174344,0.5304937589954453,0.32205100900571204,0.7319517489863075,0.08960245174905701,0.3013313251890557,0.45051591741434294,0.707445009386586,0.38730509256880064,0.8922852206115311,0.6987775033137834,0.3974405522848883,0.3128810909439662,0.40215373750348293,0.7955116321404965,0.9548100174668114,0.70172487545515,0.7296398994991599,0.24320067233845066,0.6358014689493492,0.25205843362351177,3.149657701848464
