center_0,center_1,center_2,center_3,center_4,center_5,center_6,center_7,center_8,center_9,center_10,center_11,center_12,center_13,center_14,center_15,center_16,center_17,center_18,center_19,center_20,center_21,center_22,center_23,center_24,center_25,center_26,center_27,center_28,center_29,center_30,center_31,center_32,center_33,center_34,center_35,center_36,center_37,center_38,center_39,center_40,center_41,radius
0.841077851374251,0.24180400464877938,0.012038232126511672,0.2483354679962133,0.2529705384241684,0.5742703918502978,0.8291311625385727,0.6194070698328462,0.10351505348439949,0.9434530231760279,0.6731436684545944,0.9880810514157198,0.6018144297277727,0.15345850506025516,0.46644559204302594,0.6467432599057229,0.20300942430530733,0.9267851022789004,0.8453714033909623,0.3543376800670668,0.6621629075288279,0.5271232815787597,0.7460591956354693,0.23844932396753138,0.7263310580457362,0.8182847416315445,0.794792433442949,0.8744442037808536,0.960198410274818,0.572294883222899,0.3000107403886393,0.05743507770296841,0.20752446362634203,0.3685945830906199,0.3669727386924695,0.7396553835254803,0.6954974200868879,0.10234951944001924,0.03787033756743985,0.6340043335597637,0.5855901507961154,0.1996646613470181,3.412836300776556
0.4154284967318712,0.9948872603085643,0.24798647003462837,0.765338670325686,0.9649093648229161,0.1574902280168422,0.06006258247268648,0.1047085309869148,0.5839607613028315,0.023560120350684666,0.4715721425232653,0.3586369587335614,0.20428128270572643,0.25531759963223244,0.7066898996307914,0.38857508444734523,0.7351022486600624,0.31419947283840477,0.21705808491823297,0.139497777711883,0.2016652706651435,0.26714103641135634,0.609914637255127,0.9425474846441408,0.7864428251252544,0.07227076845250624,0.7589272075500414,0.0589448510219831,0.10710747392241227,0.8557760892765608,0.3016880309141289,0.978610988061718,0.663542269976883,0.6326008040424449,0.9986986632097268,0.8797329559765853,0.22536871938354397,0.969868593851647,0.8747008238510768,0.966962687252565,0.13672348969595105,0.39664148707643143,3.530194296854281
