center_0,center_1,center_2,center_3,center_4,center_5,center_6,center_7,center_8,center_9,center_10,center_11,center_12,center_13,center_14,center_15,center_16,center_17,center_18,center_19,center_20,center_21,center_22,center_23,center_24,center_25,center_26,center_27,center_28,center_29,center_30,center_31,center_32,center_33,center_34,center_35,center_36,center_37,center_38,center_39,center_40,radius
0.4033248427772099,0.5947328722103841,0.4284849674033716,0.5302735833041294,0.8956475834049147,0.271948216598328,0.5278284283711752,0.42680167335430397,0.8232045240693721,0.5857281244922925,0.3392996350016457,0.3327211924985013,0.7446762813795752,0.2194391530629345,0.27860741902634356,0.6844140869542285,0.15986914143722897,0.9636370513067825,0.4063824134749897,0.6179300623318014,0.6985859446584299,0.10347020981680177,0.754745463894166,0.9056133079094615,0.5064416587440552,0.2711595570852623,0.5178933200207161,0.03220109282347705,0.1603913589246042,0.2736358584774222,0.7526672389970774,0.5459462035729242,0.003314243447295251,0.2760334281039749,0.4062678509111868,0.01753268226632909,0.0795958090217318,0.706914800888522,0.09998238830721073,0.6042339433884358,0.6822199041017543,3.1886197265647573
0.9446540528904644,0.8909052499094513,0.027831662526075718,0.9627452434333176,0.49492268850617216,0.9978745868429516,0.07782452929482708,0.39988395231124474,0.6891559788835104,0.7440396215623111,0.16417657337143887,0.8181171774350016,0.9335570896953006,0.9598374232239696,0.035353378416009495,0.04751443910444564,0.9397951747257722,0.12684366113195433,0.031285205727234144,0.6716848484249568,0.6962242544440855,0.8055113912188102,0.16369808000195785,0.04961718969347739,0.8838324967537449,0.42100342529124857,0.9247137534546802,0.9415486524956634,0.44925786225538045,0.03690922460423918,0.6277219981647993,0.9087028895290576,0.7403262225821601,0.9789809712815835,0.763447962148575,0.9756565513204604,0.537826680929341,0.4876959093250648,0.7307212456842745,0.6738163102378888,0.3407427450545274,3.5837344643014393
