center_0,center_1,center_2,center_3,center_4,center_5,center_6,center_7,center_8,center_9,center_10,center_11,center_12,center_13,center_14,center_15,center_16,center_17,center_18,center_19,center_20,center_21,center_22,center_23,center_24,center_25,center_26,center_27,center_28,center_29,center_30,center_31,center_32,center_33,center_34,center_35,center_36,center_37,center_38,center_39,center_40,radius
0.7590414232005129,0.681472652947536,0.8693576265346615,0.9439333342171449,0.3447228185645511,0.5848318872611227,0.28406230339584837,0.2574056997265777,0.38226170852311814,0.06398750646845408,0.6172933843121872,0.7294913099722772,0.8439336617568512,0.15483571496152593,0.8885269667790547,0.35136469080962596,0.6385691642894584,0.7831960533166696,0.6021003869420952,0.5548688019420993,0.8747055834791863,0.2802304389828394,0.45520762469169285,0.6438703500791634,0.9636403266743335,0.12718952791515803,0.2431274648487356,0.8541283379861047,0.4794105783317243,0.6859754693106703,0.8713127096665872,0.2377559655070125,0.21302920070004971,0.15878756870630928,0.768386025188994,0.28599261952804744,0.7991689666622447,0.3531962565340687,0.8175208247690843,0.26226635943717214,0.48068661254481093,3.216136671900721
