center_0,center_1,center_2,center_3,center_4,center_5,center_6,center_7,center_8,center_9,center_10,center_11,center_12,center_13,center_14,center_15,center_16,center_17,center_18,center_19,center_20,center_21,center_22,center_23,center_24,center_25,center_26,center_27,center_28,center_29,center_30,center_31,center_32,center_33,center_34,center_35,center_36,center_37,center_38,center_39,center_40,radius
0.29760552820967323,0.8306398459100894,0.4523203063259633,0.08431150340439308,0.7808603781362076,0.07020189963051737,0.21769239594371548,0.20163242484245303,0.7150534140148412,0.8428905211552903,0.13543457741021203,0.8613856900303031,0.6876040393675663,0.6519953813329825,0.9428085126871898,0.30536631605435816,0.8375391041595797,0.4569015348855956,0.973904698902875,0.04088163853035709,0.23369842159934184,0.7119468482569654,0.8589698877964379,0.11029411448553572,0.26960439563338257,0.48397943035537094,0.9338131235188205,0.7312227695991387,0.9020870699160146,0.7200487086146579,0.7086489250660949,0.8859551700097353,0.9615835338686112,0.5250010174431982,0.5787292064476979,0.9329227056064471,0.1543003045080089,0.9722349402122852,0.9223119907092994,0.31625140522947526,0.8163805715085323,3.823714543097309
