center_0,center_1,center_2,center_3,center_4,center_5,center_6,center_7,center_8,center_9,center_10,center_11,center_12,center_13,center_14,center_15,center_16,center_17,center_18,center_19,center_20,center_21,center_22,center_23,center_24,center_25,center_26,center_27,center_28,center_29,center_30,center_31,center_32,center_33,center_34,center_35,center_36,center_37,center_38,center_39,center_40,radius
0.26445207369690005,0.6044732235102226,0.2455418129648621,0.7901388718391406,0.9393302519708059,0.009212549345459675,0.40722145479674954,0.8382815771746723,0.316657331628859,0.16036898565607027,0.24418504764600957,0.15633212894428794,0.6325768206426872,0.8136004341042147,0.8244175309062217,0.6782755769324796,0.17362261700494608,0.12781400578054047,0.09101618750999974,0.4764135464594814,0.5696750623619868,0.5134084052474287,0.6548023582754163,0.18062409977090832,0.2856028664736652,0.9020709132750048,0.3990943237821277,0.6322046107373108,0.8705923335877562,0.4759035689821609,0.3611117823735208,0.2314630413792499,0.03208625913120977,0.33766179691893405,0.9553889199913402,0.3190922093389138,0.13094622942034206,0.41437843258096496,0.9197717829748201,0.4675681993231451,0.9123022496902936,2.850996088614706
0.7234056779847903,0.8768151023558022,0.3597250409537066,0.14975633318410408,0.7452515997558908,0.8659552866257089,0.5073630600134651,0.2611763219033614,0.5479620413786226,0.9235353608129406,0.7896741995990475,0.9676484763422365,0.8664014515537356,0.9566014321400282,0.030114694543996956,0.8052316912789469,0.19119052041330142,0.8761797428252389,0.9008720508004068,0.6559057579676109,0.6438255697800193,0.060487096140261265,0.769323807125169,0.025205968990935745,0.4381269151602809,0.5596512319435624,0.2733641999871792,0.787960760233861,0.19780396796039879,0.6857092785090946,0.8060627738079039,0.5529374968822626,0.6582392931564952,0.9714283988166738,0.5344767781899584,0.8456835481525485,0.6075828546932174,0.21972438905649827,0.43128516757736657,0.6405582151263445,0.4093131313639261,3.3718530256578756
