center_0,center_1,center_2,center_3,center_4,center_5,center_6,center_7,center_8,center_9,center_10,center_11,center_12,center_13,center_14,center_15,center_16,center_17,center_18,center_19,center_20,center_21,center_22,center_23,center_24,center_25,center_26,center_27,center_28,center_29,center_30,center_31,center_32,center_33,center_34,center_35,center_36,center_37,center_38,center_39,center_40,radius
0.13818809149363576,0.549918174082077,0.5158985885345887,0.5467742521525468,0.5865579586344459,0.3207646043873973,0.6537637914667994,0.693710601557147,0.3370605816039304,0.39917517207681485,0.8420413079448071,0.31910824595581155,0.5922367218552769,0.31998711484441145,0.6843862159015158,0.9927498193196964,0.17016923772506853,0.1860107407284699,0.44247298443483696,0.6613629331386797,0.25999757012759694,0.8588613610285084,0.7435091960539165,0.40624098643891027,0.6332588233449112,0.04875388145736537,0.32513216473878204,0.722693631062123,0.33810000256140926,0.4726102034019093,0.8118376422518031,0.9514865259121612,0.2839221950572193,0.07256081512722823,0.7395310080896924,0.0948646016879533,0.33309593359325507,0.22193554264993676,0.38219418630110336,0.6840828517535447,0.35150003454861234,3.0315679575338432
0.9278316655765599,0.1791865136788784,0.4175272500518854,0.47812184556159165,0.09484925479557405,0.8347624452239776,0.5484155915416299,0.04754090825673274,0.30922249069276575,0.7565232211947757,0.013860373633501566,0.725118761248992,0.8640100482856419,0.4254008655368692,0.7891418064273528,0.421120440470538,0.847557119626702,0.007647143173474702,0.7394469794561649,0.5956366775596996,0.2663078089296622,0.8232501955637676,0.06472738817977564,0.3814997561179413,0.9313241500456825,0.9423434849180305,0.5004173719395596,0.8158366215841775,0.9535606099382651,0.8230511220966599,0.05472945747121216,0.12734208758119991,0.7932128262211076,0.9126952272304301,0.29447992629414443,0.9020197529159177,0.6059135348993755,0.7681532670755398,0.16990401882257578,0.5592714791485722,0.7419250325454237,3.1463389875975496
