center_0,center_1,center_2,center_3,center_4,center_5,center_6,center_7,center_8,center_9,center_10,center_11,center_12,center_13,center_14,center_15,center_16,center_17,center_18,center_19,center_20,center_21,center_22,center_23,center_24,center_25,center_26,center_27,center_28,center_29,center_30,center_31,center_32,center_33,center_34,center_35,center_36,center_37,center_38,center_39,center_40,radius
0.8807108407373182,0.16499184518392085,0.25688615658577074,0.5973323377468222,0.6843805722707925,0.43038497938471354,0.858020354567231,0.5960642585564639,0.3299790631956082,0.8637644385299547,0.8130213045259679,0.6949847837939883,0.2777387093980641,0.8424512664471142,0.8861669467074311,0.09031919971364188,0.32202776190825133,0.1651169139984512,0.4911189049111613,0.2910402056233373,0.42548713513775605,0.9878792519871578,0.9601210183899553,0.726917602909282,0.5709684394394594,0.10737463010747716,0.3490305925469315,0.3104455253331163,0.40962818976388304,0.4885903746706052,0.23990983789828713,0.983295757727831,0.7080687799573506,0.8836954565694864,0.5102805679834376,0.06501503437624201,0.23768617173334616,0.2713976221964022,0.3120175282973855,0.0061655650997027855,0.974219394739342,3.2692262121540128
0.3095339675203217,0.47245385809475404,0.888199231833133,0.3213452165717513,0.1793435237139862,0.3696666229885902,0.16712478071609438,0.5993288346085254,0.6664384935771074,0.9728237821030217,0.44318421570020183,0.6376055292739503,0.9329678973339249,0.0812151700240552,0.3813039283876546,0.4755564796184977,0.8319811611287036,0.9032364392592974,0.02617697137774011,0.7929864748216222,0.40601914590283195,0.4690005152332589,0.5413258916558884,0.037285010523595896,0.742169892177707,0.7543600962317357,0.5258332389765055,0.7966015501766228,0.5441217581650621,0.08289975266859051,0.4503344117779575,0.08955780646915845,0.5015242211756331,0.12619921791714772,0.01606536163064798,0.9065182561576969,0.8219902657635156,0.3748193829707248,0.09105470929326387,0.9995057116704738,0.011775093847520735,3.2229958301495456
