center_0,center_1,center_2,center_3,center_4,center_5,center_6,center_7,center_8,center_9,center_10,center_11,center_12,center_13,center_14,center_15,center_16,center_17,center_18,center_19,center_20,center_21,center_22,center_23,center_24,center_25,center_26,center_27,center_28,center_29,center_30,center_31,center_32,center_33,center_34,center_35,center_36,center_37,center_38,center_39,center_40,radius
0.22709496865992906,0.3039143264981876,0.7900280932489828,0.8647516701779843,0.8639754834186321,0.07440963008620216,0.6384893187509983,0.2278322141627559,0.17084873712350435,0.48743543393673383,0.8708517039827569,0.9694421914125136,0.259820602498388,0.6600987564463253,0.638212425543666,0.9206082737330017,0.8956323239303873,0.5558431165845671,0.07445801501874516,0.710112284005951,0.17596485157615904,0.640109785917844,0.015490314909851755,0.5032153573897432,0.038015730999501285,0.34462234344793785,0.4606262755341358,0.1424378096261537,0.2033785950610878,0.3143707497352818,0.28395550779403,0.260396018200554,0.6875985518267919,0.584345698470134,0.21098384868380926,0.8496368525159542,0.9879241329907558,0.546439435851872,0.8530969255311034,0.04897124761368188,0.4684160430097566,3.16122751072779
0.17776927820017352,0.06373388927537105,0.8383776380748447,0.8878266926730846,0.1608150129859386,0.7723561410657559,0.641134237233503,0.20384689609288809,0.6160538330381119,0.8304380057469621,0.008817917586622759,0.028742679096539936,0.7864171933962727,0.4277447602952136,0.6937393249515507,0.5750192907821912,0.23139850846692434,0.9781690788985362,0.05285901356215217,0.47364372952606504,0.06930100903870262,0.1380098507233154,0.8672224522543615,0.9874887006758394,0.7091150330343785,0.496226919723329,0.7097535605716067,0.9722284137147397,0.8512013124419849,0.12946908283276826,0.4236176314432979,0.9081173343479472,0.19310250545813612,0.10577319390751283,0.9257447824503932,0.0060261976593039,0.33654192815360784,0.8513339942536647,0.5481421821034719,0.8075811008978966,0.5254026626517768,3.5982728714652685
