center_0,center_1,center_2,center_3,center_4,center_5,center_6,center_7,center_8,center_9,center_10,center_11,center_12,center_13,center_14,center_15,center_16,center_17,center_18,center_19,center_20,center_21,center_22,center_23,center_24,center_25,center_26,center_27,center_28,center_29,center_30,center_31,center_32,center_33,center_34,center_35,center_36,center_37,center_38,center_39,center_40,center_41,radius
0.49681246907159926,0.23440329460905673,0.8272143111680709,0.1240847062404743,0.6445450859586451,0.49941239543360305,0.20826850571595223,0.18212774024719958,0.7144486600373037,0.012592114665776588,0.876751549021841,0.3257610041888773,0.9111463414553935,0.20012846149426078,0.2716802678965127,0.8699826236506147,0.3101081548095167,0.3623980812182054,0.8613799009643618,0.678168896096225,0.7353918298957293,0.48830188201394986,0.6351128336482599,0.733432826398328,0.7796721567168671,0.5571799150741813,0.5824847510278023,0.6049184506090493,0.7834680943958767,0.3586660892688549,0.8088762935480313,0.4521476049298818,0.6189924898623039,0.13153238893472552,0.6150006702117313,0.06723315760443138,0.8068738434767241,0.6410143390356667,0.6876277055478881,0.14170968955535068,0.8853535865791987,0.016342942801471083,3.3231005224821204
0.6076819834368612,0.9112465043970244,0.03841079611284248,0.9116905490975256,0.24524280961064093,0.15421914783932855,0.25476640965120667,0.7366424730882499,0.14520095895901375,0.06404481951681984,0.5067289228312906,0.27283647075301765,0.09866621482126081,0.5093230051207911,0.9919878573224872,0.7013624601822395,0.8953379368524145,0.8694917556575965,0.3814569517612004,0.5397389284077841,0.2145756834842003,0.4879358281255659,0.1379437004799291,0.7411321072509983,0.7957214025760355,0.12908051983678526,0.2297763758971485,0.027435249951125784,0.029039643122209857,0.45117906024123655,0.03596083654747817,0.4169428308914137,0.5169033138419443,0.83236903312456,0.04838248011441726,0.967165969153401,0.02783574616209039,0.813515235236959,0.007610474596149941,0.9576504893974283,0.9657416207025784,0.9666918821950837,3.3454245019352964
