center_0,center_1,center_2,center_3,center_4,center_5,center_6,center_7,center_8,center_9,center_10,center_11,center_12,center_13,center_14,center_15,center_16,center_17,center_18,center_19,center_20,center_21,center_22,center_23,center_24,center_25,center_26,center_27,center_28,center_29,center_30,center_31,center_32,center_33,center_34,center_35,center_36,center_37,center_38,center_39,center_40,center_41,radius
0.363159018836954,0.5364017590382085,0.5650535594751745,0.2782109312633232,0.5000235509855537,0.23772003334380265,0.9962447121048055,0.6624510336057393,0.9954608786654233,0.8788203721038605,0.5481957426536895,0.11180364390334063,0.5492106739424917,0.027446710171405653,0.626193091453117,0.2272704665281976,0.18341658702439023,0.19743144224961362,0.5453898060351068,0.9793621340716363,0.47986090213028065,0.3813986693726549,0.27232808877487236,0.6941679085721664,0.6600484042808342,0.41790237862089463,0.254359847375084,0.9103144012233525,0.11388504000998445,0.7638392280316925,0.4412907472967228,0.8810976503951983,0.1477694485573533,0.4362461630620842,0.7772427727395095,0.9215092228168206,0.9666882316849271,0.8214056459663293,0.9125660065083933,0.17658782274264861,0.3338386752896281,0.11726865364048011,3.4289196547986287
0.9953740563568501,0.904604016960434,0.7613252198928802,0.4831107939883127,0.12030601154507325,0.9738924471512398,0.0692774224966185,0.8600117786717971,0.05497286749628383,0.18430817016486556,0.920311015187404,0.9307793237009796,0.9333760955769498,0.7038602469040113,0.9518774773693756,0.8090685941765545,0.7248466933587456,0.6055129966164902,0.12191927063607155,0.34978515178069525,0.14166978097339444,0.02846076221924032,0.55080327404729,0.12149305618130102,0.014940496426915417,0.7942232798835175,0.43116222908570057,0.5016168575453762,0.9454588931716434,0.13414278480433162,0.9968856061831125,0.8794808093775942,0.901317596454154,0.011520625819547381,0.4011844431918079,0.28629418133075124,0.0071148444897084495,0.4454073633597687,0.07509933211047592,0.8786771082270884,0.6914139551407565,0.13203536692785722,3.6453319950748244
