center_0,center_1,center_2,center_3,center_4,center_5,center_6,center_7,center_8,center_9,center_10,center_11,center_12,center_13,center_14,center_15,center_16,center_17,center_18,center_19,center_20,center_21,center_22,center_23,center_24,center_25,center_26,center_27,center_28,center_29,center_30,center_31,center_32,center_33,center_34,center_35,center_36,center_37,center_38,center_39,center_40,center_41,radius
0.9460895091292584,0.7381729130007311,0.09950688173574018,0.03537003096246538,0.22035513235813975,0.8444064218859324,0.19817799186962803,0.05909169632890787,0.20227340180374043,0.15399455008157859,0.743942012084395,0.20565420559175562,0.4159859222764637,0.7620758588459801,0.7798545951710126,0.552770636490526,0.25969578185334485,0.589067889652625,0.8132955066428591,0.8787705254625292,0.18962378192429652,0.3161731396242611,0.3433988008058658,0.3277760951886456,0.9433886597359209,0.4482801635108029,0.5242205337697597,0.2478984985102919,0.3095255068755951,0.7387946622661009,0.1431631183952966,0.9223545041573417,0.533004138172803,0.9848503964220765,0.1199591580900079,0.02520971084721868,0.28071835498783226,0.29416058178814397,0.13924609064471583,0.28144753601029016,0.9109833305879552,0.7741479149560733,3.1642387692040685
0.13855275365106223,0.15827513423831918,0.37541625971451686,0.40492914319543105,0.6382853290115067,0.024793916807061667,0.9497721331522204,0.9554322371553312,0.6248919080281821,0.8408106840120627,0.5252718437268195,0.5493137439735161,0.8403540457655626,0.5490478496739134,0.316295632051127,0.8742805114012739,0.5229733854065158,0.5935308593468305,0.8033391047262624,0.5546201349875696,0.7792655962225141,0.00378723477204157,0.42036723594329806,0.7763245511662659,0.010574089501021233,0.1507824847457081,0.07844953809235256,0.7909631375924905,0.846138563794729,0.5059612386108328,0.028902306766262154,0.39834745245968606,0.007381302142119628,0.20668379259430458,0.3497152210754245,0.868222013071677,0.07623872897108719,0.9584396144159224,0.3059868186385385,0.4128496174265409,0.6862867136438388,0.3912876550718526,3.3895313321133447
