center_0,center_1,center_2,center_3,center_4,center_5,center_6,center_7,center_8,center_9,center_10,center_11,center_12,center_13,center_14,center_15,center_16,center_17,center_18,center_19,center_20,center_21,center_22,center_23,center_24,center_25,center_26,center_27,center_28,center_29,center_30,center_31,center_32,center_33,center_34,center_35,center_36,center_37,center_38,center_39,center_40,center_41,radius
0.8521526973878734,0.9685751763977739,0.2579873321509627,0.2931168487349439,0.3774967232297216,0.31402360496433257,0.33444040434466915,0.6270091562083497,0.19469335935983545,0.009272959366095845,0.7335120010226418,0.9929229896527646,0.8885514197134492,0.7961069610311102,0.9831346983355447,0.37866693478248203,0.752424075184075,0.8494687212855097,0.9138545731309881,0.2744709307257307,0.26370561164789386,0.4565742339342673,0.5369573566219344,0.22251989851233822,0.9305603363427509,0.23552367105043215,0.5864781465278015,0.7331755604898205,0.716496530789809,0.6417217636923077,0.4514147891402247,0.05191784441874314,0.7517606192776458,0.08568516825261985,0.4119544037959929,0.941138660806694,0.1855060513846658,0.8555361845696613,0.5265840674394648,0.703896547391117,0.5734453436832916,0.12343847111695316,3.5800727989032577
0.009724698045433966,0.805770188180214,0.3176675345600165,0.9575290851529078,0.5080003170963246,0.7746825727639458,0.5117709057966203,0.26031954717712513,0.6061578918421705,0.9945163611950004,0.024489361953208943,0.01400292125574043,0.8460308295576636,0.02284795462799505,0.38121637203938885,0.857149527721826,0.0922249456877039,0.06892731646105132,0.24536638148757484,0.9084329544255396,0.12539381913492853,0.9825753354083787,0.0789663136957015,0.296425517387376,0.4727212690390965,0.28250671199535193,0.026050802958399233,0.38085601294888505,0.27023689545737983,0.19265214984843315,0.6054560738186822,0.9917883880837417,0.1362401159366453,0.971646345653793,0.3829883050120394,0.0003735269923820228,0.7701355882104263,0.9433709368944666,0.4405113684338292,0.4243298442525387,0.8952340757979852,0.9867720343701825,3.2569149315972252
