center_0,center_1,center_2,center_3,center_4,center_5,center_6,center_7,center_8,center_9,center_10,center_11,center_12,center_13,center_14,center_15,center_16,center_17,center_18,center_19,center_20,center_21,center_22,center_23,center_24,center_25,center_26,center_27,center_28,center_29,center_30,center_31,center_32,center_33,center_34,center_35,center_36,center_37,center_38,center_39,center_40,radius
0.8467859053480992,0.63278661612804,0.7290303209301608,0.7918935874746686,0.3242066419105557,0.7941756758052659,0.3703152240298332,0.20385895061122605,0.6455710715428223,0.9784193784258521,0.45586142037548794,0.9916423917151238,0.3476783433302745,0.4713149391140371,0.28045256753413605,0.4010016142266625,0.029715226569590913,0.7757039908779108,0.20475345529742606,0.8049795087611745,0.045023471384296854,0.06541062632928119,0.4207001143711516,0.3637734647373685,0.3649144580380481,0.5989343862268783,0.46472709792543365,0.9428864053102901,0.6892968978038394,0.45356195740139116,0.4557161718348791,0.4966945512853226,0.9426431423625781,0.004578206206069302,0.48729512877933845,0.3697143143576582,0.5025100092920303,0.22437589589428542,0.7704995812209358,0.38397326956624844,0.5603663168789427,3.026512460891417
0.031732529312323954,0.1335906717295311,0.4107342598735396,0.23506383578215517,0.9372425155645716,0.23262903284553516,0.852591562956001,0.9503487057770377,0.05139995293779931,0.005621054842962492,0.10659578135621539,0.7383673552440305,0.23449843943018767,0.022768710630764022,0.8165078398754555,0.561810949360086,0.6824960225391933,0.34977872271901667,0.9248166002798076,0.3905023569142716,0.5345662146838138,0.9160236983928227,0.310897467053999,0.18377695885267153,0.9311474108070764,0.34765391886815744,0.28917671925330124,0.8595783238720012,0.20579003768090887,0.24373212710768577,0.9401343995700333,0.8468137405973438,0.5386367110002511,0.5265732724841522,0.9201309667834124,0.7826915195573924,0.23545833282345008,0.10249155341675198,0.4944160205400344,0.03845045830873073,0.22947888933549765,3.211297424825635
