center_0,center_1,center_2,center_3,center_4,center_5,center_6,center_7,center_8,center_9,center_10,center_11,center_12,center_13,center_14,center_15,center_16,center_17,center_18,center_19,center_20,center_21,center_22,center_23,center_24,center_25,center_26,center_27,center_28,center_29,center_30,center_31,center_32,center_33,center_34,center_35,center_36,center_37,center_38,center_39,center_40,radius
0.6888604652821695,0.4935296785121822,0.45866037910220714,0.28100384267040246,0.018952108926446387,0.5137642175710405,0.5802061235189675,0.4850292823215462,0.5831492007299246,0.8896839742650698,0.7051942823777029,0.2372199230256815,0.6074047533316745,0.04189704654285609,0.5068326127292195,0.2728898117083115,0.09599629999180859,0.3186955558079281,0.6358295354445663,0.2916373087563191,0.4843633046323539,0.823859009963323,0.5822632220090787,0.0587396522606074,0.3842233434346348,0.5805756881130858,0.26476797861620416,0.5588716805943501,0.23064353379617197,0.42349430339865435,0.8009087992186605,0.3155304548166272,0.9168019782535296,0.3363244188426443,0.1721572790558521,0.5319740109956597,0.4912153372775645,0.3735637515283221,0.39392731948833437,0.5424248871996371,0.5337646722552912,2.768737969757411
0.3499983204668552,0.5472894216626654,0.9037071319789768,0.43597462234223194,0.8730407360338196,0.7500366792954904,0.4238381841760086,0.4455467194756768,0.5568080677982421,0.07672501087436934,0.7745429307326153,0.8802366805227705,0.8017347278977547,0.6560676907052726,0.23748149752028058,0.9473540697755258,0.9352058309536362,0.580947799591785,0.5343205960422026,0.7944085165749103,0.07877318635170039,0.0047936972622565355,0.6105426977806188,0.666488469042137,0.8843524470905567,0.9234644108025222,0.05988373046861073,0.5926005647511161,0.9083357443758966,0.9305415258594057,0.8492231344079307,0.7952464807119441,0.7867237462874122,0.4060352355143466,0.9056631818246025,0.2518283997587748,0.5165004594210619,0.8597655942786652,0.09746520086892863,0.6324909754557588,0.38981818069298246,3.3165822639734897
