center_0,center_1,center_2,center_3,center_4,center_5,center_6,center_7,center_8,center_9,center_10,center_11,center_12,center_13,center_14,center_15,center_16,center_17,center_18,center_19,center_20,center_21,center_22,center_23,center_24,center_25,center_26,center_27,center_28,center_29,center_30,center_31,center_32,center_33,center_34,center_35,center_36,center_37,center_38,center_39,center_40,radius
0.9053758594111311,0.7499087920341768,0.281084132278588,0.33937292467756675,0.7184841947093661,0.3600242342193075,0.8729352955269122,0.9158733185929916,0.12878302034614553,0.9654162376270194,0.9809349377053594,0.5618701990189797,0.9550534977476575,0.07206289271916422,0.4777911435151372,0.7187931114200045,0.3286602373130856,0.8645423938317823,0.6132739886984533,0.46296179553100414,0.8150689703944796,0.3547791808777422,0.79646377167824,0.3651806907886648,0.2974948240589028,0.5986509908220764,0.5939868529640243,0.2935218265632199,0.07071457772469714,0.17299241731109016,0.6791574152409604,0.10380419834991339,0.21012396337437622,0.9254526097475791,0.8623779300370599,0.06080396913680908,0.41269311417637045,0.9016276754635566,0.8204226053576504,0.2758933758655209,0.4290694530070256,3.5032264502278054
