center_0,center_1,center_2,center_3,center_4,center_5,center_6,center_7,center_8,center_9,center_10,center_11,center_12,center_13,center_14,center_15,center_16,center_17,center_18,center_19,center_20,center_21,center_22,center_23,center_24,center_25,center_26,center_27,center_28,center_29,center_30,center_31,center_32,center_33,center_34,center_35,center_36,center_37,center_38,center_39,center_40,radius
0.07769488450757489,0.5996961797425415,0.8338688714287085,0.5023750559742076,0.2168014133687972,0.2517220179774927,0.91155199983183,0.8842859943794685,0.2938895317693144,0.002500057706860348,0.36882352226167847,0.23607931172213426,0.8448661116017983,0.6056822235644065,0.44665651035695875,0.2149732463429801,0.43766822836066266,0.12562241577741073,0.965298460367876,0.7502464034873582,0.29848732707124725,0.2894640226174773,0.9790353448190484,0.3363767163723824,0.7646520726979267,0.6640740878434115,0.8690921869838657,0.5337497510328886,0.1308392392854285,0.32932369040267007,0.038659465307408825,0.9872146253206698,0.13418796741251904,0.5702593993196936,0.9756111008873992,0.4705288998606638,0.5246757465794053,0.8447857422055202,0.6373574309415639,0.9248852193600271,0.6524712763248466,3.3697205977413267
0.8899699280059966,0.13215264206196664,0.43631985694039044,0.8426967644419104,0.8095300169439043,0.2140716916065304,0.5204008644746836,0.498120020700795,0.7996542966016009,0.8209845349697988,0.8936864343208766,0.8670977409734696,0.26235620735680376,0.19467895579205652,0.01614997865915968,0.9477366351657478,0.8708036365437628,0.775389159283822,0.007669361874813152,0.08940074736375392,0.041677946386264764,0.9864315442276429,0.6554955931511854,0.8628768194697698,0.14304854621756213,0.3575793834259072,0.8193098081808063,0.5423628088929715,0.44749951457148607,0.878207666737551,0.612983563811614,0.6950634681810854,0.9724896384324604,0.9980055463198955,0.07680798268510747,0.5975292260919716,0.15403909385189118,0.19879925593453462,0.6330133977974893,0.1635905552661041,0.8295137192376216,3.2859754753966373
