center_0,center_1,center_2,center_3,center_4,center_5,center_6,center_7,center_8,center_9,center_10,center_11,center_12,center_13,center_14,center_15,center_16,center_17,center_18,center_19,center_20,center_21,center_22,center_23,center_24,center_25,center_26,center_27,center_28,center_29,center_30,center_31,center_32,center_33,center_34,center_35,center_36,center_37,center_38,center_39,center_40,radius
0.33769055019245175,0.2683142621511586,0.5030589985756452,0.7476712819747879,0.4370361168353335,0.4712091988938395,0.9771543884222468,0.3640050205866884,0.8846049745264739,0.011041972265274258,0.8881405747734253,0.5886898678182778,0.012397465813708486,0.31285923988577424,0.3943610840624464,0.9787960788244595,0.02095469605701894,0.2258517758344698,0.795425516564259,0.1772900550212272,0.2674045692286957,0.0659604629925371,0.16702523545669712,0.7648808187985574,0.18033010964908303,0.9202540016081626,0.12410983609153337,0.7887152109029694,0.3146267688865051,0.783447219774931,0.3320205798712036,0.11278550324224001,0.08761524744853688,0.007830707525010916,0.23458301803963577,0.39540960090968225,0.5137478592514084,0.747836886511374,0.7801149910094841,0.22618355875383978,0.8151039603174075,3.066249376336924
0.5997745362996232,0.1360092577680797,0.07558406938297713,0.5779340070472574,0.2592605698618258,0.7535421957479906,0.7582460241553766,0.788096398470161,0.6967121211055975,0.3702337506009884,0.1968607350158279,0.9906917524569421,0.965468736626318,0.3975983604785793,0.02124755814051127,0.2274807798068984,0.8686042802949263,0.8770500639618625,0.4680613154393384,0.7365234007610775,0.6112213119634765,0.6752117764510703,0.9287734926223747,0.23745516008381296,0.14902285433322082,0.10391003429059187,0.6804784629197014,0.006000798250424988,0.5166874732789781,0.2806801548424931,0.8972783665299541,0.08149410299655013,0.9297017030145334,0.10514705716326367,0.5219425512164728,0.0038054595756853438,0.12404770108333685,0.8657737963837855,0.03721851848697666,0.9442227660541701,0.9023727052036683,3.3728749481042435
