center_0,center_1,center_2,center_3,center_4,center_5,center_6,center_7,center_8,center_9,center_10,center_11,center_12,center_13,center_14,center_15,center_16,center_17,center_18,center_19,center_20,center_21,center_22,center_23,center_24,center_25,center_26,center_27,center_28,center_29,center_30,center_31,center_32,center_33,center_34,center_35,center_36,center_37,center_38,center_39,center_40,radius
0.8170796670929902,0.7441690493233728,0.6924538148737757,0.04830834601292677,0.07496726251420271,0.09359455749555534,0.21475154888256998,0.2827578045248852,0.01705128655999899,0.31242688057881063,0.4034943876360373,0.17020294178469952,0.49620906301947154,0.09768489929810387,0.43755522929325763,0.45964017282547587,0.7644233078724045,0.23970592141064573,0.19219891661812127,0.8899884829792392,0.8652406656884336,0.9733373854413255,0.7327678424181071,0.45799723061946174,0.022096568545740602,0.3438779785598688,0.02146544511160764,0.5237531310442293,0.5410087201866596,0.0163715219561148,0.411514960794795,0.06877862491840914,0.966518071391001,0.7816926810257715,0.010387463477726233,0.3673864377859487,0.9740052820558512,0.2742469713969514,0.7768177950182318,0.5704836079046707,0.9750978600244751,2.8862027700922805
0.3209248863550045,0.437348880726418,0.6600319655559519,0.5371330941389758,0.7626066891959808,0.971686827328568,0.16709957900616534,0.8979582768188304,0.3988260468014496,0.9410799910375602,0.6585245278998717,0.8612873990031124,0.7465827925870194,0.3138127227471018,0.7689748484184443,0.5405590012558105,0.8185004012162868,0.4917866505265678,0.5604607461019371,0.9243691138447042,0.16298286688234398,0.7120424211286142,0.1344124682839446,0.6206528644999305,0.7819625393781027,0.0947347671979567,0.7944874683321679,0.80031638933896,0.9907471146864482,0.9572804593863543,0.5633437225942837,0.32058792774150613,0.1960406177706805,0.2740402852939219,0.15804284686875703,0.23944465844512153,0.6851076452997987,0.4077599274257133,0.9886550152029259,0.7879610876154635,0.6322500969128114,3.5508845420951407
