center_0,center_1,center_2,center_3,center_4,center_5,center_6,center_7,center_8,center_9,center_10,center_11,center_12,center_13,center_14,center_15,center_16,center_17,center_18,center_19,center_20,center_21,center_22,center_23,center_24,center_25,center_26,center_27,center_28,center_29,center_30,center_31,center_32,center_33,center_34,center_35,center_36,center_37,center_38,center_39,center_40,radius
0.4697734638287817,0.02337798062989227,0.16708002238562758,0.8823239902733715,0.08087894759191139,0.4859759941305669,0.17198648103035996,0.6343416588654568,0.41205869169418186,0.6706897892803091,0.35068083161436236,0.23929457886165173,0.5639529734528086,0.507064424913477,0.23908646708006354,0.7002496976704039,0.9090209447073226,0.33570187022773845,0.9876762924387276,0.715276430908429,0.3718438648870004,0.5312713572897046,0.32630968347052514,0.34577258280145007,0.3811275854714421,0.6059734749007335,0.8756079446239419,0.699546898718707,0.6938798534882096,0.07930697532637965,0.7557678012426271,0.7110069525789733,0.027765464847006593,0.3429499465802722,0.18918740746270346,0.8028003781319696,0.8358936015598858,0.552309429352303,0.8411789720566393,0.2987006621229258,0.3876570122030012,3.1630333817362106
0.47279766890364205,0.9234033668376149,0.4876299590780052,0.15710476430981224,0.9097363808632839,0.9604120318534083,0.0924391068587419,0.5803813401342128,0.5013641110207948,0.9369818998251291,0.9100472351640231,0.700220512866754,0.1758847381168117,0.598871775075625,0.7200228546418599,0.44921374267039227,0.30397176747303734,0.9183044375172047,0.14206485655508982,0.37415547913826597,0.43911352241731083,0.9282034478153897,0.9572190259685736,0.9848322978719258,0.4917379826158468,0.61543085550305,0.014366045244711412,0.8667934666495473,0.0947526116249735,0.9947026163203379,0.8174331686520866,0.16310419231160678,0.8258414724982758,0.15060212461905176,0.21545820759521883,0.2278736288706722,0.2908260429348497,0.05166923140611723,0.43115484380246494,0.8489170883914358,0.5663258887666791,3.6015360222432617
