center_0,center_1,center_2,center_3,center_4,center_5,center_6,center_7,center_8,center_9,center_10,center_11,center_12,center_13,center_14,center_15,center_16,center_17,center_18,center_19,center_20,center_21,center_22,center_23,center_24,center_25,center_26,center_27,center_28,center_29,center_30,center_31,center_32,center_33,center_34,center_35,center_36,center_37,center_38,center_39,center_40,radius
0.31286656905481947,0.615776187911239,0.24179790817151647,0.11965546471403099,0.3254814103737401,0.23640680197563935,0.2401693905369019,0.6501626704647838,0.41931844934920504,0.35914681495139067,0.16545716537151423,0.5389294576939786,0.8311821293815356,0.8919057291710984,0.3402655682835458,0.9076593914112185,0.9217963003075561,0.8371513893417386,0.0009664663169234311,0.10340719424904854,0.24916017806868962,0.9693596890565296,0.6999268171596867,0.48242764076941147,0.27733516178324447,0.40277940417117986,0.39621033391607874,0.18523760611754791,0.2415925844340776,0.3582011253664703,0.8236688113091325,0.17827104683368222,0.9803132058753682,0.22366735008249694,0.3485219360263728,0.4995362540558622,0.513638936720055,0.7553205769032095,0.07123628999671361,0.24643101865375516,0.8409493999139103,3.208442368403473
0.6632141228333424,0.43228660906695726,0.904353501141113,0.41651214850707086,0.4850682644392206,0.9510258772778667,0.9222263670022278,0.21871017913108803,0.8239472151314764,0.07698939795401949,0.6791983611237086,0.20201428160796997,0.3419074363321777,0.02070359575818337,0.954997370293873,0.49821100838663657,0.16836429351959403,0.07900513440555534,0.9815305902448934,0.8185884313969786,0.23283556768377422,0.32387745831796555,0.6592781168931129,0.3958044806044274,0.9250903176136258,0.07991488140486891,0.4976582038366091,0.561896547545078,0.64948774120817,0.19263086289765385,0.03308049728221829,0.5841318116193613,0.19043693098736814,0.4925250629210376,0.6424165873768226,0.9054670388538866,0.539193015625647,0.1117733626955335,0.3551960032621221,0.38730316899002926,0.35985783027648954,3.1890846637587895
