center_0,center_1,center_2,center_3,center_4,center_5,center_6,center_7,center_8,center_9,center_10,center_11,center_12,center_13,center_14,center_15,center_16,center_17,center_18,center_19,center_20,center_21,center_22,center_23,center_24,center_25,center_26,center_27,center_28,center_29,center_30,center_31,center_32,center_33,center_34,center_35,center_36,center_37,center_38,center_39,center_40,radius
0.024004252118250746,0.5042935158269327,0.1890810354040937,0.08152999394715299,0.4901680504223599,0.9313590985681894,0.5176265348790409,0.22594766122588472,0.5667356349021946,0.8635857865780344,0.06970072857882159,0.41335297959726114,0.9820750581568837,0.8277755703028892,0.9654061499350706,0.23681632943338915,0.3224751050498478,0.9582376712690298,0.6064971273120036,0.06621929241093094,0.5073821853919853,0.6404967903040439,0.8627170924451912,0.3625465315760097,0.7322011472319763,0.8198671190437061,0.4194211227313648,0.4956660233791408,0.8841571685242307,0.3661252323175568,0.05458574419088813,0.6696079263742857,0.9946776058301797,0.3496583381621028,0.7482415415106741,0.21572192947908708,0.1425998597508601,0.8721722285584484,0.3914452657947258,0.11726709371834021,0.04511329212196957,3.3436581654550914
0.8843520064184192,0.82141419380953,0.8528652805981113,0.7312300817742577,0.5610492848981246,0.08718869132606655,0.11142326814860681,0.8642932262454343,0.5792425760505726,0.2308544292229412,0.36919694567800687,0.6724957539965691,0.3940589855330905,0.07230265757800458,0.086929255110894,0.9716407396637617,0.9667917536501057,0.5701939922426212,0.72686740216166,0.5953353958050063,0.584912882852701,0.9766261207829658,0.326468797140254,0.9743994360050762,0.6628256033859048,0.04713400957820468,0.07117693674742098,0.3272811973372899,0.4719968712589093,0.26542881174674626,0.6252937361658331,0.9153585186510482,0.13882168667610428,0.47105517598359414,0.6163290001265945,0.9841875395293189,0.45127556245251355,0.6414676777938413,0.5874700848658222,0.9250053016448568,0.7840658599964614,3.377757424951931
