center_0,center_1,center_2,center_3,center_4,center_5,center_6,center_7,center_8,center_9,center_10,center_11,center_12,center_13,center_14,center_15,center_16,center_17,center_18,center_19,center_20,center_21,center_22,center_23,center_24,center_25,center_26,center_27,center_28,center_29,center_30,center_31,center_32,center_33,center_34,center_35,center_36,center_37,center_38,center_39,center_40,radius
0.37826955386473016,0.1828859587796825,0.26039587964681044,0.42961774842096545,0.762458956343759,0.21289966032219498,0.7986864134984554,0.7350397076930281,0.6919241234307881,0.3352194109563368,0.1635505089896202,0.058934728474125175,0.2367511568228141,0.3066668844788294,0.9155917877973421,0.3451860478860269,0.15020431963707948,0.8974049689492883,0.5034009116629979,0.010169212121576843,0.666138554902424,0.6738430404270374,0.5166572944205621,0.7418555653359891,0.8132780503218999,0.39041636328658047,0.3675031315133723,0.21940063641295682,0.35020427023100764,0.018343375543039886,0.3546261475186806,0.6364769638027599,0.3492676635663291,0.8581765161884485,0.028482429268920084,0.5180991246411292,0.5409575884047457,0.48581592488088,0.8701242447984915,0.6666677722459216,0.4018686516330089,3.083640386471146
0.8573352996683922,0.45412163234515446,0.5609602585443262,0.01504646654409425,0.38289150644406034,0.02081331292838695,0.01192214513297607,0.05185383881996375,0.18714268879095297,0.11290981930514343,0.975255931718015,0.9053434620508235,0.039013330982607286,0.8749948603681473,0.5500265765375226,0.3538373113664641,0.46471442251445116,0.3260071870729685,0.533397014653779,0.9659852482206931,0.7881824660629838,0.019164137146455373,0.026472363285227174,0.9303933420249275,0.6242647134633439,0.8911464966086358,0.7233939160949173,0.6673091462069064,0.38691225694615017,0.7598439925503233,0.27834893589909726,0.7135980669332761,0.8561654311009759,0.348948067826214,0.8725830754739187,0.39170637097692773,0.06381698912942213,0.1265073914618352,0.021062122176892295,0.9918681304181749,0.8671437533018247,3.1877127004469594
