center_0,center_1,center_2,center_3,center_4,center_5,center_6,center_7,center_8,center_9,center_10,center_11,center_12,center_13,center_14,center_15,center_16,center_17,center_18,center_19,center_20,center_21,center_22,center_23,center_24,center_25,center_26,center_27,center_28,center_29,center_30,center_31,center_32,center_33,center_34,center_35,center_36,center_37,center_38,center_39,center_40,radius
0.2342189963563246,0.9773327022980981,0.5062419804328214,0.6724027006967761,0.20274005517005667,0.6189829199365273,0.5849060604322434,0.8335481791326773,0.8721584361530386,0.5369999825856092,0.1109506435477724,0.9977562291317784,0.9744436153826913,0.37200136089281244,0.10876569698155913,0.6915694796214549,0.5892751904219982,0.8415220239523629,0.9114397086649306,0.14973979807040594,0.45362301811855055,0.9484513841333962,0.1114401415796269,0.8458959590233852,0.7651730175443705,0.20917373254935046,0.5349970901393614,0.34582401031618726,0.44944257013812705,0.48499548601389475,0.9117335628211509,0.9354434513491842,0.4860255523738213,0.5450375614842569,0.01209024109448098,0.24379217177745616,0.13854658715853596,0.3822137653520824,0.7345533823556878,0.7205451839685084,0.7020074915554547,3.353872966175121
0.8537534566139533,0.3740658568820051,0.49848850549557033,0.2802800524603839,0.8404476728542613,0.10202347061454486,0.44381684463088267,0.9666789461041467,0.019366182033394463,0.4200333425613473,0.8730079390387018,0.0909091254048423,0.0023690556597437684,0.96981663675365,0.9799612521644093,0.6279662984310415,0.6704880112563982,0.1880999307938256,0.1385472503746923,0.9419829710846105,0.7980245236767513,0.005638824346374527,0.49435714116842877,0.09615030168167471,0.11985402546359669,0.5718298630181383,0.26135050577720076,0.7292872136554581,0.020491317316853164,0.7741865582111973,0.7413921586724259,0.35899181381065937,0.8287680695585135,0.399959137162022,0.6290667419985374,0.09077846983155857,0.5303539398991189,0.31274106455539397,0.5694754735725455,0.3866113543444504,0.4467700554709496,3.3086610670978467
