center_0,center_1,center_2,center_3,center_4,center_5,center_6,center_7,center_8,center_9,center_10,center_11,center_12,center_13,center_14,center_15,center_16,center_17,center_18,center_19,center_20,center_21,center_22,center_23,center_24,center_25,center_26,center_27,center_28,center_29,center_30,center_31,center_32,center_33,center_34,center_35,center_36,center_37,center_38,center_39,center_40,radius
0.7944922416394875,0.7266871787514987,0.20025125003762267,0.6907158545685057,0.4969243102820806,0.6434362219324147,0.14105768713114308,0.9557734358609042,0.5211682149034086,0.9349286813256669,0.2942920804005369,0.5466855020476621,0.7735529550009551,0.4955793032388155,0.025329496316653044,0.4975013180657062,0.4024030307216071,0.2587426903639204,0.23765957024879425,0.5385726923454232,0.42278428749908403,0.12870078798944506,0.24067944223328952,0.5289836765660736,0.9935863957436799,0.44465593592076824,0.3089257621995082,0.07122164502167017,0.34741196410050845,0.3373903874116474,0.6433562118752724,0.8714151645967126,0.9057987333264167,0.6872286615082747,0.6558059504634679,0.5451730512513595,0.4505095811411589,0.39195180546120656,0.7963366921999137,0.6066086439073068,0.4600349493578373,2.99673661974883
0.04325623671294698,0.018630713252629993,0.6248263738042134,0.6728476466740706,0.49998227163483666,0.39247544015047164,0.6306070228075799,0.6143621610329727,0.6628831553225183,0.21194906129178015,0.8986953755122331,0.04229033126149051,0.09413161885493915,0.3673378323222546,0.8708883375916728,0.3699909205933255,0.20905840119448915,0.7660940056710648,0.984314512637051,0.5280262699474529,0.4567137974218899,0.9637297152418647,0.03619119774312174,0.26088648292551997,0.8612264040669705,0.507514805765132,0.8091719912000844,0.9996930724491349,0.9995758433856512,0.2307893670530914,0.6203021857486081,0.9398480429091589,0.17667857181949986,0.25698007828129377,0.4302887291196581,0.7682026774388979,0.09951393620518467,0.7600611713155736,0.06292787711087977,0.07379035819804891,0.5707464068796063,3.230444572154651
