center_0,center_1,center_2,center_3,center_4,center_5,center_6,center_7,center_8,center_9,center_10,center_11,center_12,center_13,center_14,center_15,center_16,center_17,center_18,center_19,center_20,center_21,center_22,center_23,center_24,center_25,center_26,center_27,center_28,center_29,center_30,center_31,center_32,center_33,center_34,center_35,center_36,center_37,center_38,center_39,center_40,radius
0.3716675438341268,0.6592087806269455,0.24682014656283746,0.008828696378242684,0.8274893312327287,0.4308028762703331,0.8802214992559582,0.3855603105868517,0.14291667845313227,0.187349032698635,0.6841147590296193,0.2638854654734115,0.6213235708913896,0.79078353521172,0.7282690117200735,0.3210960051959153,0.6962602193614015,0.8943317398542758,0.13317205270211163,0.8637661425499004,0.8908487081079468,0.13923329522619488,0.18921642596726052,0.3862872757860064,0.5842810860477089,0.18534664752859498,0.2744237973985828,0.12022996364141714,0.3837313727181697,0.5344318500731574,0.007092243114640517,0.9852219886572752,0.7608246640576777,0.8420251511378251,0.2599572756244375,0.259583157197518,0.7285309957023413,0.3472147817774198,0.8362592356962688,0.3422792606741928,0.8574840538303653,3.378158936833837
0.3032082811227972,0.43831387049304793,0.5725668057946657,0.4396082359340526,0.2877182254385269,0.3994089855839401,0.04177955174350523,0.4079965424565327,0.6353648796062961,0.9264981779892978,0.4841007731633613,0.4969759545097001,0.4347358460187165,0.1923374074688462,0.1350128964504318,0.9488622909250379,0.19755945341849324,0.019484007096563727,0.0624480163841018,0.0022766310764688047,0.33118238310213777,0.9698937021081083,0.8000316593496453,0.8172738420119674,0.01318692961362089,0.3382982398562341,0.6920788832057347,0.9712172240730468,0.27875761931222354,0.9729395999649018,0.8219268346201367,0.6625090598461895,0.08519315094040059,0.31643783037618867,0.8935272676023204,0.8746619123901569,0.05494698747440163,0.8437594728318715,0.3276397111882178,0.911372936064129,0.6553024172011346,3.439763679437938
