center_0,center_1,center_2,center_3,center_4,center_5,center_6,center_7,center_8,center_9,center_10,center_11,center_12,center_13,center_14,center_15,center_16,center_17,center_18,center_19,center_20,center_21,center_22,center_23,center_24,center_25,center_26,center_27,center_28,center_29,center_30,center_31,center_32,center_33,center_34,center_35,center_36,center_37,center_38,center_39,center_40,center_41,radius
0.6380086978105105,0.748858982377359,0.9126374962648028,0.1196594827520715,0.8357816394460138,0.4908971482311332,0.016454736605055142,0.8374086163348745,0.5882715324624183,0.9175912902368912,0.16337966458232644,0.9400461406500754,0.4034307930041615,0.9842122928328332,0.9952364118194454,0.733341372648113,0.1238872261236742,0.7714551892729389,0.21732793385167493,0.017456999006953855,0.15590576786940447,0.3341835272055319,0.15758779519919996,0.3400919997547126,0.3716495751839023,0.39943114111661937,0.8716024571319173,0.09863502619757591,0.8438283349303718,0.45085720855182676,0.22150605061968176,0.8091512490413323,0.8329611042746143,0.13874625584143752,0.42627960668925824,0.24060606067188361,0.7296478841637636,0.5812574700442118,0.5323097802291262,0.11734978492404657,0.7948475143979145,0.9899109224503735,3.5581127042977547
0.45343331170027734,0.5203233364988261,0.9980729707344123,0.6823899203107125,0.03403151180094277,0.2759706260663052,0.9878411670335991,0.016799474780433976,0.1313949577967357,0.024493319934121294,0.6515775507338403,0.42042522051044395,0.9767843226522237,0.3559347046639718,0.0006406654919060006,0.8720168758138533,0.8288042063696817,0.16178370350867122,0.8464598043004071,0.160430457905808,0.7286437543772531,0.11319099454973136,0.8198989816750877,0.8688503428485292,0.11213275724110883,0.68487931164194,0.17223969072680145,0.7647955797744338,0.9576442541664129,0.8930403957291619,0.7614731604924563,0.5541362933482373,0.17305354889838742,0.7127265009995791,0.13118998124133452,0.7370386090108759,0.32570575369841426,0.7775553957719789,0.15738099138658546,0.804755098622844,0.014004240100941923,0.3680394300336909,3.473620103071469
