center_0,center_1,center_2,center_3,center_4,center_5,center_6,center_7,center_8,center_9,center_10,center_11,center_12,center_13,center_14,center_15,center_16,center_17,center_18,center_19,center_20,center_21,center_22,center_23,center_24,center_25,center_26,center_27,center_28,center_29,center_30,center_31,center_32,center_33,center_34,center_35,center_36,center_37,center_38,center_39,center_40,center_41,radius
0.8577680972280933,0.2900747039017806,0.6214217415327857,0.9200626063391205,0.8333221152776425,0.7510444252282266,0.7311073271713022,0.7814836861162354,0.2768236106758245,0.3400490145049506,0.47803992136569895,0.4919602818722053,0.5605315645928441,0.4321038434327271,0.1529507413193415,0.7004286204000475,0.7866527173924076,0.8784314412986997,0.38390392081142344,0.4552196707546913,0.265597680681231,0.7992005087188336,0.7042461413489264,0.09426088226817275,0.4503721276876197,0.7229589127472892,0.15783874423593736,0.2031866959829014,0.3374103611386682,0.4941307605726487,0.09798435030706565,0.32537205497482047,0.6634638945793949,0.8910475402062243,0.904857430678244,0.6071247342247531,0.2070680523116426,0.8177576842855688,0.4478723413865948,0.005167506336925531,0.4390833673508736,0.13229959768339472,3.21157098400221
0.021633676617783038,0.9494643684502968,0.3721149352645111,0.24702107446142385,0.783770352932885,0.1540462215019709,0.6031439002357618,0.01881603670978127,0.6351427068106493,0.23840537005594398,0.3468815783906659,0.8517841754036231,0.9482353195562188,0.8521840418928196,0.3555825474509515,0.49290389712860483,0.5841573664322199,0.3997017723228059,0.33426053948821555,0.8360702426126903,0.938286297748946,0.4463700321987166,0.09235765853904332,0.3551204712821395,0.7008168728793,0.06823131751797695,0.8680068774343335,0.8331829678707756,0.9936513008854118,0.5258399363102102,0.9280101216409051,0.9017559936452505,0.3433849815957981,0.12495122878508247,0.37600875821369406,0.8313603441573124,0.8456248625142981,0.14339903734101533,0.8956507478189466,0.9984994675272665,0.7668148280002955,0.6595442782584846,3.529310831748266
