center_0,center_1,center_2,center_3,center_4,center_5,center_6,center_7,center_8,center_9,center_10,center_11,center_12,center_13,center_14,center_15,center_16,center_17,center_18,center_19,center_20,center_21,center_22,center_23,center_24,center_25,center_26,center_27,center_28,center_29,center_30,center_31,center_32,center_33,center_34,center_35,center_36,center_37,center_38,center_39,center_40,radius
0.9976880777833067,0.7944831864847566,0.3956947754304331,0.30092127977172567,0.028145347476737803,0.6868662959941361,0.18946563169216335,0.11904759407595333,0.6593066216356066,0.37503236444590693,0.44809744782825633,0.9216148379570931,0.2244486356037516,0.11608622353200515,0.7587472622737198,0.029270915676929743,0.6808426768498127,0.8687320514994362,0.9755731808279582,0.7925217460585775,0.688022248453676,0.7701997602466096,0.1043905751947386,0.8948361967038283,0.5474619241124897,0.5380215326439156,0.0730086910574238,0.9141599975443743,0.3659486247141066,0.21225055445130137,0.23688864676784027,0.4867097199506951,0.049098960986051154,0.8328485635948993,0.5877657519453715,0.8672939408614433,0.011611540109717877,0.20384765625295742,0.2676147040261342,0.24074528404609075,0.7129471312416176,3.1739233528709283
0.09895049785495191,0.5219319502038225,0.8356752038123777,0.47684017562696135,0.9863514939128528,0.06267011772608111,0.9436230543255717,0.7846764083225759,0.4706837355710338,0.8443770047509799,0.0020270852857677824,0.6186999329281114,0.5817553219427731,0.5053454022746523,0.21198289369843515,0.37031115625910693,0.2791217678728599,0.2046996321656036,0.12091809136556741,0.33394344329746006,0.21374061089573326,0.9114078381253101,0.6293638019943598,0.4732361167054505,0.7584310508307411,0.3173479144921628,0.9236797055898607,0.44440108566511416,0.6662527063907232,0.5165382591449514,0.9134657824908092,0.685440314259622,0.2240533273416725,0.4250252853847696,0.6763333289590084,0.8140649660411855,0.9825272932824616,0.7232710197388041,0.46430853989057896,0.7876031733855222,0.5860582654585533,3.2377622590625514
