center_0,center_1,center_2,center_3,center_4,center_5,center_6,center_7,center_8,center_9,center_10,center_11,center_12,center_13,center_14,center_15,center_16,center_17,center_18,center_19,center_20,center_21,center_22,center_23,center_24,center_25,center_26,center_27,center_28,center_29,center_30,center_31,center_32,center_33,center_34,center_35,center_36,center_37,center_38,center_39,center_40,radius
0.15794443694359117,0.27305433683997693,0.6088603421709815,0.07627326829183911,0.7362014584039759,0.36999155242150894,0.7074092248782032,0.2925093626918057,0.29661434392344277,0.7461701415347406,0.7197912478373223,0.8381363009660109,0.9100834107057063,0.618855503792805,0.6609234878681347,0.2998097499418523,0.0646884292619313,0.6079606213251577,0.5246247778581148,0.040475459653340096,0.15794662888369082,0.25648983173220397,0.4579538590350025,0.10239086974130918,0.45635568030823304,0.865617246302323,0.3600170193853385,0.711997364357377,0.48161895632424845,0.1437257611980931,0.5614643848250186,0.9770466556617927,0.624774785366638,0.3291769508853508,0.951873901628547,0.5789096189285949,0.9588968390218219,0.8453375461673046,0.14058539194516584,0.607405724423743,0.2645231969437085,3.1227475192842022
0.7848464615081908,0.3221820240854524,0.26272693873327424,0.6444314297564441,0.11154611870121856,0.026537525064147194,0.48557687629578916,0.6585780524489409,0.6034652179768196,0.8927149784460818,0.5701512201031682,0.7972006217894594,0.408949743938659,0.29075873817442943,0.24244262142203787,0.6084483974721557,0.9898353621875287,0.07390107371502097,0.33435487346374093,0.6706216119838784,0.9812004916703745,0.25676544570596294,0.9055451856246135,0.5812473236869609,0.6793589303311365,0.3602758808331482,0.7566819090876716,0.899697245553864,0.2884743772861281,0.6858586015518031,0.16198917695506998,0.045912690895833386,0.042775860277328714,0.32778285012104347,0.07612314521739183,0.9523119776596527,0.04509890636765845,0.8481696145802725,0.9303336902263722,0.20200908907524084,0.4837669518367582,3.2957793438075407
