center_0,center_1,center_2,center_3,center_4,center_5,center_6,center_7,center_8,center_9,center_10,center_11,center_12,center_13,center_14,center_15,center_16,center_17,center_18,center_19,center_20,center_21,center_22,center_23,center_24,center_25,center_26,center_27,center_28,center_29,center_30,center_31,center_32,center_33,center_34,center_35,center_36,center_37,center_38,center_39,center_40,radius
0.2829327504310253,0.773210228679634,0.4965885608795295,0.8343973033606171,0.9873056797888181,0.5547732140276501,0.898899372000164,0.6446480752564694,0.7345495567883332,0.4234954495057125,0.023012299295836036,0.5924662882098563,0.14500922974630803,0.1788753787742876,0.6630107559965168,0.356135242155471,0.12240756748468762,0.5968426338009449,0.8799642272394866,0.033050828438890956,0.5485488658392004,0.2519531558228201,0.28958484422038455,0.971153347467053,0.2802827728144165,0.09797941168727675,0.10428811792246595,0.3097509232822989,0.02160089245394181,0.358258381434156,0.8729293868968067,0.27663623329454123,0.34302431347909534,0.9216723320082693,0.4582097941417982,0.3675133072775941,0.7095005981797049,0.21394235545508777,0.1018341673066806,0.7502561677297144,0.8478668931886079,3.214134115553176
0.6951130448153411,0.4848650389756566,0.7468476417706252,0.8295293925246608,0.8966002719084415,0.9353427248180949,0.723699624453463,0.15309371669393368,0.22378567776626512,0.9386805274383561,0.5945523095467214,0.11762965115483193,0.9762444724980737,0.595772863696019,0.4705680507692044,0.6261114109333059,0.8043772936636451,0.9677155080242954,0.03339264713128742,0.9634555068581552,0.10913324401769942,0.6629291560997522,0.9581470208171732,0.058922323385607434,0.7098712165929056,0.5634693112159149,0.9730823361443296,0.9951852283541565,0.5479780166604009,0.743001985288801,0.014581340452795244,0.39439767691758265,0.13517784711931358,0.5530593806197974,0.16011396876556805,0.883522126214119,0.9592383387628474,0.5844798680102672,0.6208866118968757,0.5685985597508986,0.49381298208894286,4.026552857456839
