center_0,center_1,center_2,center_3,center_4,center_5,center_6,center_7,center_8,center_9,center_10,center_11,center_12,center_13,center_14,center_15,center_16,center_17,center_18,center_19,center_20,center_21,center_22,center_23,center_24,center_25,center_26,center_27,center_28,center_29,center_30,center_31,center_32,center_33,center_34,center_35,center_36,center_37,center_38,center_39,center_40,radius
0.30194903370165393,0.5932258957131036,0.8618712672687459,0.45133870790369757,0.20295853040520184,0.6688282235681346,0.7675438932907418,0.385303635436656,0.8544226055288257,0.1354773369086547,0.042959113879710964,0.5336625246339382,0.6340112530749331,0.8684253243176955,0.8116554684573596,0.058267537361290755,0.7814016763913832,0.2785805820684861,0.9673693571975752,0.26994028854976804,0.8492202492578721,0.7504984027651441,0.5982954122530221,0.8375585353088834,0.3594260430579772,0.9578536414467802,0.26072970009774943,0.10656972610322413,0.1592221782507478,0.34908693700052973,0.4947239298974615,0.574430573878075,0.6720349500098588,0.9920814096269831,0.7450746234423575,0.7341119891397476,0.03265879393177773,0.3922244948741891,0.9209697768003481,0.8372273822185406,0.2038308587948241,3.438859350015302
