center_0,center_1,center_2,center_3,center_4,center_5,center_6,center_7,center_8,center_9,center_10,center_11,center_12,center_13,center_14,center_15,center_16,center_17,center_18,center_19,center_20,center_21,center_22,center_23,center_24,center_25,center_26,center_27,center_28,center_29,center_30,center_31,center_32,center_33,center_34,center_35,center_36,center_37,center_38,center_39,center_40,radius
0.619858583422855,0.4044338209677234,0.9609906946516679,0.10207417688435383,0.5792247006964382,0.8757668874987874,0.0039208268717289,0.9135853644308387,0.9254633333476233,0.31860646420056726,0.48604783389726947,0.83309092218302,0.07209732279229086,0.3356579473267409,0.02574209678274597,0.5183021792364586,0.6256387829185205,0.490724578119751,0.4906007047454891,0.8628873888330794,0.3044037433471941,0.13032980883099232,0.2569820657446148,0.7105353272510101,0.7718087574919795,0.56201851536977,0.08358583240939432,0.11521471480427314,0.5500907699387307,0.9305722248405757,0.5158457384669048,0.6977465194549971,0.6852075728170605,0.10679551866686954,0.7267502078397328,0.5646599235402543,0.6808410935260779,0.01117790684524822,0.6219933264190731,0.3883889188494162,0.33979356035041863,3.2520449122581696
0.13443626978817969,0.8146223995244507,0.029619354313753732,0.319965640062875,0.4650279611921193,0.6713044602507232,0.8635673617082011,0.41455434013134573,0.16086656870651905,0.48534261294079817,0.012529578720284151,0.1629993975496994,0.10527874741402465,0.47828946884196255,0.9033447452397684,0.02588160742658674,0.9727046988812718,0.20451760311658662,0.5688043634256014,0.15796692115970357,0.4772584996175445,0.9380233116505091,0.6373688764651009,0.07104632062235128,0.053853008463490726,0.11298752831477787,0.7513729689674713,0.6818768933472901,0.03570322462906739,0.4248466179933955,0.8079694649248661,0.15158231145903434,0.08079710130968154,0.41247519803323063,0.20915330956504163,0.7797051518691006,0.38409375163133963,0.75732146417485,0.47407070471860824,0.012267068448134522,0.3108815146285042,3.1623029533083122
