center_0,center_1,center_2,center_3,center_4,center_5,center_6,center_7,center_8,center_9,center_10,center_11,center_12,center_13,center_14,center_15,center_16,center_17,center_18,center_19,center_20,center_21,center_22,center_23,center_24,center_25,center_26,center_27,center_28,center_29,center_30,center_31,center_32,center_33,center_34,center_35,center_36,center_37,center_38,center_39,center_40,radius
0.021770146811789348,0.32321874181425914,0.056310146499199853,0.35002455382404174,0.8016086869303458,0.8788419548389506,0.7082469555508081,0.16483463016296984,0.25077888600782683,0.44182958726550503,0.5367793275347091,0.8171769262081432,0.8433591596714094,0.7766916998599457,0.0039863796901051796,0.9526069341516705,0.7923720299235565,0.3637887672300224,0.30354994780190003,0.7698419600013856,0.12256244249641113,0.8331645600252304,0.44731822709582036,0.906236633390715,0.04045771081697447,0.3654005113456351,0.2005542786597717,0.9567477152559882,0.7985724550224709,0.3573117140856479,0.23983548847227465,0.8593033933281146,0.8303806246896557,0.13568049673902394,0.14749056425422835,0.984514635308987,0.592296396368149,0.521476340184349,0.3725349934821893,0.9758064274034753,0.9452849935723495,3.4269496110872177
0.991131576776602,0.9923183331471355,0.9171905460188029,0.7699208152199681,0.2530715806489745,0.15747494936029394,0.7028585702529364,0.9429020939805821,0.7656417015096744,0.16428137797919706,0.22326425226415825,0.2987233988965269,0.9391831691148688,0.19333927197315348,0.9599271504831648,0.24385715460405255,0.1654992943806879,0.8246009939486237,0.4755699694382086,0.6324526117239374,0.33653519861334,0.06190754801049014,0.8319993735430534,0.05451733431892847,0.2368903184589517,0.7168505812042318,0.9131340383169428,0.2329712376674642,0.21533136124280272,0.8908289978997647,0.6159176543780016,0.5716373326841985,0.3002835913365357,0.8956886486415466,0.28641956404857793,0.19788074115769716,0.49674013072962986,0.38124175623946366,0.6080906397076601,0.5219117885066155,0.7300498794657906,3.3001146292211443
