center_0,center_1,center_2,center_3,center_4,center_5,center_6,center_7,center_8,center_9,center_10,center_11,center_12,center_13,center_14,center_15,center_16,center_17,center_18,center_19,center_20,center_21,center_22,center_23,center_24,center_25,center_26,center_27,center_28,center_29,center_30,center_31,center_32,center_33,center_34,center_35,center_36,center_37,center_38,center_39,center_40,radius
0.4283440350304194,0.34706457750099007,0.5342275295473385,0.2231039926881584,0.4303911670296565,0.6016141041073599,0.7606761548418784,0.6660921682699689,0.9175712478372815,0.26216290069101167,0.5264246429151656,0.6187005549203783,0.946356338377994,0.9680117988338008,0.6397478329661361,0.813215865078784,0.190649794321044,0.8216361793168326,0.9656194691153331,0.4639538365177909,0.6042639055803691,0.4098251302828033,0.6791442620940288,0.362632761414425,0.5217375499368075,0.19493994892715139,0.30538445142718285,0.30592450923093595,0.5729090960437069,0.15826274339957513,0.5021160627471408,0.6693970451838869,0.5204398671210364,0.7297296980371112,0.3320426591839578,0.010673898320444186,0.012018405343089955,0.4686612089407388,0.822974728434353,0.10321665821860893,0.5391272904913254,3.4172001201915645
