center_0,center_1,center_2,center_3,center_4,center_5,center_6,center_7,center_8,center_9,center_10,center_11,center_12,center_13,center_14,center_15,center_16,center_17,center_18,center_19,center_20,center_21,center_22,center_23,center_24,center_25,center_26,center_27,center_28,center_29,center_30,center_31,center_32,center_33,center_34,center_35,center_36,center_37,center_38,center_39,center_40,radius
0.2878503183551304,0.7023343903144832,0.17892778326534242,0.46078729121394735,0.6193824730687721,0.7673503538637156,0.5463879015687296,0.3010537300631416,0.9660020658159425,0.024645175673958852,0.40351441040448754,0.7340981013665249,0.6422285044384728,0.27910443849584965,0.2748880793866798,0.7847415837433696,0.9310562649895118,0.05735248395414927,0.7254635932498593,0.3372105656934046,0.19157230212853527,0.6409266465855384,0.48969153897998297,0.8675561332543297,0.779667706494895,0.4813610404253107,0.9063234555242987,0.680369126357257,0.4557050528509221,0.20942791704396424,0.3419973586920595,0.1357530186951148,0.6360302409711849,0.13781440832842484,0.9075111769270501,0.7891252508725072,0.19211901230989215,0.9624456924757803,0.4416609368897709,0.10553597221598654,0.8174761412078435,3.277534939997033
0.6022655264906916,0.19627267111258817,0.4406551491936225,0.9310295086140742,0.5224983764027199,0.10668450803639307,0.3812446665794279,0.6483188003710086,0.23761686680945748,0.9089933323624142,0.43697650059214443,0.9851953534258615,0.8674193756281625,0.8643858226631957,0.7473650651067091,0.17123244949911032,0.05892514349986233,0.007076483568356107,0.5959935669860827,0.9782334653570188,0.292508212859647,0.07812153175342074,0.12964652095703388,0.12827062948507506,0.07345513887421895,0.18490569655605205,0.019094093874826634,0.21009081570366228,0.6926936700918941,0.7874987197971951,0.6684493913535371,0.71344113173473,0.048017494842218955,0.9548709575396727,0.15772048860674925,0.05230887332019751,0.9519634075575761,0.2786636053139119,0.22693351801325712,0.6898960785290604,0.5999154459672459,2.718377489210766
