center_0,center_1,center_2,center_3,center_4,center_5,center_6,center_7,center_8,center_9,center_10,center_11,center_12,center_13,center_14,center_15,center_16,center_17,center_18,center_19,center_20,center_21,center_22,center_23,center_24,center_25,center_26,center_27,center_28,center_29,center_30,center_31,center_32,center_33,center_34,center_35,center_36,center_37,center_38,center_39,center_40,radius
0.49444450613203905,0.2830568165768509,0.36178787210142727,0.1318708910536136,0.6927589662713197,0.7377992755618725,0.8452146228870292,0.8983823092225667,0.29497867455384363,0.34548111956489136,0.0710047250421133,0.2985555589522134,0.19014525273223615,0.5384264492237913,0.14149980004279528,0.6635968994287026,0.5863744749706975,0.6734281425059233,0.8517208478334866,0.22233668981798604,0.5558328914932807,0.7390030141482422,0.49569326335112185,0.22669444077807,0.4038062954841982,0.46914871278670156,0.6463005830884042,0.39096656897633697,0.267029246963581,0.7495165356036527,0.07276030141256673,0.752490007253904,0.8378862549835643,0.186702752373738,0.25908606971752846,0.6426789531786563,0.40518841621053847,0.3213761871193298,0.95458931065016,0.3104342846704269,0.45637211334978967,3.1647068171963686
