center_0,center_1,center_2,center_3,center_4,center_5,center_6,center_7,center_8,center_9,center_10,center_11,center_12,center_13,center_14,center_15,center_16,center_17,center_18,center_19,center_20,center_21,center_22,center_23,center_24,center_25,center_26,center_27,center_28,center_29,center_30,center_31,center_32,center_33,center_34,center_35,center_36,center_37,center_38,center_39,center_40,center_41,radius
0.13318236705997255,0.4850625219497998,0.8475380563824522,0.22878618112282112,0.3737389468918222,0.3954034439444504,0.5978062750767467,0.9545127827648505,0.16027928671196245,0.7131847129814803,0.38492756458732047,0.2048944442673456,0.9331669666945014,0.13992921658111857,0.5446843784866644,0.795023485460122,0.03815141818321566,0.2620651221708672,0.6793759244313815,0.8091479353598676,0.5077847584807574,0.29577436867961704,0.3180051858948495,0.1547809035674047,0.35885672188632745,0.8849296955547393,0.054176289735866856,0.771263578181966,0.7334673981231706,0.7248222553018011,0.1188844504307528,0.2157004025828516,0.5804746304824012,0.3963398791159878,0.7126372042546276,0.5247668699490471,0.6458710375535331,0.21964458691887268,0.3048058404193712,0.43226906212371974,0.5881760962423335,0.5525174035388819,2.982601579475876
0.956137521580395,0.5122670579541524,0.5417793511671345,0.4007679745388991,0.6392699810423549,0.8401679155286238,0.04217483606607675,0.015094529505455867,0.49470302070348693,0.1406300506978484,0.9362530787198339,0.7929383631534529,0.6957553618348775,0.301190365632216,0.11829980478895008,0.009246150911826678,0.918583581282679,0.45839663737699066,0.7737243837355481,0.024973848528402898,0.7359906006260435,0.9649184652247604,0.9237796772004445,0.5258952294789331,0.8099267480185876,0.838218418882356,0.5919400399351946,0.6879357474297224,0.7361833817503847,0.28965420595740665,0.47085445496815714,0.7405915592843175,0.7918326726223783,0.06863336055807345,0.6856499550104983,0.980756426777127,0.26138591806511047,0.8136591829226766,0.9210831300463318,0.4873252310003182,0.30089180568102136,0.22398860522495,3.606439730356128
