center_0,center_1,center_2,center_3,center_4,center_5,center_6,center_7,center_8,center_9,center_10,center_11,center_12,center_13,center_14,center_15,center_16,center_17,center_18,center_19,center_20,center_21,center_22,center_23,center_24,center_25,center_26,center_27,center_28,center_29,center_30,center_31,center_32,center_33,center_34,center_35,center_36,center_37,center_38,center_39,center_40,center_41,radius
0.8698628434254353,0.9677846952259775,0.9195960654579084,0.3190796965999563,0.6592253878565931,0.6176260124154097,0.9196274826318208,0.33342389093468394,0.27991310290228355,0.486116833298496,0.41890170613616695,0.23603092309112628,0.7014896404532751,0.14808530821639598,0.9065318839891497,0.6745489751616034,0.5103775201759971,0.38969603684454746,0.06186079592266569,0.007964786975106164,0.9392879389924702,0.31575207576914877,0.8621569027293029,0.2270464231959186,0.7069700888538983,0.2176427423037982,0.7171300185807851,0.7995501095951021,0.8347837597660749,0.9839643728117746,0.16116990786373675,0.15222705295931027,0.23816356412981787,0.5345598469737437,0.7342693135612147,0.15405005462715116,0.3302301931634719,0.8518963912439319,0.5483490730951677,0.4186349929610953,0.3492629984208756,0.3629731701790506,3.3540130823070036
0.8265100090488755,0.005474257658748982,0.05939890604023912,0.11705692877383633,0.1353508908638329,0.8786510032869078,0.01018073774251893,0.5690196845356945,0.7641144353391554,0.8347678566571932,0.5591525183704238,0.8244472794801332,0.7442754499461672,0.9300363385759794,0.0804793094589632,0.22678826277017405,0.4908613696393451,0.1084679316291236,0.7754919820902688,0.1451284599680457,0.060574523504926425,0.9864975595527823,0.4574454835075451,0.10021566361580891,0.058807408142428685,0.7503098262585461,0.3243027349591574,0.337863837609479,0.5185006015436513,0.11201335381941535,0.9320379316768315,0.6116778070312042,0.5945239393371065,0.8125188231796596,0.9091263745178184,0.9660481621794081,0.7961457507980034,0.28065953091740137,0.5889234583793025,0.8192893860633014,0.83002040940126,0.7438958256700313,3.8793359878829623
