center_0,center_1,center_2,center_3,center_4,center_5,center_6,center_7,center_8,center_9,center_10,center_11,center_12,center_13,center_14,center_15,center_16,center_17,center_18,center_19,center_20,center_21,center_22,center_23,center_24,center_25,center_26,center_27,center_28,center_29,center_30,center_31,center_32,center_33,center_34,center_35,center_36,center_37,center_38,center_39,center_40,radius
0.717306105309857,0.3582479365418313,0.16796404490586436,0.679724650359382,0.6315537916042309,0.20160838335413145,0.8385011199452932,0.824545405984679,0.11420818950943201,0.9237772421055459,0.7758705355954424,0.24383296180681668,0.3607735209518107,0.23836606959407192,0.6517630055080429,0.9681430228747174,0.3444000718047354,0.08236409438811321,0.7505701376688065,0.7565843734172262,0.8359143311848959,0.2260154065030917,0.4419714261472364,0.09856020464627047,0.39655897921686056,0.20446597423065438,0.6960993673065955,0.9349925588761512,0.4791266591252865,0.011755043470556226,0.7826714239231446,0.39044955700919326,0.7982718572032832,0.6861796172534816,0.6729199340446402,0.08580854977244345,0.4925178855773239,0.2330533841603709,0.12411062848698784,0.23095696043646474,0.07639837998454202,3.2049083442594655
0.30179588168051796,0.7699258189776598,0.5314664867456902,0.6798954039480712,0.4487855063449958,0.6996243533121946,0.23672983349007815,0.3600142978743175,0.41241553408010134,0.03318223073027182,0.07891178182492486,0.5006645804777521,0.11753840195392506,0.9112608735123575,0.8890201778897203,0.15182596346753885,0.26504703048737077,0.8129630853916678,0.19912837134005068,0.7267667332302805,0.41848398594232905,0.5399732014740987,0.11168913457749508,0.490957738643365,0.8722713002206716,0.9974305148210564,0.6830317794995442,0.4394974893466008,0.5555989468562345,0.7959800181516693,0.6386482493971594,0.9502214327721783,0.023085821528234907,0.6841389491026094,0.8228484485375792,0.9600842843893396,0.6735987708868237,0.7948356413338078,0.9351392885204208,0.7122879361418684,0.7232605013878781,3.22887847357916
