center_0,center_1,center_2,center_3,center_4,center_5,center_6,center_7,center_8,center_9,center_10,center_11,center_12,center_13,center_14,center_15,center_16,center_17,center_18,center_19,center_20,center_21,center_22,center_23,center_24,center_25,center_26,center_27,center_28,center_29,center_30,center_31,center_32,center_33,center_34,center_35,center_36,center_37,center_38,center_39,center_40,radius
0.29216238696111896,0.05101268793570024,0.49715073048179337,0.8990786090952712,0.5008923703972762,0.051747488875014125,0.939194620910863,0.8436146163458094,0.09211339548272279,0.9507633264344503,0.9479773591500812,0.38662927092024657,0.9448752220191001,0.10534818185581418,0.5260918853876122,0.7731997855322275,0.04890437182102658,0.47258222716729315,0.7560396773651481,0.6308185847825833,0.9558434428897236,0.9511573925209625,0.9602575526584292,0.7188467024477735,0.8475855020324522,0.9001277313492226,0.27202628652110294,0.8059763901862703,0.6352798997140688,0.3879240232791399,0.8885989601944488,0.636525406924427,0.707345739440738,0.7856548674163125,0.7165912008600683,0.41768335968326764,0.49471483258469273,0.8477730411902299,0.6973012664554874,0.6647424712263404,0.34380578343017787,3.656195433602326
