center_0,center_1,center_2,center_3,center_4,center_5,center_6,center_7,center_8,center_9,center_10,center_11,center_12,center_13,center_14,center_15,center_16,center_17,center_18,center_19,center_20,center_21,center_22,center_23,center_24,center_25,center_26,center_27,center_28,center_29,center_30,center_31,center_32,center_33,center_34,center_35,center_36,center_37,center_38,center_39,center_40,radius
0.00986997483233576,0.2902299867800805,0.004959672129252968,0.9211071665268403,0.21664049238790362,0.24687589393424791,0.4702456859382633,0.29010568926637137,0.9816216292612336,0.6309044135662004,0.06410051043234766,0.3902543360840881,0.8579982357576382,0.5673031760182025,0.8857145806835375,0.4230378458018619,0.46702248585245165,0.8862407791776554,0.6946576814892571,0.6133829117097324,0.5535577793961103,0.2321334667939381,0.410176104814711,0.9703232159019706,0.30805950175042895,0.18995044878701262,0.9789182629034128,0.1462504047112717,0.9968640331771317,0.10968619174975369,0.6742032215022071,0.5902982553337802,0.7527128996437268,0.30329630091591675,0.790415941955502,0.2864565909983747,0.11503964449319948,0.07294716884635621,0.5284465135379404,0.02978700180783167,0.4254603877733809,2.9731293314976295
0.13700690635170854,0.2202323020623832,0.4089061659765597,0.02228113788782149,0.06901902019719497,0.21561754758301854,0.8862883266053619,0.2763404169460616,0.5863766164600316,0.47986094059951134,0.5570304320941621,0.0758957127080746,0.02302498595463376,0.7945842223696263,0.7452596637177916,0.6307540980796001,0.5270536634420976,0.8235558305390253,0.12268051906675259,0.4573500031656863,0.4623512622890156,0.8620109382933415,0.4027966080171618,0.43904878569485395,0.9462658532561236,0.38922535823182924,0.20399953108657332,0.9412122455526907,0.3124184062533083,0.9180730265147173,0.023147211818274616,0.8848540495162893,0.6728097010831001,0.6450443251959219,0.06621596334414837,0.9122041573835995,0.3638050407310848,0.6798834521598718,0.5897618984753632,0.6837409457403301,0.9342098010174505,3.4708056881441216
