center_0,center_1,center_2,center_3,center_4,center_5,center_6,center_7,center_8,center_9,center_10,center_11,center_12,center_13,center_14,center_15,center_16,center_17,center_18,center_19,center_20,center_21,center_22,center_23,center_24,center_25,center_26,center_27,center_28,center_29,center_30,center_31,center_32,center_33,center_34,center_35,center_36,center_37,center_38,center_39,center_40,center_41,radius
0.8646569500581492,0.87319655858732,0.5754064644899501,0.807537740561275,0.6346457320318198,0.49057924653384744,0.5408152595553173,0.5978459098278794,0.8741901956446056,0.09695307904271444,0.792478511720593,0.6944309033960043,0.3626833962250654,0.230469684087525,0.3934043243097056,0.9997177894384022,0.9465513678270081,0.6107800199808062,0.8395267026654586,0.8002309257005954,0.45377236734345483,0.5706543784792062,0.3787572382951033,0.7231945693109492,0.9476325317671144,0.3577003105266907,0.5319658900498828,0.57614307484341,0.02778331370510201,0.1848681673758139,0.8116935424218352,0.901127804602503,0.15603025427175077,0.22042264034715797,0.8583839480169831,0.7803055986878178,0.6027874299481734,0.1528714500163112,0.43296804078383366,0.27187502007409503,0.14332382826890488,0.10518303633673498,3.4876811219825226
