center_0,center_1,center_2,center_3,center_4,center_5,center_6,center_7,center_8,center_9,center_10,center_11,center_12,center_13,center_14,center_15,center_16,center_17,center_18,center_19,center_20,center_21,center_22,center_23,center_24,center_25,center_26,center_27,center_28,center_29,center_30,center_31,center_32,center_33,center_34,center_35,center_36,center_37,center_38,center_39,center_40,radius
0.647212204576894,0.4773738978936587,0.23464815837024833,0.15844956649552078,0.833134874479207,0.7814315329598225,0.6896276281802184,0.8297744691819635,0.2837535772983556,0.2435352355885767,0.19484964773671942,0.23965535158541806,0.6269816772916432,0.2026673888927547,0.8954166495016009,0.3924466864092534,0.04951441820684532,0.692123017289188,0.9114690351089932,0.6173022237451926,0.4126103171677281,0.040356705537020976,0.7096340181578524,0.8246229134443477,0.44602330996328443,0.30690688640249,0.084785152635109,0.7475175489926013,0.9990234320714179,0.7762800496199781,0.5899183204829143,0.17233856532623149,0.6209742638868323,0.522197168400748,0.115440636167632,0.4434850317527401,0.334530630407046,0.03773464212257294,0.7503537304705492,0.8139328107087367,0.4046380499625677,3.1951945514598354
0.29579226306924045,0.6271560240677058,0.2862726314820032,0.21922381215639508,0.6053977076186187,0.10980426006272359,0.41646624405947696,0.3901664990807743,0.39296704284060757,0.42388356253012005,0.6273082657347457,0.9645796526655445,0.9758713214766292,0.9951039921115374,0.00859099753867465,0.3740886008238147,0.8602616136983631,0.921463399259305,0.05241076344495066,0.5346819221973752,0.3385056611244197,0.7938971202016225,0.10329042341961037,0.1485485946339251,0.1325219430461403,0.06765650638842091,0.9096776113841709,0.014127040580917627,0.14645357739407083,0.6090271932326891,0.02936956620769826,0.4464683767464621,0.9182837454506616,0.37269962548410895,0.5187872134280509,0.7785593117784907,0.5222736678351131,0.8791228081292309,0.8692754204414767,0.08063901194409495,0.20265036285998772,3.2358503210639222
