center_0,center_1,center_2,center_3,center_4,center_5,center_6,center_7,center_8,center_9,center_10,center_11,center_12,center_13,center_14,center_15,center_16,center_17,center_18,center_19,center_20,center_21,center_22,center_23,center_24,center_25,center_26,center_27,center_28,center_29,center_30,center_31,center_32,center_33,center_34,center_35,center_36,center_37,center_38,center_39,center_40,radius
0.20686921626819454,0.28587680600010434,0.5734702492817313,0.7093359170768417,0.3671099220169005,0.8259736642384449,0.5101317316334849,0.07559040877879764,0.10392958718523682,0.06891154490869589,0.41485433984926634,0.19159576556636493,0.3266100330564825,0.851762095798632,0.7576391454827673,0.13034021040054655,0.5197314479144799,0.9530149875693182,0.35279410304368064,0.3842816196603295,0.19672750499055314,0.7912720608971179,0.057739686803935375,0.8587473801615707,0.7935039054186864,0.12424912207870975,0.14042072317432774,0.018115207771526864,0.31005227598886775,0.25013333776211144,0.024545656450064124,0.11334828548006082,0.9007663660984551,0.3941321708056119,0.6050690909580798,0.11486857455594512,0.3072870883189037,0.8851969648476369,0.5358628176498718,0.7716205818392824,0.37120071020550416,3.0937300537580903
0.5813709735180517,0.22629477394627695,0.018250347320775795,0.14992197593159995,0.8739418703407533,0.0288409564332347,0.9982026895234769,0.9331412569379466,0.8769765763032399,0.46338107175340404,0.39790418483322476,0.6118958781408035,0.5298569928853938,0.8949851170881974,0.7447322572153785,0.2938495287424949,0.46554877029203623,0.1559640741787558,0.1641447397105953,0.12202497443632954,0.5348115962418944,0.7417246696956289,0.8975405319015561,0.35053097860542404,0.24622832505198256,0.6616728749924824,0.16425681304747064,0.8300638507396241,0.8199674877857909,0.7283045708562282,0.9392711575628743,0.9789090752639087,0.34410099602774424,0.9034564519980903,0.32102702331263433,0.5951588751581602,0.6496130511205193,0.7584490198519128,0.07699953233622536,0.9036302158510515,0.9969412734431882,3.6121314684874952
