center_0,center_1,center_2,center_3,center_4,center_5,center_6,center_7,center_8,center_9,center_10,center_11,center_12,center_13,center_14,center_15,center_16,center_17,center_18,center_19,center_20,center_21,center_22,center_23,center_24,center_25,center_26,center_27,center_28,center_29,center_30,center_31,center_32,center_33,center_34,center_35,center_36,center_37,center_38,center_39,center_40,radius
0.9248782657145234,0.9180276388069611,0.49931046429654824,0.762494727659629,0.2904443012785891,0.12188295670584726,0.10630474984500715,0.6187683601084866,0.450457587059679,0.5548053807999178,0.4252502527467179,0.441628012708451,0.7208085135563617,0.7211390633994483,0.3159558210217984,0.8290113574772857,0.9541148713029952,0.5057011483454755,0.0023708032815888958,0.9738703421784135,0.12522432560286967,0.04058042317184718,0.5493264603957477,0.4382270025953201,0.9733258344969884,0.07233103339847524,0.27640525646731606,0.7131434913119971,0.3285115235341157,0.44279244150511854,0.3023726126084746,0.20139575537549037,0.4236983466638683,0.13740880018602308,0.8761036480050726,0.1938903770209276,0.48869473033574606,0.7712051247722456,0.9665426785928356,0.7733043517956857,0.7647052571327979,3.360094267560328
0.789308218061417,0.0740485841301467,0.8794081338952365,0.044785173456593275,0.772279926163982,0.8488556001314508,0.9350042230775985,0.18242191286548015,0.2474176586416721,0.7462086975574549,0.42910151859763546,0.6262002724355717,0.1900284602783694,0.5387596469967998,0.7054723686653653,0.9904699352869387,0.9741395804864341,0.029283673723918047,0.9845689598371935,0.5646655058988923,0.7675563049458596,0.992671853223706,0.09704458824327178,0.06066453285772366,0.9073801639484849,0.9804834934810273,0.17989930507308005,0.26497263135896365,0.6865367970918913,0.3886438905736762,0.9096831133463615,0.9051170148604631,0.8575420148929653,0.8083413177547122,0.5962164279944007,0.44534316468601765,0.3404869572864325,0.2921782546024967,0.021032990647394723,0.0867798573498254,0.22009720311295677,3.428951606878847
