center_0,center_1,center_2,center_3,center_4,center_5,center_6,center_7,center_8,center_9,center_10,center_11,center_12,center_13,center_14,center_15,center_16,center_17,center_18,center_19,center_20,center_21,center_22,center_23,center_24,center_25,center_26,center_27,center_28,center_29,center_30,center_31,center_32,center_33,center_34,center_35,center_36,center_37,center_38,center_39,center_40,radius
0.6535340152977988,0.1758024774689807,0.4115341718500092,0.5708322955175182,0.7539246213402487,0.6828018466689604,0.25378352864339715,0.7402295356601535,0.8239634909432846,0.368824254258155,0.5619314142440275,0.2993940017764811,0.10145542032237098,0.5839232448257816,0.01646348950502985,0.584608040066761,0.6884180590140879,0.21132407821486898,0.40111652946651233,0.1987258813529359,0.1508851398846529,0.16603879266446087,0.3535088464400079,0.9929581906990493,0.17195967630313536,0.7739814697241427,0.9618434163845258,0.5364455378736769,0.34831114908359906,0.822804836341102,0.7876428829639286,0.7486111462306814,0.5458450170904703,0.30470387050234615,0.6699253688194917,0.6828727055783924,0.5708022255071793,0.7581693909181023,0.8506256732386086,0.4445101718892033,0.27048796775150097,3.4270410884750295
