center_0,center_1,center_2,center_3,center_4,center_5,center_6,center_7,center_8,center_9,center_10,center_11,center_12,center_13,center_14,center_15,center_16,center_17,center_18,center_19,center_20,center_21,center_22,center_23,center_24,center_25,center_26,center_27,center_28,center_29,center_30,center_31,center_32,center_33,center_34,center_35,center_36,center_37,center_38,center_39,center_40,radius
0.6834830092072861,0.8199659567327142,0.8200497762143093,0.8926260790862214,0.09072926042934393,0.6272370816795791,0.3146286383855459,0.32206959414488734,0.3400830200894879,0.37109930410512215,0.7890152305801184,0.010516895076808419,0.999924320424982,0.580945517020277,0.31902489579160254,0.11464316775360273,0.8017696891716686,0.2668762697408972,0.8048349470075691,0.3029911677625722,0.6645267122719415,0.5109375377611128,0.6053094577759496,0.8603036586879527,0.21451974151983155,0.6813033052349492,0.2918814989164644,0.5052811898565419,0.9057918928024401,0.38423077670930816,0.5862945879248892,0.0023268167938792494,0.4356259713639654,0.4898618699776639,0.8030550237297119,0.25646574969185554,0.24055662688356516,0.9526267849185669,0.6424616521653628,0.7715467593643902,0.19373707580470279,3.2008698082388416
0.0726723137721832,0.15800242647946827,0.1471481237287814,0.7052731401188214,0.008771634265163475,0.9636481824129666,0.568816435568843,0.9917914198815242,0.690034765094128,0.8128643985210188,0.8263623043201831,0.948859756960419,0.3999615548493042,0.17765969330819387,0.8596034380848029,0.6839555172337775,0.27198326141901896,0.845113553601276,0.11259543275395134,0.14319450701504344,0.2967607027081126,0.5789065756466267,0.6170788750826834,0.04242412908023174,0.44114064857138247,0.7072434547515521,0.49468942990577647,0.9845076414323889,0.33738473546299474,0.28664757460978907,0.08790101327383426,0.5220241692615442,0.40205755124283116,0.08047171860777635,0.07892867468067799,0.8845096574404576,0.7053973618592954,0.10498799541414117,0.02250779393570701,0.38175125240073693,0.7651774996486744,3.2378937084261983
