center_0,center_1,center_2,center_3,center_4,center_5,center_6,center_7,center_8,center_9,center_10,center_11,center_12,center_13,center_14,center_15,center_16,center_17,center_18,center_19,center_20,center_21,center_22,center_23,center_24,center_25,center_26,center_27,center_28,center_29,center_30,center_31,center_32,center_33,center_34,center_35,center_36,center_37,center_38,center_39,center_40,radius
0.7308202101917869,0.6113156635731908,0.4557866835201668,0.984020551423095,0.24493420709637137,0.6438905883998568,0.8429703013492048,0.8444790951882007,0.4275878066022585,0.5232381543035345,0.4858940960489978,0.6055309850271262,0.2317717561386904,0.38785721166101517,0.4324009316524994,0.6523532011434479,0.9334044899231999,0.3751420306627443,0.3292970189887511,0.8013622872712787,0.03738417313764675,0.8276450689398888,0.9723593551547259,0.5582261811087663,0.01406700104153169,0.4784203466354351,0.6485746226094226,0.37274302952479854,0.6789345793682483,0.2941661897600394,0.4939703937387957,0.8944993403338571,0.8427750719191647,0.815001425492696,0.5692429159637517,0.6411655899434742,0.314376530615157,0.22771351145171048,0.0865056555588607,0.22427008204619103,0.5023315840897997,3.0336196168435743
0.12769247760439562,0.13920318904533813,0.04665885681315196,0.8874633594491039,0.834775158804798,0.9121430466045154,0.6772971206429189,0.4960216324561464,0.4879657080858433,0.012237714263270916,0.5568848249871287,0.6996017820995635,0.37469350103736965,0.7474515563768378,0.3532896082797946,0.22614890237077012,0.3858241998527482,0.7447057226075557,0.6661001558564448,0.4545831744495409,0.6381095086137726,0.03955202821939874,0.0025674515606508574,0.0014459304979256293,0.8902602708940363,0.85989920262701,0.2908457833538304,0.9755745126973048,0.7478226814253167,0.020807790278262073,0.07797016353552833,0.08059881000269564,0.5338278954002602,0.4509816472863245,0.7019739549645951,0.3068532677393755,0.9839349629369315,0.9857565906842622,0.8857568061589265,0.6312053324227817,0.9595733537749671,3.3398773844153906
