center_0,center_1,center_2,center_3,center_4,center_5,center_6,center_7,center_8,center_9,center_10,center_11,center_12,center_13,center_14,center_15,center_16,center_17,center_18,center_19,center_20,center_21,center_22,center_23,center_24,center_25,center_26,center_27,center_28,center_29,center_30,center_31,center_32,center_33,center_34,center_35,center_36,center_37,center_38,center_39,center_40,radius
0.1804817901492889,0.6119238199169906,0.9058986974335272,0.9962984902586375,0.9859091669591096,0.9637620834579427,0.05378791311427811,0.8195476246394063,0.6557145168956814,0.07030855659987378,0.4351787095515782,0.6174879501687232,0.44168353628797896,0.47803805194480853,0.2593371486924454,0.044249500397197994,0.8742411890800421,0.5528694809562003,0.29511736233734376,0.5642914788333364,0.6438458025365521,0.21309702661334318,0.8242742300123832,0.7156774269864367,0.15910296895671194,0.2855903603922353,0.8461400063911496,0.34010335247050216,0.42200073966958085,0.36316511596145795,0.8990167403305046,0.3232638165234264,0.9203583554219068,0.5546827632647088,0.035403157857579415,0.3329220175269073,0.19590606846079595,0.17065760144632625,0.5212132595910018,0.17675592897249093,0.8458503803314876,3.132056392769464
0.6503913678444485,0.36366759689513084,0.0759328725858377,0.35341750619118395,0.6906457383070368,0.9899802445418229,0.96618933104279,0.7844173557244221,0.47722208443855096,0.8367026721464431,0.25872274568139475,0.590806571044436,0.7833377011155712,0.016705084663864,0.8026102181099133,0.893275264602877,0.22683922134570755,0.5030197766743021,0.7064206883212741,0.8772201493859512,0.5303110077626675,0.6863205065662923,0.19688390812052015,0.0727391056350577,0.2872683914374661,0.940656631513999,0.6940873579106704,0.5615127610558113,0.07511473290933957,0.45374471141303596,0.05943908819691068,0.8967233244597422,0.6081378312573149,0.22388418794581877,0.8951683625589565,0.936709982421138,0.09423097104794498,0.993696771933284,0.02445781882050968,0.35485306756972723,0.9749491569358006,3.898074122964686
