center_0,center_1,center_2,center_3,center_4,center_5,center_6,center_7,center_8,center_9,center_10,center_11,center_12,center_13,center_14,center_15,center_16,center_17,center_18,center_19,center_20,center_21,center_22,center_23,center_24,center_25,center_26,center_27,center_28,center_29,center_30,center_31,center_32,center_33,center_34,center_35,center_36,center_37,center_38,center_39,center_40,radius
0.36014433607313834,0.8528086783185215,0.6770523548023599,0.8720185216211622,0.9928323991367373,0.6786494095032414,0.09403997129668717,0.7964440412904831,0.9974269650911318,0.013754466381995623,0.7598534717491523,0.5172471900780251,0.8435015350917798,0.9441191668449443,0.4641097312751665,0.2957248914250198,0.04266476121318685,0.8400829547148587,0.07996766531097177,0.42529097199677235,0.6349516442474795,0.9867715323740027,0.956419844397757,0.5127939695910314,0.604052452750944,0.599227426396859,0.9872615602802183,0.6130372516977874,0.5514397138599947,0.716354802636385,0.9686440665040451,0.2607700835557666,0.10861169843838225,0.44938761637788427,0.9729545484981296,0.12638316194799315,0.36677201765150214,0.4814959450738959,0.6738239347965617,0.49861617628869814,0.9485164240954126,3.6032263412162777
