center_0,center_1,center_2,center_3,center_4,center_5,center_6,center_7,center_8,center_9,center_10,center_11,center_12,center_13,center_14,center_15,center_16,center_17,center_18,center_19,center_20,center_21,center_22,center_23,center_24,center_25,center_26,center_27,center_28,center_29,center_30,center_31,center_32,center_33,center_34,center_35,center_36,center_37,center_38,center_39,center_40,center_41,radius
0.8344716757383714,0.45257096551988807,0.3957821070962537,0.7209752559172902,0.0016482406276304706,0.8870679928500719,0.8779878901606021,0.7861343856811877,0.05800182577239654,0.11148496777319827,0.8501767428828167,0.0778789634252055,0.7924255550066601,0.6710502510409293,0.9255342778438852,0.977197311494097,0.2566146603058337,0.01649742758104611,0.9604654944238636,0.007995503708317475,0.5519842488659843,0.4472049227224102,0.401910415798864,0.7724766278755031,0.9498382716599532,0.32478513482240057,0.05739633633308394,0.9040745655674154,0.70330438625289,0.17885342427274664,0.9245740376360577,0.12169197688851219,0.8251020770496599,0.4615949280615361,0.413277923064876,0.8947313776131035,0.4307829780686915,0.9065396888743765,0.34678133958917046,0.3398090066506235,0.10701988830784726,0.3564433294029048,3.7738389987603345
0.016608504931358126,0.1885813641258608,0.5942819976487973,0.10629652292971203,0.19092056506031352,0.3899557730171387,0.1897142529241581,0.12635231318693307,0.6426760459408231,0.9336099363239174,0.3100890128383498,0.9411522607476326,0.2177938345006849,0.47954091669172616,0.13853048705214577,0.3065725953067425,0.15677696565368604,0.8458036395210385,0.07891669151596892,0.9411374351206591,0.5014668264264704,0.5760794660615675,0.7482845772372889,0.07118577931376269,0.07063096741948405,0.764907741995127,0.6833737324329455,0.44997836479178643,0.5209562007885136,0.9378893228044567,0.22901211058339543,0.965555859938745,0.2872521548390584,0.1138637708330702,0.7360882129120198,0.12442686024018845,0.9634927281241964,0.31088300375262046,0.7487043216128828,0.9061111772087772,0.7223784671204209,0.6993759975402571,3.232966958339343
