center_0,center_1,center_2,center_3,center_4,center_5,center_6,center_7,center_8,center_9,center_10,center_11,center_12,center_13,center_14,center_15,center_16,center_17,center_18,center_19,center_20,center_21,center_22,center_23,center_24,center_25,center_26,center_27,center_28,center_29,center_30,center_31,center_32,center_33,center_34,center_35,center_36,center_37,center_38,center_39,center_40,center_41,radius
0.6133146931413923,0.9824229848673799,0.7810750377956143,0.17505236253742695,0.4171139647221883,0.9215118530398865,0.8203592924385754,0.4835347473939344,0.7447480748273413,0.8055362948108935,0.22930477004895333,0.34531103726339196,0.5498522883202677,0.6686003003707987,0.429895004638562,0.8400872959201442,0.3537423607186352,0.8372526017036306,0.23467361297848732,0.19751506363243376,0.9562141543080338,0.5720531508975525,0.22150406150476498,0.7214686223791162,0.7638930089870632,0.8241679570584048,0.9131161742679383,0.011777107269384968,0.9074985433433924,0.4692986851975236,0.15954808638589857,0.11563727835230564,0.577510977562436,0.2701328669137316,0.5964173021980131,0.6864726791319972,0.040746370559090805,0.7353015392417995,0.8581093726592259,0.0949585593489839,0.27972312383082854,3.086107627348067e-05,3.526289901078976
