center_0,center_1,center_2,center_3,center_4,center_5,center_6,center_7,center_8,center_9,center_10,center_11,center_12,center_13,center_14,center_15,center_16,center_17,center_18,center_19,center_20,center_21,center_22,center_23,center_24,center_25,center_26,center_27,center_28,center_29,center_30,center_31,center_32,center_33,center_34,center_35,center_36,center_37,center_38,center_39,center_40,center_41,radius
0.6368683897631195,0.6358331265213594,0.3579704037012784,0.7412020539023203,0.11615487420661375,0.20862891374922332,0.673681298013067,0.9311937111322741,0.036482134974569314,0.03324433310100727,0.926558841614884,0.7250143222544998,0.9488361833355045,0.5879894376278326,0.5978141317423161,0.6891765541391208,0.8388052949083777,0.5479590659200554,0.053645662743081024,0.8240889292705106,0.1485441868275279,0.45721452499865,0.702188336673269,0.35678568151049006,0.4096406429875289,0.35730391725316035,0.06974554997220483,0.9769446822334864,0.20130557137791438,0.9820390878608334,0.6297363949857391,0.5531192999801574,0.3812385689407046,0.18241071637495954,0.16792708406894874,0.45769398044553067,0.653618090100144,0.23332368964876793,0.34282203533471023,0.33307784784069716,0.41104488481617274,0.06879057873707539,2.983767534144533
0.832656999926453,0.4208483095110185,0.7364517421859712,0.3883672559246766,0.922878925210527,0.5203744674890891,0.9060096118297867,0.3006175241888288,0.9273118239070949,0.7755462994603912,0.8822592128118397,0.7205544231941772,0.11593897055441271,0.9647180868496785,0.9977828851210949,0.9474107117563522,0.16061991759094252,0.9471794332486206,0.3576007238204638,0.8107899122269351,0.5036974440780126,0.3667677649827391,0.23454696937287078,0.45546298407031294,0.13951161845407112,0.6916153741384179,0.8812274683083567,0.26809523656297907,0.5135707587493137,0.06805913081044124,0.30001192668037047,0.21562640697520408,0.04012579223592283,0.9072223746232757,0.9144793635146367,0.3888299174055513,0.40547462541397294,0.40472353733115785,0.39843110658091285,0.35642066381579496,0.8325988757387166,0.8944293487600236,3.7368092854564763
