center_0,center_1,center_2,center_3,center_4,center_5,center_6,center_7,center_8,center_9,center_10,center_11,center_12,center_13,center_14,center_15,center_16,center_17,center_18,center_19,center_20,center_21,center_22,center_23,center_24,center_25,center_26,center_27,center_28,center_29,center_30,center_31,center_32,center_33,center_34,center_35,center_36,center_37,center_38,center_39,center_40,radius
0.6609977296853338,0.6085638446145769,0.7773280501150225,0.01898828856710022,0.6062390984669009,0.9104859598432031,0.5304635441584044,0.5686560943086711,0.7931321901730659,0.8970237007862563,0.5552635269293561,0.8048850741077654,0.7844585041826859,0.02904298588115173,0.3932031251755638,0.4252927043236592,0.6149731832150914,0.48136866587573635,0.5457120030367155,0.46848008316124634,0.7205540817200435,0.1688229356515758,0.6594776531989391,0.7485604560363656,0.1749031271171857,0.2776546426032904,0.3118642499296034,0.7633750952646718,0.6704263056767041,0.33322114401175873,0.2897762233227327,0.17320110549733614,0.3780502579923407,0.30279743565612016,0.05167770096654878,0.5038531882066719,0.6551898970940317,0.9652786729137268,0.852866510619188,0.04786134010400345,0.45028781865870926,3.2455408224175457
