center_0,center_1,center_2,center_3,center_4,center_5,center_6,center_7,center_8,center_9,center_10,center_11,center_12,center_13,center_14,center_15,center_16,center_17,center_18,center_19,center_20,center_21,center_22,center_23,center_24,center_25,center_26,center_27,center_28,center_29,center_30,center_31,center_32,center_33,center_34,center_35,center_36,center_37,center_38,center_39,center_40,center_41,radius
0.9357847473780253,0.27194872866945174,0.7241352870621234,0.6582174843066122,0.47972793835186966,0.7110706334758226,0.09394084882227771,0.5026241954568159,0.5584783752018343,0.5938962479786382,0.1305268610542244,0.7143606607084935,0.5818464983109456,0.12197179929524771,0.21911466748588992,0.6811727001231934,0.6233785798968634,0.6644954512146011,0.7660143262204611,0.6125769654496971,0.9458458824529045,0.4195675196406672,0.11536075045710259,0.46465599258084966,0.6743515842693356,0.9253799040899062,0.9595016152196405,0.5013522841625947,0.5257761420869087,0.7793335330056931,0.6523645758224395,0.4777746714848392,0.40031770751002227,0.8162093076571546,0.1969786629724769,0.8046622638088531,0.5027998593702617,0.702093696268593,0.6692204168148272,0.5981342807866389,0.9330594183030814,0.779081687064792,3.7580964906306287
