center_0,center_1,center_2,center_3,center_4,center_5,center_6,center_7,center_8,center_9,center_10,center_11,center_12,center_13,center_14,center_15,center_16,center_17,center_18,center_19,center_20,center_21,center_22,center_23,center_24,center_25,center_26,center_27,center_28,center_29,center_30,center_31,center_32,center_33,center_34,center_35,center_36,center_37,center_38,center_39,center_40,radius
0.15567227471398903,0.009422461331326515,0.6918537366731512,0.2301599549007648,0.8617736298311982,0.7338860992283087,0.3641310832853265,0.5057951685658671,0.971938178305153,0.5466693540859259,0.4174333257143562,0.3434712229951814,0.615657172922179,0.5938633947406592,0.3105467646280159,0.37134571640868763,0.3802432698332683,0.9173390202795083,0.10805880597825657,0.062428574209704046,0.48054064695315446,0.3761294372273529,0.4066347053364644,0.23919226519161307,0.265312629183579,0.007774487927104334,0.6450693021870217,0.1656300934610062,0.7838659947478889,0.880643237804141,0.16150119758731496,0.05551103464402207,0.4152753373615604,0.6104594227725766,0.8371963204175343,0.428730400673874,0.6680253998655684,0.008883347363369376,0.7094141297730407,0.6027279229247098,0.9224854117165253,3.0336509777977816
0.7851865585858686,0.6811921125477983,0.9141749884031392,0.6518417777374067,0.9724175494871568,0.0017253046466320088,0.6305972803093038,0.8795012398154173,0.20678265650597283,0.07259931181002732,0.00558027499456526,0.7245494355090265,0.3677667786193306,0.842011846843909,0.47424253183017606,0.7108207516486523,0.7914288540714998,0.9375660572919288,0.9733660335298263,0.9361350932995204,0.891205326550913,0.8897967781943867,0.9244198740585945,0.9116599624176271,0.36115679637533515,0.2389510420516352,0.9796236365647615,0.911964598512774,0.15264710348018218,0.645729221815712,0.3338934854579316,0.8029547345955768,0.17200423213409666,0.24048130866282713,0.9358703087380625,0.7028125254388334,0.844942882783776,0.8383641751991322,0.060961728113111624,0.41219453580512677,0.6912151136770076,3.9630446492538662
