center_0,center_1,center_2,center_3,center_4,center_5,center_6,center_7,center_8,center_9,center_10,center_11,center_12,center_13,center_14,center_15,center_16,center_17,center_18,center_19,center_20,center_21,center_22,center_23,center_24,center_25,center_26,center_27,center_28,center_29,center_30,center_31,center_32,center_33,center_34,center_35,center_36,center_37,center_38,center_39,center_40,radius
0.33346225241987115,0.5743360902967187,0.8438536558567156,0.27059091211253217,0.9280883570930573,0.01679648632081976,0.3860655837442979,0.5036049838819354,0.712105946120151,0.6995533209746687,0.24389571099977492,0.2494292879679858,0.03549062885750098,0.6085351402628807,0.29781461893201955,0.08619101897596959,0.5012863571290292,0.20511201524805578,0.46721726498276694,0.9710496707383587,0.8723452309690475,0.11942485728857821,0.7936600394419842,0.9653373203196478,0.5304199933074873,0.4950713794870285,0.761186693559923,0.7504816621951259,0.30109346232128864,0.5663159825554498,0.5560066359360917,0.3258358285363172,0.5387277328209297,0.7090533350933754,0.4640084289060431,0.3125584444628411,0.45154773710452534,0.9309950894810525,0.47026828838628876,0.11004679168372289,0.7550932309932913,3.183867855701914
0.6523541427395921,0.095578556316258,0.03801031006713196,0.7200685939085625,0.7993705508687121,0.40617753875302365,0.8188172748947308,0.044920289165481964,0.16080313107747934,0.600550888051961,0.16346853205574363,0.08552703719303023,0.9013274930248931,0.09245791268437731,0.8986912858189342,0.9293809508679286,0.48627164950086865,0.8074252141392882,0.10893675059167429,0.12417227692322674,0.047444436109563726,0.6097256044501836,0.06513942535977957,0.1029856821966707,0.43200241664200745,0.952492797197976,0.5975064800684926,0.8730362274031142,0.7539789481990102,0.030536497141245622,0.9058713618958494,0.022575885433713028,0.9253705311250314,0.07778217086820571,0.9275580922957324,0.7807322192807516,0.5084993806675792,0.8693912300934261,0.9335494526966284,0.03148310959763778,0.05160417812685203,3.27399836770711
