center_0,center_1,center_2,center_3,center_4,center_5,center_6,center_7,center_8,center_9,center_10,center_11,center_12,center_13,center_14,center_15,center_16,center_17,center_18,center_19,center_20,center_21,center_22,center_23,center_24,center_25,center_26,center_27,center_28,center_29,center_30,center_31,center_32,center_33,center_34,center_35,center_36,center_37,center_38,center_39,center_40,radius
0.16756201636365065,0.8770926126266179,0.17251969931818545,0.6834808760844904,0.011290273829643316,0.11068467725557884,0.11051611451093413,0.517827001829841,0.9876538627272853,0.5684674468729051,0.352348245471633,0.924450184529498,0.3911206405368056,0.2932666319590963,0.73669744486324,0.7189740913010665,0.9624973263285733,0.07864336542846317,0.7807493551587328,0.6493917249431723,0.2921174587055301,0.05458822411799513,0.19890566604329596,0.5042852752746378,0.4631835119552513,0.4860207332043551,0.879084978203372,0.32056648545566635,0.4307321156981857,0.8961340244737334,0.47527052472317344,0.9930386007427281,0.10178499451570089,0.05563452007915137,0.21489000246802548,0.20100593993281324,0.649549855688021,0.5549648113423452,0.8820204301847006,0.7581860207867193,0.067021760675114,3.0401025183647343
0.45314166024000946,0.16286003071942612,0.23535315611219254,0.30135503726521573,0.30915500268768803,0.8413723841627074,0.9722076430862594,0.263385849325834,0.07106719577197973,0.19944878623910933,0.9637379402324522,0.7587273136454407,0.5207583907751862,0.556625703759489,0.46874429535721107,0.5870551327184558,0.1682709039026946,0.520465097808021,0.3261479332736503,0.16653249142906013,0.8728386430049875,0.7941611519156113,0.5168429087792695,0.6631378606791792,0.7492422686714372,0.6112098331607982,0.6458070456768088,0.8025886038216173,0.07372904902389776,0.906226882724604,0.6516267368285452,0.6047788903966483,0.7032265903721606,0.8497933052247708,0.8875700985974843,0.7881859998124008,0.8087124076508673,0.757474485493744,0.7015791358448198,0.8141628544977095,0.9483696158516914,3.6127872683284323
