center_0,center_1,center_2,center_3,center_4,center_5,center_6,center_7,center_8,center_9,center_10,center_11,center_12,center_13,center_14,center_15,center_16,center_17,center_18,center_19,center_20,center_21,center_22,center_23,center_24,center_25,center_26,center_27,center_28,center_29,center_30,center_31,center_32,center_33,center_34,center_35,center_36,center_37,center_38,center_39,center_40,radius
0.6524810136115116,0.31297373254288186,0.9504670948173994,0.6181827997395547,0.6964740113395441,0.8699740727478126,0.2248449106295819,0.7249088169167884,0.6501326756841321,0.5448969949422258,0.5778097189554304,0.0935698480447873,0.5665253658279102,0.9209151589410262,0.9338404638981974,0.06468826335222788,0.0024155116860912207,0.2784958663539049,0.678279348184651,0.14503678283661547,0.9579921963111105,0.15243074703908732,0.07070499052343515,0.6156093223120638,0.9079563398782151,0.580017321766568,0.8758408074317233,0.7887021624496642,0.5786572972451804,0.41382132816227524,0.25996872784462355,0.32713482082250656,0.8436188809196258,0.33309167965054043,0.2896310572478593,0.3410002966113955,0.5220227509616958,0.8913753024809282,0.31938061169043974,0.6335557620014197,0.5702581674354406,3.589395358387445
