center_0,center_1,center_2,center_3,center_4,center_5,center_6,center_7,center_8,center_9,center_10,center_11,center_12,center_13,center_14,center_15,center_16,center_17,center_18,center_19,center_20,center_21,center_22,center_23,center_24,center_25,center_26,center_27,center_28,center_29,center_30,center_31,center_32,center_33,center_34,center_35,center_36,center_37,center_38,center_39,center_40,radius
0.8306667052916974,0.8973530109511879,0.9892970685530372,0.3944276107461586,0.20705945423630767,0.21404572336857164,0.9842792169691575,0.49387426038130045,0.9048991307204854,0.178139942886251,0.7838602786051209,0.3083280713618327,0.1658338686206542,0.8868593422855724,0.08185760015359367,0.4090305418484116,0.8865811665207558,0.9426167164833106,0.4182981520023483,0.927469531580765,0.1330504317104777,0.4092468141660408,0.17471535572036645,0.25357058959761114,0.6004106394053353,0.7942755106839796,0.9753950571995625,0.48595036227754085,0.010347674897965176,0.2828174360513144,0.2841544654167665,0.8081866591886687,0.9698354008582257,0.02676922646832336,0.43947267578538496,0.9549950839074316,0.7783452750560179,0.3446354625765553,0.5070051646043148,0.06062897356673014,0.15216460503614038,3.452188748831754
0.5627431706815554,0.049887619493032775,0.7646196411173484,0.10712129709087026,0.28317560081381365,0.9926581131119043,0.022363355473608793,0.992715838517991,0.2830429898821947,0.7409491208874063,0.30202227748213584,0.47459727316640876,0.6241134260382347,0.668941037877613,0.29950915274400947,0.18515882128301142,0.13984360987814215,0.2536024346284519,0.003075084635821068,0.8820319599900455,0.4112806637561699,0.10907761150674433,0.610210612422673,0.8356402941566295,0.014776675323417088,0.3722547273029192,0.05028031085145479,0.5826425908914482,0.9062674751362233,0.9753436991977844,0.022199465195063217,0.9473371090172811,0.43262745311537154,0.8223816055945034,0.204880509471707,0.12059283003446764,0.09533335925724651,0.5376177457771204,0.7189052525766364,0.8624828930695531,0.9618220104758021,3.1245261472585586
