center_0,center_1,center_2,center_3,center_4,center_5,center_6,center_7,center_8,center_9,center_10,center_11,center_12,center_13,center_14,center_15,center_16,center_17,center_18,center_19,center_20,center_21,center_22,center_23,center_24,center_25,center_26,center_27,center_28,center_29,center_30,center_31,center_32,center_33,center_34,center_35,center_36,center_37,center_38,center_39,center_40,radius
0.938813508486055,0.5526207139384071,0.6958751609144888,0.4964881463107358,0.34908638244587353,0.22128391938286496,0.34069242769138086,0.03214482273683317,0.35665313961822387,0.7988101801889426,0.3058292096972789,0.05328621740187056,0.5423542959332107,0.7896306039112796,0.30637087444284394,0.5453862011367329,0.4930341963169942,0.37428730792693,0.7821525244721148,0.12225245241607674,0.8716246834683177,0.1502638097133222,0.7054679800275268,0.6866817529546989,0.21233657145912432,0.33097193596791485,0.5111559025791076,0.22157517101726898,0.07606759383347106,0.8476830948226093,0.304855487211354,0.11210354591404637,0.1691922506489325,0.6993055416045493,0.04680812213417773,0.5391847655699048,0.7332327939834482,0.9712585536198307,0.8226568523989168,0.7558886047043117,0.8613912216597858,3.1946600932460125
0.19086586046414944,0.6390346922259612,0.1479719265638011,0.03538278559152297,0.03426510751945899,0.8226151639470485,0.9173865524195663,0.6279604162269222,0.15384234332313618,0.13821974013043847,0.7512085193883313,0.8630857308881449,0.881707221970219,0.19356021278909175,0.44419644374850364,0.6161716452005059,0.7047811381478716,0.347217254660126,0.3878865528517519,0.15233964799003874,0.029074782874362604,0.953354656754241,0.8749937529216706,0.9603230266636466,0.6579107300072462,0.9662951268804909,0.3978985064814604,0.7514373800422328,0.7723394226638722,0.4159771843035951,0.43337531870069423,0.8302089366478022,0.8442804339453118,0.49058685282020276,0.3012906553140189,0.09378629013667972,0.21950149896381077,0.020058394542988744,0.5968212186998723,0.755366051639566,0.19980579898627293,3.2119083430227304
