center_0,center_1,center_2,center_3,center_4,center_5,center_6,center_7,center_8,center_9,center_10,center_11,center_12,center_13,center_14,center_15,center_16,center_17,center_18,center_19,center_20,center_21,center_22,center_23,center_24,center_25,center_26,center_27,center_28,center_29,center_30,center_31,center_32,center_33,center_34,center_35,center_36,center_37,center_38,center_39,center_40,radius
0.15178255467646895,0.46171586211488935,0.5378550733854559,0.5836610036108955,0.7413537678542425,0.7456452584317077,0.22625018528599194,0.668891358397407,0.28342311804718345,0.7510770711735334,0.017564702060606785,0.6729935618654269,0.49244638191156476,0.9714730586526791,0.5125246503512056,0.5524461882450123,0.44911254458983807,0.6980520395694221,0.2153496952251246,0.18854510825539927,0.2695757647124889,0.3018403250598696,0.35647251319573525,0.5582664048413314,0.8075859958030275,0.2218442039754569,0.7391447122312198,0.3093524981726612,0.1704205507442239,0.2467786127749675,0.979853716488103,0.8605531072537729,0.47778075855540825,0.5266573958232774,0.5717240320864283,0.9086640542469064,0.3189579154733806,0.2877493071666787,0.6371399488829183,0.5913055053527436,0.7488197384642379,3.113197532376029
0.7007593838553737,0.016022911155019526,0.6288849369828909,0.10084140531849184,0.5412503945550662,0.08630664703314972,0.8113477128224645,0.021144586383371133,0.29538823673307435,0.12308836860689443,0.8111154219658553,0.1885259027015327,0.43343699819685744,0.13040772031820835,0.9769069922661799,0.2771298874911714,0.05688872864871575,0.11790053469573503,0.9678009774276892,0.8439462573373231,0.8213241996861738,0.9878203476332399,0.14623116643851775,0.18207605345939992,0.6915390574497478,0.9260167827100192,0.20422283950580833,0.9181803924341871,0.5832618897290671,0.08416868016331613,0.27103563352300886,0.28417873869749455,0.589608376778618,0.046521869875137956,0.6733923481850539,0.0838301621041202,0.7977268497863874,0.8473206602195705,0.1643694344864125,0.1712665522068798,0.40803921608266924,3.316136023212007
