center_0,center_1,center_2,center_3,center_4,center_5,center_6,center_7,center_8,center_9,center_10,center_11,center_12,center_13,center_14,center_15,center_16,center_17,center_18,center_19,center_20,center_21,center_22,center_23,center_24,center_25,center_26,center_27,center_28,center_29,center_30,center_31,center_32,center_33,center_34,center_35,center_36,center_37,center_38,center_39,center_40,center_41,radius
0.4479965982048839,0.796289908034443,0.8395822951123202,0.8345447788936913,0.1637169446809683,0.34507209697952124,0.8397234967167612,0.8206125994894106,0.08441548655558206,0.840160773435326,0.8426946938595008,0.5964667891052242,0.8953100475180064,0.2003264367281904,0.37566669432960287,0.33772020458124963,0.5078667223441942,0.995922927447803,0.853157644959155,0.6211579601200306,0.46172572575745396,0.45683335564213756,0.10037647102487157,0.02203287223045003,0.003218561547382648,0.015097431850506604,0.05166705982526931,0.029702018061512958,0.6692335101292501,0.580668427806139,0.7596504627287523,0.9612728884156275,0.9508338981775036,0.26746149949136455,0.12033666066513482,0.8514737129058848,0.7268784192263793,0.5949559846670945,0.12250911561040301,0.24145451182308952,0.9932021380130475,0.32377429065664765,3.4633359532853976
0.10950956753678764,0.7597770233992712,0.7226633213399475,0.23754791311544232,0.5295202306108442,0.16090821839641445,0.005027802761761291,0.03057323917262811,0.7150395676331545,0.0011373232297782199,0.9187056221290529,0.8534999542221721,0.6295934495789316,0.7821005389813284,0.02549693313757584,0.9618679793858008,0.12714419063941562,0.2579705979706639,0.6748429239028843,0.7995446405616251,0.11770948469443265,0.31150342785417073,0.9781939526823576,0.9313426371268057,0.3891198556229821,0.8053084464712756,0.8022753214326859,0.958476844511768,0.7452988171461744,0.6117835003166259,0.26783371483714036,0.2882165662814209,0.08925840491263015,0.0032114931419297,0.8821193253646173,0.052187191989552906,0.5991189959905543,0.5344147958774652,0.22570421733320678,0.7547474949719188,0.43058474788800993,0.6797792048701419,3.2649751789000354
