center_0,center_1,center_2,center_3,center_4,center_5,center_6,center_7,center_8,center_9,center_10,center_11,center_12,center_13,center_14,center_15,center_16,center_17,center_18,center_19,center_20,center_21,center_22,center_23,center_24,center_25,center_26,center_27,center_28,center_29,center_30,center_31,center_32,center_33,center_34,center_35,center_36,center_37,center_38,center_39,center_40,radius
0.06363800053443669,0.05029679554500244,0.5010494603642357,0.6641433565528251,0.64680940936729,0.7113077899397225,0.6933193290560274,0.3092239562243998,0.8744264611269038,0.5686369237685093,0.8583017460330822,0.6547521062463931,0.2558668809258273,0.039865475352257596,0.20472608209597387,0.09486176361691623,0.7891695897930404,0.039176533988808715,0.5419136969714271,0.605222347085373,0.9612661715210802,0.15606550299821664,0.3272308858574824,0.21022407997456094,0.22016339944832775,0.08668046355719217,0.3355530522932906,0.7264656320310953,0.8333506150752351,0.6776913585058219,0.6443908628482792,0.7923490993209843,0.3511896364959094,0.55578259785373,0.563927620044105,0.0006302628324392767,0.9247127941133464,0.9602856335507085,0.9511639431012485,0.11801697868793282,0.18889755615659376,3.041539354029128
0.9413408033631387,0.9479949707731854,0.3181042507176115,0.9426602152268397,0.8637901375638389,0.09207029874272876,0.5530918125410141,0.8826303974843078,0.05725763671312312,0.22690158407621341,0.2863635520904254,0.8678079025571207,0.9231557061461136,0.5971764712277129,0.9411620499403756,0.3149372735107293,0.5615747825252683,0.4951987351208864,0.9989626628158578,0.8903348948390845,0.7499346430392111,0.3323869309381161,0.12686257660937628,0.3395194610203841,0.1507409708088011,0.18913564848006947,0.40695414961130716,0.5152882710965478,0.1421482113884155,0.921870975784519,0.284484244212585,0.6432203328983397,0.7965669306776642,0.9269637326802739,0.9758026675163044,0.4482351722341398,0.2854313141211109,0.0084762346626569,0.21621037820289501,0.6490145074973732,0.7943194401120905,3.4207470747334594
