center_0,center_1,center_2,center_3,center_4,center_5,center_6,center_7,center_8,center_9,center_10,center_11,center_12,center_13,center_14,center_15,center_16,center_17,center_18,center_19,center_20,center_21,center_22,center_23,center_24,center_25,center_26,center_27,center_28,center_29,center_30,center_31,center_32,center_33,center_34,center_35,center_36,center_37,center_38,center_39,center_40,radius
0.20443886093031016,0.1833083971194418,0.45410537245470184,0.03353528880091383,0.56167102433222,0.3347470119771624,0.15630518127354065,0.7672446776954214,0.353159875120838,0.9284862090858218,0.06056212986756626,0.5504164766169145,0.7819344782815907,0.5991414223322301,0.5304087942886037,0.5790159582253167,0.8404802814808553,0.001449369223315955,0.6282584255949702,0.4040258894780232,0.5764620112705071,0.575366529196261,0.7520200488445493,0.35459281576324897,0.30581343194793864,0.6006560750929213,0.7709204198396382,0.7271027688890529,0.7806024576579434,0.8964114142423378,0.13665770551381973,0.9907908803767926,0.9833630515882935,0.0529183402280855,0.43981229746379624,0.8734307484261966,0.3091299910263361,0.08990014723087592,0.8687330771892747,0.19857676825884196,0.3496639845226832,3.355962719238878
0.2504716702133456,0.476238033978464,0.5492985878340082,0.8730988449191118,0.10400579657153164,0.6668579287411717,0.9584828903544628,0.12824755042980518,0.8899976448035558,0.7755195309420285,0.5795503681780141,0.06957663638043121,0.9656685757173329,0.04784400451194959,0.23382841982272617,0.6939920418134687,0.40779658402293606,0.4906802792027116,0.9972776958250141,0.29832462427901685,0.9989182851995237,0.4274047741632301,0.850479149689461,0.9159110845694279,0.6119122055362366,0.3532523245914245,0.00474064941510155,0.21399363123532622,0.14133449844633905,0.27673786172824155,0.5490349320913626,0.03274290403950497,0.42903582256968087,0.6550576777463657,0.8938893472381069,0.10546580603534161,0.6966571465769834,0.9551201547911791,0.09887316948158686,0.994389194125544,0.9249429718463197,3.762271231984192
