center_0,center_1,center_2,center_3,center_4,center_5,center_6,center_7,center_8,center_9,center_10,center_11,center_12,center_13,center_14,center_15,center_16,center_17,center_18,center_19,center_20,center_21,center_22,center_23,center_24,center_25,center_26,center_27,center_28,center_29,center_30,center_31,center_32,center_33,center_34,center_35,center_36,center_37,center_38,center_39,center_40,center_41,radius
0.7382669960972303,0.5470174713095517,0.6779953182668362,0.9269537377872386,0.7886186836695864,0.03893502754384537,0.497328695005398,0.7159887657759627,0.389026937980811,0.1885223494803504,0.8406499416321402,0.2685352739483742,0.8978075702376892,0.750677346410129,0.6576726919319456,0.7776179337079858,0.4333500200752618,0.9979542602512357,0.9461799921671553,0.30465709105230887,0.3868289190537201,0.5953881114947265,0.2651238312725005,0.31566339590118686,0.9806218180473874,0.514188732230371,0.9137159290600224,0.10234647592123036,0.16358628613375514,0.8355749742674791,0.6725794443153108,0.3292472971806394,0.6259549571558277,0.8252417122765748,0.6449975910855733,0.08760097732726257,0.6640168971845091,0.3519789906118982,0.0537881379157128,0.17954709875891273,0.29461267644842104,0.7444901257603128,3.6780082615121263
