center_0,center_1,center_2,center_3,center_4,center_5,center_6,center_7,center_8,center_9,center_10,center_11,center_12,center_13,center_14,center_15,center_16,center_17,center_18,center_19,center_20,center_21,center_22,center_23,center_24,center_25,center_26,center_27,center_28,center_29,center_30,center_31,center_32,center_33,center_34,center_35,center_36,center_37,center_38,center_39,center_40,radius
0.3513302338394746,0.4627070122261333,0.8135648910823049,0.8557247893032831,0.7620769769343642,0.3676067874001445,0.4883792843315382,0.895911469488006,0.4810570071340837,0.6520067082599954,0.5925603931820133,0.5370968826156508,0.11071118426072601,0.859153949152704,0.9879802151583614,0.6885662051471302,0.9343258371719635,0.8140202931449617,0.507523701992672,0.4072670822451242,0.6033701089540565,0.08907714612233342,0.3186232189770064,0.2559860487395573,0.3823061974145777,0.43226822930394004,0.10805133099441033,0.5848223590103746,0.9951825476678097,0.8878601860426418,0.8509994507479206,0.3650237226951787,0.9883036139517497,0.00606309686916251,0.8181414865376797,0.8164320964892111,0.4399390134108295,0.07151328899254494,0.8401950498219402,0.9199564970255805,0.18171059634334064,3.382698349827273
0.7127697752689621,0.27557443920542146,0.41611507308642526,0.17212046981467632,0.1578704550924268,0.458796403040279,0.519390716998283,0.13685838626652924,0.5052806501733353,0.05729040854531764,0.0888867831134913,0.9602757237090663,0.907254842964612,0.9340355837353816,0.10150764252108813,0.2941285476393767,0.2882123379459691,0.1835944425915721,0.7830935564624116,0.28953998010164905,0.28165371007344364,0.727623147090984,0.7750036870139086,0.1674361917140229,0.3351581441597554,0.9978729590070752,0.866171267473425,0.22542603600003341,0.2574889333171646,0.4959180242300091,0.5051583380970828,0.8188955569935362,0.20233702792741093,0.7906336237577546,0.036266538622004796,0.9422338514245896,0.9138072349594926,0.9170141053431686,0.14385849466879486,0.2662775359458469,0.10197269251004382,3.108836592758172
