center_0,center_1,center_2,center_3,center_4,center_5,center_6,center_7,center_8,center_9,center_10,center_11,center_12,center_13,center_14,center_15,center_16,center_17,center_18,center_19,center_20,center_21,center_22,center_23,center_24,center_25,center_26,center_27,center_28,center_29,center_30,center_31,center_32,center_33,center_34,center_35,center_36,center_37,center_38,center_39,center_40,center_41,radius
0.6380383289950147,0.7901426620273484,0.2724031469534578,0.24539783960718142,0.8130014239078247,0.16106985370284643,0.2977410437631085,0.7093287732260858,0.6984727892142163,0.7037034564298527,0.8107646339666799,0.6818004656120935,0.10694308808044706,0.2935815300235757,0.6921854654862163,0.08892807858138163,0.32204963956623156,0.37171223150905053,0.21408593489279948,0.24446192782832432,0.5415323955017706,0.21422380339360458,0.6934208354871441,0.6045507456055715,0.6054169752901101,0.816655031011789,0.9174016091826024,0.7444046083826307,0.8917360628775481,0.1668425353789268,0.6837947642210974,0.8418566137172124,0.11020930239690296,0.5627309080986052,0.952797830387568,0.19392152630596193,0.9761740472372846,0.10529042497960583,0.4059537714742366,0.2682071103409408,0.5420993521330278,0.5340532350959577,3.2562080231316406
0.9595772509478286,0.06457477579308746,0.8974409935941606,0.6679236717347016,0.884274882701356,0.9393513101185577,0.8969285988293377,0.27299613491691466,0.17131988970530287,0.5788941553760593,0.5064690261460174,0.597638420440865,0.9721434121263756,0.8926023255617755,0.4112239104499136,0.83747913159998,0.03520572766904162,0.7046492730007445,0.5057795804608117,0.13426250285545083,0.08959252714530519,0.7542230974907317,0.050351920016045715,0.3876814572919539,0.04252662185863676,0.31184489093727574,0.20348644205429656,0.9098762568789999,0.10078751177315781,0.057081016577697485,0.18472934387941087,0.6019187657524738,0.7459796230377068,0.17230194696532086,0.04340130555152,0.6079404333446154,0.10154287275363638,0.4519280990712038,0.37790187449306833,0.9593667457794197,0.17408200883687763,0.4309003303703205,3.4621660407304145
