center_0,center_1,center_2,center_3,center_4,center_5,center_6,center_7,center_8,center_9,center_10,center_11,center_12,center_13,center_14,center_15,center_16,center_17,center_18,center_19,center_20,center_21,center_22,center_23,center_24,center_25,center_26,center_27,center_28,center_29,center_30,center_31,center_32,center_33,center_34,center_35,center_36,center_37,center_38,center_39,center_40,center_41,radius
0.041209374970226254,0.2647877975858476,0.393974330345252,0.3353693610702626,0.6362969786749817,0.8549307625693713,0.37158668967122954,0.8108824079472885,0.09058588311189719,0.5568233996720143,0.5270272679486276,0.5102863093117878,0.3799355652567342,0.9087597227558912,0.031170128488025473,0.5723284008995094,0.9763172259611596,0.4826891223368591,0.7992032426805971,0.1098868755610829,0.9383405979797782,0.6912544226975309,0.8057906687924344,0.5504220095310267,0.9343625710229194,0.041776925082388616,0.6693361592453156,0.7016321712740663,0.11324089574523799,0.791938724918305,0.608818839993288,0.053767151233621635,0.1772333592616664,0.11615220232691104,0.7317315012088067,0.6085145485816721,0.7084357247000689,0.9497229355287764,0.12952461551142214,0.43307247599150134,0.2035007286019499,0.10257283760952518,3.3420145311564515
0.9797122594625156,0.5993329327720338,0.49837725644901565,0.7969770516921177,0.5934442039478959,0.36692455351868025,0.16234544741318546,0.778310943934467,0.983249226435537,0.5431683310109958,0.7084487236697548,0.08038765007175908,0.38813211817913185,0.13652734967653068,0.9183908422897707,0.9975955000625701,0.42396991520838534,0.03002896688475276,0.1623888015002729,0.5330186956296801,0.10912529131750981,0.5085395579612026,0.39597632882962586,0.8331146751429918,0.09193305949163,0.778762746732727,0.3489789172593404,0.2277656705120633,0.4387189181819595,0.0539639791393568,0.9884044241515053,0.8140179976088188,0.6905002414012233,0.9951196144287071,0.13599989460706707,0.08115938363115338,0.8042289281225694,0.7460633641219232,0.8761446445059945,0.19576856845942792,0.778285983740634,0.9406320496597407,3.614897836191662
