center_0,center_1,center_2,center_3,center_4,center_5,center_6,center_7,center_8,center_9,center_10,center_11,center_12,center_13,center_14,center_15,center_16,center_17,center_18,center_19,center_20,center_21,center_22,center_23,center_24,center_25,center_26,center_27,center_28,center_29,center_30,center_31,center_32,center_33,center_34,center_35,center_36,center_37,center_38,center_39,center_40,radius
0.7280109391850819,0.6929311519417302,0.6807318295537127,0.7168752574816405,0.17152244910719683,0.6964315310149873,0.9082492448514989,0.6135131243186566,0.4674908354498005,0.22599395078897455,0.6303218660996596,0.7902297704963741,0.1451973776010087,0.3039292164480476,0.5594801586932643,0.03154673774933581,0.6906254613294277,0.5344979264141382,0.5235927471287087,0.0494888985148616,0.6516290482333437,0.3546519765096273,0.8629077004995744,0.20108552115062128,0.28837557018884175,0.09040704153835799,0.08690833648515695,0.19935862713749442,0.8441908254319281,0.6698200736830062,0.556247584749888,0.7292650956733967,0.7093276176371337,0.6317628388985624,0.8215242740065812,0.8899749417423886,0.42202221622582525,0.6928941293623495,0.8527492783928646,0.6391605533355993,0.5946022300568016,3.077116832550888
0.03270177669261043,0.2293988551482018,0.9395887170958692,0.8336749541797935,0.9549243241538999,0.9747664057681674,0.12622033910238184,0.1474308840998817,0.696320122414042,0.9958097747836453,0.03242183636081564,0.20280562006847025,0.31127168409549144,0.9749615671433256,0.0396945145695744,0.08151799282891836,0.09072674457527152,0.9738936700627632,0.7995321762041264,0.39225327917805874,0.19853474087814094,0.570139431575529,0.20141291723757038,0.5274864944625564,0.3577677537190391,0.7210722227610942,0.5920810782740574,0.6898568218778504,0.7224455235412907,0.00838931404565213,0.310605008704005,0.5176285902839663,0.30009514872246035,0.16699682229084645,0.148422049069729,0.0654070778339011,0.31872725293329485,0.43706570978720205,0.3006726952553388,0.05284232354567875,0.5296074837607051,3.0396777199199083
