center_0,center_1,center_2,center_3,center_4,center_5,center_6,center_7,center_8,center_9,center_10,center_11,center_12,center_13,center_14,center_15,center_16,center_17,center_18,center_19,center_20,center_21,center_22,center_23,center_24,center_25,center_26,center_27,center_28,center_29,center_30,center_31,center_32,center_33,center_34,center_35,center_36,center_37,center_38,center_39,center_40,radius
0.32141082033865087,0.5160354519415669,0.4897828689093855,0.016146586041074995,0.7232623121397819,0.25379916868182384,0.8570652742723758,0.23600806686650388,0.9518989543727533,0.4705931836168833,0.7518542793477627,0.7011211698896727,0.6704079100003753,0.9762428058816787,0.3830775592386845,0.4284703071532039,0.4807401130736513,0.6981373366371093,0.9555596533878099,0.2668013430648841,0.8580775759306813,0.21545347008506888,0.3440774837864853,0.7988499201355422,0.9312732758839228,0.538849718638197,8.024271115958381e-05,0.7742327978070296,0.03003289368496176,0.7495775353457418,0.4368731404651821,0.393207086015151,0.43705794177296564,0.6224541652270259,0.8060148388215667,0.2368831628900031,0.05701279364851919,0.0529213766396992,0.3685344682486238,0.008766641889327964,0.21287256301004143,3.2997220848122577
0.4885632383750783,0.44947633253086794,0.030730617858669262,0.6069962021889571,0.12372495891097945,0.9206553273529029,0.05254003063065549,0.5755456932307009,0.22073647033484467,0.731326229216009,0.2660852528611185,0.651721022024334,0.00021049326677946567,0.12631490893912456,0.44430628108978387,0.05289123810451324,0.18625478011452867,0.1299241466616633,0.6667421743592925,0.5473908168009055,0.30696161957782686,0.7671682067790488,0.33190746117224457,0.05912423817219459,0.019990962004133195,0.6410662500125494,0.8890336400937404,0.1558152939031482,0.937588698344501,0.3991002204807891,0.40032090840988377,0.027761847046924748,0.5436335946534544,0.04670414863735195,0.44829813828322196,0.30281883909883267,0.9997223053634943,0.8159399642592139,0.07130255114045592,0.21678781244174905,0.05667808287888032,2.6163046512204353
