center_0,center_1,center_2,center_3,center_4,center_5,center_6,center_7,center_8,center_9,center_10,center_11,center_12,center_13,center_14,center_15,center_16,center_17,center_18,center_19,center_20,center_21,center_22,center_23,center_24,center_25,center_26,center_27,center_28,center_29,center_30,center_31,center_32,center_33,center_34,center_35,center_36,center_37,center_38,center_39,center_40,radius
0.4607769447908163,0.2026030903909226,0.7401953770665901,0.04227608158638785,0.15185750180466318,0.46579464446991614,0.6815703334567322,0.222098120774609,0.6747967816035518,0.4879765301538135,0.524468166469988,0.30942843153970756,0.03119644718837966,0.10329676337414362,0.8201533852780455,0.6653173398829234,0.6049759170971084,0.7130549485133734,0.4342265460378111,0.537375588796818,0.7391919296246399,0.7224930077127394,0.7974002383907557,0.9015971857229234,0.5866180059158825,0.6689692815782932,0.6471409203764796,0.9414879710594827,0.7266950240559094,0.627825869718505,0.04772332165362325,0.9357371762300556,0.7945285017239746,0.6530926499830859,0.2539974690943141,0.35401181650026436,0.20807216932467787,0.6136404256124904,0.6135847070925181,0.2358947310361068,0.8164901618581408,3.325358522415236
