center_0,center_1,center_2,center_3,center_4,center_5,center_6,center_7,center_8,center_9,center_10,center_11,center_12,center_13,center_14,center_15,center_16,center_17,center_18,center_19,center_20,center_21,center_22,center_23,center_24,center_25,center_26,center_27,center_28,center_29,center_30,center_31,center_32,center_33,center_34,center_35,center_36,center_37,center_38,center_39,center_40,radius
0.7605143548872906,0.9466211980562687,0.1354708322993251,0.7610575342007254,0.9284738389852897,0.3204196641335453,0.7319668367074796,0.21510284635484966,0.3933845549610302,0.542080920326956,0.11487410794116082,0.6617661600310424,0.9344712777287782,0.6653935715093615,0.3278275455082662,0.10613116674083789,0.7468126693767536,0.36491702524880587,0.9212348299364039,0.3113017661418286,0.7447432309912316,0.16232404413242751,0.9283702630545739,0.08775098693571759,0.5336571302733439,0.4650952414529861,0.33697216707560973,0.43144986927241,0.6876482527546433,0.7846533606692805,0.12001926753219139,0.6526635651162946,0.9449191034489465,0.38007145859850033,0.1069939100069871,0.9381800268967434,0.8305839256776769,0.8485504177084606,0.4372303176118868,0.8495253888536655,0.9876449002797388,3.6188482143079237
