center_0,center_1,center_2,center_3,center_4,center_5,center_6,center_7,center_8,center_9,center_10,center_11,center_12,center_13,center_14,center_15,center_16,center_17,center_18,center_19,center_20,center_21,center_22,center_23,center_24,center_25,center_26,center_27,center_28,center_29,center_30,center_31,center_32,center_33,center_34,center_35,center_36,center_37,center_38,center_39,center_40,radius
0.8218453355747006,0.16246512426101456,0.27307145986305814,0.5555264070118571,0.7789456769114139,0.37662275941137435,0.3409337469219297,0.7097614450423897,0.9203474465089848,0.9787743450353033,0.3138502251936609,0.14172598962399774,0.8592227201643642,0.8212276198634197,0.5124323730576369,0.5499276129367517,0.7846231411278283,0.7377079324659661,0.9982930099940789,0.7720298362808948,0.25709306121723563,0.14784265658437967,0.1606008817857939,0.6742282684539017,0.05279704742098912,0.45617095046653866,0.276024508447008,0.30704783779461464,0.21949245367048908,0.1499593633665408,0.06462541607727246,0.002740030775868929,0.9381038714802893,0.8018239956131245,0.23646741031152807,0.005419848076905098,0.01115881246460848,0.382475411156481,0.2544600739123579,0.8001392988251212,0.46963980682928264,3.44536474752611
0.17240251158013686,0.7372763988003382,0.9977438656835563,0.04864073832048754,0.8169307094557469,0.6484481660189454,0.8395216973007755,0.5326666865939925,0.1935474462521395,0.18823500015268446,0.9652810852148005,0.6899531611967803,0.17093175691270457,0.24718022538654227,0.10366767097670115,0.4941748614756848,0.14349030069164015,0.9263586112882428,0.4750783262544579,0.11174599890506764,0.03665356034212053,0.7930953606162868,0.09396654562972317,0.4657294576011384,0.43754595558647147,0.9994111021701059,0.29365713988649267,0.8731410242759992,0.8467496853760308,0.9976860365796275,0.5753167439769536,0.8093706531746815,0.2251536872558989,0.16155176048408015,0.8521139854748176,0.8733789985426221,0.9624695159749451,0.7088415300736371,0.5024108272147112,0.8417380829499626,0.49086093046375046,3.5070799637965564
