center_0,center_1,center_2,center_3,center_4,center_5,center_6,center_7,center_8,center_9,center_10,center_11,center_12,center_13,center_14,center_15,center_16,center_17,center_18,center_19,center_20,center_21,center_22,center_23,center_24,center_25,center_26,center_27,center_28,center_29,center_30,center_31,center_32,center_33,center_34,center_35,center_36,center_37,center_38,center_39,center_40,radius
0.9517010223625134,0.3916853187553704,0.030334896302566805,0.677335421765624,0.8987313137402118,0.5317345752472844,0.5723830959411708,0.0800303582896641,0.3495339573496805,0.8997403627970088,0.23674182809192756,0.839838044724116,0.8808245982631168,0.47312315620432843,0.17938939886377825,0.0665322822068447,0.6082311921891115,0.3447633831037187,0.9615834401983328,0.9319515420781492,0.43259497857767204,0.8566872986550197,0.15696459101394988,0.27404199217681335,0.11737721200084228,0.7521010793035795,0.7466149432267551,0.3870358761914833,0.5733534837475853,0.8026621747872686,0.6178257118772054,0.011806211336814032,0.44874161236105725,0.9442325878916432,0.1664513366799606,0.08937108857260656,0.6726718204099246,0.7942376403777608,0.30147324813293386,0.7914915856085751,0.07763216293359598,3.2800735371396215
0.4926618439647462,0.7615048312428612,0.8236914689115886,0.8608185230493242,0.801398012281407,0.3896480871009037,0.045287300506939854,0.8362155656093626,0.7864542843872625,0.8061260679724629,0.4954389956969084,0.6974648376432898,0.1139924651598726,0.033677219391273994,0.926246594526194,0.6711854477916913,0.2040234694430475,0.7694475969999447,0.2718249666221392,0.7927770869464922,0.6579165771834716,0.05293286843154532,0.923406857249,0.7340179571130191,0.5012305875382695,0.18165030955764294,0.9701926495095444,0.5910222452626757,0.46992109011257654,0.09813893620189729,0.9083752435035496,0.6469583326478188,0.8991808201127378,0.32887855351671746,0.918015106688243,0.991652057580284,0.4269119340820894,0.13536085583703217,0.4221260628309259,0.4201763913728981,0.7533412100006601,3.4790003713451574
