center_0,center_1,center_2,center_3,center_4,center_5,center_6,center_7,center_8,center_9,center_10,center_11,center_12,center_13,center_14,center_15,center_16,center_17,center_18,center_19,center_20,center_21,center_22,center_23,center_24,center_25,center_26,center_27,center_28,center_29,center_30,center_31,center_32,center_33,center_34,center_35,center_36,center_37,center_38,center_39,center_40,radius
0.35657258597695474,0.6456447853383402,0.2311838660572092,0.6390576744076387,0.9543671894749106,0.3811546248536324,0.11350989878274842,0.47050548036628737,0.30149664278877997,0.7473360682724883,0.9532340029475836,0.030306878549874794,0.8431275420374446,0.42253442464304036,0.40310200965740006,0.8870090383976614,0.512366776729318,0.40700764041250526,0.754113740859894,0.8302336183665379,0.9038165295954133,0.7960995881475765,0.33864523353523723,0.3240559882050471,0.8711251708527814,0.7336338425876839,0.5950982791818424,0.876887096037423,0.042124337934620004,0.1483064123053971,0.6299324934448627,0.14460961623879942,0.674129162166101,0.4930861318877854,0.8404119397929393,0.27496456354776033,0.19441718907633876,0.5616354317447136,0.9360227640758707,0.9916938846328073,0.7196778898584845,3.621687555878334
