center_0,center_1,center_2,center_3,center_4,center_5,center_6,center_7,center_8,center_9,center_10,center_11,center_12,center_13,center_14,center_15,center_16,center_17,center_18,center_19,center_20,center_21,center_22,center_23,center_24,center_25,center_26,center_27,center_28,center_29,center_30,center_31,center_32,center_33,center_34,center_35,center_36,center_37,center_38,center_39,center_40,radius
0.10019529133242111,0.8180322241673325,0.4203805685367452,0.46687061331108803,0.2464443628940266,0.022460417996241766,0.06303199823957539,0.12108427447598347,0.261371627337489,0.9477708135892506,0.20636764668000696,0.7684517251237779,0.8600722272806569,0.23035903165146443,0.3194678611247973,0.8749460059150065,0.7694275215547425,0.5769772114502607,0.04215792234781446,0.9612880523138316,0.7408183370497707,0.6035531240861484,0.7443367111151207,0.09829517243689445,0.8866510760017009,0.9465656219429056,0.7778786784748718,0.858326475052049,0.3881137212852127,0.3581013916980962,0.9453983004528812,0.2643939427786064,0.3219601718655708,0.21571585566336093,0.33453696518873866,0.14280972632611555,0.907273133080629,0.35441366977470623,0.564451040587299,0.1051385984938149,0.2225587685293573,3.2395471764392734
0.8563154719676437,0.5314843959643826,0.638728842025867,0.8482239306578442,0.13828096489185182,0.5461709770918223,0.9827314299545942,0.5059248049326281,0.8567946177775434,0.12051715848027622,0.7931668420121584,0.9482735587311685,0.36892292105137026,0.9835813489745012,0.21320994446564911,0.3128658952336216,0.7346549247755656,0.8074744879738245,0.8067322097156147,0.11024172969929535,0.40588305653521395,0.4704199259936861,0.3228549400515828,0.6447965335093206,0.48516514674551425,0.04159463113136219,0.5167962401975312,0.16481393187284277,0.646887453039463,0.9526347065839558,0.27359413771642416,0.42547791168319493,0.8547094123210023,0.5365956626216632,0.9562531276021528,0.8881966736821714,0.668746757826253,0.46948451545767655,0.017235206397398506,0.6727968486250316,0.23480381894815971,3.2225722517615174
