center_0,center_1,center_2,center_3,center_4,center_5,center_6,center_7,center_8,center_9,center_10,center_11,center_12,center_13,center_14,center_15,center_16,center_17,center_18,center_19,center_20,center_21,center_22,center_23,center_24,center_25,center_26,center_27,center_28,center_29,center_30,center_31,center_32,center_33,center_34,center_35,center_36,center_37,center_38,center_39,center_40,radius
0.4105531567410553,0.6534387135381516,0.14185268604269774,0.6193961800176458,0.5242662487279905,0.2058397333273273,0.17425692927200143,0.5975182255300027,0.34148630797326807,0.7330171815451968,0.5267411280324287,0.4154863343341223,0.5394812444910314,0.18714942188002293,0.261283443672081,0.3427830324620582,0.8738163544582942,0.034155927920659246,0.9888697553335718,0.6098822495656666,0.277545413849397,0.7176456044823992,0.741779974543772,0.10781178287728699,0.21306576914969955,0.9065812498482969,0.7504926219752689,0.04195533575846544,0.9242017808202206,0.18416581174584012,0.5413219920643756,0.23888335460854682,0.04228176597581568,0.9079981095885864,0.6149353870443772,0.6213641723765431,0.0836676873382386,0.8797062935434192,0.6733675422357365,0.26266751425281665,0.05846172235254998,3.0602643286195383
0.45447936589307414,0.6352505159932926,0.22570384704625146,0.4960698003424787,0.4891144499184118,0.37573966257742863,0.9822892129405508,0.8306435479922887,0.5234980029605689,0.13426223429509387,0.941375192560453,0.9579915141969059,0.7400578833776162,0.8961178657149044,0.9380803739827422,0.0035887451069759324,0.07064595752381364,0.9937532783454551,0.7800340323919951,0.2538158375213859,0.49186674680207876,0.0723400687953637,0.14381649212298286,0.8640566524951827,0.6009129110583378,0.6982924557041329,0.16294679013586721,0.932377834920165,0.49283727531208954,0.3535232018579402,0.7769824210745839,0.7026355173033303,0.25367817172615503,0.5660666560476803,0.979273279729588,0.7136518241272897,0.08514667451987834,0.9767423361283343,0.01461727515667921,0.8112443772417841,0.8696449389525714,3.727003897598898
