center_0,center_1,center_2,center_3,center_4,center_5,center_6,center_7,center_8,center_9,center_10,center_11,center_12,center_13,center_14,center_15,center_16,center_17,center_18,center_19,center_20,center_21,center_22,center_23,center_24,center_25,center_26,center_27,center_28,center_29,center_30,center_31,center_32,center_33,center_34,center_35,center_36,center_37,center_38,center_39,center_40,radius
0.8178732077779697,0.5550273170879552,0.7019267154333604,0.2376075200243788,0.1307627598466562,0.5668241810179351,0.4834128166245949,0.35569277468728233,0.9016785112383164,0.5549674948356083,0.39283293075774284,0.44056526392786044,0.6894978269830991,0.46168098142754777,0.46905688591897643,0.3284208111875776,0.8724887366765893,0.5949969843614741,0.7590390348840251,0.21529400407858124,0.4371965499755638,0.38538896284751323,0.5406563816200571,0.9630960943956861,0.6801349559064123,0.7686453272690034,0.5573745932268812,0.7485491851015472,0.019622579749272284,0.39696354116488597,0.3948851653879534,0.6319539115151331,0.8155687711802931,0.2813133855885497,0.19178436181480507,0.10701924169755794,0.718058314375477,0.8744285040486008,0.9028580840475571,0.4332960584940555,0.5103795068210124,3.433112838219832
