center_0,center_1,center_2,center_3,center_4,center_5,center_6,center_7,center_8,center_9,center_10,center_11,center_12,center_13,center_14,center_15,center_16,center_17,center_18,center_19,center_20,center_21,center_22,center_23,center_24,center_25,center_26,center_27,center_28,center_29,center_30,center_31,center_32,center_33,center_34,center_35,center_36,center_37,center_38,center_39,center_40,radius
0.19774376488818768,0.27987808706665107,0.6247510520625995,0.029914424777832238,0.5119578158545283,0.9805970375622077,0.41544845741506,0.22582951004281016,0.8101124443304513,0.5155196321836897,0.099184568774497,0.6360281671581542,0.9378638809261998,0.3359772699640038,0.8718859890207303,0.05712542982313795,0.8007771667805607,0.6109144214848834,0.5674637242207073,0.9721848378535091,0.428839843678934,0.4000877800605146,0.11394715864767335,0.45665831258701706,0.1630538519078183,0.28144970557392146,0.5520187163646226,0.6439804721198179,0.1393224185501687,0.23993371866276947,0.6307120604085995,0.8964786314226173,0.7492765735410624,0.9021561428681726,0.9709846894652238,0.4028895016821996,0.010803525901348476,0.3357030294068841,0.16682303632940765,0.39471698238076336,0.2599697838486127,3.2136570249582794
0.29892942359792607,0.8167535473824913,0.5349829764999683,0.2911019646435641,0.30830879716976534,0.16722520774412442,0.8942666377446755,0.2880608454316481,0.010465142421169027,0.40676894330937097,0.6627305071318768,0.08507120131909762,0.8575292448433315,0.8004003790944204,0.02246052486445438,0.7994988502405991,0.02120716540766998,0.7074075929617998,0.3969185379016573,0.786649376232308,0.4743909913512613,0.7996484724409315,0.818469878397393,0.0641380120052224,0.2746599112339423,0.9851867006354952,0.6562253924037447,0.12254090368743897,0.9555313405486908,0.15985739539859523,0.4269689247911055,0.7882771587568976,0.03410239517447344,0.21585711261547214,0.13724258934788836,0.9006536177173615,0.22615478566838,0.9012911779889112,0.9973651620422432,0.474837961213569,0.8507007983645224,3.2036841449296425
