center_0,center_1,center_2,center_3,center_4,center_5,center_6,center_7,center_8,center_9,center_10,center_11,center_12,center_13,center_14,center_15,center_16,center_17,center_18,center_19,center_20,center_21,center_22,center_23,center_24,center_25,center_26,center_27,center_28,center_29,center_30,center_31,center_32,center_33,center_34,center_35,center_36,center_37,center_38,center_39,center_40,radius
0.36376657384102806,0.24413407119881925,0.2758891583693963,0.4092844053308756,0.3289957033089752,0.25557839147048855,0.6457775838223725,0.11929739122686223,0.5102035294117756,0.8435221846533905,0.5781397898787052,0.474003138784974,0.07063798489960271,0.2547446889156395,0.8789807297829726,0.7846056966594198,0.7447393190420937,0.6240918343206674,0.16705124423012585,0.23602429930585522,0.016106379509615132,0.709226195036294,0.1722901446968711,0.2548318508720723,0.16267115370594354,0.3795409147174059,0.5008152553691697,0.7849092642005193,0.37366743236864897,0.1282560030774622,0.47272365662139404,0.12785777313093216,0.36589678347659194,0.04866146416842099,0.9211883115528622,0.5300368082352442,0.9188140826644504,0.22700411360951533,0.3781576067245539,0.7624955782642527,0.6677934823005923,3.132782725506434
0.9139517926485063,0.9855421496693572,0.25934657854713583,0.6903579727934578,0.6782634215479135,0.9816737182451173,0.5140690386507221,0.5211521213329349,0.29522113379105497,0.6338071188726463,0.28473600910027097,0.005536955764538165,0.6466873311631252,0.8730938837201869,0.4072428360630622,0.9744397586286261,0.32545878857954136,0.2879477786466893,0.7027092291176034,0.6843931181853808,0.6315064472753364,0.0462156932498371,0.9869822601599286,0.9814358423102941,0.924220103037065,0.6743556723036036,0.8623263283495807,0.020628439506520935,0.3730992350547222,0.7319961480652215,0.5035927839787314,0.8665763872478541,0.9335531147180599,0.7381343190554697,0.0903039500023437,0.5023351076247256,0.6685738582624053,0.28686823211476864,0.05722570028426899,0.6739774959624282,0.0040856223767421485,3.5311421031790227
