center_0,center_1,center_2,center_3,center_4,center_5,center_6,center_7,center_8,center_9,center_10,center_11,center_12,center_13,center_14,center_15,center_16,center_17,center_18,center_19,center_20,center_21,center_22,center_23,center_24,center_25,center_26,center_27,center_28,center_29,center_30,center_31,center_32,center_33,center_34,center_35,center_36,center_37,center_38,center_39,center_40,radius
0.9034358006218469,0.03524785634780958,0.9632215432094752,0.03291831202647055,0.2142606240293612,0.6085402561951894,0.21227581924445504,0.630662441714613,0.34535769339191946,0.7108018520041496,0.9798971883407003,0.38076695723308984,0.6266371281599941,0.6525635909734128,0.9728074009818813,0.7784013450744591,0.9870630438234463,0.07243734648509781,0.5472184112149785,0.08311383768657321,0.5559745272970633,0.00952113454838166,0.555861313318262,0.846427193315116,0.9462944414301199,0.5571039979595966,0.9171676856506854,0.21569751099287238,0.3318414627790839,0.7720232928131265,0.6163935990643785,0.9454284482282779,0.2788247000491453,0.5151572632233726,0.1817429398024284,0.09907157441808923,0.9117930910503366,0.6600732430176316,0.9163857746726791,0.4766855495457327,0.9891210272906193,3.737793838130805
