center_0,center_1,center_2,center_3,center_4,center_5,center_6,center_7,center_8,center_9,center_10,center_11,center_12,center_13,center_14,center_15,center_16,center_17,center_18,center_19,center_20,center_21,center_22,center_23,center_24,center_25,center_26,center_27,center_28,center_29,center_30,center_31,center_32,center_33,center_34,center_35,center_36,center_37,center_38,center_39,center_40,radius
0.7245770711078425,0.4015690863010799,0.6706473513674983,0.5239636906509755,0.1702934891320399,0.7937869806371886,0.4263591082929491,0.5722222677682198,0.019736060043842207,0.11732716823912559,0.6981540623272516,0.9543094678558077,0.9905716332403756,0.7633186429989747,0.3096050420277515,0.2677033719159304,0.2872783549082506,0.4383313658802993,0.09424946996517136,0.4454036722773652,0.011795547056876576,0.33850591811378195,0.1003247301501824,0.6953460832213166,0.6096288480235802,0.4723953239135569,0.3683602982963332,0.4830802121755169,0.432322605912007,0.4502173957149792,0.37731529586324464,0.7541393669050858,0.6183027245034827,0.41063805937554865,0.49680132496910245,0.6458399234631543,0.9681020610797038,0.9569726429199271,0.5148221821201768,0.8118526288790082,0.59779296638971,3.0765813512575746
0.7772531300437071,0.8311553622646312,0.8506667713540845,0.13045274180148014,0.8909447293408319,0.7129534236569872,0.8789899893215679,0.9685746351854957,0.9281523629659302,0.7336658118915903,0.19916634486503115,0.12919892511309694,0.23314767204905396,0.7824868518356141,0.8435697581183184,0.7784079910659348,0.8844594744455783,0.8956722429609352,0.9797438930751549,0.9095302699878619,0.8524182899607332,0.8285514174967975,0.5733293308395017,0.29638718297454425,0.6810785852497901,0.1581021768734322,0.5679232119633442,0.3552810341402046,0.4270121657557151,0.635632592278872,0.6612217330104024,0.4200589353751002,0.7340292413197522,0.20018191195361712,0.6911363425851197,0.22765563266931188,0.18076301125157435,0.45485794524259526,0.6471140497937279,0.11833869574334999,0.8402721635425913,3.9015551010697678
