center_0,center_1,center_2,center_3,center_4,center_5,center_6,center_7,center_8,center_9,center_10,center_11,center_12,center_13,center_14,center_15,center_16,center_17,center_18,center_19,center_20,center_21,center_22,center_23,center_24,center_25,center_26,center_27,center_28,center_29,center_30,center_31,center_32,center_33,center_34,center_35,center_36,center_37,center_38,center_39,center_40,center_41,radius
0.887549279767512,0.3400209704100968,0.8853834609853604,0.11137594507842441,0.16778799703377623,0.28297510150176,0.605410608210799,0.989203063501153,0.019578603439543762,0.650522135808295,0.46031704864240275,0.24123366185627715,0.35309890357250207,0.7010177022009416,0.5952945789849883,0.7704285876387194,0.437652365176026,0.9837276168092765,0.15375482793839057,0.4321928048829482,0.15932161305567705,0.7953753265433149,0.617553864103014,0.5440504070763083,0.1525020688682195,0.4925486614074883,0.4789435326128928,0.7906250610206332,0.010014651759018278,0.8919033858383167,0.22015941776619252,0.2769886746135577,0.5077395311601767,0.3086869007472999,0.060770649956633616,0.5039691158597488,0.3371544296384219,0.2203202708083588,0.7412168192643657,0.3750463010585524,0.8573419663956054,0.4744666786065851,3.2824626123786107
0.3771392519456964,0.06620415450156747,0.04544180709744261,0.6083520512214412,0.9247909397464715,0.6918513504956268,0.21889376203723576,0.7050804819443152,0.9688120745001854,0.6141443529243326,0.26662201167074995,0.8991974133913694,0.20145140742847056,0.23394573575895128,0.08724316033083579,0.3172015599290725,0.6755178103933319,0.9313711696151143,0.9843169257800732,0.8754251285483426,0.8657685068284376,0.8298438552248573,0.3818373007338619,0.6237659051503622,0.9202487541277555,0.6132928470742247,0.7529400488822253,0.4940335990550184,0.876119727547018,0.03540346570189601,0.9445300629062923,0.029867924361078657,0.17649970206372723,0.18796331481516138,0.6714343446930408,0.9573590220402192,0.921441428907382,0.8829062888782866,0.5531500573009825,0.02499139111041393,0.23189574184413342,0.9835634274673858,3.7970146039446324
