center_0,center_1,center_2,center_3,center_4,center_5,center_6,center_7,center_8,center_9,center_10,center_11,center_12,center_13,center_14,center_15,center_16,center_17,center_18,center_19,center_20,center_21,center_22,center_23,center_24,center_25,center_26,center_27,center_28,center_29,center_30,center_31,center_32,center_33,center_34,center_35,center_36,center_37,center_38,center_39,center_40,radius
0.9921418033582632,0.8577636900346601,0.7794949545336548,0.6823602917101507,0.21212985163067777,0.566586334416986,0.9649041087514489,0.13332893864112783,0.223687180057889,0.24501183446968844,0.5791303648809342,0.6511838500298966,0.09259564287408151,0.9734846346328797,0.12864343209826035,0.27372745037319723,0.9244042103315034,0.3931681895020597,0.2732319575297215,0.6223450578519041,0.6129425592771691,0.4363535630836881,0.6695018908147694,0.20523647586740368,0.7342739136956712,0.07726107928633263,0.7682270739699564,0.6720577338972253,0.1230610914716379,0.17467163712220524,0.07670100908611355,0.3802023845676915,0.8125897811771642,0.5676212585365358,0.2528872793378556,0.08090359201313047,0.6391140069996458,0.8180023836344739,0.5046681910797579,0.1069620680635398,0.3908330300145798,3.0790047046019797
0.13429146056185093,0.1549023895407008,0.849274170609155,0.7574135335066701,0.74221228759467,0.947116705167255,0.9588100572788784,0.9190274322111002,0.30073897873589506,0.011000338681965594,0.5563565942597352,0.69311898266701,0.8911601631214603,0.5713858572090447,0.6330120307004075,0.916722040227723,0.6235333887639591,0.23300193766034927,0.7070582082431381,0.8338767395747942,0.3283513750573003,0.9589003809637654,0.9448824540962547,0.9932808837987259,0.596468047086403,0.9972798785424752,0.5727097039172526,0.5955956204614768,0.8604742951520684,0.1976588825548088,0.9308297984815269,0.4978289912964552,0.8936687582050084,0.09661806443821153,0.9501314531056352,0.6577559457673583,0.010539130512063566,0.9589712987396096,0.056909278504482796,0.8312149582171755,0.1459169204244508,3.8285001904506797
