center_0,center_1,center_2,center_3,center_4,center_5,center_6,center_7,center_8,center_9,center_10,center_11,center_12,center_13,center_14,center_15,center_16,center_17,center_18,center_19,center_20,center_21,center_22,center_23,center_24,center_25,center_26,center_27,center_28,center_29,center_30,center_31,center_32,center_33,center_34,center_35,center_36,center_37,center_38,center_39,center_40,radius
0.13305309276687638,0.8190042331316577,0.03954218820700939,0.1304679475898154,0.8656242072235002,0.6648920435597797,0.8133477581546944,0.04949257824982023,0.9854617477556828,0.9847476254552571,0.4529361103955002,0.5791075396458459,0.47595448668334883,0.12037960815816218,0.544413086435417,0.6954866633362521,0.3247414265723655,0.8755327402357982,0.01807604660712625,0.7237401289248865,0.810026426220537,0.6878289347501308,0.7628259027392985,0.9351933358374865,0.42753174770775704,0.6141399303926554,0.3876815104599668,0.8236853116198716,0.5701610480822595,0.2815253290686993,0.23116909585340106,0.3845200653691323,0.8583637578023249,0.41089721892393205,0.5058457178378415,0.9865861418007104,0.06992642020804463,0.07442340232662237,0.7932852395061106,0.12808624067562313,0.12031638596411764,3.4511557847467653
0.4643305740155993,0.0813630437606302,0.24324124251482993,0.9501902159476981,0.05731626844715931,0.9623219002161071,0.023577053581940954,0.9001365286329145,0.19718347482391907,0.04406404586950541,0.261202518298813,0.9862714079152523,0.7739477467553312,0.642447973670987,0.9353754834524357,0.06114259518030041,0.8932510492904422,0.746201915121396,0.43097834225964116,0.7193133376418925,0.0020316587791179286,0.03989037228888248,0.07391006439817882,0.7433038845508263,0.40240306942028115,0.579953054917169,0.49569680130385607,0.05410996831784354,0.5969319920982371,0.6938758150911104,0.5338908227209838,0.6938982418906153,0.15180132906202704,0.0336381981970455,0.2492896013487481,0.3117736399514046,0.686146096580928,0.8158379989156218,0.20770834805058835,0.6345587377458085,0.8781129102188585,3.073319803821038
