center_0,center_1,center_2,center_3,center_4,center_5,center_6,center_7,center_8,center_9,center_10,center_11,center_12,center_13,center_14,center_15,center_16,center_17,center_18,center_19,center_20,center_21,center_22,center_23,center_24,center_25,center_26,center_27,center_28,center_29,center_30,center_31,center_32,center_33,center_34,center_35,center_36,center_37,center_38,center_39,center_40,radius
0.9127870965861871,0.6729543826597926,0.8627435017102086,0.7906960495922911,0.9669566095535966,0.6353594131951606,0.4571811519987298,0.895782246792913,0.7491571754252565,0.6721065715477836,0.2557176862564696,0.5013860212035701,0.1698785917096125,0.09967403312695378,0.20452822661988046,0.5417460215053123,0.4461669683761408,0.36833511020130116,0.8531706030566168,0.8816847738020562,0.23036156193068735,0.020827002251095683,0.4924244269890322,0.25009780967574013,0.5548849491867729,0.29080616239796797,0.8796323653854745,0.6404425161530153,0.7951119261775005,0.6646305809756168,0.6349173967878757,0.6108341402398807,0.07030957082587086,0.9246504479789982,0.10113784260412428,0.41871695581251844,0.6411080542844775,0.46540974405107616,0.202148350709642,0.329261788190892,0.760408425035748,3.1476197154939833
0.03593241520298196,0.41840990595795435,0.48371931483873376,0.16465749053976864,0.0558816638184233,0.1700168230477923,0.25896048745415856,0.1660935001995998,0.22006007854177134,0.307949847095332,0.9743556786904685,0.9455139819057693,0.45925288228218697,0.6596409794511217,0.5680252303840977,0.07469048423055069,0.08958337218472667,0.6103802116588163,0.19576096142740895,0.12374740981562293,0.3204843909952496,0.4484199411760018,0.9158794580677464,0.9292370376585406,0.5365714527804873,0.8024014661905579,0.42264645625076147,0.5444330081764036,0.33303562109270235,0.5821454039521287,0.8618503186340544,0.40156237663109884,0.733604715729464,0.10143224150496111,0.21578298489191372,0.7313067162893071,0.30026204131691436,0.8772222273937156,0.7713736222213656,0.6655046236105148,0.0947832561063594,2.99387064316938
