center_0,center_1,center_2,center_3,center_4,center_5,center_6,center_7,center_8,center_9,center_10,center_11,center_12,center_13,center_14,center_15,center_16,center_17,center_18,center_19,center_20,center_21,center_22,center_23,center_24,center_25,center_26,center_27,center_28,center_29,center_30,center_31,center_32,center_33,center_34,center_35,center_36,center_37,center_38,center_39,center_40,center_41,radius
0.9613699540807756,0.03150264703209371,0.6310436812286526,0.7735692198420324,0.03398131014047767,0.7589438702696131,0.4800462195842893,0.7273951165500703,0.2568800921961697,0.5774713314764368,0.39177011799415407,0.2695109943652376,0.6236433620129483,0.15480093027973696,0.19444883791268297,0.7374101358952284,0.9098734576213647,0.784765148697942,0.8987262954377405,0.18828290929807057,0.8609488621048907,0.07918376617392242,0.998390928536565,0.07069696100296885,0.5585758352545469,0.4603346584762008,0.8837414058190592,0.8840331386876458,0.42639554352870435,0.48672908784260693,0.7113367815213391,0.7539627706677996,0.08149042524577643,0.4859399882049594,0.13824944292285823,0.5206449306463767,0.35865381111174033,0.3772067934641773,0.735760953054939,0.023545409591519295,0.8353729056933801,0.18235169320912503,3.446070488096886
0.5921211715096611,0.7817331678553032,0.5776664398258314,0.7802703133896306,0.9240005554227115,0.385775223684351,0.10766463038674534,0.9159946637442816,0.8318688197540172,0.18145441535664963,0.4229909416928306,0.8470096970083075,0.25695092785818097,0.9315942380870923,0.8541829005137377,0.24383778273185996,0.49735541770354663,0.48664196846284624,0.38608657526692547,0.9939645586061019,0.15512879320453377,0.946687060431372,0.26211249850898377,0.5860578296952539,0.15996564038656202,0.881877051994491,0.6335908033061325,0.0678140366986304,0.4565744136869029,0.3127092272533357,0.8656277119680774,0.16932478001481388,0.4807707267903506,0.05851411635696402,0.9090479879536676,0.1360884021747828,0.9355149949753875,0.12637908810639165,0.5309053817748739,0.8635619912700634,0.022198492190563357,0.8500991072437675,3.507829890226732
