center_0,center_1,center_2,center_3,center_4,center_5,center_6,center_7,center_8,center_9,center_10,center_11,center_12,center_13,center_14,center_15,center_16,center_17,center_18,center_19,center_20,center_21,center_22,center_23,center_24,center_25,center_26,center_27,center_28,center_29,center_30,center_31,center_32,center_33,center_34,center_35,center_36,center_37,center_38,center_39,center_40,radius
0.06448337326094578,0.4666081382944476,0.23054532478845868,0.9199420550823328,0.5092406004942032,0.6660190679993736,0.694557796678336,0.2564103868851497,0.9901367719865699,0.3608936239847177,0.0318385967665894,0.5798167227419815,0.04503430371336037,0.8411296816875726,0.6086601023048707,0.20965416348741273,0.7421202270718285,0.0503664930959965,0.10513187882059383,0.6431503275874954,0.7033746982632119,0.6281815428041343,0.986797711440674,0.9099116725083843,0.4303982660481802,0.014052129550569115,0.39260489338065696,0.5124308448530845,0.1879562051781939,0.5881891406109024,0.9071077868665067,0.11177065422848553,0.013813596867737865,0.5921845414869084,0.7233134895092848,0.9939422674820461,0.07567278701252045,0.26010759444357223,0.22476878848387705,0.5809757145916388,0.34746601569812985,3.156346089585301
0.9172460502448353,0.8359066153230891,0.5613639230026192,0.6881468947708842,0.6952665759943129,0.9933209985037409,0.7752357585806944,0.985624505540911,0.26796186554913703,0.6323016513468362,0.16004796744087235,0.4853668561376424,0.2839400418648631,0.12430255997853057,0.36776768298551976,0.20235159674889414,0.03727559925801438,0.8265569952036788,0.8993887890359397,0.6885806858196569,0.849052816388844,0.38810377886193603,0.14779837549802355,0.7732528709605534,0.8756932637370733,0.9900641556270272,0.7198045380045165,0.09497114641869586,0.788711841595855,0.7715288911887563,0.3412803637128339,0.8291792388945467,0.3645421513227449,0.024922248587184725,0.5674741170397527,0.26293589657870053,0.10212538218039824,0.9519944727678444,0.5496480339437627,0.9042787327463797,0.7172406546881376,3.401053198903623
