center_0,center_1,center_2,center_3,center_4,center_5,center_6,center_7,center_8,center_9,center_10,center_11,center_12,center_13,center_14,center_15,center_16,center_17,center_18,center_19,center_20,center_21,center_22,center_23,center_24,center_25,center_26,center_27,center_28,center_29,center_30,center_31,center_32,center_33,center_34,center_35,center_36,center_37,center_38,center_39,center_40,center_41,radius
0.46414825268275306,0.9157273082184189,0.8997067650520298,0.08832926018464782,0.6641578877986672,0.029055695820314642,0.45558983232966244,0.3196859361420801,0.574557945736015,0.47577082412341876,0.5633977442118987,0.7758286092767416,0.32595496509629096,0.11072682988794502,0.9651443561062396,0.08409882532024526,0.12706572924365678,0.11500634828909273,0.6845973992662561,0.7882751092947,0.9137903233380285,0.23917351111801766,0.12333687024501439,0.23931371707045734,0.5096330503089832,0.6891794827710095,0.8580677079629059,0.393483489490585,0.6848284285058897,0.3043604388684725,0.6895427908404062,0.1680691230847109,0.5858709521349698,0.9410461360513569,0.8043522763299775,0.6949550085812327,0.88401507658645,0.9929813833673369,0.5883050380818898,0.15491138825768935,0.12045334431143961,0.3347483975765949,3.313812899277577
0.8614088760858492,0.011018895996230849,0.01735113784284159,0.11684593338849025,0.34161318652381445,0.6428670367702956,0.359231815876471,0.08951753565954357,0.45776474031590075,0.5997679946333743,0.899485865716054,0.09301525688895096,0.7874046799532792,0.23305385704227732,0.7687865916403227,0.9068182695126701,0.7611406525159394,0.9875003635630663,0.9488748914916466,0.3526731936868721,0.11919575553518247,0.12316462052410082,0.733379554189452,0.16177456753584563,0.025207189085461934,0.10502399006454266,0.08451178466036591,0.517151365790046,0.5817106591790846,0.28675730288557233,0.9998039371428828,0.8439212554093394,0.1689055564936951,0.1762371997916361,0.3502646962646031,0.8188495117904067,0.16904672879378457,0.19677494425465458,0.22625088395053106,0.7320237536620312,0.9822475158252136,0.407793556884405,3.382694466849149
