center_0,center_1,center_2,center_3,center_4,center_5,center_6,center_7,center_8,center_9,center_10,center_11,center_12,center_13,center_14,center_15,center_16,center_17,center_18,center_19,center_20,center_21,center_22,center_23,center_24,center_25,center_26,center_27,center_28,center_29,center_30,center_31,center_32,center_33,center_34,center_35,center_36,center_37,center_38,center_39,center_40,radius
0.36947533196316185,0.5505785270679333,0.6613004754955571,0.09937884936986663,0.4138559813979469,0.7945986395508471,0.5520510301403626,0.9406702017050966,0.9534845877282555,0.13467371722976718,0.2604449491240216,0.13928152033320884,0.15496466669819042,0.018741742714805443,0.3605682614450453,0.3106672542119534,0.2648734327467439,0.018700091084068005,0.8538140407993828,0.6909083183374722,0.534947812382251,0.40072267879495294,0.1971886776853774,0.1457564591099605,0.2555874967877395,0.028712971457258485,0.7762676285121248,0.40729162745727376,0.5870232968453685,0.9212851677103829,0.9438175214151953,0.7793733170715865,0.6009170459357666,0.33582423021622654,0.7641569828914998,0.420611169375279,0.01624775689154967,0.31215822003461247,0.15660679294151614,0.6403421802176739,0.283789995314922,3.0796262692515546
0.8844472122691968,0.49454740673352793,0.5847723673586445,0.3197530966321156,0.5085404972608282,0.580039626645835,0.5184480263093307,0.18206620911458693,0.022941889587364095,0.8113343627809175,0.6167038736668974,0.7872466906402797,0.5544310089862942,0.9275201798821223,0.5987906397020362,0.17191171357232138,0.27021034168818425,0.629358127888491,0.2999289346909638,0.39699008040863826,0.5564056809980357,0.3719085194652333,0.967396262020274,0.004144784175564409,0.6474392877401333,0.8694109861007533,0.14554834731882815,0.9120608146542151,0.4594804416785979,0.14855629318032637,0.4359664155409574,0.11243993616701953,0.8167373406393621,0.6896299688767878,0.10145198639746111,0.17689915386073818,0.1995581324421185,0.8482540415140654,0.9605430877868001,0.456278369224402,0.6000014799190454,3.3765562365369313
