center_0,center_1,center_2,center_3,center_4,center_5,center_6,center_7,center_8,center_9,center_10,center_11,center_12,center_13,center_14,center_15,center_16,center_17,center_18,center_19,center_20,center_21,center_22,center_23,center_24,center_25,center_26,center_27,center_28,center_29,center_30,center_31,center_32,center_33,center_34,center_35,center_36,center_37,center_38,center_39,center_40,radius
0.26287799192696726,0.825559545928804,0.6118203623208416,0.5932526948709596,0.032621647662557596,0.2913214609486814,0.9323444237637087,0.8354900058922419,0.2608493848910791,0.734447228306694,0.08681373047023999,0.8791444121728793,0.8867510736096982,0.031029239818054166,0.3325291079947287,0.5758448407508834,0.7496578560124786,0.5576863193585969,0.7212988533182519,0.9231259761357032,0.7153468245459131,0.5792995126979361,0.937155156089181,0.8644689527834922,0.5132602903550609,0.4136319844510197,0.6842217531599448,0.3325736436794089,0.23570279395738747,0.5888986098824865,0.1543970413240211,0.2851528061812456,0.5488025592684136,0.3633764732749595,0.9062130166346747,0.9666091876934099,0.7636077734056311,0.5421586087396215,0.29412750559594925,0.8958719158212776,0.049721488704553396,3.4527493922779318
