center_0,center_1,center_2,center_3,center_4,center_5,center_6,center_7,center_8,center_9,center_10,center_11,center_12,center_13,center_14,center_15,center_16,center_17,center_18,center_19,center_20,center_21,center_22,center_23,center_24,center_25,center_26,center_27,center_28,center_29,center_30,center_31,center_32,center_33,center_34,center_35,center_36,center_37,center_38,center_39,center_40,radius
0.37987909882844295,0.6303244439896242,0.004305093074090438,0.5074634715580908,0.3490564366154483,0.36473048361315363,0.45394568255004364,0.1614057769315972,0.4103851328269371,0.8750710996811063,0.9450751347058078,0.994648868167584,0.29591943831378886,0.11694774075485947,0.38384401041477534,0.6673420750221122,0.44580459287254837,0.9886707162037771,0.028739091344251566,0.1462765456421795,0.2073428178773583,0.11825238153420636,0.08019550350780014,0.34497056416441385,0.7561576340238177,0.43723866613526396,0.155221874485571,0.5625264493016672,0.11606423988558823,0.14523510494991598,0.7344604811957199,0.925460024251749,0.2130076668578884,0.6400298472565268,0.7499932388272404,0.5316472106015728,0.7903047645892797,0.41941785247948415,0.5808189648593579,0.8787543191671836,0.46365185343083626,2.9943018198553935
0.9733383101056353,0.14945069878507022,0.7635543027248745,0.7743054476862381,0.9599560641892346,0.810480268868896,0.18431453404963893,0.14906308335702234,0.0733732912809626,0.8599896291937554,0.057682094217014535,0.27163634585905483,0.9040698028665033,0.9289850962489915,0.7529197061022511,0.2186026762272022,0.5100825813938336,0.06784331268568955,0.8165659263328492,0.6085507546834412,0.21398040695884457,0.5247518253136919,0.588951163450191,0.6422584412464724,0.28466599343204124,0.7189686228816013,0.3664151953292719,0.6031668596209281,0.6803355818115383,0.34263017559086517,0.8097379577475387,0.16982760066963265,0.4943375068033258,0.009643323394863623,0.33568755347674784,0.9637193693822999,0.00613705185060387,0.9523742666217185,0.6362672220400263,0.40882078018927515,0.7164004467786186,3.3118164552050477
