center_0,center_1,center_2,center_3,center_4,center_5,center_6,center_7,center_8,center_9,center_10,center_11,center_12,center_13,center_14,center_15,center_16,center_17,center_18,center_19,center_20,center_21,center_22,center_23,center_24,center_25,center_26,center_27,center_28,center_29,center_30,center_31,center_32,center_33,center_34,center_35,center_36,center_37,center_38,center_39,center_40,radius
0.5770829125996761,0.3760483564107382,0.857859397200399,0.8959422180631649,0.6808096763613467,0.44751681923101716,0.2619254279713433,0.5790007400404888,0.23677496529992115,0.1145171248125183,0.5679349273444868,0.7041866603513428,0.5624293208050499,0.6767468437989836,0.08528971999037516,0.6570792960399336,0.16825526524236534,0.8616326653183994,0.7392648701318968,0.49034885111559134,0.7195816833255748,0.11714608170056151,0.3202318678963325,0.9430953470243941,0.3672284602236521,0.24619481272871802,0.34039705743262694,0.6908471191173708,0.026801763352735986,0.502048451713732,0.8190732896411792,0.09379708017403021,0.35148897323693473,0.3138761240095742,0.10429307489663353,0.11615004305858911,0.7268232187093381,0.39933209302865036,0.3411329113251258,0.5239542306006785,0.41519132117748125,2.864941429302189
0.40145369115400253,0.8134445679774168,0.09477680390328302,0.2646368214343132,0.5728417074311642,0.2690824838303546,0.21129045444113326,0.7395426282212049,0.3163384672680781,0.65826246665909,0.40161265180775607,0.8551097373823515,0.833089806849203,0.4127131832706311,0.886804609178001,0.6986694123167148,0.9832595828300454,0.5268741831059345,0.06353635704672866,0.3121586453523004,0.5504326649740644,0.7338756430870502,0.9108364292546286,0.14099615821765277,0.7527934881352264,0.7569909068169596,0.833833224389057,0.1675798245832273,0.88639728156643,0.6286699590457555,0.715114822208568,0.023496235459252612,0.40023844391268604,0.6121224491011774,0.8728202083002384,0.7504382342326338,0.9391563302733785,0.7452915434153742,0.6378657873672112,0.8594010340390896,0.8944231284693458,3.511153870774187
