center_0,center_1,center_2,center_3,center_4,center_5,center_6,center_7,center_8,center_9,center_10,center_11,center_12,center_13,center_14,center_15,center_16,center_17,center_18,center_19,center_20,center_21,center_22,center_23,center_24,center_25,center_26,center_27,center_28,center_29,center_30,center_31,center_32,center_33,center_34,center_35,center_36,center_37,center_38,center_39,center_40,radius
0.2524863631680231,0.5585865016628444,0.49682937908207614,0.505857128630631,0.6605356022281916,0.31418917994570683,0.01984620089104938,0.18780229572077423,0.27451780664791914,0.4857836842297426,0.5992669326145494,0.6247516637371727,0.4828251344423815,0.7656053094415173,0.5811419384489057,0.9654991444885495,0.22283861698371699,0.549346250242249,0.02771368632578286,0.659370214014734,0.2093131590615308,0.5483085115267989,0.08648477843553326,0.8769533957632342,0.6710387327565503,0.5310649232532532,0.5507526152912731,0.6711083188089684,0.6187669599616347,0.5969178066461089,0.9557960816411734,0.21059659628354876,0.5760488141173344,0.2223373968896466,0.9844385179660804,0.39444380479772456,0.4987423687686311,0.6085832221577082,0.6904148925891082,0.27941113226352843,0.15771448151750767,3.068881222204172
0.878756301021518,0.55919069480586,0.24532327711956303,0.4209872455420747,0.09227422733163393,0.3146223197265807,0.9633675110500121,0.837158046144429,0.03532366810090404,0.6035022044206442,0.33987178409969976,0.6797205891081526,0.6851104213832672,0.31450992901600117,0.8177698561280888,0.32839636602969113,0.9565994264632064,0.20721196337779058,0.9759396243971157,0.7525335990823516,0.07673913646915131,0.47932041907085055,0.8337697048206422,0.678267277154488,0.11431648896160318,0.27548443470357853,0.07817781673369473,0.3646658354685348,0.28412219434447605,0.24598895658031117,0.01830090682977792,0.22222093003939414,0.09847754929858399,0.9319006922550076,0.12020156640967228,0.36042311569586594,0.0008387209989192401,0.28149327767235666,0.8131378117145588,0.6911804841592217,0.8717224128197403,3.1970305056259023
