center_0,center_1,center_2,center_3,center_4,center_5,center_6,center_7,center_8,center_9,center_10,center_11,center_12,center_13,center_14,center_15,center_16,center_17,center_18,center_19,center_20,center_21,center_22,center_23,center_24,center_25,center_26,center_27,center_28,center_29,center_30,center_31,center_32,center_33,center_34,center_35,center_36,center_37,center_38,center_39,center_40,radius
0.47681060148823273,0.10802207841566092,0.3196460004017978,0.6260425447990181,0.46638106140767854,0.5190508682600262,0.31189485394328587,0.7803983657653201,0.78874574284324,0.5398374849525297,0.8135747343646765,0.8477438658947954,0.5960251536584148,0.6816746592492801,0.16929035249400437,0.649008244296934,0.7350365791737191,0.8508073958107653,0.8745727793052778,0.8844101744280366,0.8992733392468822,0.20805465709477733,0.02364892857252765,0.2981409396590695,0.8776126961820873,0.12382806840259131,0.338613818699236,0.7719265975837265,0.7190812955707904,0.09765827693868989,0.16395828260737788,0.3120413051437684,0.04009883268133585,0.16965137521798523,0.97881688404558,0.1511505484605673,0.08341950076851723,0.1874877060640835,0.2861907703371376,0.8310328078468395,0.376471988950548,3.203664894592393
0.07436727398232656,0.6749286143246434,0.04455023345670195,0.17056963434794248,0.9783922362707496,0.0613982933495677,0.9588164844635463,0.7010277749847738,0.035536932569207424,0.2701034450341301,0.9051123860905793,0.1468140800950698,0.7115077915772291,0.6184053282841161,0.8050813282225115,0.40279148759265204,0.7043814513895651,0.37785758511234746,0.0005093492804473243,0.2519643347531926,0.16708367213288666,0.40187924178154666,0.6637268103652989,0.6493405249640952,0.28888405507753134,0.10016001307593858,0.43181021589341073,0.6145591370827473,0.28024585651565403,0.5564504495728482,0.1310258707201094,0.8340699566691644,0.544364840917192,0.6430718902312187,0.27156177104613466,0.9998656631390244,0.5088496816723654,0.9814894776323231,0.9191964612745636,0.059494190903660704,0.16988851390182125,3.244741401355188
