center_0,center_1,center_2,center_3,center_4,center_5,center_6,center_7,center_8,center_9,center_10,center_11,center_12,center_13,center_14,center_15,center_16,center_17,center_18,center_19,center_20,center_21,center_22,center_23,center_24,center_25,center_26,center_27,center_28,center_29,center_30,center_31,center_32,center_33,center_34,center_35,center_36,center_37,center_38,center_39,center_40,radius
0.5298944842320421,0.4157964986786995,0.6320356791455535,0.8406504408262077,0.139393953039199,0.938313425130706,0.7765940866450617,0.1939468137378666,0.720410860259431,0.48728262584804305,0.744554382365643,0.6024375086786659,0.4345409121776481,0.3960943229640017,0.31545569761506465,0.6491290030179363,0.6069325059525735,0.7162346787318237,0.6194366176106373,0.148878264455244,0.10447604402947486,0.13450208378704587,0.42824512590539354,0.6582754360146595,0.6963535152571414,0.897654791742892,0.1476452649658786,0.3260928220061118,0.37047192818088726,0.7942245502090908,0.772110388521682,0.515866800100261,0.41126831319280777,0.21910645212924817,0.1087585546966161,0.2834703260818191,0.7568511461175267,0.3794384234881585,0.664489454158769,0.9192958885080237,0.6423463665275948,3.0968118259253985
0.6562456252645286,0.9844614161468584,0.339270388464435,0.7410374138164946,0.8800607884175601,0.11793894735330934,0.24726748224761752,0.633939181375173,0.7186493903705243,0.508985016515367,0.0038499412186369097,0.2308821094060708,0.214051492166057,0.6255720204377299,0.37714623238286793,0.6542355676132882,0.9460462091283566,0.14653568778680015,0.08983202010106717,0.9397943224358035,0.8959898470088257,0.9793310008446904,0.5849347898485356,0.0049979310231553775,0.5391543540493802,0.2141570718431517,0.6173224780952757,0.7956426220703899,0.9784514455748687,0.04078727984864716,0.1564869306998652,0.58650504734562,0.11585856293506736,0.8249017706773121,0.824892680992862,0.8860770278494744,0.12763625786847388,0.09079396127718664,0.7727763981210708,0.3424329722842746,0.7703984687682016,3.1455825297333524
