center_0,center_1,center_2,center_3,center_4,center_5,center_6,center_7,center_8,center_9,center_10,center_11,center_12,center_13,center_14,center_15,center_16,center_17,center_18,center_19,center_20,center_21,center_22,center_23,center_24,center_25,center_26,center_27,center_28,center_29,center_30,center_31,center_32,center_33,center_34,center_35,center_36,center_37,center_38,center_39,center_40,radius
0.709980717268484,0.884174691039399,0.7985340000299969,0.728175691313056,0.0298249515848229,0.6595395859034561,0.49861539370342367,0.5441670634653245,0.3148696610131181,0.21211769975756545,0.6127377552710935,0.9580622008741501,0.58865514285083,0.2304489746072107,0.23900413513058916,0.32916618351653937,0.97185552796909,0.27447020726958316,0.9220513322074134,0.6278781194931647,0.8061071360382204,0.5958648370068215,0.8606554659065777,0.6646977252137136,0.6990900604425159,0.5635425379921931,0.9818516970132137,0.6071524306505819,0.6472935979418922,0.17227291677927725,0.18880362063339995,0.12609086742133402,0.02651807611668444,0.8463224980353932,0.25568381562610587,0.9905280146329707,0.6955402559525726,0.9807119881602929,0.5742153789534185,0.19731338640416185,0.7892188608478881,3.4815556978052378
