center_0,center_1,center_2,center_3,center_4,center_5,center_6,center_7,center_8,center_9,center_10,center_11,center_12,center_13,center_14,center_15,center_16,center_17,center_18,center_19,center_20,center_21,center_22,center_23,center_24,center_25,center_26,center_27,center_28,center_29,center_30,center_31,center_32,center_33,center_34,center_35,center_36,center_37,center_38,center_39,center_40,radius
0.9807854298567894,0.9966975955927705,0.2043225277960915,0.1339029367279142,0.04697053880645208,0.34621955918418723,0.28735675839426067,0.4499077427786924,0.5217250217233306,0.5649581246635763,0.09388824200670809,0.38544406698752764,0.6059463534293806,0.11206635888920946,0.1882926343807576,0.9280207078708287,0.6300863959864023,0.7951076114766044,0.7402317476915655,0.9886095697344196,0.1210562518836783,0.7042591387182434,0.0727828001771621,0.9733276872088344,0.13744049036655492,0.20491535343882583,0.37985935862478737,0.3537929559234797,0.25830067502051657,0.08955538211903036,0.02271026932883402,0.7878774222876685,0.43911191476922506,0.07018170200181817,0.40549448692722645,0.5771945835424769,0.4064575022300988,0.4827667040171202,0.9189307335172554,0.864459326449417,0.624851585601965,3.274492230039816
0.7236421272674028,0.1962977123524462,0.40406589776362156,0.9185784692597392,0.8396287412363267,0.7828536557897973,0.2760812070678458,0.9131193627424453,0.9772546193504252,0.6270202341882488,0.5368494861688904,0.46290244067466313,0.038882113743361146,0.18343108706741174,0.763540780186454,0.2829512225460933,0.25962049515842944,0.38316542036043644,0.8859137749254087,0.02192287992212294,0.6488349854513323,0.33741364562385945,0.17900884911496429,0.6277738251990331,0.7434258744147498,0.855239316863502,0.10734502955103098,0.2903535500602977,0.3817077516821171,0.8506827425511149,0.93775574312729,0.029697720325290833,0.11717639399920021,0.804832344562844,0.1661832482141382,0.10881775701665619,0.9429182503575926,0.9571998512779252,0.0029654231209219617,0.777698039161231,0.4206383107476531,3.364793388107645
