center_0,center_1,center_2,center_3,center_4,center_5,center_6,center_7,center_8,center_9,center_10,center_11,center_12,center_13,center_14,center_15,center_16,center_17,center_18,center_19,center_20,center_21,center_22,center_23,center_24,center_25,center_26,center_27,center_28,center_29,center_30,center_31,center_32,center_33,center_34,center_35,center_36,center_37,center_38,center_39,center_40,center_41,radius
0.348785432643821,0.25685161750432184,0.07161745530655195,0.02167345061552961,0.40500967404443455,0.05559585211605422,0.1705040107423873,0.4799304014491116,0.15317842630315837,0.7778206765552782,0.16623617304610327,0.9777844074385502,0.29135381602932053,0.4179276827314694,0.6073220530420151,0.37961675776685955,0.6673781231972562,0.6948658325739574,0.8409459224233282,0.26680901171760396,0.4131226204085616,0.34963368992021215,0.8272514709582908,0.9453557959161688,0.24449165199481493,0.44481958631552865,0.912961923144039,0.10834902613659736,0.7401575444839672,0.7939645510444515,0.026363190119748192,0.9890265429226597,0.8090468952188088,0.29160006994230303,0.6745243627478686,0.8369168520566739,0.10362703346714575,0.07636736419984058,0.8454309486953256,0.09044622308224282,0.9282611990721711,0.8882171628250348,3.5064878179819567
