center_0,center_1,center_2,center_3,center_4,center_5,center_6,center_7,center_8,center_9,center_10,center_11,center_12,center_13,center_14,center_15,center_16,center_17,center_18,center_19,center_20,center_21,center_22,center_23,center_24,center_25,center_26,center_27,center_28,center_29,center_30,center_31,center_32,center_33,center_34,center_35,center_36,center_37,center_38,center_39,center_40,center_41,radius
0.7503198564924226,0.15174136681828287,0.37913419008580573,0.9684684040214234,0.8571429278666882,0.4055711103111679,0.24771247302521726,0.6098809879494261,0.2212992632054721,0.7056285575082409,0.35934739202701926,0.8105624549810636,0.02050970233484828,0.2598637237156307,0.9886323582120095,0.39781017420176235,0.42297765811327404,0.4525689270720721,0.022705488678638863,0.13576610061903993,0.8202520271794848,0.5645121492349027,0.5850444372679999,0.22421796011280604,0.30702153849470626,0.3177874540598956,0.5119968344708427,0.10445936029292291,0.7528144377853346,0.3106099399494101,0.5243513811155049,0.6302739998145557,0.22085179240748798,0.4079590039594658,0.14764821309019838,0.8173090155314143,0.6594821212256563,0.699824201839402,0.47732014994986804,0.7637416619258373,0.18654239103438708,0.9033047564763943,3.2255774167480937
0.9700240858017816,0.9648079079991988,0.6866392583367962,0.8967550755599982,0.032380334880219075,0.9854177003140026,0.8746648762876441,0.0695740234100315,0.3575288053909921,0.20270811885678885,0.9335253020953043,0.34715994312930076,0.7532658642224157,0.9183813819864115,0.7482724889959844,0.8780319232452664,0.1657378103179059,0.24703718150761167,0.9125033152280215,0.7812746711182902,0.006813871466954002,0.5733193374023674,0.23815912440320708,0.8948608176914206,0.8598092480058578,0.982878768092879,0.0667653728589187,0.9291747299612295,0.8806807468485794,0.4778667141590778,0.7311388008063031,0.9869971106116379,0.7685986344544933,0.023076139983632227,0.6557488434436106,0.7400432313470656,0.042834373163413875,0.49867588723342593,0.017830106806553614,0.7299248081433088,0.7669307924795301,0.7653909479843057,4.007173771295659
