center_0,center_1,center_2,center_3,center_4,center_5,center_6,center_7,center_8,center_9,center_10,center_11,center_12,center_13,center_14,center_15,center_16,center_17,center_18,center_19,center_20,center_21,center_22,center_23,center_24,center_25,center_26,center_27,center_28,center_29,center_30,center_31,center_32,center_33,center_34,center_35,center_36,center_37,center_38,center_39,center_40,radius
0.3583650533774576,0.46838363681560413,0.6991223391197585,0.025086420033479717,0.7904215249525697,0.9961746025688923,0.5677655691581198,0.0024353099663053657,0.8843051586479329,0.7099621342646847,0.8651658766249704,0.2386993142030608,0.8576027512610599,0.9845992054439918,0.9033684834091255,0.3899318468114643,0.18037203240848076,0.8915351198140399,0.9026763697242213,0.5423896554992994,0.9892974652692288,0.7198078775908078,0.1900577100124572,0.46967105743456583,0.2748525045385263,0.5132231489425101,0.5934673863773005,0.12916364555878146,0.5200653893067407,0.4595417424457616,0.08936897682373146,0.7408989488522225,0.4198044156457438,0.010816862923459958,0.19972608018563498,0.28100547828184785,0.7567244102980211,0.22196292675133833,0.7566706946404462,0.1623736279658895,0.17713481282504628,3.403825546561773
0.10560947463566195,0.3571291080903577,0.810643234700628,0.8960566769114643,0.20756928954428622,0.03804251236524825,0.3338964136508701,0.34424842383873433,0.22533823825230892,0.8948431387989444,0.042029037334933905,0.2741812602440994,0.3933445764337926,0.056204735556073304,0.06377940898025136,0.8444106908294061,0.5405483639076766,0.0978324343870588,0.3351313897234359,0.9665779289376281,0.013820712495334009,0.04938786836277442,0.3281426354244956,0.7382319660379612,0.265615858274859,0.9604597274623069,0.9577658104114644,0.8920749850800392,0.030120976498049346,0.6059412242800102,0.32899030948502495,0.34414776964612503,0.0839391491964665,0.47322823074706544,0.8614895691250394,0.8092025714025578,0.5175990823344596,0.9993612016855383,0.472758281895571,0.7302368808838475,0.39798089422842964,3.1518843851226452
