center_0,center_1,center_2,center_3,center_4,center_5,center_6,center_7,center_8,center_9,center_10,center_11,center_12,center_13,center_14,center_15,center_16,center_17,center_18,center_19,center_20,center_21,center_22,center_23,center_24,center_25,center_26,center_27,center_28,center_29,center_30,center_31,center_32,center_33,center_34,center_35,center_36,center_37,center_38,center_39,center_40,radius
0.11965345115902004,0.3998542048884204,0.5040533096013431,0.8584669072717254,0.6639595945130875,0.2465400584147731,0.9258975915594571,0.7862565848299727,0.13938678540681182,0.7873569228775028,0.6973077740940851,0.03212843808387933,0.08908715470167483,0.3293190706042839,0.10085305347341222,0.9179676817139539,0.6214407079638044,0.7019135485141943,0.41695639817793984,0.8320863806864063,0.7189982968593,0.9763021312231968,0.8934112977670983,0.8218312716959104,0.7626248283518359,0.9695178723254528,0.5005763752893628,0.26697511971062127,0.5002428745029797,0.8743925730439197,0.20158412622715238,0.4101348890944956,0.6969527242482643,0.4981649518341573,0.7141930157059933,0.45282417658496066,0.37441605380650567,0.7712105906568387,0.27867898954049397,0.2986517285115724,0.7764104724186045,3.518966730690939
