center_0,center_1,center_2,center_3,center_4,center_5,center_6,center_7,center_8,center_9,center_10,center_11,center_12,center_13,center_14,center_15,center_16,center_17,center_18,center_19,center_20,center_21,center_22,center_23,center_24,center_25,center_26,center_27,center_28,center_29,center_30,center_31,center_32,center_33,center_34,center_35,center_36,center_37,center_38,center_39,center_40,radius
0.8266418035720441,0.9989487846907553,0.3704157242873165,0.7662974622141612,0.529651998390666,0.03752666108074432,0.13491042228314643,0.4463711876164954,0.7668931459421754,0.753431476932166,0.15379145342980616,0.048127411158881306,0.0035583661809200917,0.0924233140466394,0.6301836847930837,0.6399651511243813,0.9603361875310625,0.6343846049246252,0.023101416722170587,0.34999291982338576,0.6740913025504452,0.5936134593090096,0.5848175141180348,0.376947146918733,0.8152773217936343,0.10779199578474064,0.30588622086301565,0.021528977081714085,0.9114151319187114,0.9933331047860362,0.029893743191427458,0.3566736577289771,0.9656426055469718,0.2844031161967481,0.8429193640438527,0.26116365943278386,0.4010898516290897,0.09620901485114208,0.5935403601189501,0.10633285182086838,0.10439802091597317,2.8128775714554863
0.21532423599487582,0.44650027117040725,0.4692972452490082,0.45239009363197247,0.2653546053195822,0.7595025820957172,0.4276856334040996,0.4576495816063588,0.8358205502656461,0.8285715219483671,0.3566031361991079,0.9489897992053802,0.5902961971517389,0.3927693057289281,0.3654898291230093,0.4666603031750718,0.8203124231713146,0.8498941342436234,0.5588240820081226,0.34321977279097116,0.38619542928763273,0.536004702573889,0.22756395375869254,0.8682121419467528,0.24618575724555813,0.542118733341862,0.8962769705688624,0.8425861673521611,0.0026439413658591038,0.01852243054109981,0.8633940431073089,0.8467302845740056,0.9775798853861855,0.5884378034672817,0.21448408645357142,0.8434276062657898,0.4019816389565454,0.8755554111647674,0.3068004957249595,0.17677095575654933,0.9523248124252202,3.367310186109088
