center_0,center_1,center_2,center_3,center_4,center_5,center_6,center_7,center_8,center_9,center_10,center_11,center_12,center_13,center_14,center_15,center_16,center_17,center_18,center_19,center_20,center_21,center_22,center_23,center_24,center_25,center_26,center_27,center_28,center_29,center_30,center_31,center_32,center_33,center_34,center_35,center_36,center_37,center_38,center_39,center_40,radius
0.1274139362460719,0.9239775487741879,0.6967175828001798,0.5229777603618665,0.9803264100931132,0.4448409218433329,0.4159346494148022,0.44279780029474736,0.9231778081140505,0.5519850633181116,0.765442617785756,0.7326509429725377,0.4861641408708519,0.034087783424166074,0.5594858404772122,0.7007779044643181,0.871741509910016,0.30833843612718437,0.9465101696508939,0.551401795152754,0.7148895631561079,0.02754968276163272,0.545792864324038,0.23279763166354595,0.060724419593405354,0.11506323175767363,0.6961731328911881,0.07049170491162193,0.7898098604003588,0.11368594100089591,0.4484872457176585,0.16880289089244116,0.35901282286945724,0.1626737990294047,0.8608838914924075,0.24495198317793843,0.22111564352515367,0.37018301917828456,0.7349273857006883,0.5509827651490523,0.1438915666817897,3.0406178445102183
0.7347163542970367,0.05385177221681381,0.3963279552069947,0.7034640460517368,0.07456631742945885,0.7969672806368545,0.21309817940760667,0.6889109697517197,0.042353640946283466,0.5920328773779296,0.39861312953416383,0.9909033775355294,0.869936968501087,0.7512421240678215,0.18843019589588372,0.09538453777128575,0.8044656178666655,0.6799163460612428,0.8954680256402842,0.15064457903262907,0.806780931787278,0.1267459028420963,0.7100154921485339,0.7224732197146638,0.656975895935027,0.7693418001768136,0.5266449065459675,0.9997327938402016,0.27931427105670203,0.9390533709417486,0.7088857591368696,0.9789911958035696,0.9702355506570685,0.6426172111895043,0.3919932988322036,0.489690355403284,0.1902704531523417,0.13526734005856667,0.8376474877618038,0.2539290644764727,0.8391997624990012,3.466938069124443
