center_0,center_1,center_2,center_3,center_4,center_5,center_6,center_7,center_8,center_9,center_10,center_11,center_12,center_13,center_14,center_15,center_16,center_17,center_18,center_19,center_20,center_21,center_22,center_23,center_24,center_25,center_26,center_27,center_28,center_29,center_30,center_31,center_32,center_33,center_34,center_35,center_36,center_37,center_38,center_39,center_40,center_41,radius
0.8840517994560723,0.9011210971674086,0.6046517342101232,0.9127439813005227,0.23888896475652077,0.22269820538787244,0.8150274464525181,0.40800679618715885,0.7941019115770912,0.5654556527072246,0.7262338707162662,0.9075327739465686,0.7784477110855854,0.8390143813258004,0.21649466340308565,0.2260313551390779,0.2880005302892318,0.26046190046432116,0.3251477784950926,0.7884286809293019,0.3580454245699678,0.8391128917200865,0.04101203938501241,0.3079100281050834,0.7925368394771534,0.5323813322816509,0.02174083282343542,0.2490473839777143,0.20737748923528743,0.9062770608799661,0.9427252073072808,0.4058756784994382,0.5341555619192447,0.5062514090480903,0.8713284012514679,0.11817154816917352,0.6779754530672237,0.05098786127417765,0.5737627302770323,0.44963729619718185,0.538529585683953,0.04188344494707985,3.363970340950056
0.9618339779941378,0.2530737003314154,0.9574207228755774,0.4631099320819758,0.6656131645875765,0.9410763243372648,0.2813063906673806,0.33516756097871525,0.15398516383169103,0.3111634797985384,0.9259340015202728,0.4731326477103077,0.8613859456607256,0.20189460225122724,0.7926147152887557,0.6366979387067802,0.8818399663832052,0.9746820711894838,0.3447394722204885,0.25396253384820966,0.5453471599367341,0.8942860129379777,0.898187393403366,0.24594674538467742,0.4327761622316645,0.9600819206290488,0.9455087098910516,0.5977292707527143,0.03971955679041139,0.11824881246829644,0.0679847715291344,0.7349865056784566,0.6507877435433156,0.38844279909556034,0.20448480262772561,0.978144989095891,0.06646166530833353,0.8772820229773549,0.09351211270640158,0.45418232593327656,0.9679856493536652,0.9399186528387865,3.705412832727009
