center_0,center_1,center_2,center_3,center_4,center_5,center_6,center_7,center_8,center_9,center_10,center_11,center_12,center_13,center_14,center_15,center_16,center_17,center_18,center_19,center_20,center_21,center_22,center_23,center_24,center_25,center_26,center_27,center_28,center_29,center_30,center_31,center_32,center_33,center_34,center_35,center_36,center_37,center_38,center_39,center_40,center_41,radius
0.5295832531164109,0.7371639621797972,0.9540676841607697,0.44506332594592257,0.9420453666602443,0.9029387418103422,0.27803180403878003,0.7445587432079214,0.7279894601184509,0.9076718221097229,0.24952541387056526,0.37427470833045384,0.8650854799481471,0.1441776431964762,0.7366802472622144,0.7853190225497453,0.0064198691892098925,0.6652736757198986,0.8764052777308736,0.9517404688861691,0.9224950310892152,0.41353635752526585,0.9350617709284256,0.6774825398915931,0.5685961280655162,0.46105840805207543,0.12345673199165819,0.3951047922925224,0.028209128676037976,0.5891930541257918,0.3092558314920405,0.11650250452041089,0.8691892672682248,0.12962397159669836,0.8086318783621602,0.29333484303446944,0.4179673181611252,0.9172575758826655,0.08188188437788435,0.30372387591722294,0.3680641441862863,0.8750473470231799,3.447926131430797
0.056038195374460975,0.6526201102079691,0.24424366316218804,0.9497347080489742,0.563579377832971,0.05295186777213112,0.28314260179396056,0.44016164481994746,0.22139205188531164,0.15135323337877682,0.47546858946726933,0.07246793744949864,0.005688734972637111,0.8332024735168908,0.8204762184223848,0.9651764757537518,0.853828210326502,0.5273928780190779,0.21661432540938697,0.24816545957475844,0.45700964589204773,0.6551027457279769,0.017169968067617503,0.6182320197501235,0.6399967265739046,0.6607258949393866,0.32858344652514504,0.9422192160335401,0.9960633094230902,0.20146809604849658,0.5140644824290117,0.8549957572383704,0.41882564903309694,0.11505531288503668,0.0487703622646839,0.7728379655332352,0.2957970099621725,0.06562129854588339,0.7287798242938331,0.1262021064728841,0.9495173232971124,0.07544493336281177,3.4292316834587138
