center_0,center_1,center_2,center_3,center_4,center_5,center_6,center_7,center_8,center_9,center_10,center_11,center_12,center_13,center_14,center_15,center_16,center_17,center_18,center_19,center_20,center_21,center_22,center_23,center_24,center_25,center_26,center_27,center_28,center_29,center_30,center_31,center_32,center_33,center_34,center_35,center_36,center_37,center_38,center_39,center_40,center_41,radius
0.3195316135585735,0.10113069476537906,0.04539404729700347,0.32837781962329016,0.08907602127727021,0.15441894967711134,0.5382033138756842,0.058806464128413394,0.3263352022547741,0.45726506113563536,0.06443104534230948,0.6238896791585306,0.6726514247417201,0.30164625842596593,0.48044309988572187,0.5827859379042424,0.7688285336270292,0.20420634681281635,0.2212829108151827,0.17228503247369842,0.9281323329219594,0.600449600726083,0.35699496114498785,0.12495556579275235,0.2225997125872733,0.2087740132429743,0.6060561579258249,0.3749173389663346,0.6664709529295222,0.004875348562077275,0.1984747510791891,0.09941227931365737,0.37900315856101163,0.15374638243881888,0.21286785559825827,0.8679358403027072,0.8292180125906368,0.004386598491706528,0.49482009593727017,0.8953627883300278,0.9318587216630354,0.03385340262858616,2.8400907208233255
0.8659340088588882,0.8077539017818033,0.18889538534076766,0.06176626261466889,0.8999578127568852,0.8761720388735765,0.0747370468426265,0.9632467145996388,0.6729086560504446,0.7829696142694413,0.46677431790900814,0.7333738663044804,0.90733663669629,0.7566442970463012,0.7149553801529336,0.7913383902896156,0.6843636942105441,0.43117323302609434,0.025444101151251064,0.6876045829533626,0.8924254541186398,0.5735269826535115,0.8924008801979902,0.17772364529629547,0.40018127036381856,0.14639327347716047,0.9688534191607109,0.6615052351077468,0.4878974210407302,0.9048826222981016,0.8042448836327958,0.38873066343816187,0.838420232936907,0.6148018143980394,0.8134771587754586,0.23834801596522048,0.6687011349615364,0.6327097602617318,0.04001438295141624,0.1030001060404162,0.6415463648225811,0.37471468148866716,3.585580642854578
