center_0,center_1,center_2,center_3,center_4,center_5,center_6,center_7,center_8,center_9,center_10,center_11,center_12,center_13,center_14,center_15,center_16,center_17,center_18,center_19,center_20,center_21,center_22,center_23,center_24,center_25,center_26,center_27,center_28,center_29,center_30,center_31,center_32,center_33,center_34,center_35,center_36,center_37,center_38,center_39,center_40,radius
0.257435569385851,0.601275531505629,0.9263218101539228,0.3207073903246974,0.6408862153044866,0.27052870601692725,0.9285566099017227,0.9360971042675943,0.6733185318664281,0.6559037479521529,0.43429376756775384,0.04213509331828602,0.6631375666479983,0.5110055681128353,0.7467108030153864,0.12955555812915165,0.17828130445591717,0.33212574499069436,0.16741472418723324,0.5043252181993548,0.5867079829354492,0.9703984311584545,0.32516367012912284,0.4560683478991352,0.9637492257572372,0.7574427530798489,0.8445851443679558,0.7309597736857899,0.6648486645666951,0.28935446041673796,0.4506788660715797,0.7474551992557283,0.20495228036062085,0.028431523837253003,0.14849135904202726,0.9233588631642803,0.36771940475858567,0.48427964877203844,0.8102261648020337,0.7581200586872452,0.7158097332522012,3.3763806962772662
