center_0,center_1,center_2,center_3,center_4,center_5,center_6,center_7,center_8,center_9,center_10,center_11,center_12,center_13,center_14,center_15,center_16,center_17,center_18,center_19,center_20,center_21,center_22,center_23,center_24,center_25,center_26,center_27,center_28,center_29,center_30,center_31,center_32,center_33,center_34,center_35,center_36,center_37,center_38,center_39,center_40,radius
0.4354447669635082,0.6270809703972847,0.6058154303188944,0.7400936312339124,0.5699074959533167,0.9228027449469528,0.45858635611836174,0.45460691929779107,0.9224110237576738,0.7941552017974536,0.4332405608344898,0.006596953824354546,0.8001117937665503,0.6804886479448718,0.1154675589242583,0.385271578243231,0.4066413147765048,0.5156859046705747,0.782608386847207,0.5223841299635894,0.2424241801652388,0.5538834645033606,0.7235091200370752,0.4691244116048876,0.6307039268618823,0.49414774303864406,0.35389126793664816,0.7904280419946489,0.20866424603363554,0.7095581935900522,0.9581697986776669,0.17200574145621028,0.8079035126202282,0.7480793309106676,0.2714309684981784,0.9922377171492158,0.951518090664876,0.11817301264919577,0.11216906012510108,0.8637471398720641,0.16442457993266857,3.3816479241373525
