center_0,center_1,center_2,center_3,center_4,center_5,center_6,center_7,center_8,center_9,center_10,center_11,center_12,center_13,center_14,center_15,center_16,center_17,center_18,center_19,center_20,center_21,center_22,center_23,center_24,center_25,center_26,center_27,center_28,center_29,center_30,center_31,center_32,center_33,center_34,center_35,center_36,center_37,center_38,center_39,center_40,radius
0.4874351718258566,0.8437255393388774,0.8076248487207781,0.4752571800166737,0.031535377089294436,0.7930256685626184,0.17291160281598295,0.1856084378553976,0.08522471476059346,0.8312701970997114,0.37129395918867003,0.22552789366809878,0.08231797312382882,0.9728524452169135,0.6878466468513891,0.7106871219433343,0.902571830046527,0.8373008055489721,0.5505737238207778,0.2803368915527822,0.284309179940171,0.17894057004595298,0.8258359145368834,0.20150252447305295,0.954242306926712,0.47718402043009134,0.7539742073702914,0.9277381271629681,0.18401372470488842,0.3513023080015889,0.7663339562604489,0.019077792216862788,0.37188800441839254,0.1429151278064842,0.6683238574284774,0.6922534089729832,0.10468246910678125,0.5490309504268898,0.9200090242542315,0.28106003325876316,0.9586110492715753,3.3260584076315225
0.05157812083511348,0.924529577992206,0.5273294734198017,0.6676413781683054,0.84980875241014,0.06914339225601451,0.8320272745211448,0.3828190500403209,0.8046667696116792,0.12863759855973267,0.25828946433303634,0.826865757131048,0.65370176847286,0.18998505686768263,0.3499745995479555,0.24659549112641677,0.03775516216524866,0.331165363084825,0.7953788407542549,0.10629649421357024,0.7989413788223225,0.9887543975341143,0.1814827188570639,0.7093599263702768,0.6006435969333392,0.12410700042508538,0.22575244064440259,0.5569717219921437,0.9726739694120716,0.23105427868035644,0.9166705033335453,0.6175457341942941,0.09491225412418336,0.8239925720435133,0.3074389889680579,0.8593026565710827,0.6020136641750286,0.28123282300553654,0.14041780512138236,0.6578343673295851,0.03719735282865477,2.8506980289774844
