center_0,center_1,center_2,center_3,center_4,center_5,center_6,center_7,center_8,center_9,center_10,center_11,center_12,center_13,center_14,center_15,center_16,center_17,center_18,center_19,center_20,center_21,center_22,center_23,center_24,center_25,center_26,center_27,center_28,center_29,center_30,center_31,center_32,center_33,center_34,center_35,center_36,center_37,center_38,center_39,center_40,radius
0.5864414275221154,0.41315876150750797,0.5554504062941219,0.011236520588614574,0.38751139951083224,0.2253058998912748,0.8137009708949664,0.7783031425590728,0.5175615758950267,0.40529821936702304,0.6935679101430835,0.3669038042804472,0.7286092942652241,0.6767365382471148,0.8701343988963879,0.3514797007324765,0.1593558298388773,0.6148733068484034,0.19708001313993417,0.4528513735142431,0.09988348851770879,0.765767921714127,0.2270457176389561,0.6490020418608665,0.11372298651109614,0.9578533062075153,0.4497899835230179,0.2825197769683524,0.30544021040226255,0.6668411777051078,0.24841030013074283,0.6320152033583828,0.3234268576387639,0.050525459614182644,0.9559245362823791,0.3341525836793642,0.6872010174929116,0.08788363900780805,0.1857024339897777,0.8344368711057665,0.3002843596689999,3.0973767173419473
0.9969802613087763,0.680927245615338,0.7862707302121917,0.883603316445942,0.2611267044318025,0.1331525976656014,0.4031228199772907,0.28213567277055174,0.58004087118183,0.7184270342467572,0.03624745439026422,0.42638649960030583,0.33714790009160256,0.3379097249983576,0.7301322173452206,0.6389797649156691,0.9357453777134812,0.242057592306831,0.16239388364256757,0.8168109246577657,0.8455970745412266,0.23337720071108103,0.16262515712022352,0.1778357389816021,0.3275203161132073,0.015391218249619198,0.8048396330734753,0.7350230811493835,0.1468904987739602,0.20231911954991721,0.11287784912813426,0.028439976420321922,0.612975010042488,0.9891312920642436,0.009979302817745728,0.9892359147145268,0.41271816724109345,0.11998550307186584,0.7469438197106691,0.013470684679966483,0.9460278522880118,3.067717307293152
