center_0,center_1,center_2,center_3,center_4,center_5,center_6,center_7,center_8,center_9,center_10,center_11,center_12,center_13,center_14,center_15,center_16,center_17,center_18,center_19,center_20,center_21,center_22,center_23,center_24,center_25,center_26,center_27,center_28,center_29,center_30,center_31,center_32,center_33,center_34,center_35,center_36,center_37,center_38,center_39,center_40,radius
0.4351875956290173,0.05929252215638803,0.2544029475999271,0.9031732097251897,0.2279754759778908,0.2409644730441648,0.6704760982479379,0.4673223129458629,0.5408424721220765,0.7264520647861727,0.2320083903108513,0.010695222302464114,0.109574792008579,0.6000143755883879,0.11020884049924462,0.8350979910293352,0.5770224867331314,0.09623051004144978,0.24252678326453192,0.3437470079504311,0.6175785434130383,0.2963299098883705,0.38214679773841653,0.3455013033221861,0.648951134972723,0.7194358472665155,0.95629170628251,0.46430444724889464,0.5728917238771374,0.20862221450909346,0.3595475779349878,0.011318483319040507,0.7970918619026436,0.3909048205764615,0.20983982019528902,0.5063422328929756,0.6746894074908003,0.5614229758645269,0.9213854917065404,0.6728327664619542,0.18123131743382392,3.1208006059061213
0.012309537152941141,0.8875435023530194,0.8745620475914266,0.025549343139964265,0.8816428993597644,0.22902970991088745,0.3788042750991262,0.6823401466479357,0.9619427069057557,0.016236598360085508,0.6877090497409148,0.814252708334298,0.9309138120154167,0.058510949455124917,0.9953375007462903,0.18529187558553717,0.981354672337953,0.6484994317908639,0.3817591170917156,0.2669984996401301,0.34631937334695373,0.7436179117917878,0.7404500076036156,0.14504868400229265,0.43267848213603943,0.9957262441639534,0.11750833887483769,0.5456162220608638,0.03472217537315836,0.9122226727959121,0.8477970106753657,0.4150111773467293,0.5612190865770245,0.6383710920363435,0.3745794429639162,0.4069145299685101,0.12001580333112194,0.312114533413813,0.6915604519607342,0.5208522243978466,0.8879105709650265,3.647726757203972
