center_0,center_1,center_2,center_3,center_4,center_5,center_6,center_7,center_8,center_9,center_10,center_11,center_12,center_13,center_14,center_15,center_16,center_17,center_18,center_19,center_20,center_21,center_22,center_23,center_24,center_25,center_26,center_27,center_28,center_29,center_30,center_31,center_32,center_33,center_34,center_35,center_36,center_37,center_38,center_39,center_40,radius
0.0933979169146264,0.607450799489491,0.292774427649488,0.9695141665347836,0.008873497086572257,0.32408810474632543,0.7582687909745567,0.2329389150380693,0.6964310198781895,0.7179306098174123,0.7066297447293867,0.6302918839509308,0.28405656345968966,0.6722052700055985,0.6727202153498167,0.9360046126929832,0.8270623927239326,0.9790339349465448,0.15218002021600063,0.879374548697773,0.042230952411578704,0.34880165841200217,0.04030986944746673,0.45903627995670315,0.2539757206338261,0.000664433841782941,0.4682314711528265,0.8912147641286113,0.4358400231418845,0.4922690014345261,0.014932842732645057,0.11778059647878647,0.9994358805830449,0.3196359945858688,0.0473945818429965,0.07196981007482184,0.4750222401905855,0.41340682545516516,0.18899853055532823,0.8239173338943703,0.18435032093031145,3.190203584701609
0.9968412236960491,0.28605952321014405,0.9156110724338697,0.952191066043693,0.8243988835107314,0.08294409473023934,0.3045482947083772,0.8123904140227102,0.9489346364748635,0.2560118250780692,0.975175258200194,0.7132314744984136,0.4749791470253405,0.1198972652306145,0.020527097829336483,0.2893183218942893,0.8516245428071798,0.6427153729559769,0.9571839067349573,0.0013683261168723204,0.9803943635281489,0.24656457909768037,0.10478052560850981,0.27206854215372733,0.2798901272980334,0.3703606445988721,0.5426644067766913,0.8298653151922529,0.21088860984420288,0.8964560792125137,0.7795529621289492,0.3279217539025635,0.1638367893338697,0.7317332836313083,0.9002677605659322,0.6946783502051757,0.3134312691404113,0.4302147952605906,0.7970816619163066,0.7184386712729479,0.7855881131632986,3.555867395024351
