center_0,center_1,center_2,center_3,center_4,center_5,center_6,center_7,center_8,center_9,center_10,center_11,center_12,center_13,center_14,center_15,center_16,center_17,center_18,center_19,center_20,center_21,center_22,center_23,center_24,center_25,center_26,center_27,center_28,center_29,center_30,center_31,center_32,center_33,center_34,center_35,center_36,center_37,center_38,center_39,center_40,radius
0.822285331153698,0.3353462753653629,0.7967676988608513,0.9223731229349057,0.7771856185995045,0.990041609646158,0.3101630438460432,0.7012394376305471,0.48695225823869914,0.28812723940046303,0.0983171490650242,0.3834384458582044,0.30242298634345544,0.5816488308367204,0.7461434934030419,0.921533653389492,0.7325022901344584,0.16531529450481275,0.8156002586423229,0.45909497100106156,0.9505281538958209,0.349453373230326,0.17502538545242718,0.6145759672766123,0.6441216950921897,0.24306660678005731,0.7410286864396584,0.836722922332033,0.9564816532704675,0.7630066316690928,0.968648643056926,0.06623963897408791,0.8374374721456318,0.7842789914594533,0.6553260769606517,0.784629284899196,0.27238758189176393,0.6847383036792449,0.9174866481958234,0.15648807105123896,0.8795765735607443,3.6800126705008265
