center_0,center_1,center_2,center_3,center_4,center_5,center_6,center_7,center_8,center_9,center_10,center_11,center_12,center_13,center_14,center_15,center_16,center_17,center_18,center_19,center_20,center_21,center_22,center_23,center_24,center_25,center_26,center_27,center_28,center_29,center_30,center_31,center_32,center_33,center_34,center_35,center_36,center_37,center_38,center_39,center_40,radius
0.7026276437797842,0.9695952290987614,0.6438002564316635,0.9001555443720914,0.4877658754199651,0.3803476714129156,0.5265736482277914,0.5463824921881585,0.6887283794385152,0.7723465280946492,0.8120058373620314,0.7487423819236055,0.37333909225967654,0.567795896764374,0.793696638188526,0.737550340640414,0.8450155556607379,0.3713931173087289,0.22877502658160986,0.26347035650041994,0.14812571443446676,0.35267813737116727,0.1796835584461962,0.49646272934283986,0.7818080005972661,0.37467663290941666,0.7362679034532988,0.6028452223315909,0.9953149620030743,0.21803052168311887,0.7316596793262962,0.1959268636914201,0.6550885777414213,0.5383703027402353,0.6484811938875694,0.8537068594820484,0.8148396207505816,0.84385632508031,0.9261321606705518,0.6279011497727134,0.3225883362575318,3.2244639975778373
