center_0,center_1,center_2,center_3,center_4,center_5,center_6,center_7,center_8,center_9,center_10,center_11,center_12,center_13,center_14,center_15,center_16,center_17,center_18,center_19,center_20,center_21,center_22,center_23,center_24,center_25,center_26,center_27,center_28,center_29,center_30,center_31,center_32,center_33,center_34,center_35,center_36,center_37,center_38,center_39,center_40,radius
0.638820431611978,0.9511161924066703,0.6783352645061818,0.1365763751488337,0.5638501169636448,0.6673243920458314,0.8382009448109091,0.008733843375075323,0.10249914164175267,0.7626016911919498,0.7147148521332386,0.5813087147563734,0.7780087068504461,0.05243983862248991,0.8193672528580892,0.8071917395894637,0.379200057701803,0.1177929903366508,0.23822857725671864,0.04589660042267063,0.12450859876751064,0.0138821906255584,0.7273046022755938,0.7834093270448037,0.3064777775502606,0.14263436150191067,0.9525605469849389,0.16879026074268322,0.8512282926764371,0.9717256343010101,0.6941998018071484,0.31010270296428344,0.21165398027319926,0.31413368887775905,0.10331688133217265,0.968605905305937,0.0291479869307274,0.4427372815129351,0.5576666268007544,0.5374865152499085,0.5776728902056576,3.1769400531958962
0.029658571461097072,0.2578146779356407,0.9887183488180561,0.5151084155961322,0.7848141071331562,0.025322871794104418,0.07649698425955487,0.944726806317644,0.29067341941974156,0.19456568377312777,0.9143617460637872,0.47845168650161685,0.4636152804779422,0.2680209649083011,0.5139893250392781,0.22884362769459532,0.7188980274644158,0.8947403698731585,0.4030504073804647,0.8816630916364493,0.6772728837945318,0.8698605612330876,0.686525550185764,0.12255931880915405,0.2711360693057647,0.8828938047295501,0.16064233600430045,0.305164838780803,0.49096472305387406,0.5188190353602845,0.777721004434373,0.8086133003393907,0.9708639095992935,0.29696766832391597,0.29905398016821394,0.40570497970845076,0.741458622152339,0.6680970369378941,0.8107877274218086,0.2802901795455812,0.6096456174366439,3.3214176941028004
