center_0,center_1,center_2,center_3,center_4,center_5,center_6,center_7,center_8,center_9,center_10,center_11,center_12,center_13,center_14,center_15,center_16,center_17,center_18,center_19,center_20,center_21,center_22,center_23,center_24,center_25,center_26,center_27,center_28,center_29,center_30,center_31,center_32,center_33,center_34,center_35,center_36,center_37,center_38,center_39,center_40,radius
0.7496363805941565,0.28780729022014484,0.4209559945061331,0.5375551018212457,0.22184662578789005,0.03867236923204931,0.9752014444802386,0.4550274592738166,0.017452378323728923,0.8677961608305822,0.19113732336862377,0.8798757576606514,0.005953813684089537,0.00479040552998955,0.23774910979165498,0.5093203452707725,0.3728967689923629,0.17275936093717426,0.6329439717122656,0.5793757929440623,0.28606327732241543,0.7134281395613735,0.7455701948426411,0.7466684591140378,0.5954301541880128,0.11718294944165164,0.7895096089362115,0.5223312822222895,0.8697027988890528,0.001358849621856728,0.019213690936104144,0.007235782744642871,0.4028818784593665,0.0036009184901147906,0.6350476876391398,0.9842827368557737,0.19498573078917325,0.572377869921608,0.7860796688804149,0.45997339169175244,0.17357223853160486,2.9626374837565765
0.660639732729139,0.12014269483123552,0.2727006541472877,0.2626040824789976,0.5744755819909079,0.8296397187223055,0.06998618725501338,0.5299196831799634,0.3342519996249307,0.0008989549449833767,0.7259703070146301,0.12956367516971756,0.5972639125721287,0.5500569974761585,0.604475326421468,0.693487627595473,0.12789571466829097,0.7602090771319236,0.33741715415434503,0.1625743917914778,0.8447567914080785,0.3334627207589248,0.7994702760370238,0.5612826509247892,0.460550698365105,0.7416134694038483,0.43783134209611574,0.07768871410393086,0.5468544207136378,0.8758741043285626,0.9774022384065816,0.24091497450750776,0.12564556309801178,0.8427360589645587,0.02467379309634199,0.3914671538600871,0.9993845191605578,0.8514512491679882,0.09307604197663943,0.021301803107975914,0.8138788205577948,3.396131660183595
