center_0,center_1,center_2,center_3,center_4,center_5,center_6,center_7,center_8,center_9,center_10,center_11,center_12,center_13,center_14,center_15,center_16,center_17,center_18,center_19,center_20,center_21,center_22,center_23,center_24,center_25,center_26,center_27,center_28,center_29,center_30,center_31,center_32,center_33,center_34,center_35,center_36,center_37,center_38,center_39,center_40,radius
0.6680499504372172,0.9584540192732424,0.11270511322483867,0.3491048321095108,0.14617527543746667,0.6871697654246561,0.360815817784753,0.13379662022688177,0.025681093899121654,0.3389320391686057,0.9417099427069549,0.48538698804342484,0.33622095967510246,0.7291612364542471,0.12330255695864267,0.3241245959305663,0.5209675124143982,0.6299464168865265,0.38433843156875036,0.7995619282723347,0.07585584884444929,0.39773409482927635,0.3136683731349925,0.2375966671126033,0.9846844628316986,0.807074056932817,0.34809266656143845,0.2761915636540664,0.30875709785563565,0.333030022548918,0.6190989773311648,0.7611030094660471,0.25274459724781173,0.10997908532867517,0.24099648435012544,0.32339715246011413,0.726599017473185,0.7688252852881209,0.089268669303188,0.7938383496626986,0.7217007662803318,3.210973516283111
0.9086387927471969,0.48192236761174523,0.6742616144201902,0.3165084750624113,0.9353103243297252,0.9996104077072792,0.48108233896012476,0.5605934819890411,0.8714181748628798,0.8085136589213454,0.17959403181628164,0.0019172996576658496,0.9559547904401395,0.113535220278146,0.6828658542693937,0.7420781582902315,0.8231340578374797,0.9657002647457421,0.5693838024227644,0.7366686037875861,0.5727742367313835,0.7127641535406439,0.5528246265233693,0.8971110765002275,0.093614751046187,0.03624627312279127,0.11227018814614498,0.7902326983151665,0.27504480316401847,0.8465284551513371,0.8169397957567328,0.349627946339776,0.7767857870258045,0.6817000246126504,0.7675093095608279,0.22197730408158,0.13297963279441716,0.9561243913222206,0.9979760985699201,0.12942365651710208,0.46612853634337326,4.1181124184782165
