center_0,center_1,center_2,center_3,center_4,center_5,center_6,center_7,center_8,center_9,center_10,center_11,center_12,center_13,center_14,center_15,center_16,center_17,center_18,center_19,center_20,center_21,center_22,center_23,center_24,center_25,center_26,center_27,center_28,center_29,center_30,center_31,center_32,center_33,center_34,center_35,center_36,center_37,center_38,center_39,center_40,radius
0.816872005469959,0.31698731619282083,0.3578943468668202,0.8089608383930295,0.32116598443483524,0.13488940187900844,0.03638040479616711,0.8790708116696175,0.7446893716213613,0.05752419484235527,0.6405674795037196,0.1943339747981765,0.7365441410182249,0.4094404935560878,0.9259684106990517,0.6730347826831974,0.2985527613680007,0.7026889121433798,0.3724581194438582,0.18903353815846935,0.359463790549191,0.9746470020527874,0.5753135723209092,0.03480262742163098,0.29177318835148436,0.15921323105033847,0.32283009149155084,0.8191695358980394,0.8200756624343569,0.5621682844452914,0.7177763315798465,0.16963018792848095,0.43501266031915675,0.40557962893095845,0.07936496704940865,0.5362986124245516,0.19853565431779796,0.28817459112225374,0.22695921539345087,0.8855317544495874,0.7503341085480542,3.2132032774285695
0.11185478555079842,0.7392547752011269,0.22494246135084373,0.25272777513733846,0.3125791440633938,0.6693127564026945,0.12004220798982546,0.010596959296451214,0.21020115240018256,0.30455025207760755,0.3653732721640548,0.9552373240853401,0.06141970326877,0.1169557148782363,0.0603104393585171,0.5946985065301296,0.682164030793883,0.2159599246369288,0.9261648000310988,0.9195055470782478,0.7275987240422038,0.7484001134787129,0.08145663406280701,0.43148721349759045,0.9399873324503266,0.8622426932055444,0.631568148953711,0.10407227897594329,0.6870316909232943,0.9924655038831885,0.1626027226610398,0.8910223361352299,0.5613770339609173,0.7290439774472837,0.7515155833229362,0.8109458488834184,0.4850332217082265,0.3391989392933913,0.7597959348858709,0.10077433253459755,0.8343539780131882,3.1859480781443326
