center_0,center_1,center_2,center_3,center_4,center_5,center_6,center_7,center_8,center_9,center_10,center_11,center_12,center_13,center_14,center_15,center_16,center_17,center_18,center_19,center_20,center_21,center_22,center_23,center_24,center_25,center_26,center_27,center_28,center_29,center_30,center_31,center_32,center_33,center_34,center_35,center_36,center_37,center_38,center_39,center_40,radius
0.8881308346916038,0.08108709342421516,0.8618803976119581,0.11757557143491093,0.827484886594968,0.42834796032948197,0.7708101254779198,0.3602897059643956,0.3809039064869969,0.22019346638519155,0.3023778023198662,0.599631699009667,0.5887353263984749,0.5965927750410532,0.3769170754608392,0.08334081541990346,0.5028246229246813,0.4591403714471568,0.29598116103258143,0.8237333277566912,0.9398345789417033,0.42897267416463714,0.4301900107895633,0.2673820582762829,0.5022967136782124,0.772365396716273,0.3256901288307287,0.6439107186013201,0.2192888361068691,0.6203491638890746,0.05299359728327491,0.8855059121573923,0.8591727267059821,0.749628670312761,0.9328824575477049,0.3009893948521476,0.0087419739574216,0.34322019686388916,0.2614795717411341,0.6504284483722736,0.8964680152528255,3.158314699962208
0.8153884247957269,0.5671968681339087,0.3012973214944161,0.8376120355405045,0.0010979438895376559,0.022568066308816914,0.8993127531249029,0.05714001058001528,0.8546664934037029,0.4002772608105736,0.23052591003905187,0.9780794136594746,0.9897821338216138,0.021734713293819263,0.11551142791266622,0.5464985823303462,0.5249514566367203,0.6258246733632523,0.9678654210380518,0.11650910718854268,0.29494146917510167,0.7028409073090662,0.4935373661156962,0.5506999566054024,0.7024334993984704,0.3896393325074541,0.94327789301674,0.6643188166975074,0.8881052119643096,0.6375513976673447,0.2786360097348345,0.09579039707325099,0.7338893762047908,0.09403067654497999,0.03707816080280346,0.8215194535871789,0.9738006525525734,0.34777861010101296,0.07623273277765985,0.0014664365856215111,0.06834849734768134,3.153895292920165
