center_0,center_1,center_2,center_3,center_4,center_5,center_6,center_7,center_8,center_9,center_10,center_11,center_12,center_13,center_14,center_15,center_16,center_17,center_18,center_19,center_20,center_21,center_22,center_23,center_24,center_25,center_26,center_27,center_28,center_29,center_30,center_31,center_32,center_33,center_34,center_35,center_36,center_37,center_38,center_39,center_40,radius
0.03065892529379599,0.33237147629437513,0.7127379072609954,0.841780631309371,0.8476133010900299,0.7210150504206914,0.21748058376942603,0.5968318350739686,0.4070909003043658,0.35495660947590113,0.7755229606167364,0.866959578216316,0.21054776553196997,0.589466267195707,0.2095112802337601,0.9479885014770757,0.07645762714162896,0.7453540393977566,0.3890639559424265,0.7018322719472144,0.1989439486418606,0.517757615858674,0.31706197332043584,0.6303970010302745,0.33725805566127554,0.3690564706154513,0.971439225722332,0.9293951795340591,0.3276377151790114,0.8711583056306622,0.20413694144569872,0.4731646314102961,0.9561022731943253,0.42936929349575403,0.35453953947500383,0.9442696127699001,0.5362276793274258,0.3961806348501169,0.39814644220724626,0.8558358111955388,0.17005026547394753,3.029637284992681
0.8115869731859454,0.7086547041254929,0.10812990575362413,0.12791168685856413,0.0898368538646157,0.44377991868714983,0.6985685675385067,0.9461146491315321,0.7895173939503826,0.7283413677347688,0.8470841144869907,0.12804760096203416,0.5315942906570204,0.19067129508206904,0.6252433146304679,0.6322253834309917,0.5449490705605998,0.7528664094591572,0.13571071899408438,0.5934227841463279,0.8504534378646473,0.1292460574770926,0.14898041747034974,0.02528671042741759,0.9436140625044689,0.518267102311862,0.027255871317375058,0.12164539506874472,0.9422293948552258,0.11416617248048389,0.02492435061649434,0.4302659046562328,0.3938958021256499,0.5378164150601776,0.44433368133442463,0.025037086089476857,0.6337404376801208,0.507482873550499,0.7498321504163749,0.7538826752215303,0.7948627812524779,3.241221315480005
