center_0,center_1,center_2,center_3,center_4,center_5,center_6,center_7,center_8,center_9,center_10,center_11,center_12,center_13,center_14,center_15,center_16,center_17,center_18,center_19,center_20,center_21,center_22,center_23,center_24,center_25,center_26,center_27,center_28,center_29,center_30,center_31,center_32,center_33,center_34,center_35,center_36,center_37,center_38,center_39,center_40,radius
0.08674160226329042,0.6718951339079767,0.2267980398493794,0.37245492638308897,0.3209895584841942,0.06838675756339752,0.1741586808388188,0.90815171703275,0.04963637102531038,0.7874780463633633,0.8899581563105565,0.83857369219155,0.01856215312779086,0.8226193150532216,0.7563241802620227,0.8492635119658806,0.5662104396103285,0.680502529563396,0.029770261248572405,0.5492626182269865,0.05386379032301236,0.2672028283024972,0.7476687363766505,0.4106373128285066,0.1939707845433538,0.5142339100735286,0.033959542159320066,0.6560202221488354,0.13606392371641662,0.017424343082005467,0.5822070168190089,0.6904395298551108,0.9553439800107565,0.3088225441206516,0.8263365122193789,0.8988997171230132,0.7404990682399252,0.5927791306135415,0.42690683628695014,0.6049408076175391,0.422933808256031,3.240872965499388
0.7755999054683821,0.15868586774954208,0.49039416939792924,0.08945057709066195,0.8400984964384098,0.8613540763733059,0.7158034099187253,0.1941392937371974,0.7225974096203186,0.5811251152162121,0.31374150375516385,0.34796857214922017,0.8800803317210665,0.6747789930904541,0.6671254728906725,0.06215906926420156,0.9752558967914828,0.8145092990122986,0.9716145683067613,0.7986175840237634,0.44255738109347187,0.7231983822403353,0.047487796186603926,0.08334605998706168,0.8713206746234878,0.07200306742167362,0.316413517185834,0.7917817255480277,0.801951473409877,0.9179003053548771,0.8127531943693538,0.553926522349362,0.12926393154713356,0.9667073917017508,0.9588738846172449,0.673971734819288,0.4232970389361016,0.04888007621131818,0.021565864309564753,0.5784363837208077,0.5768930551428749,3.617804793132436
