center_0,center_1,center_2,center_3,center_4,center_5,center_6,center_7,center_8,center_9,center_10,center_11,center_12,center_13,center_14,center_15,center_16,center_17,center_18,center_19,center_20,center_21,center_22,center_23,center_24,center_25,center_26,center_27,center_28,center_29,center_30,center_31,center_32,center_33,center_34,center_35,center_36,center_37,center_38,center_39,center_40,radius
0.239730607193109,0.4189140710709752,0.7240688169822054,0.6440654295629916,0.8298196134019517,0.7542164139410754,0.12267621550266228,0.6388846233760155,0.24360065615581927,0.2775814088063224,0.16614762097396107,0.1295731825074502,0.8331883867843448,0.3964040474277374,0.15659356719912054,0.33310408872632813,0.7667511532879989,0.47643349529332923,0.2353950100624984,0.7839282251650684,0.9783174882382737,0.637440912228551,0.8999845236182898,0.48109220283865783,0.9929139749305574,0.6369158454795372,0.6808291505738628,0.3821877519267183,0.39788812875790003,0.27902657924838803,0.7257333879646382,0.47577659303128184,0.5545270820088822,0.011388343851836513,0.9883029767810677,0.35426098976598086,0.1085791312133173,0.3849429828236163,0.5059459213606717,0.09473309941451025,0.5549705956125268,3.2333151361453853
0.18777711465397107,0.9499389126763778,0.008204142663469027,0.5375565025931904,0.29433656495784777,0.03293123436296641,0.7443645267882352,0.1998337892217329,0.8682426298512285,0.983133300225739,0.1511615688495761,0.8095210762666061,0.7267930501607623,0.2285384339676888,0.9634440868502744,0.5674378837306275,0.15874119908297657,0.6365423662493395,0.8849619116976595,0.025066842280195623,0.3450868407074048,0.20119700781795202,0.24027514517663684,0.6939280469546499,0.2784551844637677,0.335227751681467,0.9493011241369729,0.9019016142591578,0.8921156909156432,0.20397520201450847,0.7067277244598444,0.4118415326759697,0.0787091899167407,0.8734892227301285,0.6191189293544643,0.1290432424936503,0.736301366575979,0.04021495185849522,0.03720191755184121,0.9931487071302544,0.23744659698572068,3.054068079528582
