center_0,center_1,center_2,center_3,center_4,center_5,center_6,center_7,center_8,center_9,center_10,center_11,center_12,center_13,center_14,center_15,center_16,center_17,center_18,center_19,center_20,center_21,center_22,center_23,center_24,center_25,center_26,center_27,center_28,center_29,center_30,center_31,center_32,center_33,center_34,center_35,center_36,center_37,center_38,center_39,center_40,radius
0.6089948187670715,0.39849157598312634,0.3125316768632773,0.8029385323675788,0.3394318980073643,0.30437544144876705,0.8858485408395033,0.6488216728696529,0.5531342172829966,0.5268712687490869,0.2471090180179758,0.6570832951874945,0.8534329332948148,0.3359798422484823,0.75559366580682,0.25373381945421325,0.8241422407365011,0.6898690022053036,0.07964063171824154,0.15584716153489142,0.17121459212475887,0.48062808430986803,0.8870155050785626,0.7369484095829818,0.08857865942955301,0.8928945991347714,0.7868661707987864,0.661044121639225,0.26850026017185735,0.06820599660664661,0.968514627328132,0.6342991025097217,0.5670889735902044,0.6770822757366767,0.09034398816017164,0.3664449517331493,0.9369566545728458,0.3901102133454216,0.38329236453449056,0.15209765138282438,0.11548962275626862,3.2453364174923425
0.404905080619244,0.26783686035128107,0.4534474352150971,0.696030476624442,0.7777150964780775,0.8957822285210478,0.07040945522879105,0.078768269111951,0.2728535187106427,0.09905798848079816,0.25194906573003084,0.21060852990660106,0.7258774977891187,0.4251061167388518,0.13452031265496955,0.17312036133059983,0.14167853810577324,0.6097964092797159,0.9916841558507111,0.3603936147509882,0.2190355233994099,0.9373408630263994,0.1249838969293986,0.03229091657572192,0.9862651074775216,0.004588385501292258,0.10711301022193787,0.55043478448968,0.08039964946296552,0.8355306175802021,0.394322186298089,0.09143449150046823,0.007827787915866358,0.03336089025958988,0.7098627573805151,0.8695687059724592,0.18969751974359972,0.31007475553539476,0.08793117677793338,0.8610653382928772,0.2717751832486611,2.8626578882340334
