center_0,center_1,center_2,center_3,center_4,center_5,center_6,center_7,center_8,center_9,center_10,center_11,center_12,center_13,center_14,center_15,center_16,center_17,center_18,center_19,center_20,center_21,center_22,center_23,center_24,center_25,center_26,center_27,center_28,center_29,center_30,center_31,center_32,center_33,center_34,center_35,center_36,center_37,center_38,center_39,center_40,radius
0.6843741625509531,0.35058525880125957,0.7809892359259177,0.5299582512543519,0.7958440940112071,0.10859126158018795,0.9466631461604308,0.29741242076575125,0.8183941883220457,0.8561669877516577,0.14286886082720807,0.3663318527708871,0.274479610117933,0.7886371962931731,0.7276244240493736,0.3714961969652584,0.39121320660895165,0.11951070540364317,0.783992652523659,0.3212979894119622,0.931071630018721,0.4849955274298434,0.574614151857676,0.9400385737320089,0.20515613186251114,0.9626624076864958,0.4973432190279279,0.5287470873261223,0.8256662573014253,0.6171639578392953,0.40098995516944,0.37875688742792435,0.8185897527732805,0.8603044016553394,0.3691111571141107,0.652997225553836,0.6002747351248423,0.6398212409370719,0.25665779589726945,0.9423245758660951,0.5266334885516436,3.2369227077823632
0.19619237955876634,0.16097653490643093,0.22229654610621774,0.5684113969442246,0.05114178943996184,0.822078537376409,0.836106298201963,0.732847077625037,0.49742155223119044,0.7799353684332149,0.843452802847693,0.9200489092397945,0.5475418474563865,0.3233468020874224,0.4600717826535169,0.8062157556051308,0.057347128517357904,0.6988512214686808,0.04265980414105097,0.6649745675718385,0.01169518120422608,0.15967396141661505,0.6980626010877881,0.22216581580903028,0.8124474289467488,0.44440383235464054,0.7220937654075068,0.7224170188974325,0.23548939537946822,0.003205121878827377,0.6265792521033364,0.6561637453498221,0.09336108015487132,0.08184748590309632,0.858237356599298,0.10016933386098759,0.5634454709198917,0.3895642974381788,0.9504932067957421,0.11901085815672374,0.07550037556399791,3.0046773357137035
