center_0,center_1,center_2,center_3,center_4,center_5,center_6,center_7,center_8,center_9,center_10,center_11,center_12,center_13,center_14,center_15,center_16,center_17,center_18,center_19,center_20,center_21,center_22,center_23,center_24,center_25,center_26,center_27,center_28,center_29,center_30,center_31,center_32,center_33,center_34,center_35,center_36,center_37,center_38,center_39,center_40,radius
0.689465173795504,0.6643761298278944,0.5539542027799546,0.4649196010601597,0.29757837065214854,0.26110846960460077,0.6760775366678593,0.6594648366574113,0.6029642535385317,0.6722467598172903,0.9316526098421261,0.09217844959494592,0.24598516339770837,0.6078303649125009,0.9045666525731927,0.7102263119976515,0.10867429649925842,0.7283837226353508,0.2346193577375736,0.9666134626113049,0.563377503121711,0.23214005518046565,0.08968168988031411,0.12848566010001272,0.2868110314810193,0.565817627845147,0.44878359789905364,0.08786220057417671,0.6055878421314634,0.12293308852956097,0.8049600508545595,0.6024329144988264,0.3974704837163997,0.9215678157531066,0.9183607511341593,0.32745041092203486,0.32912475708907885,0.9632224189789784,0.0855709672141769,0.4204657185058249,0.9603013837435688,3.2021969409503783
0.05697070249099667,0.6586684032274023,0.7408634674654486,0.3403061125212842,0.44010257032415023,0.8078258689194215,0.08026521357955096,0.3403073799790364,0.06972127349987955,0.39587389253571614,0.7757043779052283,0.7035131705464328,0.9316235762597557,0.46423737234866236,0.1365564013103242,0.16999008654724834,0.9116377978079568,0.13669924133330424,0.07317497412062768,0.13949140600421273,0.061383328606542276,0.6328178625427334,0.6207326764655146,0.07028567065894809,0.693744467194378,0.6399581837848553,0.948435433071093,0.7486396333195872,0.2793591795798439,0.23128945111726174,0.19721346700601128,0.2686522815704665,0.943259280018172,0.0024982862574646214,0.17283211848750213,0.2665620133411437,0.4898129284835109,0.3058841462240405,0.992264966821151,0.5389307632815107,0.24003534585999775,2.926616602015654
