center_0,center_1,center_2,center_3,center_4,center_5,center_6,center_7,center_8,center_9,center_10,center_11,center_12,center_13,center_14,center_15,center_16,center_17,center_18,center_19,center_20,center_21,center_22,center_23,center_24,center_25,center_26,center_27,center_28,center_29,center_30,center_31,center_32,center_33,center_34,center_35,center_36,center_37,center_38,center_39,center_40,radius
0.8642748819915119,0.48870150473784013,0.6714155084342263,0.18522831356363312,0.7050485557974505,0.4046608701748705,0.921818368201132,0.3926547717050384,0.5691455655088241,0.7870947418057828,0.21835952741397524,0.6739066146737502,0.6821440238359671,0.04383602042116863,0.7879578380260291,0.38732036143712756,0.8173748179616276,0.7976821403963955,0.13423118321859617,0.30852973654557125,0.6450323891444318,0.6083435012481896,0.4297095766266775,0.873717623771881,0.31399931920228874,0.5437654674727782,0.9240872774619087,0.012953554795044675,0.35370764505634766,0.07397157795126152,0.8559602161325753,0.4379901288310596,0.5111264417708086,0.5566001712815146,0.20469003212647308,0.6943256263998814,0.5380101553475574,0.675745695910274,0.26945699401360634,0.5900727703172147,0.8585343552540126,3.2559921925794835
