center_0,center_1,center_2,center_3,center_4,center_5,center_6,center_7,center_8,center_9,center_10,center_11,center_12,center_13,center_14,center_15,center_16,center_17,center_18,center_19,center_20,center_21,center_22,center_23,center_24,center_25,center_26,center_27,center_28,center_29,center_30,center_31,center_32,center_33,center_34,center_35,center_36,center_37,center_38,center_39,center_40,radius
0.6405510310773957,0.8865620208748438,0.6173094945746348,0.7113409873979758,0.22573310676004554,0.37753725443175423,0.004542319026052732,0.7685312665919278,0.10199505309192769,0.6407026131030656,0.8848933085567797,0.849186641061952,0.9663652044292457,0.3207405704951414,0.40092802276116923,0.5557102481966075,0.7579307395353869,0.25956313766594885,0.47992428772164897,0.40892652474343927,0.4120963517973927,0.8697548219176043,0.4130192225032485,0.09555386456749149,0.9688289701990496,0.8285894525422434,0.9539670960187632,0.35131240935015706,0.5066492383238935,0.9586478097621952,0.4441405455125771,0.5086214073380362,0.2737514273502831,0.6978554321109417,0.5145129550316849,0.806888034307854,0.4456229413357363,0.04635669552075106,0.662204539138756,0.6639506964626841,0.12758024391789247,3.1192812288047445
0.23152116099653053,0.6668733977510195,0.3117781692946806,0.07272938708394705,0.5963687548253477,0.8703402160140961,0.2864391494040429,0.14169830650538717,0.5196948040378322,0.2729344201822117,0.028280420620874436,0.8395517259655166,0.03858284004867685,0.7126069009522971,0.04953443110665823,0.8594179275730466,0.6812519441389248,0.9619039237732773,0.33563015060801094,0.21584944398982808,0.9326015897499884,0.2086896233963227,0.853619992429281,0.12999179662501548,0.9085310017320228,0.6971828723019816,0.003041674851889664,0.9138455698044119,0.7927942159760406,0.009450811416369054,0.10880430271103825,0.02518774714424632,0.1706535478848723,0.06771672343149793,0.20156459261067539,0.10350418473094902,0.9209118795653018,0.9782420808263753,0.0821289671830937,0.957061187501942,0.9934874355711131,3.2547841215763484
