center_0,center_1,center_2,center_3,center_4,center_5,center_6,center_7,center_8,center_9,center_10,center_11,center_12,center_13,center_14,center_15,center_16,center_17,center_18,center_19,center_20,center_21,center_22,center_23,center_24,center_25,center_26,center_27,center_28,center_29,center_30,center_31,center_32,center_33,center_34,center_35,center_36,center_37,center_38,center_39,center_40,radius
0.42502986726487757,0.8822596527249724,0.39070357672302614,0.33200645020476094,0.9794595423073656,0.19061296851586063,0.29396874569484555,0.9756257812399112,0.5494629568724193,0.5467390269314458,0.29630121987863034,0.3768556306667957,0.8524965064922357,0.49983350881397204,0.5814273792681516,0.6856664618742698,0.5930344021908135,0.6491627243254572,0.43878785082642147,0.05064022256984857,0.04104342562564278,0.3443117484642463,0.3711783071924456,0.21548246049689002,0.8566527730208648,0.8527410235923826,0.7730957277519277,0.8643457196706367,0.9968771227372971,0.548845826270992,0.8303144164823991,0.41822937829202644,0.8446458185532602,0.8607268585169392,0.6147074007689025,0.6949476207995489,0.9158342777017612,0.9980522699683594,0.007586088657504764,0.008200096461162598,0.2909095769629515,3.4259125806625192
