center_0,center_1,center_2,center_3,center_4,center_5,center_6,center_7,center_8,center_9,center_10,center_11,center_12,center_13,center_14,center_15,center_16,center_17,center_18,center_19,center_20,center_21,center_22,center_23,center_24,center_25,center_26,center_27,center_28,center_29,center_30,center_31,center_32,center_33,center_34,center_35,center_36,center_37,center_38,center_39,center_40,radius
0.632635912849462,0.7952777659104837,0.9972280806927831,0.7535018861170969,0.8157087904055866,0.4866257358513537,0.7938087273402037,0.2523760485699801,0.13432072037385945,0.8114792724549701,0.6632313272378761,0.016148871755242378,0.6342727748881635,0.50060884303561,0.4033290914606926,0.7723426717883788,0.22569255566871094,0.11511065771659601,0.4846451099557755,0.313117082111959,0.23658941441543713,0.6196457631785289,0.2567937922099559,0.26040627969741326,0.2412333658054684,0.6546312746590981,0.027923693428535956,0.7762361362717402,0.3906170739752963,0.511942065365441,0.9583141700617999,0.26008301695147074,0.882207737487089,0.3338819912873652,0.9864491368185587,0.7635064958053188,0.7545843351336032,0.5496683937156245,0.09606309109983946,0.5827799024388763,0.35776118550376734,3.3096143077901554
0.6010897722205514,0.11665586343525358,0.2281527644017317,0.6287443879934211,0.9695201179275657,0.9992919231072078,0.04190534136329338,0.7023091364651961,0.9188977267582533,0.7612318877643529,0.464388367148136,0.9908896583496337,0.10378235362693666,0.9546454365443531,0.06960941858218073,0.054635708495901936,0.2682952440757822,0.6105174890354085,0.8739986798010893,0.4727203763538925,0.2502155213209525,0.030758703679298116,0.8809727402740541,0.5699797866974398,0.7980367778325878,0.7487054130270178,0.939481122842045,0.6803466214915789,0.8912690567801413,0.00611673558175907,0.0503476871847367,0.30729862486644466,0.07518003863734135,0.34217050849425035,0.12199864589921017,0.40464737598909273,0.6256453047088404,0.6505627942703107,0.9669097417602793,0.8949232083801086,0.24635215068755767,3.5964369737442436
