center_0,center_1,center_2,center_3,center_4,center_5,center_6,center_7,center_8,center_9,center_10,center_11,center_12,center_13,center_14,center_15,center_16,center_17,center_18,center_19,center_20,center_21,center_22,center_23,center_24,center_25,center_26,center_27,center_28,center_29,center_30,center_31,center_32,center_33,center_34,center_35,center_36,center_37,center_38,center_39,center_40,center_41,radius
0.45763368155533246,0.14191535005347,0.022428587460112004,0.7223305448666169,0.19517564616059968,0.9126372356666743,0.4919193485962322,0.017407963467834797,0.49972594459660513,0.35961792992150354,0.8115223215062058,0.37585496708876354,0.7340847349764411,0.9904306595056821,0.7205829587926856,0.43699821539945305,0.8601471727621454,0.20121635312791342,0.9464029180384035,0.24436886117880618,0.3958015318024213,0.3939718584775711,0.16804125675372017,0.3570333561117641,0.5596522300024551,0.9823875235290883,0.9288014342558286,0.09559526544505237,0.8079120706740297,0.8272218199772057,0.8224930123831449,0.33484382445101546,0.1643067061451965,0.49734848751377536,0.32317377194833674,0.8291057351911737,0.08332611893820807,0.8817479898536672,0.8870177510953347,0.3560970405879238,0.2999241164936992,0.6022592263141228,3.7038078632129516
