center_0,center_1,center_2,center_3,center_4,center_5,center_6,center_7,center_8,center_9,center_10,center_11,center_12,center_13,center_14,center_15,center_16,center_17,center_18,center_19,center_20,center_21,center_22,center_23,center_24,center_25,center_26,center_27,center_28,center_29,center_30,center_31,center_32,center_33,center_34,center_35,center_36,center_37,center_38,center_39,center_40,radius
0.7488746280989852,0.06275241050007196,0.11120708614838137,0.8346237619485547,0.8369864028087751,0.7478256945328292,0.7340637801171531,0.33931419497233706,0.90095900312412,0.2472022886230989,0.010234851849707516,0.14075940273438292,0.41528175931396905,0.23540761026253398,0.8000072125322439,0.9955607071262323,0.173071764415747,0.6388859161064551,0.609751889425398,0.6952953473940512,0.6411051382070401,0.15330417539752883,0.5727687645234388,0.9947600406730932,0.4253591919231462,0.3380592619721773,0.20765341809719917,0.800934531417734,0.7255055080787545,0.1826331802572716,0.1058268783694073,0.12925136514816726,0.3286266915167555,0.8579020249594396,0.4861726919672221,0.32953119402670683,0.9528446910332441,0.04890927467213235,0.7592345750455542,0.1715542616483242,0.8945092953737523,3.4144603981634227
