center_0,center_1,center_2,center_3,center_4,center_5,center_6,center_7,center_8,center_9,center_10,center_11,center_12,center_13,center_14,center_15,center_16,center_17,center_18,center_19,center_20,center_21,center_22,center_23,center_24,center_25,center_26,center_27,center_28,center_29,center_30,center_31,center_32,center_33,center_34,center_35,center_36,center_37,center_38,center_39,center_40,radius
0.9171728903830942,0.9048853045908855,0.34934190580242275,0.4687177846183227,0.9122486792442065,0.6129363438007113,0.8430575774024794,0.1245558062245894,0.9491214047497241,0.5782948986333707,0.1473341960741379,0.2737591873639019,0.42388884101534496,0.06619484781475515,0.7790515424752175,0.2209331711554372,0.2540020660436536,0.9505307631003221,0.1333220647508221,0.5790743094883369,0.006006547422692354,0.21850528703937666,0.9008584151282365,0.7919563296749568,0.24383337581128595,0.40021081391163094,0.7885406770633134,0.05444955682079544,0.9742640012655921,0.05375298460499711,0.8089262317150192,0.1962227295565624,0.6411848415458463,0.780152186564092,0.7157122286617648,0.08222529097455678,0.3740106162823885,0.7491428047382754,0.7464306318497962,0.11505685336778793,0.9822743216276639,3.474136222960919
0.3052499722663159,0.24997429644590785,0.9107720410022151,0.8609756720993381,0.21213522903952586,0.022491425493853967,0.03561182597148105,0.7249862065535886,0.903722260783483,0.16764530553678092,0.6679237894034888,0.1846934713591395,0.9585015847557208,0.66521564340444,0.9023444357104002,0.9519629941274497,0.349485618006229,0.26039689556356604,0.10095723475858098,0.3639153078569032,0.6325468364440483,0.1630292306845933,0.23995765080934173,0.17223097478914096,0.9134689611200327,0.11728995665073771,0.06454002204046139,0.8579318894387176,0.8031046195818133,0.8835702465886284,0.17558066039115672,0.6951963412174395,0.7899410237660046,0.17431452739683584,0.43276667258212076,0.918545995460059,0.42363681413124554,0.29477022404758235,0.04939524001034401,0.3566051306471123,0.2177183859503814,3.1771080750618483
