center_0,center_1,center_2,center_3,center_4,center_5,center_6,center_7,center_8,center_9,center_10,center_11,center_12,center_13,center_14,center_15,center_16,center_17,center_18,center_19,center_20,center_21,center_22,center_23,center_24,center_25,center_26,center_27,center_28,center_29,center_30,center_31,center_32,center_33,center_34,center_35,center_36,center_37,center_38,center_39,center_40,center_41,radius
0.8460419176753866,0.6320857099068132,0.5961088585309826,0.9454201071345729,0.45692527067445143,0.8502328292012012,0.42897951209611895,0.3835118771064846,0.1631587322203878,0.2528508753691593,0.031056744292600413,0.2389260271769097,0.6749857392975882,0.6471244185916243,0.5068133342984665,0.888079309207684,0.02444662220944438,0.2783046286681734,0.8970562883430037,0.2268964125232633,0.5614690859146576,0.2574986185776532,0.564354624367926,0.6451904449549306,0.8715872484348678,0.16453904944935493,0.5320399565851914,0.3892323965902812,0.8837107710093031,0.7821084977946247,0.5348850665822588,0.5492270092974427,0.3424401558914383,0.11505728466426601,0.30644697433495405,0.856629901337873,0.7425474739034359,0.8344346988704735,0.15570025780343577,0.6480287975795572,0.5636856777084084,0.3094924185211628,3.4130124584635553
