center_0,center_1,center_2,center_3,center_4,center_5,center_6,center_7,center_8,center_9,center_10,center_11,center_12,center_13,center_14,center_15,center_16,center_17,center_18,center_19,center_20,center_21,center_22,center_23,center_24,center_25,center_26,center_27,center_28,center_29,center_30,center_31,center_32,center_33,center_34,center_35,center_36,center_37,center_38,center_39,center_40,radius
0.6518230917485819,0.4499668707306098,0.10711431151928763,0.9706301136478104,0.6154056449869918,0.9825532952123849,0.314141877178053,0.32205444047796994,0.965727414418932,0.5436488417954455,0.09209060530811464,0.5542174358812572,0.22143965491616346,0.7343338475024672,0.6671093270944866,0.470229594942032,0.640012065327851,0.25935490512971715,0.25043100570171084,0.782917787593453,0.03139438188099797,0.673564660437951,0.3801633409626147,0.9906449940550242,0.8424982788408499,0.35774672540173125,0.5220244725044226,0.6651460220787282,0.10266256716477906,0.7066479376031711,0.5759235436851977,0.18025103492297045,0.5565610880168352,0.5066218609635685,0.45225011440392693,0.5547066595520093,0.4359996152732384,0.22796965689025972,0.9816146885814967,0.23320904786682406,0.9210750990377737,3.331718607849655
