center_0,center_1,center_2,center_3,center_4,center_5,center_6,center_7,center_8,center_9,center_10,center_11,center_12,center_13,center_14,center_15,center_16,center_17,center_18,center_19,center_20,center_21,center_22,center_23,center_24,center_25,center_26,center_27,center_28,center_29,center_30,center_31,center_32,center_33,center_34,center_35,center_36,center_37,center_38,center_39,center_40,center_41,radius
0.9766393430086021,0.06762925025609645,0.5388436714214816,0.07649535456522771,0.9216884992324063,0.057034401767378506,0.10028788134426336,0.6737748719011133,0.8791606857894138,0.08365974980780055,0.08307214056064083,0.2289395766836566,0.10096978084026775,0.9619591756517542,0.8568172308812542,0.40732271708865964,0.2395623303151465,0.7439056901854444,0.03311807563091984,0.3335409870474392,0.323120307592634,0.2455600611541372,0.6004112254230631,0.6637583972008146,0.3084809280762857,0.5743242179432881,0.18735347080567943,0.601077098637564,0.3781383112816761,0.12929392012199514,0.42758723753221717,0.4962876295560259,0.3302539148756477,0.042323804528058506,0.13608421488404399,0.73425877949708,0.936944582798686,0.7679041897022689,0.5488057860664701,0.4453369873811137,0.6523199457516065,0.2221177171330233,3.242889867929376
0.03253565067572428,0.9312381748991277,0.8426109822702678,0.9450745742369967,0.26881428850707756,0.8354961798245369,0.8988356500615248,0.6360986097376221,0.91975229550333,0.8102246905524879,0.5428785684031998,0.7969816961792022,0.23002160655923132,0.08262552776117416,0.14419986272534624,0.4872366552172217,0.9570952436509693,0.7440600759627922,0.9150730862306432,0.2202602734536725,0.34717587784124393,0.5385591890218238,0.2207768875604833,0.3973461407186458,0.11172353469729868,0.4495580651430813,0.8682934005946189,0.878034339153092,0.08855340752146279,0.8755170824818955,0.2695824150515981,0.5232869969040883,0.9803498883448981,0.05740388013679598,0.010540431990474719,0.5431089228426068,0.9734577210336002,0.9423903997171912,0.2425460327245752,0.9761272392577034,0.930922685595306,0.9159178629412116,3.8680898141337705
