center_0,center_1,center_2,center_3,center_4,center_5,center_6,center_7,center_8,center_9,center_10,center_11,center_12,center_13,center_14,center_15,center_16,center_17,center_18,center_19,center_20,center_21,center_22,center_23,center_24,center_25,center_26,center_27,center_28,center_29,center_30,center_31,center_32,center_33,center_34,center_35,center_36,center_37,center_38,center_39,center_40,radius
0.3770253008826503,0.6699158903941589,0.31959620341936457,0.5655909596411277,0.09766304044470597,0.915260106324789,0.41811406963243525,0.1465980315410712,0.7487386569120248,0.24217512185085666,0.06717833497907033,0.5382878663756726,0.29474169591179333,0.8178076195029372,0.4527272987401286,0.29353325343505166,0.41754552483961416,0.10639357206274658,0.27532536228334603,0.6928531709196333,0.7885610134819792,0.7291299141794398,0.09472304481501148,0.22372077348794672,0.5979089155785305,0.5473670172013745,0.9461478444047852,0.12906826791015447,0.6181406784715113,0.2482652934207885,0.7788464540626491,0.27729254332077335,0.5207476640733989,0.7869661519097759,0.5186342612264524,0.6930234181684972,0.49194201930966985,0.5140223446712602,0.6169792326994686,0.9630626909876026,0.3367810411260801,2.9653135725507136
0.7958867102677004,0.16738746852890307,0.9636141702257434,0.32728927613098024,0.7516166941085768,0.0341794995328083,0.7782373915423015,0.47769693907161304,0.7731706520581578,0.9084222732366822,0.44399336343320517,0.961637728884963,0.5261028756919823,0.4515192094782169,0.21667730207985758,0.34475777964125265,0.03829694121668514,0.8668029319124126,0.4652782793904946,0.4943507770307267,0.2539544858809084,0.39697789089947344,0.6543380061207534,0.7424307168315128,0.41442180431126563,0.026396320313950117,0.41052004771089023,0.9818829506517129,0.09918638303870841,0.5362567850286616,0.08237927964398117,0.9442166828195776,0.35256201786601116,0.7110894739877837,0.42774175747674814,0.3033158756791339,0.869981979266975,0.39727143196899717,0.13817737848301248,0.29175938055277373,0.5988398382150004,3.1914383641490596
