center_0,center_1,center_2,center_3,center_4,center_5,center_6,center_7,center_8,center_9,center_10,center_11,center_12,center_13,center_14,center_15,center_16,center_17,center_18,center_19,center_20,center_21,center_22,center_23,center_24,center_25,center_26,center_27,center_28,center_29,center_30,center_31,center_32,center_33,center_34,center_35,center_36,center_37,center_38,center_39,center_40,radius
0.33275204778211676,0.803957733082255,0.9299186603403119,0.4313697310903504,0.8340361232482687,0.8572944023687797,0.3465657349931456,0.6983910887180186,0.8138019364692144,0.9081309088890982,0.2644110865998537,0.4411903396090531,0.9230538191301211,0.3906965782601852,0.39798955147838133,0.7859037188889072,0.0018763760289612907,0.09841903310305888,0.8770670014673467,0.33505571919946575,0.38701585785598247,0.7971515583922888,0.5945676003371659,0.8361449904780145,0.21918733491673836,0.18130831039688722,0.7722752753249625,0.06803010729619086,0.9457686255570679,0.6827293112762497,0.23935350023030189,0.8914758333393688,0.12051305616578445,0.44303333263735345,0.4437193579244513,0.43202586189240266,0.3197344769718823,0.8094353956926931,0.35849128100810224,0.8157504149499496,0.36724999128763325,3.2827425810293995
0.15680828676364789,0.031813166223606415,0.4168768570914677,0.08624091539487844,0.6959201203245706,0.03677614916576499,0.9451763488333509,0.9018489059758023,0.6581796056789083,0.018400394465377334,0.6239860005045017,0.9289751961679673,0.040955631541789494,0.41795172969301664,0.9848735390169777,0.6615549775270629,0.7671167553932055,0.570962740219026,0.8019010567210396,0.7371866423056757,0.7731356538674857,0.07680462831900992,0.2676538572219046,0.01187651305912385,0.3118357317235987,0.8291291068308859,0.8438166620926637,0.8748157384705688,0.22617059176675902,0.3323744462381538,0.8459332127195172,0.7123905098952134,0.6618650182558283,0.7650101984853803,0.24446706810176466,0.47260433533869073,0.863017569602117,0.009502651564247677,0.9741638686552384,0.38482003852679125,0.3073903048210739,3.4910907686376063
