center_0,center_1,center_2,center_3,center_4,center_5,center_6,center_7,center_8,center_9,center_10,center_11,center_12,center_13,center_14,center_15,center_16,center_17,center_18,center_19,center_20,center_21,center_22,center_23,center_24,center_25,center_26,center_27,center_28,center_29,center_30,center_31,center_32,center_33,center_34,center_35,center_36,center_37,center_38,center_39,center_40,radius
0.8461530986512303,0.9702495389988751,0.9038793231338833,0.08552673122894416,0.4639454546354085,0.8821062854295226,0.7166950812305658,0.25520996972073917,0.7082898612150726,0.3963724363712794,0.9237468365705241,0.9903111698612482,0.5666940825273175,0.4408416466929813,0.09067985485834473,0.5955061243795164,0.41276085204421376,0.22060696924439382,0.9223644326766834,0.29887613573737437,0.7552436128338954,0.1634608908871905,0.19377363779812085,0.8748604871721924,0.6634735934064693,0.31185492849773333,0.47376215332490657,0.841904954465771,0.8514309604387393,0.15862490371709925,0.6711624187246091,0.48505905863114673,0.24460416760137127,0.1953834427817286,0.3761813270772969,0.9983273534408991,0.9273081455698472,0.7735619559577662,0.2459093364475644,0.9608145736701078,0.48189559443139685,3.4182331101039383
0.0830226256488319,0.042519183303408425,0.050387614409821424,0.9511383420994948,0.6500393588966119,0.31008258920207354,0.3611756725842703,0.6562357004425207,0.12709325207028022,0.7712309918365674,0.5462307150618444,0.0019895032708793225,0.14280485286097122,0.49833838227412075,0.9768759999217606,0.32945660227726614,0.17060913662153532,0.7931279555787872,0.6988519159360972,0.6681826855964589,0.5555765766362722,0.7031568355411413,0.4448631408778373,0.1617041055250532,0.6786069403622665,0.4351217682053592,0.6563556335604799,0.08176695450064275,0.6407647139051129,0.8766536176586519,0.8589830343559566,0.2887714051561826,0.9440062816883592,0.8369602314151319,0.010952177205567404,0.11306924405502561,0.9418860433307027,0.7402412074459245,0.1235684234531289,0.004475820076516479,0.0759513655085905,3.0383615782240465
