center_0,center_1,center_2,center_3,center_4,center_5,center_6,center_7,center_8,center_9,center_10,center_11,center_12,center_13,center_14,center_15,center_16,center_17,center_18,center_19,center_20,center_21,center_22,center_23,center_24,center_25,center_26,center_27,center_28,center_29,center_30,center_31,center_32,center_33,center_34,center_35,center_36,center_37,center_38,center_39,center_40,radius
0.6613467868321838,0.522458376216132,0.2584046935271319,0.5356614875301899,0.9225091257732099,0.7656157215350734,0.6519451631379842,0.36978056542092574,0.5755326498857563,0.4859935947780798,0.05275515500673211,0.8142802599447279,0.6497319937912411,0.12169206838728586,0.16179300675460817,0.3916997303976074,0.21183786382253056,0.5126718167281908,0.012698151210102981,0.4327809367897617,0.9643692735491207,0.6182694734452376,0.1951097038965255,0.0413296956419702,0.8075423432956934,0.24056390084895363,0.2095821808398871,0.8428621246720606,0.10798396611696282,0.7937285096920241,0.3760508580437135,0.5122412890216997,0.8950478828517885,0.8390620417036675,0.06296492875408477,0.6160797998277443,0.8858327481541335,0.38625014973573746,0.5481894022106125,0.6985964758397448,0.4811936760237364,3.1279230727470813
0.6578684439658566,0.18045095596265492,0.3289673614550931,0.979173974672968,0.15308570115481912,0.018798382297397387,0.5274673286441708,0.3161046276195957,0.5055719068040659,0.11427605615352765,0.8112417040753968,0.2241168654357225,0.29635386657508767,0.5896279404122508,0.47286725064827495,0.8407268725866467,0.5471740316719388,0.19577513206235164,0.9771483747783394,0.9961672925138878,0.03422565220760965,0.010125330423254475,0.844758675130003,0.8321096062093264,0.27333712955259515,0.782749068163588,0.8594033360523213,0.007124289938560957,0.6449496668942672,0.3460251459665312,0.4667438394934683,0.05718772627011559,0.2691181798560781,0.6955335838737637,0.6480349190593557,0.896901082960543,0.2842197553980782,0.2585562040017707,0.8660756136778519,0.13977486721178445,0.4580937108683365,3.1643172537317303
