center_0,center_1,center_2,center_3,center_4,center_5,center_6,center_7,center_8,center_9,center_10,center_11,center_12,center_13,center_14,center_15,center_16,center_17,center_18,center_19,center_20,center_21,center_22,center_23,center_24,center_25,center_26,center_27,center_28,center_29,center_30,center_31,center_32,center_33,center_34,center_35,center_36,center_37,center_38,center_39,center_40,radius
0.7380584697135633,0.39488858258301307,0.06616514585203803,0.179379586059367,0.3125887638375886,0.9598657855322182,0.9230852447053952,0.4042616411702482,0.5390465954129566,0.15873202557838295,0.15753624644101705,0.3789660693166822,0.001862740860189005,0.46038402286022406,0.13616298218790734,0.531041736836733,0.23603739259672174,0.9076353543564823,0.9693531768020774,0.7975039823701394,0.08180992080989091,0.8022292986062247,0.8480200674874714,0.8751561320136885,0.26730328144108206,0.11210633044052354,0.711629264590305,0.38068818224813883,0.8162356604486681,0.634358708118725,0.8842574768368193,0.7651553629177957,0.6455169087496088,0.9441128789841366,0.49275425423146724,0.8784165951332082,0.08211439916048646,0.960041106715278,0.8752767764415251,0.31006039289284226,0.24628949637825326,3.440788158774407
0.3086334154394714,0.9258620829091102,0.2648598817008272,0.8549435879199346,0.196858035040528,0.3937542477251982,0.741443676697133,0.9890690945155945,0.5350761487624079,0.936612953463861,0.8455633998349152,0.9915803687259523,0.790217408971136,0.4489319328817347,0.3016723949767086,0.8706049112735645,0.9556489629405954,0.5741990251213256,0.17113085201548306,0.17714487566649406,0.6292010190285053,0.23109812899882565,0.205543553005179,0.6037312644199013,0.40939056415916153,0.9569408621220776,0.30004400040307744,0.9672408158512177,0.30459863618222016,0.9026427326534597,0.04243334504235163,0.6900296225974206,0.6290851650592327,0.018354610614094158,0.9465992453402451,0.31908520925997597,0.7528942336409693,0.06114678457774814,0.9363780582541185,0.846128771782353,0.6096692979719115,3.5717729721981692
