center_0,center_1,center_2,center_3,center_4,center_5,center_6,center_7,center_8,center_9,center_10,center_11,center_12,center_13,center_14,center_15,center_16,center_17,center_18,center_19,center_20,center_21,center_22,center_23,center_24,center_25,center_26,center_27,center_28,center_29,center_30,center_31,center_32,center_33,center_34,center_35,center_36,center_37,center_38,center_39,center_40,radius
0.8703751503325716,0.8569274432424597,0.5552303202129486,0.2847402888589634,0.16023956210830492,0.08452905645619291,0.13845455003071794,0.3864887083897419,0.12067657056955339,0.3370596665980692,0.05373255063926463,0.0013795255132873496,0.18583959055885446,0.5732785878199741,0.6698125575577099,0.843754768085661,0.391277051040524,0.07653985380250461,0.7998343989542833,0.15085604680175502,0.9535909612645478,0.4101710579379162,0.5944173989836116,0.5609741120574001,0.562992800890822,0.8628490624084034,0.7788829230711142,0.8595992493630784,0.479926090523205,0.3222474226573552,0.6811765046765506,0.2665869861579273,0.6159826329438179,0.05441250567079592,0.524012901602522,0.6927583367384872,0.978140200698697,0.23803447624625007,0.5967848413690472,0.33190368070951404,0.18602559780538575,3.1279148973042132
0.08184839090919693,0.0053346503874107665,0.0543875454104914,0.32855932875880456,0.44036787819554046,0.7055876481029921,0.1824461865829048,0.6609152309072797,0.9957866752474271,0.8181244592868568,0.19772706495560866,0.5496802198157483,0.7787343833484857,0.08982691994523939,0.08785121785510008,0.17690439076544684,0.9601004369217683,0.782362985723133,0.9842595882481895,0.4519077778764138,0.08946770006327298,0.7209692350360064,0.4915504137255198,0.47583446467258494,0.7473058138812172,0.9460734115882431,0.12918689666085093,0.4949254379525413,0.08117353111768866,0.3776030888027929,0.1787800878152288,0.3880920233105294,0.5505658062791623,0.9163273432410212,0.6619226797304693,0.1658990271158548,0.19833021343374357,0.6726629432141313,0.7131770263978642,0.8997203119434914,0.8964009251169535,3.3884908704002608
