center_0,center_1,center_2,center_3,center_4,center_5,center_6,center_7,center_8,center_9,center_10,center_11,center_12,center_13,center_14,center_15,center_16,center_17,center_18,center_19,center_20,center_21,center_22,center_23,center_24,center_25,center_26,center_27,center_28,center_29,center_30,center_31,center_32,center_33,center_34,center_35,center_36,center_37,center_38,center_39,center_40,radius
0.6233949269632071,0.6319397768144804,0.4217994351121893,0.9177625845666052,0.3238302059431619,0.97942286986814,0.3360006568337255,0.868033842890647,0.14606318158391562,0.39242839594786516,0.39408320677761,0.6394896001138479,0.9275225087004481,0.5572382426020109,0.07444772924887022,0.33790608765856855,0.9071085831431992,0.7870962976116118,0.2145820428465952,0.4366413779043591,0.14959960446959208,0.635339979463249,0.8465543383821408,0.9620793886926657,0.8179508701376083,0.8493237375636185,0.10886899865479582,0.1889135230453869,0.4004600230401193,0.42153874324142204,0.9389902393994944,0.9091186016379842,0.7385313583942098,0.6702879413958195,0.8550963183838505,0.5966529858082044,0.7104512077308892,0.3694795066141391,0.46795233463843866,0.7676670504972034,0.5401286526075415,3.150588435491177
0.8692292303874797,0.1672916127939158,0.9626555498008372,0.6608108808768252,0.32756961173820165,0.03813894944712559,0.26536922726744117,0.04112755650292299,0.6529677042339811,0.7807681483592303,0.9730497378948159,0.7308757811499915,0.15366933710415986,0.7938377138428367,0.9476864246920043,0.9111950455742632,0.6518911491077148,0.7147783652602326,0.4622080049547921,0.1483798613834747,0.7331333797565763,0.5808493466278757,0.9543630789230614,0.09033579766581523,0.16506089293067916,0.39564369064165994,0.8867143785957879,0.9752576369384786,0.3707572599573913,0.3055575219065595,0.6393029623604203,0.10953436803121408,0.8694980742956071,0.65025876346127,0.7909240996768331,0.1029431188023956,0.7203791753879253,0.8097957185784334,0.18854576717170657,0.03407690554710374,0.026895140373596638,3.2329585756999375
