center_0,center_1,center_2,center_3,center_4,center_5,center_6,center_7,center_8,center_9,center_10,center_11,center_12,center_13,center_14,center_15,center_16,center_17,center_18,center_19,center_20,center_21,center_22,center_23,center_24,center_25,center_26,center_27,center_28,center_29,center_30,center_31,center_32,center_33,center_34,center_35,center_36,center_37,center_38,center_39,center_40,radius
0.09132984504256692,0.6853636126617062,0.247486119062174,0.8955275741450353,0.3288025019754087,0.5486646541711564,0.06675622676409709,0.624762664269558,0.4883983904146373,0.5868174850879253,0.6813054207441779,0.8622127116838886,0.5754501241817056,0.9720582184048604,0.7427884080064432,0.5420198256727318,0.1578440961713552,0.09722441395838133,0.8076186361169075,0.8379283405178862,0.2950640054161313,0.7150801537957409,0.15332850287698985,0.890133563496579,0.9983091549656395,0.6209784014111629,0.6333061170711793,0.9488236896018711,0.23771336352142058,0.708707204889709,0.36415811413741406,0.16278404915705258,0.2521372474227479,0.7587736683621429,0.9285835968874996,0.6777179393315329,0.501956987579612,0.8990239056371078,0.22856825029555616,0.6667698723021759,0.7021963546311641,3.4784282979295105
