center_0,center_1,center_2,center_3,center_4,center_5,center_6,center_7,center_8,center_9,center_10,center_11,center_12,center_13,center_14,center_15,center_16,center_17,center_18,center_19,center_20,center_21,center_22,center_23,center_24,center_25,center_26,center_27,center_28,center_29,center_30,center_31,center_32,center_33,center_34,center_35,center_36,center_37,center_38,center_39,center_40,radius
0.09373818023475466,0.5724581516783436,0.2445835361837494,0.5153298615507198,0.2613035566191554,0.03654882898458989,0.38589581670631246,0.7399100156776408,0.80121778038215,0.3317298644969149,0.6296349864861449,0.5982669249036914,0.9022720083279592,0.2933557640967215,0.8181452606015235,0.9319756783213434,0.13444535857397966,0.4865692742157771,0.2846206713050671,0.8724971162115948,0.7423462267676137,0.5747787636524295,0.1014262108918077,0.36529114644916416,0.7843892365317675,0.21992480783031543,0.6028648290753641,0.6858544219112371,0.2015090561306525,0.6620795673529422,0.590460332679812,0.022869446382146608,0.530965097377665,0.2088213650455667,0.23997116889889236,0.42063315515273003,0.23762516405256617,0.7887922659738722,0.06233228868182816,0.34909967768448447,0.46712235141799985,3.1845807584480554
0.8195524889606461,0.8101450819606485,0.9282677400731313,0.06641233929218227,0.9099310180239493,0.5699332445522376,0.9761580155269214,0.6898841051557802,0.09225505586531269,0.005163339817923052,0.5765459639468223,0.18618294915434264,0.1290117095671648,0.009509140861270082,0.02547107022228501,0.2539114018659877,0.791597271457143,0.4096817022310475,0.052846332662664475,0.3789332015448399,0.006057919220854413,0.20509574265733543,0.6871128555249901,0.2695076337280715,0.02996975786594369,0.41043641541008713,0.04681795812002143,0.745062181940982,0.9181841136335899,0.7580035280654879,0.35481841551310733,0.1634284479280047,0.7435046716970778,0.9657802235468741,0.9144320296144357,0.7304726222765802,0.9457903396385385,0.6437000896123054,0.4930137877924061,0.9658508708900535,0.07906879781557896,3.309898535734258
