center_0,center_1,center_2,center_3,center_4,center_5,center_6,center_7,center_8,center_9,center_10,center_11,center_12,center_13,center_14,center_15,center_16,center_17,center_18,center_19,center_20,center_21,center_22,center_23,center_24,center_25,center_26,center_27,center_28,center_29,center_30,center_31,center_32,center_33,center_34,center_35,center_36,center_37,center_38,center_39,center_40,center_41,radius
0.2966546660956567,0.858557370326601,0.44153971240988965,0.11472537762733326,0.5716291918304739,0.24151547781202287,0.7650582887460089,0.1040837693855019,0.0026615636835056744,0.2396249606097851,0.3662993535019309,0.5326264957040249,0.49307531803323834,0.5122091515560392,0.9636867831975289,0.7663521867607729,0.030456046848745366,0.6663700684516979,0.8518419109309721,0.02989760826661092,0.8933427922713204,0.7801677530172151,0.7382487141666131,0.21959161521100856,0.3716021224660424,0.7088516136348546,0.5226816804230797,0.5313535813898349,0.21859024455495624,0.24137757979990893,0.5995574366201142,0.9235345284741372,0.808291715648966,0.4226507428197044,0.5751360447331119,0.8419076919730599,0.42769630628652355,0.7925851334574697,0.23556526418380885,0.36865156667652754,0.7294693211056257,0.1534795579816206,3.2517356358358316
0.6433206629801382,0.3937642054656111,0.7999692238048185,0.03674887813541938,0.8154467406676954,0.343189311209141,0.8267305053156943,0.8299601008405258,0.8319708791411172,0.9611152185250198,0.9239796591348576,0.5751617735087865,0.9932378647886427,0.10319389377705634,0.02692377648422617,0.9079915970253917,0.9564789503151053,0.27722063568731303,0.7293934381418167,0.9145915284689303,0.40787178569262017,0.35485815345294436,0.5601235857668809,0.8561827257095481,0.07567585456824877,0.22346426046131518,0.6452184588922255,0.06992503998603472,0.8180150506361505,0.788527703359468,0.038890713637992125,0.011248060353529876,0.806217501086062,0.3844601964059525,0.5399638790409802,0.3601962351982583,0.9329376003956752,0.11590769190904082,0.03898055916404786,0.8133884795224179,0.937835156899032,0.882652050769399,3.7678657977380148
