center_0,center_1,center_2,center_3,center_4,center_5,center_6,center_7,center_8,center_9,center_10,center_11,center_12,center_13,center_14,center_15,center_16,center_17,center_18,center_19,center_20,center_21,center_22,center_23,center_24,center_25,center_26,center_27,center_28,center_29,center_30,center_31,center_32,center_33,center_34,center_35,center_36,center_37,center_38,center_39,center_40,center_41,radius
0.7425074094105616,0.06585263690209753,0.7528472067382058,0.09583353845032838,0.04958426493681245,0.0955539332207691,0.5181448678105726,0.9633724356203347,0.8898535714915096,0.6009530094769603,0.02389678549072305,0.6119105449534292,0.18213604662158733,0.15663751835230244,0.29418555671591795,0.9636207305698177,0.12719325675161086,0.593007552981206,0.3101370402517697,0.21658481848878142,0.22678172106021421,0.8743769091268019,0.5817276733340757,0.0504718472434208,0.6210865062360701,0.5581491668865688,0.25966306777990567,0.5711202196831168,0.18931256049717182,0.0873393268707231,0.3799197779322754,0.90298833900327,0.72256491176626,0.7684095905942515,0.6205479565002519,0.5839363508309514,0.7749910738219182,0.2129572059520739,0.8518173368832005,0.30824713604646714,0.8442771592918223,0.6781412408981723,3.31946622975756
0.06284772296983154,0.8154516597785708,0.19777225543114674,0.5034024591158888,0.8716591777532784,0.8370432527116903,0.3510859160366451,0.406559349192983,0.04545918853880482,0.878362246003313,0.8673893676101092,0.2394461865096773,0.5501373174952662,0.7965570872394057,0.7154341114758884,0.3021641091316064,0.4709117177253319,0.600439252885581,0.5870624669122073,0.8138274495016252,0.06461787704143074,0.9929727676699626,0.9072138782796524,0.8994836680512958,0.8962345957130557,0.8338095321175755,0.9926033337299415,0.5032122804692734,0.9199481141120706,0.8574890699301895,0.3641906429001922,0.841856596767849,0.29915193300350673,0.5857363630127327,0.25288907670156935,0.1344322774223824,0.6683088694843007,0.9688183771207772,0.05714245396529094,0.9130978690145696,0.17346277382525377,0.5677810624237424,3.4502275425397984
