center_0,center_1,center_2,center_3,center_4,center_5,center_6,center_7,center_8,center_9,center_10,center_11,center_12,center_13,center_14,center_15,center_16,center_17,center_18,center_19,center_20,center_21,center_22,center_23,center_24,center_25,center_26,center_27,center_28,center_29,center_30,center_31,center_32,center_33,center_34,center_35,center_36,center_37,center_38,center_39,center_40,radius
0.5620202225514078,0.17275426696466178,0.749416393579185,0.9335279394977243,0.8237255660151567,0.7131639814393126,0.5735435532408345,0.9211960083940947,0.022621216881874795,0.2644551565103793,0.5730057190872225,0.8163064579216671,0.24019183049250237,0.33978019290228734,0.14023560219194386,0.1342583296036206,0.8878755004097199,0.9102549803101837,0.8669068485604533,0.6207749304691947,0.3721077967233726,0.6524529964418353,0.45124883732961896,0.7355747315074662,0.12233289333020703,0.580261839386628,0.8226882683664848,0.5240573426055144,0.3861042175945012,0.013963163975202142,0.26641103989829196,0.911375172231868,0.36763080040542784,0.0689531893109454,0.8062101868258648,0.6380167737851005,0.8087382942387433,0.5566133216479437,0.3020491922672379,0.7438457454047638,0.6056231423920796,3.276907121903777
0.1263058467424656,0.9589774190808835,0.9661236197351563,0.43788284421253165,0.09732789836644673,0.05946542425538848,0.4836517711848468,0.09779303738877887,0.6860158836629151,0.5237957452522953,0.9355066006856335,0.1744532752627459,0.09274491395348927,0.12978769143742608,0.8418751778037413,0.874940648374494,0.21191242912450048,0.24645163503891188,0.8885500066815132,0.7962253692968805,0.9129361560345189,0.9486963875481725,0.3591384008067877,0.08380501492977988,0.3697500764966334,0.8522312406052813,0.948021624654052,0.952769382704134,0.7474818987140563,0.9300698012956481,0.8966517775576041,0.37350579419736074,0.43810505268351985,0.947678647218264,0.15736012423180212,0.6692454210280746,0.7366689373381681,0.02267477645246907,0.8605893046549283,0.3017460476048588,0.03626339848068283,3.446334036079507
