center_0,center_1,center_2,center_3,center_4,center_5,center_6,center_7,center_8,center_9,center_10,center_11,center_12,center_13,center_14,center_15,center_16,center_17,center_18,center_19,center_20,center_21,center_22,center_23,center_24,center_25,center_26,center_27,center_28,center_29,center_30,center_31,center_32,center_33,center_34,center_35,center_36,center_37,center_38,center_39,center_40,radius
0.17948752992493666,0.8861861618253448,0.4507731307012356,0.7594889278002223,0.5005495484362398,0.9631614218105914,0.8502037445191515,0.6055742840388196,0.17623459013574483,0.3350667818172458,0.22337575978945678,0.18225901620780172,0.780538019962947,0.4698112615237642,0.6592728458622503,0.36174342906163814,0.19990078588941018,0.7021637393836164,0.8253314381969042,0.8457589481710345,0.4381828345262523,0.08235799176121439,0.20437268920603535,0.32883020219682535,0.6236323523667284,0.4650299169084757,0.8516441516053364,0.21730348351682605,0.5310076564385122,0.3327038427814938,0.6744770151007783,0.1621521062375354,0.5749673572159838,0.40023131121791067,0.10294658810585477,0.48469508784558757,0.11607272595380946,0.17045558559393725,0.2647577545730413,0.9453715863995332,0.13548703123605044,3.11299567493543
0.9004484695818024,0.1311342962385026,0.6621552086107105,0.1019575790361762,0.5693480490539737,0.5644760476115028,0.013921304598206952,0.45922829408015564,0.907616976997769,0.5560193845942598,0.035890526876188766,0.5141783277504005,0.3539032255407908,0.15102671140026636,0.4153551837132561,0.8823866696565489,0.21728798955057205,0.46773793214993187,0.22681876319309113,0.15031248005022468,0.09581833568724785,0.4433946160861877,0.8439403978855196,0.057523659420277484,0.06853824057251523,0.2665192016394534,0.254178840138534,0.959782307480981,0.7399329111382345,0.7904454469169115,0.29197783729578597,0.6206960884933663,0.6045696029928083,0.02779658939278118,0.903987207056303,0.4769493395362282,0.11522566287946723,0.8383345772557202,0.8984966427234214,0.19061859460406438,0.8833394604495777,3.404785586179952
