center_0,center_1,center_2,center_3,center_4,center_5,center_6,center_7,center_8,center_9,center_10,center_11,center_12,center_13,center_14,center_15,center_16,center_17,center_18,center_19,center_20,center_21,center_22,center_23,center_24,center_25,center_26,center_27,center_28,center_29,center_30,center_31,center_32,center_33,center_34,center_35,center_36,center_37,center_38,center_39,center_40,radius
0.023625280588643882,0.7659561747329706,0.3300807171552914,0.5062284321524407,0.5521668686705474,0.620556163691467,0.4410504231438699,0.35198383784902776,0.7280745860599156,0.5212804160381448,0.14255186243418827,0.9670763242486423,0.7622941359174001,0.053741542877153825,0.8748150857868205,0.7334608035519511,0.7036936712261401,0.4547395023772969,0.07932626824208167,0.20269454384385666,0.4725573108670126,0.5102494907275226,0.7811781311515505,0.4054075076833128,0.6157332132096236,0.25849303981110183,0.5650525122377377,0.942088583435196,0.5748575084636564,0.32243423364497004,0.4739479896851393,0.7410332916463624,0.23830941611844114,0.8203639093325026,0.9725882454277843,0.3821780112490879,0.9800155039208845,0.7169084969630344,0.4792419946765739,0.5385536736731865,0.318003388466257,3.167567087861229
0.8938558365751462,0.016186912787831242,0.9084361094063058,0.2719719358000495,0.7667289560481622,0.13330907843860362,0.49796795478744704,0.8100046068551199,0.8129610031768276,0.6851143541436242,0.9467472823460032,0.15015405637258727,0.47275241263973944,0.987834398149245,0.007064008059891491,0.13420388236655,0.7963833665089862,0.4602594733856049,0.7971120343233149,0.10324292276648062,0.41882631552261784,0.05886477604639617,0.3225708194593653,0.13363054566508215,0.1038083919824413,0.13763900073432944,0.8870141293298043,0.38413810752203537,0.024351195871420317,0.4425253007770358,0.6159597062220157,0.83226048537478,0.7495642659933052,0.4594828690730812,0.02966451776486123,0.8276977130892698,0.2851505436056754,0.2500897367728667,0.9809485118846379,0.5479159173095365,0.513055536613457,3.3861970943350372
