center_0,center_1,center_2,center_3,center_4,center_5,center_6,center_7,center_8,center_9,center_10,center_11,center_12,center_13,center_14,center_15,center_16,center_17,center_18,center_19,center_20,center_21,center_22,center_23,center_24,center_25,center_26,center_27,center_28,center_29,center_30,center_31,center_32,center_33,center_34,center_35,center_36,center_37,center_38,center_39,center_40,radius
0.32603587833591596,0.18496865280606634,0.9533331302263397,0.7779010555669774,0.48049965649426085,0.47663386739542224,0.9371482954504864,0.11503497617380165,0.029457271107411365,0.34045878189977774,0.8347582262377476,0.8024089684920617,0.46806730082459713,0.5281778693970458,0.7690019753591717,0.9671445859264216,0.3266682331013132,0.5249444298604046,0.6511173940915453,0.9954290261617198,0.3346255009913137,0.6539941372450513,0.8040674791588589,0.903099610592412,0.3849811216605127,0.5114743402303472,0.8438138351460465,0.8446050595923404,0.32503568017990747,0.8387335218370215,0.09893768743396669,0.4990895367846667,0.7554432314199659,0.25841973847271926,0.7412513858349029,0.39907550226442234,0.486097587542631,0.39569681477323326,0.6557907574483679,0.8072912484711309,0.37515460225911035,3.5032887299376094
