center_0,center_1,center_2,center_3,center_4,center_5,center_6,center_7,center_8,center_9,center_10,center_11,center_12,center_13,center_14,center_15,center_16,center_17,center_18,center_19,center_20,center_21,center_22,center_23,center_24,center_25,center_26,center_27,center_28,center_29,center_30,center_31,center_32,center_33,center_34,center_35,center_36,center_37,center_38,center_39,center_40,radius
0.8786153750564909,0.8818618262889516,0.5846349791930486,0.6228303704822269,0.5441380127034133,0.32723450717526337,0.4635914923519421,3.3468922471580065e-05,0.43888257068709313,0.08846505325675091,0.3541093636448496,0.8437441954926499,0.4406951606034373,0.6527487005755207,0.0004739221281475636,0.13219888646365063,0.2769893044952383,0.24891627264462313,0.8894406902463639,0.4105807439982343,0.33260343071236775,0.6260299310064656,0.8456711317154928,0.5879157109293431,0.5703177627295648,0.1872348157358612,0.20104643211710127,0.748874181337568,0.49464383454447114,0.8836359586914752,0.9926905264821222,0.13952264434038109,0.5700882990587843,0.22627952972505683,0.6618376203871859,0.2538476886002209,0.9130957723997143,0.6806238849731564,0.8966148701718768,0.39914652349942203,0.13809057070293074,3.001598025824683
0.11444612724563208,0.08709937424389658,0.4068965927458005,0.8982203459361835,0.9811943775256674,0.114706877902087,0.44886440702458286,0.40201638337206824,0.5283547778096118,0.8368111482031755,0.8498010083857331,0.17174900979963625,0.7938883794619007,0.5594164202932942,0.8734278688739894,0.3924675814327103,0.9117935242922083,0.20466326293170634,0.45585455873370295,0.9952176194042442,0.8744053225258969,0.9522384859943942,0.9637708588781921,0.13606910718410137,0.9326832614278088,0.9379986847496348,0.7349753450969362,0.17677507439477946,0.7860180897417058,0.25997703296757035,0.43533265185518744,0.8924017259430915,0.6268497325725746,0.3622486349297197,0.35411678501675126,0.20818971586080082,0.08303004685841564,0.6674040474100089,0.3115821869331611,0.7904877805293086,0.04458958704675631,3.549796050743347
