center_0,center_1,center_2,center_3,center_4,center_5,center_6,center_7,center_8,center_9,center_10,center_11,center_12,center_13,center_14,center_15,center_16,center_17,center_18,center_19,center_20,center_21,center_22,center_23,center_24,center_25,center_26,center_27,center_28,center_29,center_30,center_31,center_32,center_33,center_34,center_35,center_36,center_37,center_38,center_39,center_40,radius
0.7121074957852802,0.8862819289479826,0.4651666353345627,0.3461832255254029,0.9230810258100732,0.7074647067811265,0.631445490017086,0.016240303472832673,0.8857332057012859,0.208095154680355,0.9401203902604984,0.12623323507806916,0.4096190307227109,0.8157271225284707,0.7739783094263428,0.23505838324052264,0.5032704746534967,0.4801835797824593,0.45409987018185427,0.6480392128297028,0.7971655625866082,0.7648418424372817,0.8712969243712432,0.6885364168304917,0.7104640798296993,0.5223029923740978,0.9626274405344117,0.2515621419809968,0.2115987040236702,0.8446674859263413,0.7590288690963582,0.36562210410116436,0.2201767978866509,0.19787154920323924,0.8716334412133635,0.44320290178600097,0.4823216239439445,0.2543938989273209,0.42674353530561016,0.2000833452770865,0.740691202074428,3.5564993202807273
