center_0,center_1,center_2,center_3,center_4,center_5,center_6,center_7,center_8,center_9,center_10,center_11,center_12,center_13,center_14,center_15,center_16,center_17,center_18,center_19,center_20,center_21,center_22,center_23,center_24,center_25,center_26,center_27,center_28,center_29,center_30,center_31,center_32,center_33,center_34,center_35,center_36,center_37,center_38,center_39,center_40,radius
0.3257645955522265,0.1988003296722144,0.4151322658901032,0.967442703637927,0.6938345222350706,0.6280611060658939,0.6586353340770119,0.6199061000620663,0.05690028523440627,0.4835637646263984,0.9892414763003924,0.0499137244747746,0.28478540158623156,0.24181324930434134,0.7691216329179961,0.18850074555510543,0.5848374911311162,0.496530810999254,0.8228221295248689,0.39154855888000994,0.41038420588167457,0.9877348820223331,0.9324921489091972,0.0030392960875098574,0.8766868043652314,0.4372055387858653,0.5291134749627697,0.4071111586233409,0.1717117062019543,0.7160791861970253,0.7930099263222741,0.5206084410168725,0.5183065340837787,0.3803176860943449,0.4499590249358615,0.8681829674606693,0.9400626534445162,0.11914133199976196,0.5642858327352411,0.6914587878354628,0.011763705273925673,3.4215483936977567
