center_0,center_1,center_2,center_3,center_4,center_5,center_6,center_7,center_8,center_9,center_10,center_11,center_12,center_13,center_14,center_15,center_16,center_17,center_18,center_19,center_20,center_21,center_22,center_23,center_24,center_25,center_26,center_27,center_28,center_29,center_30,center_31,center_32,center_33,center_34,center_35,center_36,center_37,center_38,center_39,center_40,radius
0.5518403242438674,0.18811318409154087,0.26485755295529,0.8925067759737368,0.7818288896916988,0.34048556278142805,0.7543535529433225,0.11437342169937259,0.6295014041812784,0.4368543013146594,0.20310492675938507,0.16815420256556468,0.7783816849718236,0.4484549588361544,0.8643134767035673,0.254474063850066,0.4091917337125125,0.6983449588895864,0.899446760993833,0.16892792308576698,0.7469719523560244,0.43854540938057684,0.9884818660174618,0.936109428382367,0.43490080181197643,0.7805479071884729,0.21801528157168615,0.05291202305323284,0.012347101334415633,0.18733986115661272,0.3263556147599782,0.9935479131748263,0.4016313301684191,0.7956573165107278,0.8702164368229452,0.1282041867299838,0.6408108409070403,0.9943647574522925,0.8135078463039053,0.2496756716889259,0.6182760627494621,3.381696310915045
0.6158351721405786,0.9427391584875809,0.8452860876999709,0.1474572678177799,0.9693676716785894,0.8955267255899773,0.9238835121451703,0.8783119850836479,0.021314487963921436,0.008842026301799422,0.8843574510881688,0.02905540911460458,0.26643298902083157,0.9702960589109685,0.10718131053512403,0.1362623633888691,0.6103626660778455,0.7147739025963109,0.014553395510084832,0.7898634736330435,0.003535935367320775,0.23931540094258807,0.29109001075836616,0.21646826765611216,0.7530290838791602,0.8701465471026991,0.9522039355078197,0.4674959869273272,0.6649925976004262,0.9033559585383557,0.13749362274283639,0.17746956543504677,0.6558262393280141,0.015610070394661668,0.3486459309562774,0.4556794619584138,0.681696953816368,0.6015924728117001,0.9133542543392631,0.7082258464524271,0.09780249803218655,3.48051934712973
