center_0,center_1,center_2,center_3,center_4,center_5,center_6,center_7,center_8,center_9,center_10,center_11,center_12,center_13,center_14,center_15,center_16,center_17,center_18,center_19,center_20,center_21,center_22,center_23,center_24,center_25,center_26,center_27,center_28,center_29,center_30,center_31,center_32,center_33,center_34,center_35,center_36,center_37,center_38,center_39,center_40,radius
0.08057472416406031,0.5236382664044037,0.4215550157627366,0.6226693875624225,0.17713005854546493,0.6438557087350586,0.627564214874439,0.15788521004403522,0.47283083941083903,0.3549005379587381,0.6898471974783138,0.6426129082926199,0.38690643708166994,0.6961302981619825,0.45403584605859915,0.31143145110541803,0.6622392543816075,0.013173687196312511,0.4116304613064419,0.7240113290214635,0.3916070608407507,0.7331374518667949,0.13958014538718477,0.7584678021207475,0.16950894538933547,0.9199900688080846,0.5624510282150907,0.34955212823607107,0.656505502661687,0.8833600274014852,0.8973228057200752,0.2948621495381346,0.8851142771556045,0.3714032775668411,0.469078351197207,0.18120719764175652,0.18590061297171212,0.6567719205546009,0.8189838266228123,0.9661962661159228,0.7007930912497153,3.0487871139291793
0.7115970392757657,0.8974130017806056,0.8980232425609911,0.4382401762140208,0.5089969704994878,0.6765620528500045,0.378083035868806,0.9812014759924379,0.5502501490633526,0.8817716834225072,0.14644781219968417,0.44018473920898216,0.9477449384004786,0.4065936846070768,0.0588502123829171,0.6472979966320227,0.01128936722522833,0.9359939579227844,0.17743718699348476,0.8290444426294665,0.45029444703953003,0.1399010617545643,0.9535827099553352,0.04397186851882373,0.9420271053930255,0.09429718472921089,0.7461968362387995,0.7915139113407061,0.4747321155198936,0.7481664649334366,0.7126871640327842,0.4268064288680048,0.5982156727521888,0.5251701649436986,0.029069860786973045,0.6825926400913293,0.6593795014859429,0.4663366658361343,0.49054399917544445,0.013916263065549273,0.10656481029601506,3.4254188482499806
