center_0,center_1,center_2,center_3,center_4,center_5,center_6,center_7,center_8,center_9,center_10,center_11,center_12,center_13,center_14,center_15,center_16,center_17,center_18,center_19,center_20,center_21,center_22,center_23,center_24,center_25,center_26,center_27,center_28,center_29,center_30,center_31,center_32,center_33,center_34,center_35,center_36,center_37,center_38,center_39,center_40,radius
0.09058933489308252,0.645313351780877,0.4967757104643712,0.8311875895033903,0.33282937780313404,0.11239790582681908,0.17791278997421112,0.36148596913236863,0.329877265427972,0.1966463686934794,0.011667333110075728,0.6133083928053151,0.7565446880759507,0.36601413808914474,0.2170333606672059,0.13340480664064058,0.14038918768901498,0.9332542618287416,0.3673218917640878,0.2913170640131222,0.6430945928668373,0.9393535218788317,0.49532093058417137,0.1419858589460018,0.25487678773015354,0.6978983896174306,0.3721289396289411,0.24767704775362798,0.5217667485945082,0.7620232352785953,0.10013204205901971,0.42370232216868786,0.005243767238530372,0.28392300490806455,0.5118968659502704,0.18366863696526126,0.5879966517435619,0.42052861545146436,0.23049493402902643,0.8349670752200113,0.3913551191957897,2.5304051160237053
0.637052835350973,0.6108217390707245,0.8906957814800855,0.4525880144472464,0.45985387457439186,0.6842276558310877,0.8854860759578888,0.5206636293570138,0.5288184045321563,0.8293659283263461,0.9602349240603235,0.7351062075277238,0.5530291729035843,0.07551341399158307,0.20965828841005762,0.2878032085393919,0.0872296236901301,0.5099639505002951,0.5215150751086579,0.1588168073865983,0.5999664798440598,0.859387093436996,0.1820352160636446,0.9741427829607764,0.5743668832520084,0.8111254847557694,0.7616932471844612,0.6617843892768763,0.8003202581355223,0.04742070186723779,0.9071203321041159,0.5410994428141243,0.19049109415926513,0.28697870807572945,0.7799242566991603,0.01765342162372574,0.9966027069143892,0.8480773058433657,0.33843737523784156,0.20370682558992137,0.3608348868402429,3.4824212531376624
