center_0,center_1,center_2,center_3,center_4,center_5,center_6,center_7,center_8,center_9,center_10,center_11,center_12,center_13,center_14,center_15,center_16,center_17,center_18,center_19,center_20,center_21,center_22,center_23,center_24,center_25,center_26,center_27,center_28,center_29,center_30,center_31,center_32,center_33,center_34,center_35,center_36,center_37,center_38,center_39,center_40,radius
0.26433637156077927,0.0397315329383745,0.0543434267120414,0.9848340283120978,0.9625849503667078,0.5790311505595428,0.2169365067932063,0.3027371023620138,0.5549372343855886,0.8386402712296162,0.9940569259811783,0.32046579116516527,0.817180652931153,0.11073009107798504,0.22362287426680272,0.7685264753080256,0.6932284086183629,0.5145771515229268,0.28146202410246424,0.035549793753740455,0.866756894714508,0.9059639310167937,0.44824517981609346,0.5633750681754691,0.5187240449776651,0.9620781297382845,0.5612790987899785,0.4391449499736252,0.5211080168057545,0.43886664520140295,0.47528931604122127,0.09881742489499323,0.6745126121575544,0.22721635824356723,0.0014841931319358181,0.17180809361856486,0.03191938138737871,0.8526581626220069,0.563091232213753,0.9708036670101489,0.1788143928614705,3.4192762903952323
0.7668333262892758,0.9256947158130152,0.767376719800565,0.036603775158763674,0.09121117071309226,0.44348096719917085,0.05772266501401868,0.03759289660262055,0.6812518536801806,0.10413872445569583,0.04054404851345583,0.1216842591542816,0.8954093043639482,0.7827680982754931,0.27743337262590073,0.35820194918484005,0.7884934718086459,0.2944230709255249,0.4915680100962867,0.6050612039638545,0.1668698603933173,0.9094055627292165,0.03449370010311037,0.38976290762794696,0.9836174464890705,0.4784742908302957,0.10583462392276777,0.8836163355311998,0.8223281748760476,0.37837693290416907,0.6581417330903245,0.7347712477638729,0.2594933788675168,0.7942749089309895,0.9851832020525848,0.6840662264255528,0.9490835319548709,0.13209711587919304,0.5353949559674701,0.04285203486900502,0.4922955463897194,3.221168983897503
