center_0,center_1,center_2,center_3,center_4,center_5,center_6,center_7,center_8,center_9,center_10,center_11,center_12,center_13,center_14,center_15,center_16,center_17,center_18,center_19,center_20,center_21,center_22,center_23,center_24,center_25,center_26,center_27,center_28,center_29,center_30,center_31,center_32,center_33,center_34,center_35,center_36,center_37,center_38,center_39,center_40,radius
0.6214088140018292,0.21145689556708092,0.8835179311146498,0.4638285214523503,0.24903926468775595,0.6452452180483084,0.8245860032240215,0.8529550397292824,0.6944252143535115,0.7441579970234569,0.4790223967330999,0.43341863028083105,0.5691980686465001,0.7262638568721898,0.5874023722030411,0.54793686502284,0.016868835247715652,0.5983927519532988,0.3297956822976932,0.23372671483178464,0.20330464546731764,0.4889161697121107,0.780002295802153,0.39077627415429816,0.7195800899360525,0.6741278781551509,0.15351246736849888,0.7543521187192239,0.5217557169105539,0.8912535267546322,0.4857425099997824,0.5626323432276379,0.9537130442341821,0.7913424111324617,0.9877280188607016,0.11189773566231431,0.38740416113204934,0.7521852741072096,0.5621152310912435,0.24545447874277104,0.6612673237287308,3.234845015842034
