center_0,center_1,center_2,center_3,center_4,center_5,center_6,center_7,center_8,center_9,center_10,center_11,center_12,center_13,center_14,center_15,center_16,center_17,center_18,center_19,center_20,center_21,center_22,center_23,center_24,center_25,center_26,center_27,center_28,center_29,center_30,center_31,center_32,center_33,center_34,center_35,center_36,center_37,center_38,center_39,center_40,radius
0.9645748170684274,0.1784483316672859,0.09830461387160383,0.7576503974267448,0.5503860185205685,0.8138206331274837,0.9365239740206425,0.14124851984441666,0.6345831758334763,0.9989892452422038,0.8060045034046471,0.2351275505379573,0.66409674512955,0.5062200251251208,0.5242870301314879,0.8971332808157463,0.04563560884113893,0.3477914145681784,0.9325997057873302,0.7533354357516094,0.08534991836344752,0.38340774319613025,0.46996352912068073,0.19449881434608585,0.9944025593090803,0.10713665669935202,0.5107414219366374,0.8570105044378556,0.67645960103685,0.7311199855631175,0.37175550316878614,0.8794902586809118,0.38680746371782004,0.7855391256815698,0.07981817481254405,0.6180126949774538,0.8605126055703967,0.02751491569474207,0.9285082615764255,0.6654347344598323,0.678516007026815,3.813345464101829
