center_0,center_1,center_2,center_3,center_4,center_5,center_6,center_7,center_8,center_9,center_10,center_11,center_12,center_13,center_14,center_15,center_16,center_17,center_18,center_19,center_20,center_21,center_22,center_23,center_24,center_25,center_26,center_27,center_28,center_29,center_30,center_31,center_32,center_33,center_34,center_35,center_36,center_37,center_38,center_39,center_40,radius
0.5649680681949276,0.9938921935597834,0.9154710295470554,0.2004667645941347,0.01474984444598193,0.5798281855346655,0.9719679470288392,0.5050121270704724,0.6967731107762198,0.7435652876381343,0.5281764661738872,0.21845420761866619,0.23467901192246288,0.33547581241934943,0.12076878217448439,0.9632346830901126,0.7827747258148402,0.7130446228034611,0.44234622674163515,0.6599466406250882,0.46151324680143824,0.6505572351192491,0.1856077931361626,0.03095896045950186,0.9545770596870349,0.21066211650509814,0.6253185720458061,0.34493439719227925,0.43940534191572433,0.6639982708377976,0.3331314025293739,0.8878104687545968,0.65855324892503,0.4412679082156342,0.2531491543497152,0.9347287049248996,0.6933334788986346,0.043252297085732305,0.40376023815767725,0.045683647822760354,0.02281807310074857,3.1859390298679506
0.26652375208766754,0.0935277247185583,0.09797612980820225,0.11618109793370135,0.978980469007803,0.31186523715566616,0.12689928876351253,0.48469594257416626,0.9645877220634127,0.03185239763110992,0.6519272373452482,0.4163015123435041,0.5850648544128302,0.8066260605587666,0.7578193896151398,0.3368815759344308,0.777832582437393,0.7531709690288854,0.6650281946644967,0.19532936130261502,0.19748991890231415,0.20699539018006818,0.9352097648322683,0.7634884030050781,0.05964460828232554,0.9590899046988498,0.9957680476082623,0.04990652896337744,0.35135751127538617,0.11524832675180285,0.7398999118678019,0.0917708465750513,0.07292526075390704,0.6707063910138029,0.4381803997895717,0.1358156079750905,0.059557069380428485,0.8918935683837886,0.9414772635351873,0.39216147821668,0.6972784841465527,3.6549575780813477
