center_0,center_1,center_2,center_3,center_4,center_5,center_6,center_7,center_8,center_9,center_10,center_11,center_12,center_13,center_14,center_15,center_16,center_17,center_18,center_19,center_20,center_21,center_22,center_23,center_24,center_25,center_26,center_27,center_28,center_29,center_30,center_31,center_32,center_33,center_34,center_35,center_36,center_37,center_38,center_39,center_40,radius
0.5991236397724893,0.5290627149522273,0.2307505151312781,0.9351319127381387,0.3424423829252331,0.8681597326463127,0.4068827759414724,0.8933505444826652,0.17779442201312456,0.2518853360152471,0.6658423545215995,0.09136007331547291,0.824570738796299,0.2714516830740572,0.23455487200106395,0.4311811946888302,0.3460998670773593,0.665110865975506,0.5923929339751564,0.8303431555471096,0.09673445685628934,0.18941470311636355,0.6964205007226917,0.3439839751546303,0.3744639379394257,0.021400209852599716,0.3424506020305903,0.49624493645321244,0.5036634528937745,0.7307984046675682,0.8193463572627705,0.3770009139017074,0.35933280691141156,0.8283382965765703,0.41917905967144875,0.4975734263646282,0.21794020401744862,0.6706712499616848,0.5186722101009167,0.42206397423769515,0.2197540415786634,2.9576124797607384
0.6419817837371711,0.9582454904626577,0.921488178459384,0.46237612272417017,0.9115025911887925,0.9701789303733264,0.8265459744088981,0.21404268961929218,0.8051618996213514,0.9287187178325808,0.05609914766376567,0.9077089783592548,0.09548396592179009,0.6393386345286608,0.7712303435428166,0.9589654971215706,0.5123627041753123,0.4859363221053623,0.6819069228039936,0.537609774033015,0.7747512895688778,0.9576783106596012,0.41209466678225115,0.5249864953435497,0.16143592472623947,0.7450572645499235,0.2374602409305978,0.78060994776466,0.6869436966951339,0.2272044788468851,0.11953951393653828,0.2514064257150589,0.8326247350161081,0.1814426095018068,0.32444926366328974,0.7673260092136531,0.28297249025597193,0.8067718324607396,0.14388278515311148,0.019027858246092877,0.9857541836185687,3.5337208012498698
