center_0,center_1,center_2,center_3,center_4,center_5,center_6,center_7,center_8,center_9,center_10,center_11,center_12,center_13,center_14,center_15,center_16,center_17,center_18,center_19,center_20,center_21,center_22,center_23,center_24,center_25,center_26,center_27,center_28,center_29,center_30,center_31,center_32,center_33,center_34,center_35,center_36,center_37,center_38,center_39,center_40,center_41,radius
0.2031901919253436,0.801067874001124,0.5730183307948487,0.41204335053250507,0.284062031907955,0.18667985558334343,0.8012127891464844,0.027435869453721784,0.638210876070019,0.11245690748979431,0.8977043768252901,0.4936261378933684,0.6713363294237435,0.8603038888558241,0.2588626346283335,0.3876067972905515,0.21052980176334868,0.10138072161424294,0.7116851211290587,0.17621608836965108,0.5581467574099312,0.28062869842660676,0.24880764786891596,0.2788848450259448,0.010173429297568815,0.5682466217867631,0.35458666318661014,0.786670363342459,0.02718972323815061,0.7520380528038886,0.36261125515473946,0.5483164978119751,0.7922082792458545,0.8827281560457968,0.09829902783036693,0.509581104470087,0.7504479195126456,0.10950018425880104,0.56688997137211,0.5130912094671952,0.3123480057940168,0.9163833117748885,3.0988884146612854
0.7411960534165261,0.1670410943982048,0.3783600049357596,0.8221145664071755,0.5177418446450918,0.8308063616799387,0.5975039720005283,0.130218586240598,0.024678423363337476,0.16797812168324244,0.8059644276017733,0.8324222229140135,0.969284961280036,0.4558701126826955,0.35483093082036443,0.8725805133244757,0.6955814763358131,0.8907476635256576,0.30012685207050593,0.6592845306127899,0.8415579874306163,0.9433908464041701,0.6454913492584313,0.8831014077549282,0.9339798684683127,0.20775211402537086,0.4702351280696151,0.023367116353858797,0.5095913940289782,0.15029078145037766,0.0379344922076188,0.6995095860725318,0.10080512782207018,0.1823086703280158,0.861029233784312,0.2210083704088215,0.9068104122700853,0.4750850005264212,0.7346255607302862,0.48444786933395867,0.9485344792305908,0.10985974628263995,3.528881638782483
