center_0,center_1,center_2,center_3,center_4,center_5,center_6,center_7,center_8,center_9,center_10,center_11,center_12,center_13,center_14,center_15,center_16,center_17,center_18,center_19,center_20,center_21,center_22,center_23,center_24,center_25,center_26,center_27,center_28,center_29,center_30,center_31,center_32,center_33,center_34,center_35,center_36,center_37,center_38,center_39,center_40,radius
0.8197154233345776,0.5369987827312653,0.6076279017544035,0.0011097155073920284,0.4621092391755435,0.1506944843807897,0.6064260621129132,0.578409530026774,0.7971967683384985,0.23432461808791427,0.8935567493215559,0.8575720614663023,0.12481303458652349,0.9614192816539325,0.5317449562297824,0.18973922480792238,0.4166682366075316,0.6309799796373179,0.3686144426961183,0.895803991357319,0.3380306431170915,0.0268881986316738,0.7456218337615258,0.9123839820198515,0.3096990959835164,0.7190756477610698,0.722394689041337,0.08547700029540573,0.4769162239086959,0.5742917688030754,0.7548633836409588,0.9791034541022454,0.7764943882639989,0.646222684248712,0.11585824242405807,0.7226361709787585,0.5166779621321941,0.37439652122180966,0.6789442802887656,0.939120532657342,0.3190624996762442,3.4046216331556027
0.3627135444798165,0.310678307047368,0.9680399248030735,0.8825603875554515,0.037945935414865795,0.8059843365992513,0.4668618730158637,0.25628206187090874,0.04135611683882123,0.02603449017064219,0.02050405151010981,0.6381848144190347,0.6211645938968106,0.25180327911533773,0.9411869409457163,0.5663241978407708,0.8846531757097155,0.9745674766363503,0.8980168769043004,0.4106974270603042,0.4060229476189485,0.9234027728793004,0.8908591463138208,0.11414920742908075,0.89324716194376,0.26353928767680757,0.012693856337977816,0.918381322381047,0.23321037290753321,0.8769929318357039,0.5581883352625017,0.02972027660898413,0.9411939581570712,0.11415759127610603,0.494942954733094,0.14720930897423667,0.9393659824398181,0.8124936145346372,0.1542674533545021,0.13054151587573737,0.20191880122419414,3.3410922547468713
