center_0,center_1,center_2,center_3,center_4,center_5,center_6,center_7,center_8,center_9,center_10,center_11,center_12,center_13,center_14,center_15,center_16,center_17,center_18,center_19,center_20,center_21,center_22,center_23,center_24,center_25,center_26,center_27,center_28,center_29,center_30,center_31,center_32,center_33,center_34,center_35,center_36,center_37,center_38,center_39,center_40,radius
0.8310388943763031,0.8556389095047717,0.8224834398434232,0.1891008769042708,0.8258211237743927,0.10449685923156726,0.19496600067583392,0.7774246160874855,0.6481231027056608,0.8049538627030408,0.12955849815952292,0.4958332247767765,0.6974113703918093,0.9866843488756533,0.589425942472967,0.8513018492989298,0.9559661259904756,0.08699753217638273,0.32060582691722017,0.11499639713101006,0.5527910314684937,0.2706529112238061,0.9009857580853884,0.45215197641473137,0.7256079066835683,0.0760234498185941,0.08328334644690338,0.800977861586651,0.24332072479553912,0.5147365224058051,0.1962241247579627,0.854224734512691,0.1851023478901409,0.683072229007199,0.8372976626645974,0.9295945508886022,0.7745151973882497,0.7935726028267912,0.38651605978032866,0.9452078392952322,0.009176132368430068,3.541963112699358
