center_0,center_1,center_2,center_3,center_4,center_5,center_6,center_7,center_8,center_9,center_10,center_11,center_12,center_13,center_14,center_15,center_16,center_17,center_18,center_19,center_20,center_21,center_22,center_23,center_24,center_25,center_26,center_27,center_28,center_29,center_30,center_31,center_32,center_33,center_34,center_35,center_36,center_37,center_38,center_39,center_40,radius
0.7800895996443873,0.5221591960279818,0.7251725677274764,0.5155197086775052,0.7154159596155217,0.9099678279654888,0.12163626010758666,0.13090136485819137,0.9076126293826458,0.004340428408401431,0.40063872860994487,0.3917300978980178,0.6173946727410913,0.7465035729506214,0.07898892760949106,0.7840569017974356,0.0033259934783448353,0.522705737646159,0.7158069806254528,0.6263939170287701,0.7809665278366552,0.5025885348649146,0.029222680268254364,0.651537859239429,0.7806070905736356,0.4087368023198099,0.6250268432308979,0.36688898914434476,0.44824644078694,0.9313320472202864,0.6336940357051474,0.06160419552811358,0.9375302032657378,0.07978595643408093,0.26005604796749215,0.1414884352457082,0.7249264255032377,0.6189999371735976,0.7107315627830532,0.18976173230952165,0.5001554314791036,3.2889397376155283
0.772260235292117,0.9020222209693269,0.009474257074544523,0.7895787997126549,0.6580758723721745,0.26624930703867655,0.981041684339411,0.8825551991233939,0.4380836637163248,0.970393376179253,0.862606308942702,0.6541652638570368,0.6604549064384201,0.7544280136796891,0.9542691767153372,0.4611939928186972,0.9444106359469014,0.8113751802093866,0.7485576615092171,0.7526228108511859,0.8561184911701246,0.2477146096376489,0.554519354292805,0.9794157712500301,0.007708401245389296,0.05237178371176565,0.8227174956505933,0.7223627334504918,0.6148587734117863,0.1858628786387868,0.1516878546681084,0.9662690689357846,0.04789752327137675,0.216081997086909,0.835106830124765,0.6603308003237967,0.6437808633815101,0.025196210258106144,0.2049002396619386,0.7968060088456194,0.02482607385102853,3.69746794005418
