center_0,center_1,center_2,center_3,center_4,center_5,center_6,center_7,center_8,center_9,center_10,center_11,center_12,center_13,center_14,center_15,center_16,center_17,center_18,center_19,center_20,center_21,center_22,center_23,center_24,center_25,center_26,center_27,center_28,center_29,center_30,center_31,center_32,center_33,center_34,center_35,center_36,center_37,center_38,center_39,center_40,radius
0.050329829679592764,0.9909226928123124,0.8173266966921972,0.45593545724447027,0.20284295387491613,0.32393101606039576,0.4997038950780871,0.06916790909231096,0.8964513398368064,0.38518273563441585,0.940575294241547,0.8364133560519769,0.2716677967066623,0.8004770746438267,0.6142984110011057,0.6396325487416166,0.9725226600626699,0.5401187020836459,0.9704174287065267,0.400848618865845,0.5965145772128064,0.3122729588693043,0.721020555579225,0.052308780869255944,0.3425485164966816,0.854669202156862,0.7286267764542076,0.580407728200584,0.14990346570232527,0.46583675687024495,0.19810482754181025,0.6952370319959988,0.7201214540564108,0.9900977183951837,0.4257975260134722,0.937770381894057,0.5129033200917568,0.5414158273909679,0.5848869529705284,0.751456564905338,0.8198201083828695,3.4696483310785617
