center_0,center_1,center_2,center_3,center_4,center_5,center_6,center_7,center_8,center_9,center_10,center_11,center_12,center_13,center_14,center_15,center_16,center_17,center_18,center_19,center_20,center_21,center_22,center_23,center_24,center_25,center_26,center_27,center_28,center_29,center_30,center_31,center_32,center_33,center_34,center_35,center_36,center_37,center_38,center_39,center_40,center_41,radius
0.19292061604033728,0.30974172576311443,0.8209764652818176,0.03451656351476573,0.7546013731039469,0.42528951105952717,0.1940901197058854,0.3759872140470021,0.08403878475625581,0.8327086636294713,0.15235989348042567,0.11625459504346758,0.22109852584188305,0.8485126186381434,0.15122188980074103,0.8706207152569629,0.402435349516285,0.012940307752693392,0.489169474081969,0.6809929077798739,0.60874126210833,0.657941113951295,0.0637052081444135,0.4264279947905918,0.5280340969605264,0.10181591929100198,0.6387991275844873,0.5901794829020581,0.343814745384203,0.4923904770227484,0.5449101962897449,0.7275464880322294,0.14154722148258547,0.26227156143896657,0.5161517909201168,0.3786534878448029,0.6771221243072247,0.15270063592527472,0.9747006430791865,0.505140486119202,0.7921371279094679,0.9557667817374792,3.0749610761467316
0.4842470461833882,0.9016040704168018,0.7078971343105518,0.2054485855829059,0.37095954129698283,0.9450208454011749,0.7330863783725817,0.8140904643384742,0.7649103246501221,0.22373466496166106,0.7757686049033842,0.7685093268524655,0.442250351405316,0.042640282974090615,0.671069219938238,0.023640647939741743,0.4691968532153623,0.9493135791418801,0.49896845656488154,0.13303492421456087,0.015107916865923832,0.3222425833048107,0.2573086919039167,0.8145632366243383,0.8016441467326412,0.978412535155497,0.7989978890945175,0.11266298860758006,0.7027612096071414,0.29161544195700195,0.8775934490562948,0.9955825878825876,0.3981556127018546,0.8749922748971883,0.03881380991988914,0.01541540285795484,0.8266438563971746,0.5903995715211777,0.011312407036320637,0.19042468141502045,0.7454718434996006,0.2560442646847715,3.577137849933563
