center_0,center_1,center_2,center_3,center_4,center_5,center_6,center_7,center_8,center_9,center_10,center_11,center_12,center_13,center_14,center_15,center_16,center_17,center_18,center_19,center_20,center_21,center_22,center_23,center_24,center_25,center_26,center_27,center_28,center_29,center_30,center_31,center_32,center_33,center_34,center_35,center_36,center_37,center_38,center_39,center_40,radius
0.9616671313800644,0.9144081486453252,0.8309104792211454,0.7584128830331739,0.029064928678405155,0.01548575531322871,0.7885892042985239,0.7180886541202761,0.8496226613303159,0.5085761370581666,0.8599893256794467,0.7176719135756323,0.6544578932840841,0.6780232776359241,0.6296218531606457,0.022480993057025334,0.06999438562912585,0.6682737413560925,0.23495550783121544,0.5228860588942671,0.7859133382207414,0.5180676714093724,0.9033637188817668,0.8894441133461586,0.34708115144704055,0.001358746749455353,0.8819895535910015,0.21917874229117984,0.5218593116817246,0.7207704359908714,0.4942941680933949,0.3070919725007536,0.07304702325123313,0.7187341523540397,0.25028926738322466,0.49981677807220637,0.39231965025696536,0.34210718574618126,0.6972020235440538,0.8768427897233749,0.6063407593365354,3.4701719005801124
0.09419265124915632,0.0002750017586887754,0.459075849983693,0.7858304634402065,0.332479345571399,0.8462351560030693,0.6651956747638305,0.6115846375797006,0.3971452364810317,0.8418812208420187,0.1523881517497403,0.48540531860864966,0.1249297923813727,0.9197097902019696,0.9193511370949962,0.9491462097989328,0.0704075530849656,0.3433729839220241,0.9600527114280074,0.8360361471649147,0.2804087061394861,0.1441381226942937,0.05356166152839592,0.32659840871752077,0.6194636797618459,0.8491843059770295,0.05675468641516346,0.5962446537416425,0.6290603746153647,0.06163884010601961,0.04083426736240958,0.8563742714217814,0.9212690419371041,0.007237914706132442,0.7570724526418947,0.2240997217041134,0.15308788503087378,0.8329716663266588,0.10591092613626962,0.03592019227459453,0.5938280067302635,3.204495216291668
