center_0,center_1,center_2,center_3,center_4,center_5,center_6,center_7,center_8,center_9,center_10,center_11,center_12,center_13,center_14,center_15,center_16,center_17,center_18,center_19,center_20,center_21,center_22,center_23,center_24,center_25,center_26,center_27,center_28,center_29,center_30,center_31,center_32,center_33,center_34,center_35,center_36,center_37,center_38,center_39,center_40,radius
0.9718579782120921,0.16149470205875482,0.817085437151101,0.889260194309163,0.4724000277473407,0.4038363811948681,0.9732833355753711,0.6128841037890379,0.6469583865618795,0.5189281424227898,0.04332631927197106,0.6558254397802359,0.7266700844103933,0.10215366513486368,0.06440647715252046,0.4061933924287695,0.20193776502074423,0.4444792849099717,0.7727224926437721,0.6190213859265374,0.14584280503390423,0.6336449087123723,0.23843550979710693,0.4710630134608761,0.6588412969072331,0.43392960777367073,0.860009187359862,0.4747543463160613,0.12560547361858265,0.5580203845412951,0.8211870316417447,0.2339020551419555,0.16082963554771657,0.07944143790143632,0.3434508958622502,0.07432655323231707,0.6943481241654169,0.6860907453388942,0.9191543753471776,0.16900222715659685,0.6379409558778191,3.254218889219352
0.1675995534284146,0.914988424369262,0.029733065630762834,0.033378768162741324,0.8724150700039652,0.5505547734971122,0.11471487366688149,0.3280976710035385,0.6739208188003827,0.24850623986169773,0.7518219772146452,0.7085377265502968,0.3439349408879455,0.11012903140931063,0.9744464356374091,0.5844372627009409,0.9183344717210756,0.049640615079424855,0.03542666903280167,0.2104224535325453,0.2917467048700577,0.9987488195910854,0.7828182518572006,0.2684655692275145,0.5625012938714679,0.2969829581099863,0.5337333970791003,0.5621388421235107,0.9329359191857411,0.08068641046109182,0.720182532681584,0.0072042554677091974,0.432300396125018,0.21285514998093225,0.8258283237583183,0.8738314426640782,0.3296669727093766,0.0918249135967939,0.20126209331726463,0.9246079176203984,0.2823523098296481,3.004799545343991
