center_0,center_1,center_2,center_3,center_4,center_5,center_6,center_7,center_8,center_9,center_10,center_11,center_12,center_13,center_14,center_15,center_16,center_17,center_18,center_19,center_20,center_21,center_22,center_23,center_24,center_25,center_26,center_27,center_28,center_29,center_30,center_31,center_32,center_33,center_34,center_35,center_36,center_37,center_38,center_39,center_40,radius
0.5376947793445513,0.44543250808702484,0.06377068367980832,0.6132993971310763,0.7576451169265538,0.6545648412816514,0.6276239905126312,0.19635760535073365,0.951414902283418,0.6316441821853925,0.7214560204766984,0.12105995213540577,0.6729098694071195,0.046711930552251646,0.1577782420309728,0.17378566211759383,0.8923455187630622,0.9405640097714892,0.24581592462217472,0.00666002244064734,0.3523463077955964,0.7279193004345073,0.6765773519367281,0.8337364720423324,0.36565569031453293,0.23258393589940407,0.7272389114351814,0.845501368304054,0.8554649210137847,0.48478287079549987,0.2349611119593128,0.17514301134551236,0.4251362571175844,0.5006834936000872,0.8050382933918535,0.7726501100291724,0.7316751245182801,0.8584156369892231,0.9678542849817233,0.9186634586510547,0.5836639039658618,3.538461482860153
