center_0,center_1,center_2,center_3,center_4,center_5,center_6,center_7,center_8,center_9,center_10,center_11,center_12,center_13,center_14,center_15,center_16,center_17,center_18,center_19,center_20,center_21,center_22,center_23,center_24,center_25,center_26,center_27,center_28,center_29,center_30,center_31,center_32,center_33,center_34,center_35,center_36,center_37,center_38,center_39,center_40,radius
0.3758599813989755,0.2733046529324268,0.379058122021112,0.29400414995909807,0.6719716732893121,0.04141344930109958,0.01099946046476652,0.8169875649435028,0.3939649504378736,0.09704878550218332,0.831314120198496,0.1950569603333807,0.6465772700147511,0.7557835444369667,0.4877189901436625,0.028258375373613642,0.6366932402038685,0.39034496811232566,0.2909681665409599,0.33017340474460244,0.477343269741747,0.25373475439279325,0.618966181000971,0.3912408446198221,0.20532470696974925,0.1256185676777789,0.9318230418372679,0.24393152520585826,0.6074719703264899,0.5431294167710466,0.7768090307210983,0.8261744653375357,0.3034129760874017,0.9435347973555168,0.8519863640702431,0.693319333100947,0.9793047371519211,0.06676602370828477,0.7009751341699312,0.19263739704333938,0.2697446307995123,3.109089011025667
0.9179812633433124,0.9311050095032554,0.3179623377381757,0.4241144094961935,0.07752530210885333,0.8276521135743383,0.7338042941852201,0.427171775129788,0.00584067981732328,0.8995747482474128,0.916513296751449,0.18435973868223232,0.7990390546270004,0.014789761031466675,0.3710847210629491,0.9597233493867751,0.8843967610297807,0.6398837566254462,0.09980016429019312,0.24465391553124194,0.17669474484742298,0.5323013055231803,0.36107343173866724,0.08293240587294093,0.8233866102565508,0.92773112125336,0.02385846699970484,0.8870794438340671,0.01787495198850686,0.19685994009261998,0.4349691308128881,0.9139593489431153,0.6892461379598983,0.9081342797136498,0.018884211416208885,0.36004828755075846,0.2173566268506354,0.7602427820135672,0.4598758910558467,0.6993482152907116,0.1740025842204156,3.5197324715775067
