center_0,center_1,center_2,center_3,center_4,center_5,center_6,center_7,center_8,center_9,center_10,center_11,center_12,center_13,center_14,center_15,center_16,center_17,center_18,center_19,center_20,center_21,center_22,center_23,center_24,center_25,center_26,center_27,center_28,center_29,center_30,center_31,center_32,center_33,center_34,center_35,center_36,center_37,center_38,center_39,center_40,radius
0.7697998889528561,0.7464128217609283,0.8624573476120289,0.7455309391032349,0.16776426109416165,0.831432846712198,0.5191899693172207,0.7231688391070475,0.658431720513543,0.6405565610244842,0.9691341341090995,0.9262163073587951,0.79823910863131,0.8763163203311835,0.38333048617210397,0.19921684221769043,0.06340512649263086,0.010001279044487887,0.13410298666084597,0.6626575904927342,0.44860759974470266,0.701627946287598,0.9088068382747678,0.49245836508629715,0.8501762689164356,0.5256522708956823,0.4989391490620886,0.8292890152295288,0.7252213851500464,0.15469580104450842,0.6728244008852426,0.9951952183311902,0.9737782516965798,0.6842077349013023,0.35551765028773374,0.5442232326965232,0.4926694849054588,0.14268691991280236,0.9574278833823283,0.08063932184032119,0.9586188654736666,3.1692470885008905
0.2281091351964306,0.008539483343608878,0.8969961412042616,0.013995071719259733,0.8446512188965098,0.49616886987170494,0.5815803939012649,0.03464446207067917,0.6166017347668142,0.5984658251852342,0.6013697000181724,0.16806742632263239,0.671552106210878,0.4027574828582037,0.8514721329132625,0.5979567187444697,0.23183557608802008,0.8959241431120814,0.46992464505094766,0.05558379391491308,0.6800604089030072,0.9758163936326159,0.22121585076826533,0.8530178672499935,0.0912789581503447,0.46446745702906134,0.7518341182719489,0.5315297118349618,0.1541722218431555,0.9045703401517615,0.34775329243758024,0.13175308291451815,0.4150843240434544,0.05606866647257602,0.21871366166346662,0.959718524396116,0.797437119594667,0.8117784021438916,0.2194596429540393,0.19003728680207888,0.8934441165914717,3.420506099076447
