center_0,center_1,center_2,center_3,center_4,center_5,center_6,center_7,center_8,center_9,center_10,center_11,center_12,center_13,center_14,center_15,center_16,center_17,center_18,center_19,center_20,center_21,center_22,center_23,center_24,center_25,center_26,center_27,center_28,center_29,center_30,center_31,center_32,center_33,center_34,center_35,center_36,center_37,center_38,center_39,center_40,radius
0.8828606775447102,0.8357169817332839,0.9873219493098565,0.5249866907581171,0.9587616165930959,0.20708295768642782,0.08542519473084798,0.5010559308307676,0.11208541759477664,0.2645524212422852,0.9990965127227799,0.22929492582451483,0.4481987948649211,0.4019990526608368,0.06918894999452885,0.9197763402562767,0.54006369356278,0.2284628118369192,0.06761079864372288,0.7464801571745968,0.969394817982042,0.6762390607482284,0.3323566212855057,0.7048616244683688,0.5222953584066373,0.13793092957791808,0.01964257748933207,0.3826839479207418,0.08517494987540697,0.7387731053807205,0.5175291923499264,0.603194364108288,0.5181997345952484,0.29695382839417583,0.8562368625936748,0.5065207893429146,0.07215819594841077,0.5756484337619804,0.5527440351480218,0.17501963281050748,0.15241423744120475,3.2518961173212584
0.052864403956542794,0.22395249727664468,0.003155317638827926,0.7064786946361795,0.03856777071762163,0.3334992004879783,0.9893685320152397,0.3540051891559268,0.9610916132449446,0.5089880175159343,0.8108311621945511,0.09475559229169339,0.33557132471622975,0.8985986446733762,0.15165148965685715,0.17642336054611352,0.2600629852213798,0.9126332245564549,0.5677281784921744,0.6672580353673909,0.36189613177516,0.28773702313296656,0.6087069919369009,0.045089589045359424,0.6244050436337809,0.9779764441033721,0.7590836593409619,0.30283862199994904,0.9152366421995586,0.49700963602507653,0.9108395667435157,0.509491620911647,0.8645453135007265,0.8995195458205888,0.5425504613401135,0.5205362800282591,0.9890300301379166,0.625578758418702,0.6764294442051925,0.438697343108425,0.7273223133126449,3.51837705357913
