center_0,center_1,center_2,center_3,center_4,center_5,center_6,center_7,center_8,center_9,center_10,center_11,center_12,center_13,center_14,center_15,center_16,center_17,center_18,center_19,center_20,center_21,center_22,center_23,center_24,center_25,center_26,center_27,center_28,center_29,center_30,center_31,center_32,center_33,center_34,center_35,center_36,center_37,center_38,center_39,center_40,radius
0.25054374989201045,0.0016676965809488964,0.3770418445432724,0.5623260920662375,0.7326633315511265,0.6312031612738199,0.5158083245572049,0.28478832465832304,0.7989847205725623,0.6594548690378468,0.12989814082975248,0.1315319110516625,0.2151860093562583,0.8600588202383193,0.8242317583793931,0.24157412617957696,0.9577466319846997,0.9841693595268859,0.5010001351651359,0.15913673432734954,0.1568236466542834,0.013839748037652089,0.37677712315656886,0.324014211728031,0.8608357270517576,0.8430893221702671,0.4079089635091948,0.24758618366329088,0.33909796702238393,0.28346817706028093,0.5083557977782257,0.8898063772796351,0.4749469287591138,0.7133532364817117,0.8244300380109472,0.14416485920023536,0.9588553103243053,0.8218439225556515,0.2853833310154751,0.9786981988204989,0.9645715567440014,3.4266637624703176
