center_0,center_1,center_2,center_3,center_4,center_5,center_6,center_7,center_8,center_9,center_10,center_11,center_12,center_13,center_14,center_15,center_16,center_17,center_18,center_19,center_20,center_21,center_22,center_23,center_24,center_25,center_26,center_27,center_28,center_29,center_30,center_31,center_32,center_33,center_34,center_35,center_36,center_37,center_38,center_39,center_40,radius
0.2666309073683236,0.592982710501014,0.37809476918312634,0.4093951164756595,0.7010703107666383,0.1386508203219301,0.7741462216383587,0.498645615980446,0.8852614008563459,0.16219259119886642,0.6427691404059991,0.32010938663876876,0.21539586302286184,0.6297619689562682,0.2446595755198967,0.3015601937739002,0.4876830335076253,0.8508362402191034,0.20401359498167082,0.8031830593616611,0.6355410029171397,0.4009824008224563,0.3449861468981854,0.6859727275887463,0.31037073854246067,0.9049270820499208,0.1344605008982882,0.5995763367140469,0.8799593910404251,0.40916658087214597,0.6482875263491802,0.8724698620282977,0.062029119130587396,0.9970310628982054,0.12304199476105004,0.927284065598357,0.06495273658401546,0.26216999829829135,0.18763640637342027,0.35204178832732136,0.3773546314722994,2.8933135794961027
0.42583186470416534,0.42242537299695704,0.016589342174545663,0.009464254187328103,0.18590587967355776,0.5995951219439354,0.2635005374890128,0.08666451261392172,0.7254927338161669,0.782943784970533,0.2763600147524282,0.9796838999543684,0.9193953443348305,0.5634021387079834,0.8657900898468505,0.5062981111354601,0.6103134607480284,0.1273102430243438,0.6185142788051385,0.7914462323372254,0.0353491021255713,0.3624420072145639,0.03591872336243518,0.768693793828405,0.41824125838855775,0.33217028785011604,0.6408458153395694,0.18921222626045364,0.5874392145556935,0.3765764362940076,0.4026299267860981,0.5609263054083661,0.9198970265949233,0.1561693840197782,0.07234722682723094,0.20750563106028708,0.8382600159118131,0.6144725406459468,0.706197739440425,0.8740462627927859,0.1660315786340627,3.18499396420862
