center_0,center_1,center_2,center_3,center_4,center_5,center_6,center_7,center_8,center_9,center_10,center_11,center_12,center_13,center_14,center_15,center_16,center_17,center_18,center_19,center_20,center_21,center_22,center_23,center_24,center_25,center_26,center_27,center_28,center_29,center_30,center_31,center_32,center_33,center_34,center_35,center_36,center_37,center_38,center_39,center_40,radius
0.20224716151299071,0.0680504542039373,0.06608133334669353,0.5493235560000481,0.9342211862330152,0.03368230359713886,0.19413924340602284,0.2980180119487328,0.9031119677332152,0.2891753625098499,0.7582271664752651,0.7074943774890187,0.5481340223308088,0.34563144281779035,0.9061031934738462,0.8724736688123064,0.7128983179993772,0.08234540349071862,0.7508695406439814,0.5674084868817773,0.4979018628758921,0.02672372971953052,0.005926920100339128,0.7844429698567039,0.9506441281618063,0.7622546891789268,0.8480463926345951,0.9450310244962654,0.5337496730158863,0.27027202784676696,0.29032158238900374,0.8085350253175021,0.2798382671703189,0.08357073937985537,0.3118855489051956,0.2263199557781823,0.6139685951503684,0.16749597337808098,0.3244802447542975,0.4980186281825959,0.46082145247682815,3.1994198052051135
0.5366034373807024,0.9311899268134196,0.6149606972370596,0.1069948985669964,0.3132691719062889,0.7542915273077566,0.7487325127783684,0.9525991136748058,0.018616860557698844,0.6607582363690194,0.08504517754296659,0.6853638458297773,0.02553514092238396,0.9830478673046282,0.3138320532835499,0.4654972583606678,0.5451965814745034,0.00495368796179807,0.35885204832056816,0.3333160902111536,0.24171915752164497,0.8121818409064677,0.7498240188473726,0.02788495427314952,0.7748013148534266,0.09208047266897734,0.06086815326631434,0.469111366759575,0.6583436776150241,0.8212020393685077,0.37807390822742215,0.9864806696762831,0.25992942125251706,0.5426821032848084,0.8455007213928739,0.9879417196874397,0.2610415910698791,0.951126845293237,0.005335861328946145,0.7124828781476934,0.668270788308829,3.187526320556219
