center_0,center_1,center_2,center_3,center_4,center_5,center_6,center_7,center_8,center_9,center_10,center_11,center_12,center_13,center_14,center_15,center_16,center_17,center_18,center_19,center_20,center_21,center_22,center_23,center_24,center_25,center_26,center_27,center_28,center_29,center_30,center_31,center_32,center_33,center_34,center_35,center_36,center_37,center_38,center_39,center_40,radius
0.9122793007383478,0.6402273141871931,0.631802909951174,0.687557175599674,0.06990255730254946,0.19366006203009434,0.8599344754616064,0.6786395402398672,0.8429060110548363,0.7924977983556234,0.09717747779088759,0.31531697675420245,0.6342627903958389,0.3809779612392451,0.8126233008703786,0.15385357902083252,0.4261398605820338,0.708616656936936,0.24545489019343958,0.7444988579128452,0.08584594532927281,0.27615238428623656,0.5159003962565664,0.5574396083225706,0.7415058234255907,0.050538771631110424,0.7212891983056883,0.019005307477136912,0.6332032408980097,0.8142072031204591,0.6253569443828977,0.39576788230317195,0.7328979560566965,0.25668583808821777,0.20514955063405904,0.07231981245218777,0.49903013137181906,0.7016890882339084,0.280842232803835,0.637308329314025,0.4938096533741483,3.2806895738131394
0.11701409551313746,0.14977808849405616,0.09161384038161913,0.16826730737848228,0.6373332337280014,0.9711826040793803,0.044578626778722485,0.938399312953694,0.24565681312205412,0.2812693189917812,0.5988171519249923,0.4027215312597934,0.36788429237080755,0.8306306379481898,0.1717803585422728,0.9141171943552769,0.6346883351000366,0.06259562555087683,0.056531680365008774,0.5909126592239767,0.9586500451640024,0.22099404961408764,0.009363568929251054,0.9826923659982436,0.618105259523619,0.21004722948697518,0.5548195193357999,0.9584859548945869,0.03328561318288803,0.028280059544851244,0.08986173019323973,0.7008816859345612,0.4538777826260114,0.43541210074491554,0.6869462197506704,0.8812865639105804,0.24817063264600348,0.44743789674019785,0.8350146863301915,0.7572216910726072,0.0169310870595466,3.528576462002208
