center_0,center_1,center_2,center_3,center_4,center_5,center_6,center_7,center_8,center_9,center_10,center_11,center_12,center_13,center_14,center_15,center_16,center_17,center_18,center_19,center_20,center_21,center_22,center_23,center_24,center_25,center_26,center_27,center_28,center_29,center_30,center_31,center_32,center_33,center_34,center_35,center_36,center_37,center_38,center_39,center_40,radius
0.8961182244442043,0.365517037539577,0.6063050347431873,0.6903464476031261,0.014376050898129988,0.8816273422794482,0.9621684957271481,0.12993049655383138,0.18892008486694167,0.1587663912163959,0.0835619868602947,0.5039016725315018,0.18639647802122528,0.32726324630475834,0.20284168090074028,0.9119371968804966,0.7318073915585305,0.2310953975682034,0.6391286705782334,0.8653535282920011,0.07264833328754683,0.5477826533706975,0.4725954055764876,0.37565014743319913,0.03508361981328256,0.6887821792425824,0.7450662922123612,0.8648941741241273,0.8409630380969549,0.7852307301549643,0.5395724798144631,0.09949633904224153,0.8407382863429963,0.13484056981856285,0.6919231787720811,0.34700709895754955,0.7065524492043385,0.6155088499141429,0.39770151589459735,0.36883079017125564,0.8425953255681429,3.25994315337385
0.4719398090507696,0.5534031421055,0.9614404217421348,0.9018434437894015,0.9423013762806942,0.05201963942046928,0.20758662563585728,0.9195974774450475,0.9496329787841211,0.5943117931005587,0.4822269799042409,0.4854695223265727,0.9649109065133732,0.855364453399384,0.9619164695874285,0.4163930427112785,0.7622455851545502,0.6003385784057917,0.1286738913643911,0.6914755831636581,0.5852567873441857,0.8844855567325475,0.47829866998832316,0.13788183167115464,0.999112070667346,0.741218766633103,0.34090010384442304,0.15220360063795302,0.1807147774207839,0.21403363958997057,0.8979578951235304,0.8489634511769754,0.7834804638298011,0.7199108079378491,0.8107288271475354,0.7766602311856501,0.02725921021763733,0.47740707848147323,0.18882901711442823,0.012842213431845995,0.9859433984698163,3.654865331360835
