center_0,center_1,center_2,center_3,center_4,center_5,center_6,center_7,center_8,center_9,center_10,center_11,center_12,center_13,center_14,center_15,center_16,center_17,center_18,center_19,center_20,center_21,center_22,center_23,center_24,center_25,center_26,center_27,center_28,center_29,center_30,center_31,center_32,center_33,center_34,center_35,center_36,center_37,center_38,center_39,center_40,radius
0.621686621758263,0.8232049294503684,0.08788772590913241,0.28247463981641785,0.0022025520817564592,0.4867565693701611,0.12053826272313228,0.3161338733232616,0.018949951105941443,0.258538746957772,0.6849164709423808,0.7545635258889448,0.989790505032698,0.25115132552321395,0.8901234505503571,0.5217626405918996,0.08709369455861182,0.4526774498901457,0.9385872942441513,0.8408375718433055,0.175079502979681,0.29542351279727286,0.8330782181497446,0.9457014230405093,0.4180096204517514,0.5013796036973804,0.5803162615704229,0.10578747549106671,0.13541459552235124,0.19966810492306253,0.2985510912799524,0.470841892801931,0.4298019705907379,0.09449332020568502,0.6330722151899698,0.8748014670172656,0.015611485158805394,0.8529427492814572,0.1256718101908707,0.7729714892504296,0.9509139790868818,3.3095535879252918
0.9921460361433125,0.18996710636763114,0.8724323410637311,0.1366766836996277,0.8482560330332637,0.014052234848590306,0.42759630640860513,0.275074265594347,0.9729161396259132,0.9576760419930299,0.9593703053607251,0.709965127411061,0.15678381852528178,0.6627495615250332,0.6814063468277702,0.6167799856098465,0.4836867493447604,0.9971543494026449,0.8985392253757096,0.1501959933973147,0.22988753361415148,0.8565336574403883,0.6826653103860831,0.061672909106223694,0.08391751355460664,0.5297942300754472,0.44168082746098414,0.8987435492358516,0.7700133559063123,0.8162552488358926,0.9224867502096159,0.9951118860528718,0.8466712508597576,0.3643763998183027,0.31493959011975714,0.07421948005440682,0.8879729003216197,0.8787903301138891,0.5452046561938252,0.9361666656993549,0.4360649909064883,3.7339871532145894
