center_0,center_1,center_2,center_3,center_4,center_5,center_6,center_7,center_8,center_9,center_10,center_11,center_12,center_13,center_14,center_15,center_16,center_17,center_18,center_19,center_20,center_21,center_22,center_23,center_24,center_25,center_26,center_27,center_28,center_29,center_30,center_31,center_32,center_33,center_34,center_35,center_36,center_37,center_38,center_39,center_40,radius
0.878930700229313,0.6117229423381874,0.23388864770385864,0.9966844362089559,0.31214453387636876,0.39777222947951874,0.8224075985326522,0.18293123519461085,0.8876781179291731,0.9278527672027633,0.507313551961891,0.8707497949940894,0.8954259376390478,0.8951954542582816,0.4636210389812814,0.4124495939771864,0.9874955122604783,0.36219365642669143,0.4699955142043215,0.13616760594055644,0.9657440475806365,0.2797140801772694,0.8908190686079362,0.4642187455982547,0.6340853825218032,0.05784960432693542,0.8712978850889272,0.8529279003368418,0.1112348737806167,0.9363259375408353,0.39557568362838014,0.8511572561064799,0.37761110832897193,0.6991285490448926,0.854878955584617,0.8877961881135573,0.9333060473607611,0.5510591445111974,0.7781244913839046,0.9855848635101347,0.7834207819835736,3.8962345832277467
