center_0,center_1,center_2,center_3,center_4,center_5,center_6,center_7,center_8,center_9,center_10,center_11,center_12,center_13,center_14,center_15,center_16,center_17,center_18,center_19,center_20,center_21,center_22,center_23,center_24,center_25,center_26,center_27,center_28,center_29,center_30,center_31,center_32,center_33,center_34,center_35,center_36,center_37,center_38,center_39,center_40,radius
0.49808659711110514,0.3309328256160845,0.37905960902829394,0.27094425324174753,0.5378298685444536,0.8648810697850037,0.4944850094107516,0.5852327892703818,0.7289965160438052,0.45808207985779037,0.9834536271839166,0.5501016743440381,0.8538884217196525,0.9214816142559271,0.5720848279498182,0.735630464740743,0.4912233029023797,0.1322987409197055,0.6305175531035736,0.7804006392219306,0.6982186102245257,0.9459031698949784,0.8351780827247516,0.9036450622809649,0.8340619433786219,0.1943853395966879,0.4465860912130196,0.33782001417692975,0.23308462091959403,0.24047871080658567,0.9690243868012374,0.2728025596303305,0.21028512482727402,0.783346136408256,0.46898465320556126,0.8700639030231531,0.508866046573803,0.032079834254215456,0.8092971655477399,0.20266507831804292,0.013199088529028513,3.6840932438550995
