center_0,center_1,center_2,center_3,center_4,center_5,center_6,center_7,center_8,center_9,center_10,center_11,center_12,center_13,center_14,center_15,center_16,center_17,center_18,center_19,center_20,center_21,center_22,center_23,center_24,center_25,center_26,center_27,center_28,center_29,center_30,center_31,center_32,center_33,center_34,center_35,center_36,center_37,center_38,center_39,center_40,radius
0.3870855966821166,0.8040705375820479,0.8076407252885628,0.8699531307632226,0.6729637360277889,0.19836183495865467,0.6229980353451804,0.5627836056868153,0.8187742819735038,0.3889017721212322,0.25647650678755207,0.38273636336901695,0.3933463105316928,0.5800402026136066,0.9504329664948078,0.49729826540862754,0.557522894988515,0.6335676076803247,0.5783962745600454,0.7641583620754927,0.2652051651004109,0.4299761586810821,0.3455821877653982,0.287680800130537,0.5780358772843808,0.4811975327863488,0.6958638081586219,0.8439141412667444,0.3060968521297729,0.8127810610772419,0.6974127628883592,0.6405233260353949,0.7588044222095309,0.1984067936046242,0.46635043358949024,0.4377742836792463,0.9933769333276035,0.26867442058336877,0.7065529604660566,0.9754891128067994,0.22733116849062018,3.3535016026323157
