center_0,center_1,center_2,center_3,center_4,center_5,center_6,center_7,center_8,center_9,center_10,center_11,center_12,center_13,center_14,center_15,center_16,center_17,center_18,center_19,center_20,center_21,center_22,center_23,center_24,center_25,center_26,center_27,center_28,center_29,center_30,center_31,center_32,center_33,center_34,center_35,center_36,center_37,center_38,center_39,center_40,radius
0.6744753048320326,0.05661047855550716,0.9315635847304082,0.3031903134106514,0.04198836432208097,0.9534264305944838,0.11077624065931357,0.49900977974292327,0.3941214310010779,0.03640773204056791,0.8971361602695319,0.6323679178146848,0.2862960037396649,0.33558502680738256,0.6523262293825879,0.4731019911706795,0.09736458006700188,0.5832741528688257,0.6382118184433855,0.8400217167344044,0.804706407608154,0.5786559713182094,0.2673398089157477,0.1889279451715099,0.5732581617742206,0.472725346198007,0.7192446889354878,0.47071974894706015,0.25387790186199155,0.5263522190640397,0.4388490869859746,0.6964268195635588,0.28483300631869135,0.34822247898063585,0.6271257328561742,0.5998052560611843,0.14946439588506877,0.8333506287173458,0.03427469243825876,0.8820012705993716,0.19133382257559373,3.2422153138883463
0.3052346949298693,0.9450481492100137,0.5315996468170511,0.9109107163100678,0.8086361699778882,0.923045781454434,0.35972405570209054,0.4506590798955751,0.9677868343000054,0.9073870882081275,0.12696599085084403,0.4029231026771667,0.9463173245752596,0.5643478685852618,0.32532608793449547,0.14502162896377957,0.6871036039071932,0.351598620138468,0.9186398191072046,0.8630342146798754,0.04077819671994032,0.6210916245190578,0.7028008002322418,0.9652412258227109,0.13301392799455236,0.9242313752805709,0.1017430508843209,0.22813853360911795,0.8871591763917971,0.2677557323096377,0.3333359966091203,0.6112742066740529,0.9470705393021349,0.24080774787894654,0.8919957210119259,0.8071387520092408,0.932686399572485,0.027640267531603202,0.9290117451601402,0.24158225778802445,0.804209714792249,3.684284804304032
