center_0,center_1,center_2,center_3,center_4,center_5,center_6,center_7,center_8,center_9,center_10,center_11,center_12,center_13,center_14,center_15,center_16,center_17,center_18,center_19,center_20,center_21,center_22,center_23,center_24,center_25,center_26,center_27,center_28,center_29,center_30,center_31,center_32,center_33,center_34,center_35,center_36,center_37,center_38,center_39,center_40,radius
0.12592608571978237,0.4271468759732109,0.22671028701338936,0.7606348594137827,0.5304171952265128,0.8376841613418131,0.7481507710701134,0.683535711551094,0.2450770787973946,0.5446184363346985,0.5428815056067795,0.7965359959090915,0.71152245178165,0.2559165751707161,0.6824355837828814,0.37781410436677454,0.5517928750408381,0.7431545366330369,0.04116990196916781,0.6564962922029577,0.4430221117399601,0.5353890333182192,0.9678584279276459,0.9791112682925244,0.8926137334708044,0.7404485839725201,0.12948759741663918,0.5562694727864481,0.3859483348242331,0.6744870494685126,0.0862123470552093,0.23441620377701666,0.9078638961869288,0.9288505611077948,0.004264998934878972,0.484191577009483,0.7325227113996737,0.3848931059124139,0.4723584941665063,0.5554429621526062,0.7806316962879181,3.167086970309661
0.9331750944664672,0.3267719574284069,0.9082373208466865,0.027301993551426595,0.943783238999635,0.10491782569953667,0.9495339720919475,0.2941689897261116,0.15792428448784324,0.36539603392628905,0.31386768673452936,0.09730715331621953,0.7802845934105046,0.41555263699595146,0.8843306930387823,0.8708780759933614,0.13215658398141183,0.8543065261266274,0.9528288539960527,0.898522250723175,0.4780621241284181,0.27616193390487265,0.5129955193595632,0.06050988104552424,0.4006914930860407,0.1047828084260457,0.21983966229172325,0.06739708705339464,0.9651409467218124,0.6536052893429476,0.01924588208841671,0.07915739676411515,0.020813591877475,0.06937630561521824,0.810649615904751,0.36632188321050807,0.7327709765732804,0.7538238431026711,0.8208378581114323,0.9899679175820894,0.028862851862751393,3.334306772028521
