center_0,center_1,center_2,center_3,center_4,center_5,center_6,center_7,center_8,center_9,center_10,center_11,center_12,center_13,center_14,center_15,center_16,center_17,center_18,center_19,center_20,center_21,center_22,center_23,center_24,center_25,center_26,center_27,center_28,center_29,center_30,center_31,center_32,center_33,center_34,center_35,center_36,center_37,center_38,center_39,center_40,center_41,radius
0.11036284702854848,0.08995100127615407,0.5528649405524106,0.3802622149982109,0.3578985766933864,0.42905692603408396,0.5641569582034721,0.1875152002031275,0.2789376270644761,0.5423128876557661,0.01522228113823243,0.33066852443035544,0.5204523688018444,0.12567728577672432,0.5456433804904388,0.709027738596958,0.6897600785447889,0.34927766265765636,0.9720311077715055,0.3252044781913983,0.5821310338844392,0.5040892450290403,0.9796710754047,0.14169356281005963,0.8555785898108531,0.07429925314479058,0.5134174418605644,0.774814662643683,0.2945897303726386,0.8804351617812983,0.2206120488322637,0.841433185896078,0.2296752477448052,0.0011022319344258236,0.11998331081965508,0.44112563174490693,0.6483512660629427,0.07694930433704072,0.33650487860916056,0.7337154269095006,0.6668572476599516,0.4891936595117564,2.965871585194267
0.28232510415742373,0.6924259382371799,0.1879611895509371,0.7837573565843774,0.3049119003671614,0.9913168927057885,0.005220228187110765,0.8492280922728257,0.1814265998138127,0.6551366848495387,0.7908965285105616,0.5646746384019541,0.16526840541584298,0.9882279838756346,0.8838437234720914,0.00769779141225968,0.556673340217574,0.012111763933682629,0.56646408033265,0.6926545074383788,0.6465600065270076,0.5941861133856166,0.157052612666727,0.428248999872445,0.7853094340286713,0.5621191505347134,0.6877044553256185,0.09969271962040183,0.9916394486288906,0.8933208047687597,0.9496371897169357,0.00021790396763621267,0.6124231608675528,0.8297184187784954,0.5130986180008161,0.5615447265368764,0.4487095529978308,0.8837076131029395,0.5558335861596994,0.14066062741986618,0.5821000559363498,0.610630572740673,3.587367030178969
