center_0,center_1,center_2,center_3,center_4,center_5,center_6,center_7,center_8,center_9,center_10,center_11,center_12,center_13,center_14,center_15,center_16,center_17,center_18,center_19,center_20,center_21,center_22,center_23,center_24,center_25,center_26,center_27,center_28,center_29,center_30,center_31,center_32,center_33,center_34,center_35,center_36,center_37,center_38,center_39,center_40,center_41,radius
0.68581785348636,0.24816390014025858,0.9490587673323463,0.4845561247662915,0.4878280257281983,0.14657450547202322,0.47981598489054234,0.6041760106841251,0.18972732819545057,0.5755031065184452,0.21670920198455879,0.2630815021649342,0.13490723819208827,0.9855547856260758,0.31093659429117737,0.9609358808382998,0.7467207881673683,0.45285814639944955,0.6807576289527981,0.6699442853542944,0.8522385842536051,0.6321556427493306,0.8995030715672437,0.5172528550425918,0.7940764953221539,0.47428134792386056,0.027276786031696143,0.7749413674027973,0.3898540150497043,0.389429242519572,0.00783058178224394,0.6419421258903464,0.5507078685668514,0.16983388666946775,0.8828506437026367,0.2573472416454161,0.3272827178097043,0.6062024746576269,0.5814301888788784,0.916004204921899,0.1195576507957552,0.4135104188306473,3.195606611427112
0.6648473777673589,0.2951767941567769,0.04181592679017743,0.5399232285619503,0.02036089775140204,0.8435749449978035,0.9781021135010952,0.44173009845427846,0.8419201482620516,0.03771793453560146,0.1544194305722495,0.4081655993007195,0.6696974702514058,0.6610736791724904,0.8274822894973751,0.16677829727602278,0.7087138963935394,0.6612739782524807,0.6381516013887578,0.09594178444194634,0.1447272240580071,0.35097132501261197,0.3420365287109558,0.9070694449090383,0.18836038129609023,0.9144550001665087,0.8607719711610972,0.07823223015549186,0.3718940333309658,0.11247011334257617,0.9939363691584203,0.8672995926824222,0.8220188561611322,0.21456982916970235,0.052624061287290025,0.02623109056880424,0.893398661661789,0.5649823426844839,0.25809324469357087,0.33771838697342327,0.9464024393327484,0.32100878887277295,3.604397433928001
