center_0,center_1,center_2,center_3,center_4,center_5,center_6,center_7,center_8,center_9,center_10,center_11,center_12,center_13,center_14,center_15,center_16,center_17,center_18,center_19,center_20,center_21,center_22,center_23,center_24,center_25,center_26,center_27,center_28,center_29,center_30,center_31,center_32,center_33,center_34,center_35,center_36,center_37,center_38,center_39,center_40,center_41,radius
0.223953292321594,0.4831273500369013,0.39727297502283176,0.7865459429582325,0.07834317036077665,0.4724242441541735,0.017513363386495895,0.19365601402667976,0.009998413796865946,0.456333423427961,0.4554772060593635,0.5066017168700317,0.7087068470396009,0.5440316034206982,0.6730719887095673,0.7104391771683017,0.46943784384984444,0.5030959480198446,0.5819863185751499,0.7415939156792173,0.052289679976322834,0.6211637315430845,0.38379297022104375,0.24464831487481453,0.5839317456116531,0.30181980398778674,0.06184242212278712,0.789081861677173,0.13999217697557131,0.800155182047198,0.9345498833775167,0.7440932922553218,0.886573758597834,0.8935952333047388,0.6005376293420429,0.6912363330386992,0.5958146032987183,0.8243727804601253,0.45319297792355073,0.47162966945878093,0.28701570499754825,0.749838293759734,3.258945901894811
0.869985180435647,0.9858857538502037,0.5807852216267615,0.01785272967036411,0.8252890011221332,0.9750268521002206,0.9549422417830715,0.8729591845158532,0.7053288845425874,0.9333526905954188,0.028435694069248063,0.7597184602719916,0.30728451317223926,0.8827888086820758,0.5858533373676105,0.2945199643285844,0.09485362127704444,0.3998147858807879,0.6699755498693615,0.6583047916570659,0.3754874509074333,0.4796121793269803,0.9465141756940076,0.6248946118562646,0.904354426958358,0.7863083892052237,0.4206641835532624,0.048282997155597696,0.43424258373651436,0.058659195390184715,0.15240051791929332,0.11003039234457745,0.19155527953557316,0.5331177202880673,0.1569072461197235,0.19364794944705788,0.3538645756839588,0.012243371206317799,0.006270152713860555,0.9796019135243199,0.8109706055223461,0.303079200275182,3.411442109321736
