center_0,center_1,center_2,center_3,center_4,center_5,center_6,center_7,center_8,center_9,center_10,center_11,center_12,center_13,center_14,center_15,center_16,center_17,center_18,center_19,center_20,center_21,center_22,center_23,center_24,center_25,center_26,center_27,center_28,center_29,center_30,center_31,center_32,center_33,center_34,center_35,center_36,center_37,center_38,center_39,center_40,radius
0.5995785802684822,0.8616571519892441,0.4243704886707138,0.394455018897383,0.43968201136277907,0.6928497542581403,0.7546763295816096,0.5156016427062311,0.5870836699467133,0.8173759318082783,0.856001601040306,0.7755949595318413,0.6159413122195377,0.31863011588939394,0.6413541190744974,0.028299528274192798,0.07707719622570575,0.08956808655744708,0.24409571431541743,0.05226150880215752,0.1641489959949115,0.4779901652214099,0.3964313164434943,0.11863270055347819,0.5544851778994524,0.22400706467186615,0.8342557374591099,0.1672192302791311,0.8266826056406048,0.38220800982280134,0.36252254962134256,0.11881737738122367,0.9598702934709707,0.9640058819391011,0.8454854185073445,0.277218867284176,0.550117067117644,0.2693337098053904,0.9766026251801355,0.013469204113990996,0.27458032086657846,2.802065303989321
0.8902764658436148,0.14932867798095617,0.7449094319668421,0.007207631213338117,0.8401507092467304,0.7823432746551825,0.6727606827606571,0.1087802917829288,0.5331401955562969,0.42252714901719624,0.6144118636879876,0.04337844096761112,0.819530933083956,0.796268009287691,0.23103980204597552,0.46000412705352145,0.12882822180424436,0.8701333979544065,0.7587778645078381,0.9490326222480228,0.405920058375438,0.2377890088582265,0.6558961560602978,0.9794130849132529,0.2509917554672981,0.013493214949448551,0.17805696281104055,0.9293067752729189,0.899816945612991,0.4477062669825802,0.03393034267967665,0.8420796030736981,0.45015573586502255,0.29337493550081395,0.38172391398286054,0.45454878548775635,0.37486895066659376,0.6053535993119463,0.07116594369134233,0.7142079678400863,0.25174375765027457,3.3997711183060058
