center_0,center_1,center_2,center_3,center_4,center_5,center_6,center_7,center_8,center_9,center_10,center_11,center_12,center_13,center_14,center_15,center_16,center_17,center_18,center_19,center_20,center_21,center_22,center_23,center_24,center_25,center_26,center_27,center_28,center_29,center_30,center_31,center_32,center_33,center_34,center_35,center_36,center_37,center_38,center_39,center_40,radius
0.392019376763582,0.6122672031185907,0.5632865964673225,0.6901140267270117,0.5529423488857981,0.7296645119603021,0.17488630644545955,0.9950658362846735,0.3353577119874164,0.5804495767442821,0.935010211113885,0.4489508053196468,0.7337570981922794,0.2779829869941808,0.416047258209558,0.6952263423361928,0.39806327370075845,0.9778296891709697,0.2472539016706421,0.04894683130510047,0.2775277617773061,0.8980206483160722,0.15008313391646388,0.4185469924446308,0.22141404502522766,0.9098306482806938,0.5080367781854105,0.2938944542199565,0.7990501951995197,0.18828949392991112,0.8597625215825039,0.14709046611686172,0.17381674217742327,0.7668976778869339,0.7853843074021407,0.7446072919274238,0.577803111121843,0.49123210742289825,0.3756966411045659,0.9773560965996271,0.9920193615002978,3.1327128573040115
0.9883496837922797,0.044832353170501826,0.9375429068934332,0.9260510757656288,0.757143346729975,0.04998486674556013,0.805795574365167,0.22642196682452553,0.1334092847754519,0.8916814278249117,0.07743129947208272,0.026196422005090758,0.6419518524872235,0.9601859335954248,0.6238399871866014,0.450102267399491,0.5834119455320403,0.8954679951799495,0.8494418027792371,0.9007804994800171,0.9505908696953694,0.2787894263446722,0.9230466918603759,0.1343180794493789,0.993108524733105,0.7529348015909526,0.45539102625381234,0.5417702861074069,0.5947306415014305,0.1870273055390772,0.20200346762140908,0.6739354048931661,0.861231733761957,0.26353104703329056,0.31658050447327557,0.07047660311903725,0.02787982358692953,0.8361634857243883,0.48588802369780393,0.02114820460333733,0.9419137894519434,3.5862077244659005
