center_0,center_1,center_2,center_3,center_4,center_5,center_6,center_7,center_8,center_9,center_10,center_11,center_12,center_13,center_14,center_15,center_16,center_17,center_18,center_19,center_20,center_21,center_22,center_23,center_24,center_25,center_26,center_27,center_28,center_29,center_30,center_31,center_32,center_33,center_34,center_35,center_36,center_37,center_38,center_39,center_40,radius
0.10059587900433942,0.7700060175166448,0.07294000382527754,0.1715108450034637,0.3652949785275277,0.9055825644806387,0.7964667551905021,0.9212082505231421,0.9111698877255681,0.17870946569975565,0.9179525922595921,0.9672469356073717,0.13348219460591315,0.6933489736343821,0.44434161171129416,0.8449205141554545,0.504628692724312,0.17439328517284058,0.051966392135837536,0.7228744324354298,0.8398847849955933,0.6173878692733095,0.040968890517043444,0.36875461774724705,0.1256897471296653,0.00710092422502262,0.7332555487105575,0.7465436613708578,0.9162961433966041,0.5742845442753279,0.9241623359024742,0.858467861982573,0.7911795946357404,0.581636837462992,0.8089006542343105,0.3415894380128729,0.42677947010169304,0.43249663668575933,0.2597552338292971,0.9471108937027934,0.7691180174452699,3.5467708016881123
0.712209456060182,0.20348071305963833,0.9700919917304286,0.7434342565796939,0.1420474760174637,0.05335085323438438,0.6655294826856195,0.20686560650512786,0.8787018693922515,0.0761147928175866,0.05486516598576863,0.020304107954039363,0.9666126487839313,0.13011452880720842,0.13454529464873954,0.27014241159507923,0.4778396483242068,0.7804749190878487,0.12660190402207439,0.23410414430329018,0.12513369792194695,0.2425460240493469,0.8136628968683567,0.7950669195729051,0.5684029827869868,0.14364657034526396,0.22010127897170728,0.273007432172656,0.19315938413424616,0.4584366783949776,0.20992919826437084,0.2216509054045409,0.04762338094354468,0.4891215214808049,0.07320065915892082,0.8865173393670613,0.9015996804252012,0.4882854270011099,0.9848919318213867,0.11881063602722641,0.5182138987200399,3.17689102085917
