center_0,center_1,center_2,center_3,center_4,center_5,center_6,center_7,center_8,center_9,center_10,center_11,center_12,center_13,center_14,center_15,center_16,center_17,center_18,center_19,center_20,center_21,center_22,center_23,center_24,center_25,center_26,center_27,center_28,center_29,center_30,center_31,center_32,center_33,center_34,center_35,center_36,center_37,center_38,center_39,center_40,radius
0.2681134364893377,0.5271547297172673,0.06266673814168211,0.6920311928008298,0.9539443017442862,0.4497667765214082,0.41601393672492926,0.5938406581204067,0.17546258284659122,0.5135427660457071,0.2338405098288744,0.236215950296346,0.6083256027497053,0.42232756207545596,0.07784602911920557,0.6743790960907582,0.46637054751744045,0.8296122391947661,0.3840448489887339,0.27911827096881414,0.6450046217189315,0.7528984145730134,0.6655214816056017,0.3652508052032223,0.8379060330655517,0.10006211598960246,0.4134450403659137,0.6377615888807633,0.7790970361018899,0.4231119171849911,0.4399379589228357,0.9611968715317519,0.6546548493191188,0.11685203089225304,0.5500328807580033,0.2293257558342643,0.23995851609977148,0.3966231609487656,0.10807306929524663,0.39567900022379565,0.3314970862309716,2.9275157002011833
0.823273208858184,0.9682673768416887,0.9659814252667833,0.8056709246904105,0.9231357605879413,0.3432775607408284,0.9971266356320033,0.9539956587513247,0.7123037533807256,0.15138313148548077,0.3520827063712092,0.4979769991309211,0.8953168877560894,0.5102531991285262,0.5904589016408891,0.27514772902471607,0.22415307090561454,0.1608366898476158,0.04791090321603253,0.20110741966173684,0.21035237010956576,0.914904368851641,0.19975840008752888,0.6405519670655848,0.11708828569916951,0.9020634929872082,0.9988101345748182,0.41216926918718944,0.24156396981181905,0.44375751832666943,0.25140221146065045,0.25689098795503607,0.11457739744806017,0.8398862160612083,0.6997826279186267,0.8663247907412606,0.46650468228007747,0.6934060116650621,0.9906679959974358,0.7079416779412984,0.9164651745640506,3.6984149308350744
