center_0,center_1,center_2,center_3,center_4,center_5,center_6,center_7,center_8,center_9,center_10,center_11,center_12,center_13,center_14,center_15,center_16,center_17,center_18,center_19,center_20,center_21,center_22,center_23,center_24,center_25,center_26,center_27,center_28,center_29,center_30,center_31,center_32,center_33,center_34,center_35,center_36,center_37,center_38,center_39,center_40,radius
0.654604496260931,0.05720784628519637,0.8412953440057946,0.2839061126906961,0.2659397750981194,0.3731591865547432,0.3154843648100206,0.34305843144959736,0.29164861222509353,0.3679122488262735,0.6044615595404664,0.6277008073959425,0.034464889568834534,0.09622947775776525,0.40704637065621707,0.5642873682463135,0.9982344505394125,0.2946333329213392,0.8454754729193636,0.1465982219598514,0.9318309262133695,0.6233613184434965,0.13889026563485019,0.12075161034980353,0.3764783678225636,0.7314389201531308,0.9744425791181243,0.7151283456193839,0.4998236997244834,0.5488657549108459,0.6373050910571747,0.4353195322019414,0.07730038294519503,0.24230149704744186,0.7846632884803983,0.7083745859425022,0.2511419312090879,0.3068514968433762,0.2408510940179308,0.1128031953815648,0.1469264929328532,2.890938005882617
0.691880426785712,0.945187218389866,0.20613216414236368,0.2949287758760274,0.5668980522068451,0.07872882930144653,0.03916119624447156,0.6967525231207716,0.9663348512184753,0.7920324305643539,0.8470119841645445,0.31216053281767897,0.9589693934874901,0.12957121145675166,0.053573711462068574,0.6305019752827418,0.6174642111181174,0.9595999422450082,0.829831118868655,0.6241391387803618,0.04643650640225516,0.8732899080643319,0.605105940350433,0.3079964923973827,0.7438430539987204,0.5358106222358876,0.22585202983472819,0.03758754681637744,0.801483368133323,0.7724260176668926,0.7746618897463206,0.07743889789250924,0.6803608966880214,0.10719703332156261,0.1519979196580602,0.40731140820569345,0.445496929977206,0.9865641084287126,0.3098175432821454,0.7189248657220132,0.09988495091929916,3.431468348280149
