center_0,center_1,center_2,center_3,center_4,center_5,center_6,center_7,center_8,center_9,center_10,center_11,center_12,center_13,center_14,center_15,center_16,center_17,center_18,center_19,center_20,center_21,center_22,center_23,center_24,center_25,center_26,center_27,center_28,center_29,center_30,center_31,center_32,center_33,center_34,center_35,center_36,center_37,center_38,center_39,center_40,radius
0.41362176846918597,0.5807077866770276,0.31887487347017307,0.5667250133348318,0.6439033424138052,0.8667113306203993,0.6949752745219611,0.4404020269231216,0.8179061865784433,0.9823111542720958,0.04832405341215573,0.14750292365070639,0.9216012378832036,0.5210317341276165,0.9997999636104421,0.37906295198522744,0.3678232831334539,0.9180878883604929,0.9631853841710664,0.2885205018436856,0.03729143496475862,0.06267259086205734,0.5293165284901796,0.4368301857498864,0.23830014922681542,0.967935321873324,0.029959505554777333,0.20009654772265972,0.9919620518912345,0.9195019921394318,0.1647122508675758,0.5344798605924049,0.1950513563325963,0.34540976583059424,0.5048966094968828,0.0031237271858659543,0.46717551757989406,0.5931009244901363,0.2709971568382902,0.8474511245086053,0.8780257387801722,3.5341494296211295
