center_0,center_1,center_2,center_3,center_4,center_5,center_6,center_7,center_8,center_9,center_10,center_11,center_12,center_13,center_14,center_15,center_16,center_17,center_18,center_19,center_20,center_21,center_22,center_23,center_24,center_25,center_26,center_27,center_28,center_29,center_30,center_31,center_32,center_33,center_34,center_35,center_36,center_37,center_38,center_39,center_40,radius
0.5911000387651631,0.2999417899027499,0.4411755789363818,0.6187630585552938,0.7845172285946449,0.03145480338935569,0.6876825547376986,0.6394852602360978,0.5355724435142895,0.11626459233824848,0.635837041558011,0.6406608982241148,0.39796272034491176,0.7274307217372545,0.5448412115777334,0.373921703822492,0.07409094022480689,0.594715777405885,0.48673239710344307,0.7437915603679105,0.36361989589569665,0.7136565631074546,0.7440388288919852,0.7359595613040674,0.9204881172105835,0.14847041553884566,0.7780612233865616,0.20172664471614987,0.8384717051011922,0.7261144837227728,0.875762633332498,0.333850197081325,0.3788774946176219,0.13909076506162465,0.3441525762784413,0.3775163380831785,0.6927477609361579,0.9301750183199037,0.23343972441519012,0.6752327958526876,0.24175637517954474,3.221036555650597
