center_0,center_1,center_2,center_3,center_4,center_5,center_6,center_7,center_8,center_9,center_10,center_11,center_12,center_13,center_14,center_15,center_16,center_17,center_18,center_19,center_20,center_21,center_22,center_23,center_24,center_25,center_26,center_27,center_28,center_29,center_30,center_31,center_32,center_33,center_34,center_35,center_36,center_37,center_38,center_39,center_40,radius
0.3783240757418215,0.041079978329485956,0.605137336606659,0.42762625158021517,0.315975673943502,0.9921194881865688,0.5499967108161536,0.10566166751672235,0.7781875345561661,0.2640611542297454,0.9205850222873803,0.8708968430107434,0.6302176868057238,0.7127002712504846,0.9071401569313983,0.832031266941358,0.30142270550067574,0.4310920041354278,0.3013527556968566,0.3127304529893804,0.7985613847918924,0.8264124980984675,0.38261273426842257,0.3433965423667087,0.9021270491148362,0.018798068040825067,0.7212875904329974,0.980820496435411,0.72085280310186,0.8453235525115129,0.6353169895835299,0.08054366083158415,0.9808167569187773,0.275277134343371,0.19887753407548503,0.9774875304152705,0.2365201799570622,0.002898272828980364,0.7466904627958508,0.9054402998077309,0.892052985596579,3.4021750870988003
0.03868170605813359,0.9576142958038528,0.2809161640355494,0.1778075561820932,0.8563551778179006,0.8048345011837165,0.9614938086990689,0.3406244156653899,0.09912777522131111,0.8110778712573098,0.6731723579255545,0.2439435525843625,0.4075824063576391,0.9432672334670165,0.00443091060073908,0.20066343783389973,0.9699848276106275,0.12624166667964964,0.5208490731956936,0.6965544888300572,0.4241383236443975,0.04651914643541044,0.7565405084079332,0.9189665253789734,0.06643479314393208,0.01644681501004497,0.022053563339767712,0.4809397479261668,0.1636858295791428,0.37324530441739256,0.8385272457388769,0.9113032966390381,0.6236515574445975,0.9119186643692394,0.8448671967389435,0.14604973814119737,0.9637585581539211,0.4366402861237688,0.7000452728329672,0.4417622647861058,0.10155011913205203,3.3925764618345107
