center_0,center_1,center_2,center_3,center_4,center_5,center_6,center_7,center_8,center_9,center_10,center_11,center_12,center_13,center_14,center_15,center_16,center_17,center_18,center_19,center_20,center_21,center_22,center_23,center_24,center_25,center_26,center_27,center_28,center_29,center_30,center_31,center_32,center_33,center_34,center_35,center_36,center_37,center_38,center_39,center_40,radius
0.2700185701360046,0.28921864833762734,0.6112123832194155,0.9425894958619806,0.9093674733771542,0.3403205875200983,0.19230279307979892,0.6492262649139139,0.021093352247058217,0.9064807810735358,0.18479906714138594,0.8554801185166458,0.039353599985648136,0.18632005637319882,0.383616549816166,0.3006607085450236,0.9528877648824894,0.4129232256135946,0.8407421770576053,0.09103198596695228,0.0038322646846931097,0.3529351954239518,0.5408498588536838,0.10521066426880699,0.31842864111048597,0.43808898268198615,0.7219916569295833,0.3333186805204823,0.05292659693751678,0.20513393633348642,0.3688678728121666,0.434152688568591,0.7584697032301824,0.8281990696037077,0.33718187656145193,0.29880273699545823,0.13318746930003456,0.09678003697025317,0.06667598374747474,0.23045191973477575,0.06704834323998476,2.647659190947502
0.25159420846857194,0.8795840094923316,0.5952852196952662,0.8851403672534841,0.10621013590006123,0.5730568108609824,0.028110089278552408,0.05779273998328316,0.36274614347859147,0.8409973851469883,0.37482565871426143,0.14558618729141437,0.864422563807836,0.8077966605486165,0.27455692301519263,0.12448767670501937,0.8046951621888139,0.3933584080821654,0.5917165090542911,0.8651678866897362,0.9561423855233014,0.36384142835525213,0.8634201594849618,0.360644199659764,0.4612089090700783,0.43421644258332326,0.3446315906243105,0.9100650480712673,0.5160164703317354,0.9181300832213672,0.5744560759438904,0.8503629170029419,0.772730431921123,0.6123490900949083,0.5212750060767752,0.39353508728245357,0.5431384174466933,0.8591463827300612,0.4425913170250766,0.829910469329178,0.3370137208916275,3.3861103768310725
