center_0,center_1,center_2,center_3,center_4,center_5,center_6,center_7,center_8,center_9,center_10,center_11,center_12,center_13,center_14,center_15,center_16,center_17,center_18,center_19,center_20,center_21,center_22,center_23,center_24,center_25,center_26,center_27,center_28,center_29,center_30,center_31,center_32,center_33,center_34,center_35,center_36,center_37,center_38,center_39,center_40,radius
0.4448889448994626,0.5456898375085247,0.45523113856680386,0.1899323027453088,0.13366254100210184,0.9877950342826375,0.1757058368725144,0.809319174099933,0.6939175082746631,0.032672195247805846,0.6625468267924653,0.5294598948641362,0.5150136840355379,0.5500395567514925,0.7832487418429288,0.7844989715925872,0.02974590265789534,0.791970539873377,0.38779294071572923,0.14941432941519017,0.3804491368072944,0.9516880081991017,0.17910207485499463,0.09897012380899073,0.7050430948860261,0.4308261765493654,0.9325122710811395,0.060302991852142496,0.38254779120142823,0.2635136423304375,0.37544921258533115,0.836588556172894,0.6506439748516758,0.972737131391683,0.4817413500662756,0.9661938480946867,0.027687461129766056,0.713625563614832,0.6480624273025979,0.895658934240018,0.811619418368005,3.3036464206189153
0.8812890910722604,0.26266759729380196,0.019527198910866184,0.4009995730904956,0.6799865093007756,0.7468815072828238,0.9544984532855766,0.3259551897952183,0.7470846876876414,0.04806103420082675,0.2488123548638146,0.20075071269614386,0.02143305176118404,0.10977727515737046,0.14861134479005744,0.10854153782950615,0.009278910002062046,0.1361993059591886,0.8315728609701006,0.6181866739651067,0.4991492539801563,0.09219788106350513,0.9740820829947978,0.9900444472523867,0.3148865193369955,0.882783160900758,0.24947731133387718,0.861965796023682,0.12101220530897339,0.9738894533845645,0.24823013376903036,0.6673555751447285,0.3716545467220673,0.3024754353531225,0.07327126184749,0.12278202999109111,0.7370188582062078,0.27618738727406844,0.347339580993699,0.6563088308598813,0.26853439611747065,3.2780628895797674
