center_0,center_1,center_2,center_3,center_4,center_5,center_6,center_7,center_8,center_9,center_10,center_11,center_12,center_13,center_14,center_15,center_16,center_17,center_18,center_19,center_20,center_21,center_22,center_23,center_24,center_25,center_26,center_27,center_28,center_29,center_30,center_31,center_32,center_33,center_34,center_35,center_36,center_37,center_38,center_39,center_40,radius
0.9661602680272047,0.6685250148720441,0.20035558751989968,0.1868716607954508,0.4927861217093429,0.9769212483443591,0.9114015824258718,0.8445865201089741,0.5531585210350102,0.08375722135970642,0.8362315094805052,0.36416615638471517,0.8974344894796383,0.9688117552933386,0.5368142452235887,0.585059025347328,0.3229238270725968,0.13706797071839727,0.206200701974111,0.11985408442608414,0.46702649224360404,0.7620717729645305,0.12369233749603115,0.6673915838867922,0.7606388670294814,0.3280742079946275,0.2107056717790886,0.6891632330391368,0.7219898326211848,0.8064979033312176,0.8424311117328337,0.7251899747351843,0.11140293334639029,0.878404537607486,0.5669271347015141,0.5404481560025739,0.24452770662255496,0.3059215795089344,0.9286691704735267,0.0809591613593289,0.4570532474542407,3.4729614528032307
