center_0,center_1,center_2,center_3,center_4,center_5,center_6,center_7,center_8,center_9,center_10,center_11,center_12,center_13,center_14,center_15,center_16,center_17,center_18,center_19,center_20,center_21,center_22,center_23,center_24,center_25,center_26,center_27,center_28,center_29,center_30,center_31,center_32,center_33,center_34,center_35,center_36,center_37,center_38,center_39,center_40,radius
0.1662551056501942,0.08403195428197718,0.5498335625204693,0.5516159901788781,0.7393217952807205,0.08833201926456524,0.6874817970515336,0.49867094362068387,0.5370911006134653,0.1351360570418525,0.27802792443465174,0.676549716955156,0.05061837830442384,0.3253135054016457,0.4439385276483485,0.4529008172823561,0.06409566487391638,0.5414401058696011,0.8209838453771706,0.8726155368797414,0.8299368423723413,0.30471380594998954,0.26272419574478934,0.06600256074013766,0.8607692618102928,0.6200449390805769,0.9844978248547626,0.15877798920451947,0.72849979781347,0.38460539054657583,0.6273021309770395,0.722463670513975,0.880969372021694,0.9892363106791727,0.5161323551353489,0.5532021639231699,0.831901684337013,0.3102923305053903,0.9840775226411905,0.7672419587457089,0.4816734672646039,3.0598030828830862
0.9150496090915812,0.5722231467342132,0.9730905279453953,0.6109456868678076,0.698748539626927,0.3340452379551253,0.957680445844303,0.586978587163673,0.8318005980219,0.9419942067265732,0.8747586102538283,0.06937680551623204,0.942957519497781,0.36125086730734235,0.3691240872114002,0.29549582466944413,0.7938061847207273,0.8380211080348271,0.6140021737188044,0.7297681182253386,0.9495422205353963,0.9550462251694504,0.9291531021382214,0.6134474171530697,0.28165621936170226,0.659416477269236,0.023349488812661634,0.6733798538192922,0.22183540213464503,0.37979590024220655,0.012148754850445309,0.9924476148753302,0.07533189388424544,0.6155461359870394,0.9507476992309821,0.30317344187084894,0.30465885667512593,0.5203855040536312,0.3219872051075825,0.9078220643915134,0.11498278961781783,3.7906273767777563
