center_0,center_1,center_2,center_3,center_4,center_5,center_6,center_7,center_8,center_9,center_10,center_11,center_12,center_13,center_14,center_15,center_16,center_17,center_18,center_19,center_20,center_21,center_22,center_23,center_24,center_25,center_26,center_27,center_28,center_29,center_30,center_31,center_32,center_33,center_34,center_35,center_36,center_37,center_38,center_39,center_40,radius
0.3159456453334215,0.3385095071455846,0.04826582636940646,0.1845259908862793,0.5434360272736914,0.1167735526337198,0.35086068207994126,0.6251466344972563,0.15232781154679753,0.4887090844781242,0.5268611226072434,0.6805167711559025,0.6023767033750838,0.7794750426162254,0.13677206618064042,0.26067977189682945,0.14460562012104494,0.07481900287598842,0.7453510358963285,0.24272610051842236,0.14893029433953875,0.7098268281665927,0.2668563092640335,0.7386674653056149,0.9750663247443017,0.34397298383490094,0.6987066360625817,0.6576663536439826,0.9516133371674597,0.6779266453533925,0.5109129380692633,0.07678237587645076,0.7923894060586845,0.13011344275733838,0.846540398303005,0.8625879806099183,0.1922961549733423,0.5804574378564417,0.21687769078957064,0.9694809229818584,0.3261574468521343,2.97359714882489
0.34691157599131905,0.4995504556391831,0.8699843750036499,0.8090820535356898,0.8662867232642686,0.7393652429555685,0.6518880820309307,0.7275177648585935,0.9539818585691722,0.9727314093472637,0.5692552214462514,0.6684792608423674,0.30884415582356595,0.23683090886875813,0.6394138787702925,0.014482771891977109,0.7130750260425527,0.6900599251451349,0.976534753557737,0.28050284040010576,0.08874199816782735,0.28424261244438476,0.7941097841666767,0.2799227722491461,0.5273095662247058,0.4653156799401582,0.6874293078438388,0.21423473783813352,0.025867535524730312,0.3279680890560047,0.8598203232216721,0.6719219276016368,0.07102088409889318,0.05403566447515229,0.5111713626834109,0.9677467981374226,0.6365826641512189,0.7457659968778513,0.9510292429186151,0.05508767327015118,0.7809715683093585,3.5573844701175372
