center_0,center_1,center_2,center_3,center_4,center_5,center_6,center_7,center_8,center_9,center_10,center_11,center_12,center_13,center_14,center_15,center_16,center_17,center_18,center_19,center_20,center_21,center_22,center_23,center_24,center_25,center_26,center_27,center_28,center_29,center_30,center_31,center_32,center_33,center_34,center_35,center_36,center_37,center_38,center_39,center_40,radius
0.7474441406203612,0.6805939538150161,0.5002306259564875,0.8756703007480554,0.3911042944086658,0.5069193485543199,0.855165395334339,0.9355474790384677,0.229151653401936,0.3667322455988723,0.6174152048422709,0.4103425733450514,0.8592692950389258,0.5348422824269475,0.32824225859906375,0.22116624303807386,0.6915183511161556,0.2769877892650673,0.3978871458095372,0.29013447144310445,0.266612979874299,0.2997344058188969,0.6699916661896888,0.8972452127552341,0.598214896369285,0.25380880227987757,0.7965767418527071,0.75315895805622,0.6262335678174548,0.7983937203109428,0.012993080316729855,0.2840609348155473,0.17460287913223205,0.022255539032413396,0.4836181139220933,0.3578933935042581,0.463701028310188,0.8404283790182343,0.9878134600555777,0.9414628204062766,0.8170188759471085,3.220613488032133
0.004745729236695806,0.11234620721141841,0.08459664038949122,0.0034997803327914134,0.8414442420788174,0.9359742012272991,0.06340258719671765,0.7008644367220994,0.18499949648568015,0.8892108530172294,0.23609609746712346,0.40872862424455514,0.19118841262517394,0.6118921950173574,0.7999158009095024,0.19060459645993466,0.056871719829729495,0.44370337696090667,0.013994672468886415,0.9912834993053793,0.30752578608739267,0.18206805908998502,0.2176624129655398,0.0196966642202836,0.05593453341132526,0.6211102429648401,0.8305085093664383,0.4169217591245238,0.06623087719716436,0.3001283979845023,0.9780161246518067,0.9278860058177584,0.6647576284550375,0.7678318939539612,0.2484859764727696,0.7037018913806532,0.8138067829502691,0.7637953501294075,0.37629658560928236,0.27472441844657847,0.6352339492999376,3.1852408325112225
