center_0,center_1,center_2,center_3,center_4,center_5,center_6,center_7,center_8,center_9,center_10,center_11,center_12,center_13,center_14,center_15,center_16,center_17,center_18,center_19,center_20,center_21,center_22,center_23,center_24,center_25,center_26,center_27,center_28,center_29,center_30,center_31,center_32,center_33,center_34,center_35,center_36,center_37,center_38,center_39,center_40,radius
0.24081351473176782,0.5990122913083314,0.8565588608778255,0.6629626446396957,0.2554827064360129,0.999422163152851,0.6671411197632444,0.27317232132988944,0.9510140704888088,0.30218548861022143,0.4634275704057049,0.18276059189860638,0.035981870172402286,0.10003699402265143,0.22654409975055723,0.115692336625838,0.6233678110885844,0.2698363948343696,0.819213952922494,0.6005066725833906,0.19882082508984744,0.266291393831978,0.30584622464136435,0.362772825572791,0.9533231473507012,0.07149525894196973,0.9703682860782619,0.6926689496412516,0.06991319874699586,0.5297696984543564,0.7489659202334347,0.6611570196312437,0.8676054339603534,0.8091561209364834,0.19726620209561396,0.5203031766052468,0.38673843169669775,0.6417780663523096,0.45543622705401,0.7696474294524642,0.13082844939009552,3.0283587403825285
0.31041897327091494,0.6144873225779961,0.4179084108162606,0.605365067384058,0.9967586934586561,0.06782962071222964,0.920344736345296,0.9778501748956342,0.24162050183408323,0.5335240830934572,0.7337898507735432,0.8125119918499664,0.8255593162379613,0.25844674728187567,0.775306747229121,0.5002929417429864,0.7830886684449891,0.25244177350935004,0.9399415288987583,0.7517669870982457,0.9692587987679779,0.8529359685622995,0.879158975011441,0.9346387026829217,0.6513815927272292,0.9544948662627617,0.15023985045477473,0.8824990400141286,0.4164761997021347,0.40314005387366636,0.7783621696459259,0.24688954018260068,0.9595520064377476,0.020905298823367557,0.8199723015745195,0.3830602257828539,0.652918901129365,0.3391059264681291,0.9199480889757838,0.11841416378196612,0.46221744171569157,3.9091152374260045
