center_0,center_1,center_2,center_3,center_4,center_5,center_6,center_7,center_8,center_9,center_10,center_11,center_12,center_13,center_14,center_15,center_16,center_17,center_18,center_19,center_20,center_21,center_22,center_23,center_24,center_25,center_26,center_27,center_28,center_29,center_30,center_31,center_32,center_33,center_34,center_35,center_36,center_37,center_38,center_39,center_40,radius
0.11702744504005391,0.09083679191186511,0.07525098223294868,0.42951026156281547,0.7149791364117019,0.4841592578153885,0.27214152466255115,0.09946547806784523,0.9624045208140947,0.9020117246061573,0.8542139195184695,0.4037307626868444,0.4904408992974547,0.774419669504141,0.9613460311047737,0.2159630781339108,0.910727843268449,0.737404260640457,0.0713079374391492,0.5920937536825729,0.08980350157214312,0.8467250305261198,0.4005478437152329,0.885849208696066,0.8440820690338346,0.9400513663694107,0.42796198585304535,0.8106486282776041,0.2978903319509336,0.3608500083941617,0.7555074884468451,0.7272900177810387,0.5388987811161355,0.7225552293744373,0.9476284416179653,0.7474881953119972,0.729350296135434,0.23541202794003846,0.9444937485740433,0.23561429102442655,0.43632929374689067,3.8868136876481123
