center_0,center_1,center_2,center_3,center_4,center_5,center_6,center_7,center_8,center_9,center_10,center_11,center_12,center_13,center_14,center_15,center_16,center_17,center_18,center_19,center_20,center_21,center_22,center_23,center_24,center_25,center_26,center_27,center_28,center_29,center_30,center_31,center_32,center_33,center_34,center_35,center_36,center_37,center_38,center_39,center_40,radius
0.42260774654160915,0.5238102930734505,0.688395650095505,0.7973585718444406,0.1315804487574851,0.023123359672826416,0.8276002493458645,0.021784882786706206,0.03531895481353797,0.1191886610991244,0.7942775424780217,0.15262551897882337,0.5528970195198333,0.41099925626004874,0.8923601844744717,0.34718484849496467,0.15292600107034104,0.2891461599731945,0.08316788153765298,0.4464963869766795,0.7519126465480305,0.056977900775023405,0.7472336596540775,0.180279378211183,0.5469890929334819,0.023010422715201706,0.09413940375864072,0.014710875767968146,0.26393156010820806,0.38164812675289606,0.13014333040931603,0.9363384682007975,0.7188724221734604,0.7219725725527585,0.9473027596930234,0.8185857146902981,0.030213174109824936,0.09811515752212374,0.8023409814294569,0.8953216205163189,0.3294310679420952,2.736591482327086
0.4343808136906918,0.14773068136409506,0.6581676619916754,0.29065459998216714,0.7776690087449106,0.5710866572097985,0.8484101382310794,0.06962112462765302,0.5502187630399062,0.763663997846687,0.9073054697249958,0.4855320960955525,0.6512697828414669,0.3107599086995636,0.8542657314293396,0.2912498875672991,0.4382661365155369,0.9216429596871036,0.7550426274534486,0.21536602905719204,0.741922218637688,0.7830976801409196,0.006657228893403366,0.35101858330727465,0.5446473730007613,0.7192255553938421,0.5775659728040718,0.804293157141985,0.02378408328883086,0.637460595459469,0.0017961077032579986,0.05008226662447912,0.4401382405134684,0.22608684448598504,0.0595141250842216,0.8129450282560668,0.62565431490108,0.5391110743040741,0.11150253038638636,0.8041532542833048,0.5402005500883019,3.398996499260493
