center_0,center_1,center_2,center_3,center_4,center_5,center_6,center_7,center_8,center_9,center_10,center_11,center_12,center_13,center_14,center_15,center_16,center_17,center_18,center_19,center_20,center_21,center_22,center_23,center_24,center_25,center_26,center_27,center_28,center_29,center_30,center_31,center_32,center_33,center_34,center_35,center_36,center_37,center_38,center_39,center_40,center_41,radius
0.56641363995555,0.9952218293633593,0.7241192427295039,0.37434676947787715,0.5471280232651641,0.5972899248137886,0.5648493243934619,0.6934700663744471,0.5139558758094017,0.9142026650291926,0.04420244067329582,0.9050988809865032,0.9670032034902463,0.550698785206464,0.35904482245006164,0.9605220181057212,0.4022715762905966,0.6271717910682538,0.2847404052556215,0.8260623843777027,0.4957369044785437,0.002516870188704501,0.13088853076927065,0.20589838623973156,0.9005136430532987,0.9598931362522702,0.2516015890320159,0.34035127004224863,0.18801134175265288,0.2504833232824544,0.6449914816266961,0.04284534002158347,0.43762759084052305,0.5681617708477503,0.6102522332735831,0.46228260087989614,0.6714011936849784,0.5037161364660191,0.24318840964147248,0.40124680482695796,0.8670094725326467,0.7817268853479948,3.4603316047884953
