center_0,center_1,center_2,center_3,center_4,center_5,center_6,center_7,center_8,center_9,center_10,center_11,center_12,center_13,center_14,center_15,center_16,center_17,center_18,center_19,center_20,center_21,center_22,center_23,center_24,center_25,center_26,center_27,center_28,center_29,center_30,center_31,center_32,center_33,center_34,center_35,center_36,center_37,center_38,center_39,center_40,radius
0.6012182397988357,0.577369688560102,0.9718213229006831,0.8231589495942544,0.9881313768150767,0.5660274623759778,0.9432252762604881,0.8780446136557779,0.07684305697569804,0.8343080012536184,0.87104250565331,0.7774960940041861,0.5804943694719032,0.2989297043167005,0.8722135122071683,0.1305927980397591,0.3886063814953593,0.6701957473835777,0.3118231341216866,0.7360019391912663,0.4758407131445357,0.41172639374769004,0.07576931678163712,0.5358110490608824,0.7136742812652478,0.05081059171884694,0.3880605897696474,0.8192096352843715,0.43506599125383505,0.3315244342041459,0.704596534450908,0.6726390298689677,0.9545181114250996,0.31629763936949995,0.21028937553849414,0.3603674417166868,0.9116732060950143,0.1943253333660001,0.7829488606515275,0.7439934595255211,0.1528862341234486,3.4665546116462513
