center_0,center_1,center_2,center_3,center_4,center_5,center_6,center_7,center_8,center_9,center_10,center_11,center_12,center_13,center_14,center_15,center_16,center_17,center_18,center_19,center_20,center_21,center_22,center_23,center_24,center_25,center_26,center_27,center_28,center_29,center_30,center_31,center_32,center_33,center_34,center_35,center_36,center_37,center_38,center_39,center_40,radius
0.6950004558059377,0.13811425036923475,0.2957475743401786,0.6957356824179846,0.006331631594603149,0.8247403110117045,0.915753486384848,0.20792085916808578,0.43787408682182016,0.05235330467488697,0.8743726348260576,0.06391520142732043,0.4046055204197776,0.6695512759330635,0.6583945447223585,0.991963386231947,0.736676145188253,0.23201699139018617,0.42349878462571433,0.6267336010173241,0.4415457550910413,0.716321930667683,0.14381561075853733,0.4849699931945316,0.8061652564015994,0.8910840956029146,0.48549843354480304,0.7760460476711162,0.21752830296680203,0.46314012754376765,0.7510593409512278,0.2824398210327792,0.6956847953437383,0.834839822312362,0.5116151561492339,0.035273408674426854,0.2572314713525381,0.6039235396740706,0.9839289935624366,0.020099460654994794,0.2041336170428284,3.3068564088430525
0.3222665456821565,0.6810228173336704,0.7883003866209518,0.19176469010567243,0.9570128369585068,0.8681734714330372,0.3461863681673206,0.14670322274195557,0.7573027817384792,0.9919192313518701,0.2788120597031549,0.3661095353186177,0.29118105411051476,0.48574120390506825,0.022169409508099758,0.22150777303790015,0.08194714329616493,0.9157867676157619,0.5290406220471928,0.38465141523088375,0.9862278529871551,0.2215478289682573,0.04608225154239154,0.30533655495997347,0.16890627180768603,0.244063600768335,0.2652963539849752,0.5400061996207597,0.4176108752108514,0.09839832212320498,0.4565364318278693,0.9676778944367179,0.4167372315442529,0.2781531326636083,0.9819956896429107,0.9953023964541182,0.4209466641709674,0.9358467831563713,0.17864364028574597,0.8251769437319233,0.6961045459206381,3.2071698324613642
