center_0,center_1,center_2,center_3,center_4,center_5,center_6,center_7,center_8,center_9,center_10,center_11,center_12,center_13,center_14,center_15,center_16,center_17,center_18,center_19,center_20,center_21,center_22,center_23,center_24,center_25,center_26,center_27,center_28,center_29,center_30,center_31,center_32,center_33,center_34,center_35,center_36,center_37,center_38,center_39,center_40,radius
0.23977335044347126,0.290077988377324,0.2368938805096551,0.31591231074576775,0.26244554100574846,0.8437297354457735,0.04903550047926786,0.8658134892037017,0.19552337141522746,0.4818777225398304,0.8798894173152413,0.22431027163965844,0.208777264905062,0.8759430226399633,0.8720956286976009,0.5421675321902637,0.9983637444323388,0.1519661183053984,0.6148009364820384,0.23112484578721748,0.6740673392615878,0.5215814640662798,0.1570777745257924,0.6894176298738487,0.023063064003416178,0.10431122257536296,0.02956504689496431,0.594128553846221,0.10957174151220617,0.6108606260537167,0.03189607344297207,0.2510627248201873,0.14821683605536928,0.5809140195595237,0.6002660268939074,0.1245739787132315,0.09989902457281563,0.7094892323408488,0.17252244215731083,0.47557699046179214,0.6082617801338608,2.9324962653063977
0.1613540015156475,0.9514122792627107,0.9850596291269339,0.4254454716533277,0.9839134504211303,0.87508407366337,0.8795393569393715,0.8605341167663724,0.8944203433427106,0.8705528498895967,0.044341028212154465,0.9189195874876371,0.30662177661100243,0.5414223940361865,0.5951710593878629,0.613827437013652,0.2856682567387727,0.5301694061431685,0.8334629546467714,0.9674544369839956,0.46540120563668785,0.976333246873829,0.9010058193699781,0.7329354741894829,0.5173317327039845,0.7088319237940484,0.39471243088360963,0.5552551606115435,0.5232092869743583,0.9032122261761322,0.02159003710070151,0.6122583611881224,0.0014098202683274774,0.6469239109932072,0.242254995923604,0.7826770676026726,0.6708264714725818,0.9188240736086819,0.8008695475637848,0.484310621106286,0.11397366978173284,3.597792760380373
