center_0,center_1,center_2,center_3,center_4,center_5,center_6,center_7,center_8,center_9,center_10,center_11,center_12,center_13,center_14,center_15,center_16,center_17,center_18,center_19,center_20,center_21,center_22,center_23,center_24,center_25,center_26,center_27,center_28,center_29,center_30,center_31,center_32,center_33,center_34,center_35,center_36,center_37,center_38,center_39,center_40,radius
0.7869560717768722,0.5868079588448952,0.0014384079008222805,0.032082054168239726,0.9627372789020351,0.6446132277525825,0.7391136936405527,0.8505251785996968,0.6148029814475945,0.878500919773381,0.6344629431080813,0.9192711802831104,0.13947134680356776,0.3182813189564493,0.31145283470802254,0.7527483482081132,0.8449643190663474,0.38982226997120106,0.04217345074863155,0.6840408453787185,0.5058990768145638,0.7311533824056706,0.5956451645932496,0.9982896554943358,0.561748687179309,0.9987568153160183,0.8167624490436144,0.4935936155927263,0.253546314901103,0.2759637138553189,0.1271241251969435,0.15425158730042043,0.7254532599964665,0.11061931622345933,0.5520755296795451,0.2409554122492732,0.7338354633694701,0.30773177948730046,0.4130640103228247,0.19603418956683671,0.8767345207560927,3.5867655594821346
