center_0,center_1,center_2,center_3,center_4,center_5,center_6,center_7,center_8,center_9,center_10,center_11,center_12,center_13,center_14,center_15,center_16,center_17,center_18,center_19,center_20,center_21,center_22,center_23,center_24,center_25,center_26,center_27,center_28,center_29,center_30,center_31,center_32,center_33,center_34,center_35,center_36,center_37,center_38,center_39,center_40,center_41,radius
0.017534472963577352,0.08993389245656158,0.7998058251727257,0.4850335014702538,0.8782607462570471,0.5195936789839951,0.1609978593318887,0.3738025570689101,0.9654891045979079,0.3197622386157475,0.2157549769288749,0.5308397374259364,0.8561573031359616,0.8041084818338833,0.9377178262947089,0.9063287635191015,0.9019924526236568,0.5258068728552151,0.5453316878817026,0.071389392191342,0.7286629284130232,0.7595843324291994,0.6709483389395274,0.022737605698991636,0.18706309068746496,0.7402100667508043,0.4797539989360924,0.06951223012597285,0.721324501662022,0.61621818105933,0.3142774993527334,0.07171266103268936,0.7612677093971568,0.9891079348719155,0.03317880980091048,0.20785022077438964,0.10992608342507248,0.7693613192740124,0.5535408652854623,0.23587879047052074,0.18461130108834478,0.59521657997474,3.549453420476535
0.9930974541293898,0.768558508541799,0.2231718325093638,0.18550671658063234,0.09592129634000879,0.12006359130025479,0.9695351128198695,0.7205459201564401,0.1237439207130403,0.5220663368896163,0.9300977295877749,0.431838076799144,0.028026309114504988,0.018972766617130432,0.5115684374026611,0.386203891071224,0.7625296853171316,0.35816394768999205,0.36559212708673905,0.639138515681914,0.630291460552824,0.7652438008999288,0.5501070467468532,0.9298629542278245,0.9795264798182965,0.04366446498311227,0.13894670883025162,0.8267688116861701,0.21814230249096633,0.03491987216699688,0.2562776604397853,0.1126479788001914,0.12297189095558547,0.10744841828777196,0.41626526917268447,0.5473904707306415,0.6015027667092409,0.247696602443373,0.22699903327040283,0.1543497585641388,0.8503125309165316,0.9220343956247079,2.9501528329322304
