center_0,center_1,center_2,center_3,center_4,center_5,center_6,center_7,center_8,center_9,center_10,center_11,center_12,center_13,center_14,center_15,center_16,center_17,center_18,center_19,center_20,center_21,center_22,center_23,center_24,center_25,center_26,center_27,center_28,center_29,center_30,center_31,center_32,center_33,center_34,center_35,center_36,center_37,center_38,center_39,center_40,radius
0.46913219656106486,0.9256982393890894,0.73004733124381,0.07367353776238783,0.16174305907372744,0.5122658413533948,0.83433992532684,0.4723951870854902,0.6774939667646382,0.1198706819843034,0.5131947599961528,0.7193164565302895,0.3570353526130361,0.23819269604476245,0.9132858115364486,0.090670687078517,0.9901685235709312,0.8359534715001771,0.38915178059467237,0.5872929298918524,0.8915298276984593,0.5853124891388076,0.9393788897056172,0.9125003913171209,0.44334573691540147,0.8238107915529012,0.6596446809477902,0.25295281454871854,0.970737919001864,0.38074672289456735,0.14782409020380827,0.38928721375953235,0.7864823003538944,0.8597694282523586,0.21939822543040655,0.30829992020822583,0.5792902136826455,0.2411490936596411,0.5916916299354227,0.2799048778267016,0.0007625558260426768,3.1720002629599526
0.22819153766142053,0.01908036653765488,0.08007648069092133,0.5028575760439671,0.9884516892075181,0.23929406478310034,0.9894454548191405,0.2770090371310705,0.034420955414482646,0.8783971378149721,0.781581393741412,0.05775055145821928,0.887594890241339,0.6315846887157436,0.3715506948677293,0.8254783140381234,0.21034395587952026,0.26127768058906353,0.5283898205972337,0.06670554205001122,0.27092518263758414,0.6986451924240242,0.49315198405811367,0.31799936843638277,0.042779714916101774,0.297956375975286,0.4058213913395886,0.2750656473146885,0.4926869435678193,0.8232462805933048,0.0879076406204855,0.03580743610111903,0.18213950050950645,0.4291247820865366,0.9434673114051761,0.6541295089885276,0.53394966621303,0.9703147199383019,0.7197777162024956,0.6673355410924918,0.5009234634613549,3.2706318662570935
