center_0,center_1,center_2,center_3,center_4,center_5,center_6,center_7,center_8,center_9,center_10,center_11,center_12,center_13,center_14,center_15,center_16,center_17,center_18,center_19,center_20,center_21,center_22,center_23,center_24,center_25,center_26,center_27,center_28,center_29,center_30,center_31,center_32,center_33,center_34,center_35,center_36,center_37,center_38,center_39,center_40,radius
0.24013659302553414,0.8570328961626746,0.42001488261046716,0.42421554283931984,0.16516025189181016,0.05785082421309762,0.9618400055699077,0.13551133008798555,0.597126642206073,0.3309093727530381,0.3247012744574882,0.9973258635262681,0.2003743268723529,0.8191250608498656,0.8564391743368877,0.6356054366883287,0.37564142594750327,0.35749299355494357,0.18689188743329466,0.7726538407615361,0.2487818736445241,0.14665729267167904,0.6532497461271636,0.6556901151793543,0.9577150507655394,0.07155658846201463,0.9272957103395817,0.6776811227537597,0.3754879300174455,0.502284011033311,0.5691403395948368,0.29732441782546826,0.21178762740105705,0.9143758019425653,0.43891126654879553,0.4697606898174864,0.5853332664721435,0.6871457861208339,0.21982632296724747,0.6620463525086353,0.5460294964528712,3.1218289790095226
0.9987377254963692,0.09474005629661231,0.9008943810254251,0.2008202386132727,0.26430342713058674,0.9149662370378921,0.018010913769803016,0.5519957448474642,0.37619328705869803,0.8083675541002782,0.760833955095445,0.7453414536595478,0.2860595546144762,0.8765958578069335,0.2936118402972553,0.37044972534259946,0.7816455672312124,0.8005446331204613,0.7824870266225817,0.8916485786432954,0.7081336788795527,0.7849401817394166,0.08458596041102362,0.6099732903073478,0.03895250924484994,0.9051404700293807,0.25054430618369183,0.11520757271433069,0.038884148590795364,0.8953738040497642,0.12707912564264434,0.42937313181215564,0.4343713287679626,0.16926371671992035,0.9411424127832343,0.6513918893892584,0.3475633274539148,0.25790031286333226,0.3592326537973022,0.5273178150475808,0.620326085670062,3.578604448785375
