center_0,center_1,center_2,center_3,center_4,center_5,center_6,center_7,center_8,center_9,center_10,center_11,center_12,center_13,center_14,center_15,center_16,center_17,center_18,center_19,center_20,center_21,center_22,center_23,center_24,center_25,center_26,center_27,center_28,center_29,center_30,center_31,center_32,center_33,center_34,center_35,center_36,center_37,center_38,center_39,center_40,radius
0.6080680266452582,0.542505843253516,0.2993840893071079,0.7971985422046604,0.06505994342181998,0.7542524448654687,0.6819258313761233,0.6987888646568111,0.4994053555811707,0.8562623354012874,0.6345220886529784,0.4595536362787994,0.1890903032435054,0.7863076674867572,0.04719185384731994,0.17927949670180643,0.647917023281671,0.028897316120000127,0.6103583966687417,0.17533471493404973,0.856746496209086,0.7788181343231196,0.4514448590985889,0.7303693449955883,0.8054988330370676,0.8028791174824184,0.8104177967721404,0.3070219834860448,0.05665457412209063,0.697551995336557,0.9502211726533267,0.9407567086147725,0.7442325642546334,0.07110053182585496,0.1635752148727122,0.8213754188320023,0.30315513671055483,0.5245059605374269,0.01234372703055775,0.9834787281280089,0.3766750549099952,3.5595801789459385
