center_0,center_1,center_2,center_3,center_4,center_5,center_6,center_7,center_8,center_9,center_10,center_11,center_12,center_13,center_14,center_15,center_16,center_17,center_18,center_19,center_20,center_21,center_22,center_23,center_24,center_25,center_26,center_27,center_28,center_29,center_30,center_31,center_32,center_33,center_34,center_35,center_36,center_37,center_38,center_39,center_40,radius
0.3899105716133583,0.5676264004373218,0.6154411710502126,0.8464893949202995,0.46977070104111796,0.8193477930979899,0.2396715480793411,0.30506452744359447,0.9727102724471794,0.6558542027625324,0.5683271767459809,0.624700630175005,0.9669810838701826,0.36652155921302776,0.8168268782377226,0.4718016184335909,0.3214520268197225,0.808472220433347,0.5907518343367548,0.18621685842023095,0.9982244736104399,0.3466383307525196,0.4889940176823484,0.046757162883806824,0.1665114358917248,0.49622889711524754,0.23401258333588337,0.33702787092002806,0.717800779680778,0.27435358146444266,0.7792391102941064,0.08063302008909023,0.5155649957133863,0.39325990740759653,0.6742624268688044,0.1505761287531424,0.5219771789849597,0.6079684126185537,0.9747863405904016,0.9141263450885203,0.19423794127239302,3.3173929731265916
