center_0,center_1,center_2,center_3,center_4,center_5,center_6,center_7,center_8,center_9,center_10,center_11,center_12,center_13,center_14,center_15,center_16,center_17,center_18,center_19,center_20,center_21,center_22,center_23,center_24,center_25,center_26,center_27,center_28,center_29,center_30,center_31,center_32,center_33,center_34,center_35,center_36,center_37,center_38,center_39,center_40,center_41,radius
0.2197853733815741,0.18730786438002034,0.23653164700734874,0.08352042411551275,0.28580164324769997,0.9207307421327344,0.4861277075304157,0.25475426810587953,0.509573696894383,0.5041437611203925,0.5684691037668169,0.5248731321531193,0.7762214139388783,0.48010261638649687,0.25996235813299207,0.422890494058466,0.3854296867024175,0.09059160073121852,0.3374417842767279,0.3245849785770193,0.3535639949229872,0.44018161567272895,0.07769517168399465,0.7531582065935367,0.6233974040367943,0.1524861978277039,0.5048004728895726,0.7402087235168009,0.07500399182680806,0.9248064369660887,0.038844987919128604,0.5261987329213423,0.12158686483842263,0.6426729227876588,0.8058328821875967,0.05448725160553691,0.0045542754471835645,0.20348987945867147,0.6242911320182589,0.7735880428030645,0.3618918597304147,0.4910669536950105,3.02330114539786
0.8668098616183589,0.9509980567524571,0.822623618501202,0.44613857639196053,0.602793698720757,0.07477749330110761,0.9157060440877104,0.5899034260376007,0.3745419685593615,0.05248826076713853,0.6380205508924538,0.11762782852505593,0.022243035194023264,0.7288245730756275,0.6923785228194376,0.8329122647842666,0.25574607095358204,0.37177539960706074,0.6086098485571468,0.533878468469852,0.4677252210385936,0.7174064785386369,0.8381660714190807,0.3527215382891614,0.23532157344861215,0.46504884857616147,0.9398379274231987,0.44358248433498204,0.4392162174219528,0.26586710347814435,0.8081137610695858,0.9920667645037171,0.7992763325704896,0.07295260898930778,0.007929973640445787,0.37099964770069294,0.2741163461725078,0.6930619942633826,0.6006956198177142,0.29978351125686065,0.6567389793588101,0.017300938641267694,3.1501312137065898
