center_0,center_1,center_2,center_3,center_4,center_5,center_6,center_7,center_8,center_9,center_10,center_11,center_12,center_13,center_14,center_15,center_16,center_17,center_18,center_19,center_20,center_21,center_22,center_23,center_24,center_25,center_26,center_27,center_28,center_29,center_30,center_31,center_32,center_33,center_34,center_35,center_36,center_37,center_38,center_39,center_40,center_41,radius
0.41070526446379196,0.4856214734736398,0.21358826891636695,0.4518821757544671,0.05413267628889595,0.6477677577789189,0.6204121218987216,0.68891787744005,0.5502719911890552,0.20867488775798315,0.18873738066384094,0.12477269908628352,0.5151249128525783,0.6908070864458865,0.2655283502866437,0.9709716732505087,0.1378051817832685,0.9254578525863403,0.6955547475049475,0.049838975954212605,0.9448878546948778,0.992838491646726,0.6522755800719672,0.7273837841984091,0.29316050432314655,0.40020869794168856,0.5762144998838818,0.42517624380887253,0.3036680545096384,0.4932067613689416,0.2596849866269446,0.9744491083741003,0.463814286139277,0.2627073256500976,0.5033039282647238,0.7624329401064666,0.6119552542983865,0.6609263279760342,0.017946339144511936,0.8647749800314113,0.861497622103625,0.7141575640523737,3.396516553328569
