center_0,center_1,center_2,center_3,center_4,center_5,center_6,center_7,center_8,center_9,center_10,center_11,center_12,center_13,center_14,center_15,center_16,center_17,center_18,center_19,center_20,center_21,center_22,center_23,center_24,center_25,center_26,center_27,center_28,center_29,center_30,center_31,center_32,center_33,center_34,center_35,center_36,center_37,center_38,center_39,center_40,radius
0.5917134116461487,0.5134371177791708,0.6121410429484632,0.17742317969067412,0.6022740817084643,0.9772656498909552,0.9592102118448239,0.4632720608422879,0.7872943197390999,0.330505901398375,0.5407149899236524,0.04026271472416043,0.5824631246724732,0.43592321210639484,0.2454327045111765,0.650648069587124,0.19361299281391586,0.4930938952783793,0.07231556318760679,0.027075532412555225,0.4666750223855074,0.8538351329529885,0.3680177835359352,0.40239377093266193,0.6717231732320291,0.7500876255762082,0.32535349675519354,0.38118261675634113,0.09933490490934338,0.20958117193309833,0.037887546200730204,0.04001788990676236,0.6300760216367047,0.17440746045736277,0.5620702886505832,0.8304929932356107,0.2842902519357646,0.5686151568781885,0.25033415118137925,0.5158691096676881,0.6761289945369471,3.3142377611467646
