center_0,center_1,center_2,center_3,center_4,center_5,center_6,center_7,center_8,center_9,center_10,center_11,center_12,center_13,center_14,center_15,center_16,center_17,center_18,center_19,center_20,center_21,center_22,center_23,center_24,center_25,center_26,center_27,center_28,center_29,center_30,center_31,center_32,center_33,center_34,center_35,center_36,center_37,center_38,center_39,center_40,radius
0.5046849985333121,0.48657817299164596,0.4996459559629941,0.8328970394700629,0.7025406580567355,0.15705292720007658,0.7888394030507571,0.3001533202999219,0.7248146724992037,0.8014881491973874,0.33756549840783945,0.7990385493371116,0.5208713027518527,0.9909213085536102,0.39938625055587873,0.10410591886273768,0.2940632260902065,0.9127393843463332,0.9123244783828256,0.8114779422946331,0.17378823815170086,0.3076695880944085,0.6321812625947476,0.34996890202897823,0.38941848515000155,0.3583624006615126,0.32669419990243764,0.5650897847343878,0.07460173318966823,0.13388734946300807,0.1939174335282733,0.6898687421796428,0.8579851951413701,0.7379320076489743,0.6901954930302141,0.23657065652358256,0.7658419954248237,0.4548239570227177,0.7969369177232903,0.1113020395965374,0.8041451977579558,3.237628763992414
0.574817942222703,0.9996798223114651,0.11957434344073015,0.25523434932178146,0.5908927724386984,0.17105664315097224,0.19034806788440584,0.9882181630309947,0.10169411536297746,0.4148792869562081,0.42135200039657905,0.05490790051193206,0.008623918886233484,0.2663825792237249,0.506551503321223,0.644782033511987,0.4915508559053231,0.2248742056804156,0.93492890803087,0.8919872192082039,0.7548367218344715,0.9966789078651112,0.42862521135442366,0.2163946412830452,0.036509555667398774,0.7962240596341559,0.9635187586029696,0.14051225688055435,0.6353187082050047,0.8549237270618407,0.8850488558452391,0.10044054462326002,0.10250806115998323,0.08760626852345377,0.18717011387616345,0.9600306425821828,0.17372974479360825,0.12930589738475684,0.4201280141472242,0.3481619915906359,0.21820570838348374,3.126521140643163
