center_0,center_1,center_2,center_3,center_4,center_5,center_6,center_7,center_8,center_9,center_10,center_11,center_12,center_13,center_14,center_15,center_16,center_17,center_18,center_19,center_20,center_21,center_22,center_23,center_24,center_25,center_26,center_27,center_28,center_29,center_30,center_31,center_32,center_33,center_34,center_35,center_36,center_37,center_38,center_39,center_40,radius
0.2780984187901424,0.08887407087487253,0.8084358408404393,0.10669547153216508,0.04845497101734575,0.8589332427656707,0.4101275269579586,0.13950237263438225,0.4862577213588366,0.9991299279726368,0.6149436741393308,0.6093418619174039,0.40510755556673905,0.6623762625511088,0.688220940059739,0.668378893759369,0.7162389694847956,0.993228306101024,0.473176144050521,0.0987832287493301,0.2566483253622319,0.6956563918915261,0.3211584586987467,0.4647235575150579,0.8662284937612844,0.40220122731315056,0.3581506840327391,0.6255168599320706,0.6864724966067415,0.8918840544141897,0.6807806723819566,0.2995490963573054,0.8100981837579663,0.5254016675707841,0.4131651609863689,0.08839872369186963,0.2454242251309311,0.5251297290622288,0.572412915926741,0.7748979211383799,0.1286669041550461,3.1877544662668535
0.9933386166585388,0.32104572874162585,0.0325578495571085,0.8140796577460077,0.9259637752271909,0.4314684402028234,0.4369807874621593,0.950345325095572,0.8035574117722296,0.09468660641832582,0.5728676405501255,0.8655953272332738,0.9855805242761979,0.2128911395924239,0.1516535541633791,0.3923213130667581,0.24777368041565995,0.9341296586810292,0.09942723052150482,0.16082666045282745,0.7393736857066928,0.5737253560765015,0.9794314399951143,0.4933858263628257,0.5145447703580189,0.9136888894961692,0.3638708755430534,0.9283505388056669,0.46472934507005315,0.20600618634963241,0.7844232228424873,0.9596511506751906,0.04050307488918081,0.43667223264114663,0.022285230137216505,0.9429158635511807,0.8911086229546187,0.35533322933536293,0.057040238465933424,0.9147328207194959,0.9598379055642103,3.6090080134069242
