center_0,center_1,center_2,center_3,center_4,center_5,center_6,center_7,center_8,center_9,center_10,center_11,center_12,center_13,center_14,center_15,center_16,center_17,center_18,center_19,center_20,center_21,center_22,center_23,center_24,center_25,center_26,center_27,center_28,center_29,center_30,center_31,center_32,center_33,center_34,center_35,center_36,center_37,center_38,center_39,center_40,radius
0.09948089904810165,0.20281786095663512,0.32718693675883015,0.7068698755154129,0.349493193081329,0.24065474467705372,0.28997999376837214,0.5029733742285136,0.962347634915031,0.4279201597929486,0.5976209009027174,0.2892871372176691,0.25545343936028697,0.45310947745720276,0.8592574049411728,0.9408617098160984,0.033468066739885116,0.13089493161511834,0.8079514388938775,0.9417796893089477,0.6160583000924531,0.6275221476682579,0.39876939002474676,0.12875850362419994,0.6493142153566293,0.3213726510256699,0.8721151603808702,0.1818341589958301,0.4188248138714745,0.3966515472750306,0.9044017891781626,0.2461184985615269,0.9168083433616673,0.6511987876784129,0.7948941693903835,0.8779218918802576,0.35116434123574813,0.28799187828235495,0.653903529518717,0.9963510243955812,0.9998709958248612,3.4648183131740016
0.826709714244368,0.26426225548182614,0.2721651148891301,0.06397254158476595,0.36036113401584347,0.1688291575183004,0.19493509369120332,0.991399805262577,0.14792044741992305,0.29208193256100234,0.9057740726268257,0.7575931073791633,0.8130435483960964,0.17539934171888516,0.08568216768094095,0.43225406977124137,0.9988664024059323,0.4097041319368546,0.004698592637712662,0.21172615575201903,0.1259246847302331,0.15637457641706498,0.15727221240727107,0.8082317001117396,0.2737020909781265,0.8799977550876996,0.011878009214545182,0.2567352829875512,0.9213748822424004,0.1305375235287768,0.12576976773528536,0.7779173892377841,0.01569978492628643,0.04796937823412828,0.0773899728189883,0.3257877099569795,0.3623578139863993,0.7500094552606572,0.2751506680348612,0.1728505749510093,0.6789052383072941,2.9465210214169835
