center_0,center_1,center_2,center_3,center_4,center_5,center_6,center_7,center_8,center_9,center_10,center_11,center_12,center_13,center_14,center_15,center_16,center_17,center_18,center_19,center_20,center_21,center_22,center_23,center_24,center_25,center_26,center_27,center_28,center_29,center_30,center_31,center_32,center_33,center_34,center_35,center_36,center_37,center_38,center_39,center_40,center_41,radius
0.5939688582517952,0.8548770898594475,0.8384833925650839,0.45587139047292524,0.8202919340969995,0.6252944256014084,0.6509930549654472,0.25724644977453937,0.5979825071040431,0.3713247662192585,0.707025613870986,0.027361250172002083,0.7223471349049824,0.8296384209447947,0.5253096895545982,0.37949417535422314,0.22599729581578765,0.5131791333350451,0.5393339256698196,0.8748411708710444,0.46612084420689437,0.234918557546,0.26502071403450544,0.5116379350131985,0.5666820002150148,0.4168845192988341,0.6467450804086009,0.7183904190078306,0.09486128341843703,0.8286145401514317,0.7302192865242011,0.3499105816657365,0.05246995045134195,0.4076271990281216,0.0641265044771715,0.4836350177861144,0.6536375518155974,0.9664309311349615,0.7123381663826055,0.1575871407230175,0.49171732581501926,0.3704409542375371,3.2113580053123782
0.1573095190666981,0.0046888586817511735,0.22021493483372223,0.8591821078453861,0.019678835466599764,0.4382162676855397,0.8916370392046788,0.9733698030243687,0.08187543234569272,0.9906701191175488,0.3912873991486099,0.8088687555089342,0.8077520196480422,0.7009678414486685,0.6997139926598253,0.9446193404367853,0.5734694880853458,0.6800917633837215,0.12098917774487905,0.0312159688605963,0.820836381739825,0.7106966065475719,0.4108784693968889,0.22905313979670716,0.3062333147316001,0.5814492007580596,0.05547389411308168,0.7755911886994357,0.8640877737240638,0.507671406723294,0.7265754139591047,0.45661303155172883,0.9929706228517936,0.23228228570942555,0.6458807539076923,0.6304753975550139,0.07618275353100179,0.061539007110000044,0.18257559303676751,0.9219599266751582,0.9838877501645844,0.6311325016917974,3.771760644592363
