center_0,center_1,center_2,center_3,center_4,center_5,center_6,center_7,center_8,center_9,center_10,center_11,center_12,center_13,center_14,center_15,center_16,center_17,center_18,center_19,center_20,center_21,center_22,center_23,center_24,center_25,center_26,center_27,center_28,center_29,center_30,center_31,center_32,center_33,center_34,center_35,center_36,center_37,center_38,center_39,center_40,radius
0.898158074891553,0.40439225248098043,0.33162374444927367,0.8963306734392624,0.3512709222250061,0.5323554535368905,0.26172749267008466,0.519184833470204,0.6624089278005668,0.5800969088211533,0.5192614663101303,0.7863963810460229,0.9098808173061385,0.3715442883695189,0.7163939186571391,0.12081105275175641,0.2695601356399888,0.1706500459868323,0.504476075849563,0.25699137796872973,0.6503846639558069,0.8345683599357109,0.5185011624188441,0.151775679198215,0.2208056347776831,0.4429466179696203,0.0789694400769565,0.16334338096098167,0.5280906147172328,0.8817373080221085,0.7979447924855219,0.3875950471404116,0.8912092660579317,0.4440024296141274,0.9713484266127149,0.5537461260037104,0.7097914934415,0.47698505090904697,0.10744841756840262,0.951498473920896,0.6244686088616254,2.957317151132594
0.13654238572595723,0.11539428005284413,0.3406752972135312,0.46437134371721,0.13942199272319555,0.8749111650296025,0.7470047475419986,0.16075808384231194,0.22546455755439343,0.007680843147285121,0.1788328603604178,0.16084964278323932,0.12015894909371938,0.7329521111180192,0.5177068982008519,0.9895271480956807,0.707080838535467,0.6914502201801236,0.418995796691496,0.40483179130841185,0.42313921515202,0.12203767073836136,0.7002835830098845,0.9589011190429599,0.9732503267535454,0.6326436777919513,0.7756924020627036,0.0820460052159172,0.6672584795039981,0.9995708325495865,0.4711601182148608,0.7390550820191087,0.48719581102039333,0.0895193943534962,0.9432585557005542,0.1928865572504348,0.05685265178446397,0.9770107314544374,0.783725600108414,0.18289814906779045,0.5169093826676948,3.2863458788509803
