center_0,center_1,center_2,center_3,center_4,center_5,center_6,center_7,center_8,center_9,center_10,center_11,center_12,center_13,center_14,center_15,center_16,center_17,center_18,center_19,center_20,center_21,center_22,center_23,center_24,center_25,center_26,center_27,center_28,center_29,center_30,center_31,center_32,center_33,center_34,center_35,center_36,center_37,center_38,center_39,center_40,radius
0.8528287601170049,0.6553093804399704,0.8400648036325898,0.6584641573826682,0.5504600991156192,0.020609186573523952,0.7985160832379596,0.5911987563387978,0.0722512762768931,0.29750603079176263,0.6800627960822152,0.1260541165327207,0.3841354617971491,0.9625051910638602,0.2658214968749669,0.5500522664645581,0.7449213843323165,0.02867101506460723,0.3448359161482224,0.6073319753782471,0.19240598383595453,0.9477088916184064,0.226191086849045,0.5175760630362216,0.2956314695913902,0.5625526818018065,0.3765021861278488,0.09285770749440769,0.9502612986686136,0.8581322622316657,0.059306804495454335,0.8325911862628966,0.7753067898603548,0.6645018615358372,0.851919007855826,0.7430817892783892,0.385230642139162,0.8245728589031603,0.04161997468205336,0.9973400416587919,0.6063432596012784,3.183577338432703
0.07827030536937984,0.8086964032624115,0.06027698631750211,0.5845914968559329,0.7430510994893927,0.8118623199176219,0.3746325800108594,0.32305623021745966,0.9478019137930592,0.9787398782896063,0.038024344585503855,0.27517981957177184,0.417824230234066,0.01669160560749139,0.5258894491861934,0.019598381532575537,0.712220061783539,0.1591343269137807,0.9036364818430139,0.5050285943269912,0.6042851226430673,0.26086873015693124,0.8480552492132998,0.838400968760812,0.5491471012559473,0.6799631308129598,0.2471073587548953,0.6308623170218375,0.2672186340175515,0.6183829059811647,0.9401484886543384,0.2476840126479849,0.7170387208572562,0.02440001825618421,0.4256075326571439,0.23076366732434606,0.782542827395019,0.80838984626062,0.839590271721311,0.33376941675218663,0.3737878682328478,3.481186956879333
