center_0,center_1,center_2,center_3,center_4,center_5,center_6,center_7,center_8,center_9,center_10,center_11,center_12,center_13,center_14,center_15,center_16,center_17,center_18,center_19,center_20,center_21,center_22,center_23,center_24,center_25,center_26,center_27,center_28,center_29,center_30,center_31,center_32,center_33,center_34,center_35,center_36,center_37,center_38,center_39,center_40,radius
0.11486986198885851,0.6869708483405591,0.39485721929758233,0.03194522904638841,0.6469766115414597,0.6215356538963516,0.5256576772737315,0.427800699570157,0.47221966824834105,0.5855896529003676,0.9176452529538921,0.1870402531128471,0.7794903729840265,0.3940897592456267,0.6351354517714061,0.20411964105899794,0.8106897013832732,0.8619317415815014,0.09171013237677839,0.6855409806573176,0.14461395309162128,0.04847831630244903,0.837401756259607,0.5694407636160742,0.9271184263297751,0.047008878728095116,0.9234194905219387,0.5073457938362361,0.23919214132366062,0.6195906540219629,0.1808606270476063,0.5218004490428512,0.685877148282916,0.5723905955209698,0.9145510859050789,0.6607483724149109,0.5855616506587179,0.45987718545572176,0.7924459159848888,0.4046288156835598,0.9114097678579083,3.4191764726030733
