center_0,center_1,center_2,center_3,center_4,center_5,center_6,center_7,center_8,center_9,center_10,center_11,center_12,center_13,center_14,center_15,center_16,center_17,center_18,center_19,center_20,center_21,center_22,center_23,center_24,center_25,center_26,center_27,center_28,center_29,center_30,center_31,center_32,center_33,center_34,center_35,center_36,center_37,center_38,center_39,center_40,center_41,radius
0.38323467802462396,0.3558609082349271,0.4541249219675565,0.35209862432612615,0.6535715668792543,0.08336016911891009,0.8549054944037128,0.022474818523532503,0.8656047530318358,0.20351962379815192,0.17265596626905122,0.6214566345029792,0.8725421166227847,0.545141501500427,0.4559398711099052,0.8035178491254888,0.4941645555939469,0.7689853327915648,0.24884832649023092,0.05289921591246305,0.02653938895347019,0.1841760919514951,0.7794573286187506,0.6544932996044105,0.6868158686638132,0.25318674739000957,0.9524175756229639,0.052103078698506056,0.7190695292007002,0.7992678165537267,0.0998319679226588,0.6685599428905019,0.3998148559375052,0.9221128355381973,0.12085971977383947,0.4140333297914516,0.7026313134453371,0.33742543976390993,0.4474989507561504,0.07295277682733803,0.8469973241663027,0.9451851659389577,3.3238077276275964
0.8120091593104937,0.2773650619950969,0.740019033444111,0.6490277960358697,0.3882520689721459,0.9587081573948895,0.06546518879691676,0.3898329638216296,0.15733719039196603,0.07633360547127899,0.12125229872950982,0.3315778164002554,0.0730932500124366,0.7841283354954538,0.9718564298503192,0.21028435997317263,0.5788867179682666,0.27944414469217926,0.9521385250670084,0.9129627067602493,0.8231512373692488,0.9043244405407549,0.6576715331659786,0.18510999762034386,0.7786625223124587,0.4640804191070441,0.1753978912878168,0.7691857526986171,0.4659772561413513,0.6344312163294983,0.4444217069248534,0.8150389828216373,0.23426539346220754,0.22630132562411687,0.8453916562581063,0.8169007785293159,0.9200567615198714,0.7463361780045312,0.4327649018100641,0.6263503080049654,0.04750561281175936,0.07163242537891845,3.3023220550543497
