center_0,center_1,center_2,center_3,center_4,center_5,center_6,center_7,center_8,center_9,center_10,center_11,center_12,center_13,center_14,center_15,center_16,center_17,center_18,center_19,center_20,center_21,center_22,center_23,center_24,center_25,center_26,center_27,center_28,center_29,center_30,center_31,center_32,center_33,center_34,center_35,center_36,center_37,center_38,center_39,center_40,radius
0.48271220685426064,0.7329404387524934,0.039567735931847925,0.654878921956539,0.3285099753389895,0.6159802542214283,0.8011743972113706,0.4291043658127791,0.25211663100146375,0.3151543981191519,0.34608612529379545,0.28027160590225986,0.8950792645548251,0.47305754793120025,0.7057868341440031,0.3819594749833385,0.9041882304067654,0.5369626689618009,0.26173800857361695,0.31578194024231454,0.33139326658396384,0.633602734835752,0.6831232276506857,0.15395253054079672,0.7472416435919523,0.9529115504675079,0.0017529514270911983,0.7024958954449247,0.12037049762810992,0.5490070225922763,0.15478042876978015,0.5258286190056354,0.4039613433635927,0.647256301126016,0.2307514021778102,0.5210034899160493,0.5741607159431125,0.4512583330618213,0.219952887637351,0.9730132455654811,0.4643326094092832,3.1056167653177678
0.8450584674417546,0.3669970605936258,0.957429551061976,0.12776201803467901,0.1332580085502072,0.5387545389988043,0.3542025657044162,0.9406124426928522,0.9630279445624165,0.8129148633561446,0.9775761641119014,0.9905884969779837,0.9286052065734048,0.8806352534598646,0.11448587763157048,0.8197219710854392,0.6103259554039892,0.9347733162700748,0.512898782161408,0.02663328894838224,0.3133912298579711,0.3595619848514514,0.7835041362136285,0.9377265872242441,0.22885063736940547,0.1255400577489646,0.9098072630639134,0.018256773102192203,0.15106026809719675,0.5112823668998405,0.989471170676167,0.4804000350296287,0.5572495194628201,0.0273250304034226,0.682560163068144,0.7254455300326712,0.6545703779464567,0.2631061868149729,0.9897808121218772,0.4136094342573222,0.5521633941957722,3.8613293095717904
