center_0,center_1,center_2,center_3,center_4,center_5,center_6,center_7,center_8,center_9,center_10,center_11,center_12,center_13,center_14,center_15,center_16,center_17,center_18,center_19,center_20,center_21,center_22,center_23,center_24,center_25,center_26,center_27,center_28,center_29,center_30,center_31,center_32,center_33,center_34,center_35,center_36,center_37,center_38,center_39,center_40,radius
0.7628324419328516,0.1617606745936363,0.8334842514509606,0.7724881991639729,0.5547467875439333,0.9973293419833752,0.46697155019670755,0.6902916335943836,0.23718798354223758,0.645271357934885,0.7267536198631536,0.8889163582564814,0.6410004345279982,0.35490397594933,0.3794895443797853,0.7195185125585232,0.15492999570785115,0.0013516982395442856,0.6779996323542198,0.19370965938092155,0.7315110990775098,0.07411047616363509,0.9793639579208218,0.0031725712162439246,0.6917708170501506,0.6499150124328018,0.773349852619725,0.6421284809000761,0.7626697212183745,0.5498599006661065,0.05294683662542399,0.26909036994385105,0.3567914971648499,0.958449968539588,0.8274834130355869,0.5350815934641511,0.7459860792266678,0.6175452737323665,0.2221076771487306,0.6629145811779874,0.6706373797650453,3.2970881027119385
