center_0,center_1,center_2,center_3,center_4,center_5,center_6,center_7,center_8,center_9,center_10,center_11,center_12,center_13,center_14,center_15,center_16,center_17,center_18,center_19,center_20,center_21,center_22,center_23,center_24,center_25,center_26,center_27,center_28,center_29,center_30,center_31,center_32,center_33,center_34,center_35,center_36,center_37,center_38,center_39,center_40,radius
0.6353781685188138,0.45473583714510035,0.014277013257741444,0.9766888880802347,0.20203724960352687,0.14877898704248893,0.758400522348016,0.9053371613262691,0.19366936095615872,0.9462993931650509,0.3810552741316099,0.9505535439418084,0.7273311768997539,0.32774124261522497,0.15241421301153946,0.9490986924147095,0.05826899915952144,0.02841413257466774,0.31415418025414354,0.6236162752418328,0.7090253786252994,0.7000337358671236,0.5688061198233304,0.3413733466071195,0.3106013724525446,0.7432908233436595,0.793080046652774,0.41175166981585565,0.5141382022140532,0.13502424175812533,0.7037041818244384,0.8767529274543531,0.17359422889676523,0.3785789977367926,0.7024220273442436,0.6706458268941768,0.838430788985195,0.4393602845979018,0.5258690878563325,0.09113091780257732,0.7515960586081663,3.1633494524863885
0.19952395032112769,0.5196487399744143,0.905229661419714,0.17178893420591845,0.44280702162629404,0.9577861430393693,0.14789368293378735,0.8076370056355456,0.2381191355442953,0.21357293078102557,0.20796319119239748,0.6814739561140225,0.34383718749426806,0.979775675279499,0.7158271543464664,0.1293448573617778,0.6472081854074004,0.4242103722157594,0.8581100378983642,0.8302696339194136,0.9067199260732939,0.05415992337046627,0.19189615286201922,0.9922896934616957,0.009833265047167528,0.12561398704424354,0.018512477117113013,0.25707231962139976,0.10479876611406813,0.6976643668840352,0.35858184878159605,0.4411602516752655,0.8950645076765654,0.38159715608550493,0.2951480338133863,0.1604536064758738,0.5174634615533905,0.6718117655680631,0.26344353682676,0.9661045429496756,0.6719922847779655,3.186355379621785
