center_0,center_1,center_2,center_3,center_4,center_5,center_6,center_7,center_8,center_9,center_10,center_11,center_12,center_13,center_14,center_15,center_16,center_17,center_18,center_19,center_20,center_21,center_22,center_23,center_24,center_25,center_26,center_27,center_28,center_29,center_30,center_31,center_32,center_33,center_34,center_35,center_36,center_37,center_38,center_39,center_40,radius
0.09095250981346514,0.47454511234471164,0.5695655032398153,0.5515478256600644,0.15982082979249135,0.7111358672120389,0.4641721176148069,0.12078290257659985,0.9962984815315655,0.6107777329059682,0.641421113434507,0.6411393217460645,0.1194586557208227,0.42391994583714787,0.6127336506812667,0.6727494984374229,0.967402267854033,0.09730535593735812,0.4223818228319812,0.4529148814564986,0.2962270651829746,0.03740455715899027,0.9188489669941498,0.866576448269609,0.5833541912385888,0.9634153499324096,0.8738344612605375,0.07108124198996368,0.11901194467791343,0.27040773231151904,0.07116578314303479,0.11923321872703774,0.45505532721120456,0.28990125525942756,0.030139393364306266,0.6294112592881176,0.3192486862484384,0.00574750691909065,0.8441355809624905,0.7049784727240408,0.044373684595962914,3.145683135359957
0.2680882256394548,0.24071422808511678,0.6386228787371747,0.8933628929720456,0.8249638632209519,0.044128197058993957,0.5792395349181276,0.9687295741701644,0.9849793904187147,0.9809997119488366,0.5585538044751663,0.5348151041130637,0.9209881026401322,0.8315655080574594,0.3474216586375779,0.41721319247372657,0.13856995338644496,0.8223962331403012,0.761093187616248,0.056917801774012955,0.35747411840163323,0.6347789952061421,0.4747834503207091,0.9608553302659839,0.711728159727867,0.7377855445149121,0.34951332073377284,0.8622390012381599,0.3962224641197659,0.7757624407085361,0.5315709173752217,0.5709807906707993,0.9712829801522891,0.006927351639366974,0.9781502361046995,0.6326332065831807,0.8305948412675939,0.5102008697770044,0.2589890926633973,0.042581883551012445,0.8954064499642237,3.7728944720383035
