center_0,center_1,center_2,center_3,center_4,center_5,center_6,center_7,center_8,center_9,center_10,center_11,center_12,center_13,center_14,center_15,center_16,center_17,center_18,center_19,center_20,center_21,center_22,center_23,center_24,center_25,center_26,center_27,center_28,center_29,center_30,center_31,center_32,center_33,center_34,center_35,center_36,center_37,center_38,center_39,center_40,radius
0.11617592757268291,0.663816508967034,0.406223186796108,0.09946643229242935,0.8375711876825163,0.24530915395686126,0.4962216398293616,0.10396209448780391,0.7239996138136072,0.23507162723536312,0.31935636274058343,0.5357416221822101,0.12612876459516786,0.785458200344152,0.13195922467431787,0.7959755387228541,0.6735618145904745,0.08604429243181788,0.10556787272845236,0.5361107331303042,0.2603095231809043,0.07949086374219716,0.07117654019547803,0.4793867307278715,0.5873670027294277,0.9769403882353602,0.5237595174415268,0.2774880230511422,0.9451295472074204,0.7465340285847003,0.8255513444309357,0.3389461734805276,0.4584345529738105,0.05901610159267823,0.12687652577911157,0.7768737814164606,0.3032520564835406,0.5236284938280801,0.620746455904554,0.8186107456655692,0.8351491748230969,2.8338002706651877
0.05969050610638771,0.4059776079238656,0.07676581304723684,0.2478151239204478,0.013113561359778925,0.789749721657687,0.9618586547033287,0.0025476779738508037,0.923803314486317,0.7887970874155814,0.8291737796465951,0.5658074669799825,0.5999337673248681,0.5418758624401052,0.30313776947026383,0.5840936723770928,0.12914470633070252,0.741824413979176,0.8022284763808412,0.63761712536711,0.050858176688874934,0.9816205586610329,0.9412092346243148,0.20655853147098324,0.09838494925466612,0.9152572272747296,0.4765698380909734,0.11416958940592725,0.08762838277747087,0.19596533862244847,0.3701712696596905,0.6708212304243516,0.22594953999084322,0.4323551541766699,0.8759331911525657,0.8408025179297736,0.6149578085747195,0.24617380394371546,0.989050915926393,0.858314204861918,0.5565755670651505,3.5157995508431914
