center_0,center_1,center_2,center_3,center_4,center_5,center_6,center_7,center_8,center_9,center_10,center_11,center_12,center_13,center_14,center_15,center_16,center_17,center_18,center_19,center_20,center_21,center_22,center_23,center_24,center_25,center_26,center_27,center_28,center_29,center_30,center_31,center_32,center_33,center_34,center_35,center_36,center_37,center_38,center_39,center_40,center_41,radius
0.20778755625817613,0.6962193404447095,0.20854794352232064,0.544541385391758,0.4473190877454353,0.4737094774337942,0.527602926778266,0.605382468375588,0.4905903571760858,0.7160659563261079,0.9112413171999236,0.892030788547186,0.8816774921210219,0.6185109554103413,0.9438590168260446,0.48478721342400444,0.3584127350293784,0.4310999489606251,0.13996250615194783,0.10052210583815735,0.17596932505390905,0.2685868231950088,0.8620004071826523,0.008116663772148036,0.5853275897561778,0.6039707058296234,0.9377368002537757,0.7373590092953438,0.5354437365718671,0.38005052806722894,0.4215123863850705,0.8896732227288681,0.7075981218385716,0.6304053066453291,0.8779620363109072,0.9115001283873696,0.5317174508672435,0.6168801652413469,0.4882171957205286,0.6336852514063046,0.36962567114614076,0.17270157124220065,3.4913836215458494
