center_0,center_1,center_2,center_3,center_4,center_5,center_6,center_7,center_8,center_9,center_10,center_11,center_12,center_13,center_14,center_15,center_16,center_17,center_18,center_19,center_20,center_21,center_22,center_23,center_24,center_25,center_26,center_27,center_28,center_29,center_30,center_31,center_32,center_33,center_34,center_35,center_36,center_37,center_38,center_39,center_40,radius
0.22694048371306252,0.8169741469930211,0.9061751841512696,0.6471164051861392,0.6228354688489535,0.6263125936015045,0.31868726371183576,0.3477173279666369,0.6697105786797877,0.8180014833410798,0.4386707066565595,0.20923349784622325,0.7596645599518219,0.4251780486631753,0.24787614583485962,0.6307819928904852,0.36539251546437157,0.13329050058724212,0.0812000613890228,0.7956424399282306,0.5113187748457837,0.27904680254347725,0.3074646627302171,0.5105135281990556,0.18903288487060277,0.7123427169703006,0.5130073131885307,0.46321528604856554,0.8502717213081502,0.37952501083650014,0.34790392886128974,0.6441438498047608,0.5285091112814927,0.7200385806138263,0.36384384457000185,0.5026150214486287,0.47924916782777627,0.5944161550420841,0.9959820434655888,0.7206750697707811,0.3136096643178242,2.941649668574275
0.8476163372643918,0.07740533843223674,0.7363153984055726,0.08091363325364931,0.9980527801366716,0.98981773994087,0.8151529036675148,0.6897941911210441,0.9022018811848684,0.02910223329210515,0.4718865664790769,0.5314433314358044,0.4550117605981905,0.5667086471916901,0.9833598417310803,0.06726817438029531,0.025955897048181242,0.9188091359678177,0.45661065890197194,0.12128017016663917,0.15682669844356067,0.023405542153124514,0.862402030760675,0.9512286248578756,0.7345933914038179,0.8484125376711651,0.015585700179918227,0.6057894055682357,0.30018486276378653,0.4390511087696076,0.20886032043301916,0.9664660363288409,0.35151068909128824,0.03210758913951739,0.48043446809735957,0.9934987557641123,0.5715200329296493,0.015443769195184975,0.029906019821325014,0.38663355709578806,0.9505197117529869,3.627401953153781
