center_0,center_1,center_2,center_3,center_4,center_5,center_6,center_7,center_8,center_9,center_10,center_11,center_12,center_13,center_14,center_15,center_16,center_17,center_18,center_19,center_20,center_21,center_22,center_23,center_24,center_25,center_26,center_27,center_28,center_29,center_30,center_31,center_32,center_33,center_34,center_35,center_36,center_37,center_38,center_39,center_40,radius
0.7297240591286278,0.7154033265078216,0.4029347747263927,0.7784510395453822,0.3946933599944321,0.3156589155691042,0.4180537454739359,0.14461757135057973,0.7342045633816268,0.8083072639058817,0.8131136184455346,0.1498487939286034,0.5320277899244475,0.33111349535597445,0.07729357711916629,0.1867547076969005,0.12368951670361283,0.42260023450703854,0.07503717817426225,0.7299342435362932,0.13694402652418625,0.5336136919941237,0.8782064808195438,0.9600707891218043,0.4361529460841207,0.8000132469298076,0.043076724225252216,0.25173075208555296,0.9530262288360649,0.7422246238881848,0.8559341509297622,0.1878678993664814,0.2323062859331636,0.14535891518371014,0.69255831242062,0.46529274333500936,0.8038218439985662,0.8215041810284582,0.8606036675123451,0.9030736763163888,0.04997839086287359,3.2346478454037615
0.03025817085517779,0.2451024378202774,0.17347117106417442,0.7776705959147062,0.8126656324647252,0.917596240172864,0.7607637776220273,0.8108668479043437,0.735586764986538,0.8682154042248077,0.06421181453060298,0.9914353178908907,0.5541184828357149,0.7508647801001935,0.9676526161590409,0.7333373195665607,0.9521500483447659,0.442732763415599,0.5753270500382801,0.11420413041411737,0.2321104529703223,0.5704474462179657,0.12256671422866494,0.28397788309780525,0.8596110817632666,0.2545401054856681,0.8602930810398641,0.19730058653321236,0.9220348728895601,0.2847641518479693,0.5782719359150278,0.6252273373347916,0.8461472860582125,0.8993171560332063,0.47787630631786027,0.5884608902132246,0.7067500333122857,0.2732591121046115,0.13272448648483737,0.34200073770746553,0.0020788003963482238,3.2410088183323036
