center_0,center_1,center_2,center_3,center_4,center_5,center_6,center_7,center_8,center_9,center_10,center_11,center_12,center_13,center_14,center_15,center_16,center_17,center_18,center_19,center_20,center_21,center_22,center_23,center_24,center_25,center_26,center_27,center_28,center_29,center_30,center_31,center_32,center_33,center_34,center_35,center_36,center_37,center_38,center_39,center_40,center_41,radius
0.43092018241767194,0.6989781679025863,0.858290263088212,0.6830206789761736,0.405095556810812,0.6006502258862808,0.04172470539477635,0.9684853216134846,0.030206062683861834,0.5721944954764911,0.9233602776959846,0.9518188096468427,0.5152990319518179,0.9469015627187936,0.0036053992895295206,0.8480068561751309,0.9476660105361983,0.796336544212884,0.92005652846924,0.78463445231421,0.6864665952586989,0.24709699280365383,0.17921172711496336,0.35729509492947775,0.04871926817312866,0.8316426704764786,0.8637277734854767,0.6010361016294388,0.10995611305256558,0.018177732706824545,0.9142673639133595,0.15312266268812036,0.8605920364758841,0.575259494407698,0.847298662638929,0.27660869455008874,0.5417029237577698,0.13803508992494473,0.8495946269476456,0.4766513742644931,0.1757887305028203,0.7623711931688824,3.6325828433092338
0.12725527901646316,0.39889092942579063,0.07214670760583997,0.06298914037821013,0.8402079301365365,0.0048212759447667786,0.3576379565825837,0.3970613013801053,0.64286973252507,0.3743398238739466,0.07386972685666604,0.23424558886656044,0.11770478539941831,0.8543754970912089,0.9745484203271464,0.1851383182732157,0.00777443439420844,0.12126004273585922,0.05198344004638067,0.02679702480330437,0.9399722204684328,0.8075406379984805,0.7995501664803374,0.20426275207962008,0.6364418911664169,0.3840648111094286,0.07696787732216381,0.3224682875385476,0.872332437754447,0.8765575364689628,0.6225451292307932,0.9973036565147965,0.318512804219363,0.6045030079523148,0.07241322465301503,0.843882688699948,0.6466005531339812,0.15359571778933367,0.9941177300773536,0.07317480551772415,0.47692630439378936,0.6639866541990305,3.2792732942741614
