center_0,center_1,center_2,center_3,center_4,center_5,center_6,center_7,center_8,center_9,center_10,center_11,center_12,center_13,center_14,center_15,center_16,center_17,center_18,center_19,center_20,center_21,center_22,center_23,center_24,center_25,center_26,center_27,center_28,center_29,center_30,center_31,center_32,center_33,center_34,center_35,center_36,center_37,center_38,center_39,center_40,radius
0.20213314153445028,0.21878212794769802,0.2734503248019987,0.6953605965205822,0.666097857687821,0.5220295835821824,0.29655064818648624,0.19989585137974597,0.3769639379345011,0.4812816275850731,0.752030525989841,0.9007149333912957,0.03668643079120015,0.5676705544964449,0.4854645433820527,0.5856337795295397,0.4956921285478466,0.9096524502785718,0.8222005618513539,0.6088599816950078,0.3051010887539958,0.7617938916196556,0.7449687419109824,0.393185656315554,0.4639759972437053,0.4170889089608555,0.6023666017534268,0.49112518888085266,0.7115318803882872,0.7666587311380749,0.059777917909269784,0.10901658233167744,0.26764755693923714,0.33242248316844203,0.9274611533308101,0.18758777913651115,0.7238281332974232,0.36925177726163305,0.18485809615045967,0.2084158883396109,0.23366023155574178,2.960541136115579
0.8222465369609382,0.9267963393429596,0.03694857838262433,0.8119123163116498,0.6596989766266684,0.7830267019353168,0.8027830336172024,0.9556254363582956,0.3222804245602686,0.19432999787474592,0.08874640420207147,0.018430204919907656,0.5154572514427599,0.13350444877598155,0.9940910413633757,0.0750081600175192,0.8326732130315259,0.1561294147021709,0.3926290771613795,0.05390872336217789,0.7579241596240051,0.36108616782935765,0.10976214324335043,0.6259166303976662,0.8934525680498536,0.9060881695750971,0.1267159548999972,0.8807242621388616,0.17135282124802764,0.0633621528645909,0.7920124566519898,0.20472282023718325,0.09393232948980079,0.5101333452543682,0.33637985581760466,0.4946234234129234,0.44824960834517724,0.22097169181708998,0.333892693555502,0.35867872325995487,0.27251107693213095,3.227862812628965
