center_0,center_1,center_2,center_3,center_4,center_5,center_6,center_7,center_8,center_9,center_10,center_11,center_12,center_13,center_14,center_15,center_16,center_17,center_18,center_19,center_20,center_21,center_22,center_23,center_24,center_25,center_26,center_27,center_28,center_29,center_30,center_31,center_32,center_33,center_34,center_35,center_36,center_37,center_38,center_39,center_40,radius
0.3907501119638598,0.3118451549700497,0.5757535552267307,0.28477597829954626,0.9736811084585499,0.2781082902334361,0.41452720515344643,0.01603191787876246,0.28570389239931426,0.6410097195659564,0.7295479781917674,0.3967851332662615,0.8836630034346833,0.14141194101504262,0.327062895676983,0.9268191606710592,0.9244960657248217,0.9201359338675812,0.9988248628037362,0.6550340256032585,0.21676160512794296,0.030756058302923273,0.5061023201015866,0.24122326674211714,0.2172288327543861,0.1630735327393109,0.8165132668302629,0.3330747143941517,0.5348142663771591,0.31996611127099395,0.5069555785418728,0.3773498746323949,0.27313080298175696,0.5110156384346292,0.25957837446518084,0.1351225074176855,0.08709024474424476,0.08786170591945852,0.46903321062601144,0.35088679554175617,0.2690053147783782,3.179180530675018
0.5612911069547812,0.9651340919789886,0.1730913018833875,0.8258393814464532,0.461981187366571,0.8453376315192627,0.7012833157263472,0.7426157763327422,0.2751499236455782,0.3281596220839158,0.4241189037007169,0.7623597264523458,0.024344504333148165,0.80345500579413,0.01359147393155069,0.7858688079813403,0.03170732167464074,0.22521933954379125,0.7663537639195487,0.29655101061925804,0.22210762847751497,0.9046799845690209,0.02814726978847404,0.949708316366348,0.282703042761125,0.9607984967523383,0.017183021106700114,0.8307378081294388,0.5371593719528152,0.13313466538554308,0.5005234350623814,0.8288090546419713,0.30298527788113816,0.42361494981426684,0.9787923212461556,0.46949760785567696,0.8280097323078128,0.8303175987156345,0.6481292285431758,0.16869596456140767,0.7738715827978805,3.4239094167102055
