center_0,center_1,center_2,center_3,center_4,center_5,center_6,center_7,center_8,center_9,center_10,center_11,center_12,center_13,center_14,center_15,center_16,center_17,center_18,center_19,center_20,center_21,center_22,center_23,center_24,center_25,center_26,center_27,center_28,center_29,center_30,center_31,center_32,center_33,center_34,center_35,center_36,center_37,center_38,center_39,center_40,radius
0.29010577683830907,0.3323697522608784,0.949713935184617,0.4635302632430107,0.5190861266274738,0.4443850614245055,0.7646336817751884,0.792086052193033,0.43658603156940756,0.050672288479200134,0.6438785216336397,0.5583165856744318,0.491154731534834,0.5041329082637838,0.5865585330233803,0.6997854560822808,0.20187098761513012,0.39779915039275837,0.19886633791282626,0.5096524569222199,0.783359133295039,0.16660193015280167,0.8115326483116213,0.2644517905181585,0.8558585847413228,0.9665793961553061,0.8534957162037742,0.4916894253445421,0.2735714160033662,0.7180231289145413,0.7285975451218782,0.22764310734261384,0.6954314787984756,0.36786793293954456,0.957694255293514,0.1594421106033419,0.8368638628878092,0.9659601243565001,0.10610543918593285,0.5160497926159152,0.8194317261558246,3.3236846665201742
