center_0,center_1,center_2,center_3,center_4,center_5,center_6,center_7,center_8,center_9,center_10,center_11,center_12,center_13,center_14,center_15,center_16,center_17,center_18,center_19,center_20,center_21,center_22,center_23,center_24,center_25,center_26,center_27,center_28,center_29,center_30,center_31,center_32,center_33,center_34,center_35,center_36,center_37,center_38,center_39,center_40,radius
0.67647215826579,0.4494892862106289,0.23430403318459125,0.4136742888404875,0.5640141795619634,0.3815701650465686,0.5199327756380578,0.5298979721429772,0.1630279187609308,0.8633389904569038,0.2137908530166962,0.5004796936583031,0.18395168448684118,0.506855431578895,0.307828893023968,0.8330541057289959,0.6727170948132714,0.1858150218764827,0.43130843479047665,0.6332365800555977,0.294260160334744,0.5328929469397133,0.8073005729171749,0.2570199738731893,0.3164090929532183,0.730461438553944,0.27105100756389555,0.1278438015102361,0.4705801489247107,0.327192654847154,0.005576880898207404,0.7062839003745293,0.47017203585067113,0.8441119740437463,0.8908066063144254,0.3573936643876896,0.5775654344138573,0.3258642608017557,0.9089572994063411,0.10222505100711243,0.580386287849144,2.948624853195936
0.9065968781442715,0.7715193960511945,0.7227950140404322,0.6835723582151941,0.4521602750699125,0.6392316304410421,0.3204579897461852,0.8746329236092515,0.6058795113202508,0.34582763340936384,0.3253615073693349,0.9796434613330884,0.71447301056751,0.4067470141799744,0.9204807310196197,0.8225191601444115,0.13885383669817375,0.9117733568192943,0.3085741668112528,0.7553928891525905,0.9752231746694778,0.004135705548672375,0.041771912668540634,0.7779140868564536,0.9851370737177999,0.16491568084007435,0.7890588869985581,0.18892837756343173,0.8282263986659317,0.9411338762548969,0.4044908386826601,0.554803425136369,0.8202137171951753,0.32835410291064426,0.5255405385292905,0.5741038853809571,0.00391642039545681,0.831993739647953,0.06467850726220692,0.8552140474823455,0.2785140532686686,3.447732210735998
