center_0,center_1,center_2,center_3,center_4,center_5,center_6,center_7,center_8,center_9,center_10,center_11,center_12,center_13,center_14,center_15,center_16,center_17,center_18,center_19,center_20,center_21,center_22,center_23,center_24,center_25,center_26,center_27,center_28,center_29,center_30,center_31,center_32,center_33,center_34,center_35,center_36,center_37,center_38,center_39,center_40,radius
0.183734028281882,0.8528568481823424,0.9508164519868568,0.5472633174788847,0.27938635444948645,0.831830023583761,0.2876258876117327,0.716869731350141,0.23732688958795656,0.9833157080740716,0.5114646428114354,0.29237889429276476,0.01079527420494808,0.3930647170258458,0.24236675122921747,0.8819559023453054,0.9065141314798135,0.6047298731751067,0.7631071895205276,0.6424435085991088,0.5538758053144156,0.43737126308587904,0.1288543426909442,0.9595327067292533,0.862770145606292,0.8377212878184473,0.892853780813057,0.5537262745067193,0.636010559995858,0.7761697465552078,0.4301228087667548,0.11660520292592425,0.9530361846993594,0.6383654788774574,0.4941406997629094,0.922500658148072,0.13725342662243134,0.9992635774001413,0.22113743141749798,0.34690614777184703,0.31015030199429894,3.3630969945667895
0.993312078744499,0.467122822010948,0.611046737710419,0.2147043678550402,0.6274438130321822,0.13298669108282313,0.9443157992180276,0.1868497693303518,0.9205443034945296,0.11237158055802932,0.8278509446064353,0.015823769874316662,0.13146203101874165,0.15482036903276686,0.7149245670574168,0.07732452013476665,0.72448151138413,0.5950224633533062,0.21488470330313725,0.7455800793489086,0.11430884575686073,0.9029413013395216,0.557387305905771,0.0028959142382092296,0.49386835734468304,0.49748588207063493,0.0006456215458312542,0.768296939321156,0.09551622696395334,0.3929690409112324,0.3903892235805634,0.8527117121951466,0.13964591426612383,0.37460092527356614,0.2761287847679874,0.7158365098395362,0.990841328236995,0.07689214725515359,0.2091245934761483,0.03416233088557308,0.881995300358303,3.229225713870733
