center_0,center_1,center_2,center_3,center_4,center_5,center_6,center_7,center_8,center_9,center_10,center_11,center_12,center_13,center_14,center_15,center_16,center_17,center_18,center_19,center_20,center_21,center_22,center_23,center_24,center_25,center_26,center_27,center_28,center_29,center_30,center_31,center_32,center_33,center_34,center_35,center_36,center_37,center_38,center_39,center_40,radius
0.9773118314454488,0.15392307143957884,0.059552658957324534,0.0028715380759695153,0.018193258166977255,0.3137703401132731,0.8232672794819691,0.16940698665028042,0.9589332753862481,0.5593922216923205,0.44141838080265106,0.0718098801153505,0.8132392933387651,0.9016496667917705,0.09871857549132457,0.4642675332806486,0.36117248126102086,0.41295455505910694,0.9249652555407157,0.5922122581151604,0.9975255138422163,0.5035405791577147,0.784325012178565,0.4846267402901463,0.9188417093718423,0.5626883664655727,0.6874065063909512,0.9980921935254581,0.4600756782871268,0.47344856639247557,0.7810761737218292,0.3388782492725555,0.20369464620959332,0.2892330657265805,0.3327212571210718,0.9674556812492706,0.0938754517264122,0.3679665889033893,0.1543336673870751,0.5449196310575373,0.015402767012070329,3.4506394362500807
0.6886147839958598,0.9663514460606946,0.3205806768563463,0.7548020144017302,0.9604666624331515,0.853638498346006,0.06293617368830728,0.8684939963720442,0.09592154124979968,0.26633667417846085,0.5584907678819817,0.8952918819554484,0.3310622928794199,0.979867154138339,0.9996800637770462,0.29935547397540496,0.17587174198655764,0.6848914657717005,0.19191037766660968,0.9953488568066263,0.002699210592341572,0.6948802040429969,0.02577281354981109,0.8102257387026591,0.7404801590867647,0.09084094561967959,0.02331243270979555,0.1595340659757174,0.04352118063896182,0.967487060847999,0.21130176360713726,0.7639701361583661,0.921489239897758,0.8255350142725079,0.9110241309338513,0.28587990427080723,0.703518900024815,0.6073317805088075,0.5488513186193452,0.642976956901545,0.13557371550954656,3.460880316335199
