center_0,center_1,center_2,center_3,center_4,center_5,center_6,center_7,center_8,center_9,center_10,center_11,center_12,center_13,center_14,center_15,center_16,center_17,center_18,center_19,center_20,center_21,center_22,center_23,center_24,center_25,center_26,center_27,center_28,center_29,center_30,center_31,center_32,center_33,center_34,center_35,center_36,center_37,center_38,center_39,center_40,radius
0.44903864122096293,0.8190632518404726,0.48456825426510775,0.5380580526152591,0.28464465877027934,0.9815215606542074,0.37311918666706734,0.035591994799414994,0.975305633841717,0.8937062628664364,0.6810927546537008,0.09123505337824567,0.3262752798765868,0.7075104171536791,0.8570825503563019,0.7570646658467499,0.08909355921519269,0.613025325734173,0.6668649823007504,0.31909226154612313,0.7833979084616186,0.5293142086588031,0.23005814474774633,0.26194727307110843,0.6238556218431186,0.3798494060622053,0.564035657324749,0.8334535717562462,0.6459041177013969,0.09033601474920783,0.8763514716666505,0.40774014566104033,0.7836794821066135,0.0741449644917842,0.47551527840912555,0.05421049678198031,0.3862424395823788,0.4358505041245563,0.5664323681483497,0.8773893172890945,0.7365073744917559,3.413906449489058
