center_0,center_1,center_2,center_3,center_4,center_5,center_6,center_7,center_8,center_9,center_10,center_11,center_12,center_13,center_14,center_15,center_16,center_17,center_18,center_19,center_20,center_21,center_22,center_23,center_24,center_25,center_26,center_27,center_28,center_29,center_30,center_31,center_32,center_33,center_34,center_35,center_36,center_37,center_38,center_39,center_40,radius
0.8705810550808185,0.034675194590174985,0.2580561411792349,0.2709726141603265,0.7557624855068139,0.9723644675073005,0.7965033299215768,0.5368881564812075,0.15985665746274225,0.09627753355717694,0.6551778724924057,0.07588399790719469,0.9268102299807301,0.4787588644790346,0.9922844357469177,0.39273924113737,0.7039146009991947,0.23023956316683403,0.3970323492240515,0.0024462784590044695,0.8989336940024624,0.18068379417885738,0.5233440484056959,0.04126646271975187,0.47223756588335675,0.26975779937532285,0.2605274082307376,0.43358361260874567,0.20273753693916863,0.8189901929679306,0.3654622781907304,0.770209885129766,0.5470450758509376,0.7569797352761632,0.4935530185667423,0.9498432802760206,0.2865926064300831,0.3368272902154009,0.43489427627079835,0.12814350294484367,0.22073430524225324,3.2023227076799725
0.24339653214284307,0.9278726940706132,0.5663125757882771,0.25067450910314903,0.14819298585736407,0.24564483058730202,0.73671167519345,0.976387135871148,0.4459198415228356,0.997056385169505,0.39393501078886906,0.2164649814745826,0.636640907584059,0.6206144360698398,0.1759280298218353,0.9978386519129643,0.017515885339399295,0.5955342668580501,0.9768858821121,0.19293006195877915,0.3274733857001286,0.9728149861651809,0.7315905587254883,0.8482553801974111,0.9193650130305495,0.5164070813449531,0.11372650228246672,0.6457650530452225,0.13771912328427516,0.35442900552528966,0.6424997185338385,0.6715829206268723,0.03374951623831779,0.8158455332340435,0.05542815096632425,0.002021529939512212,0.500929235365051,0.9564124647869301,0.009874721886133253,0.8371489993191309,0.9585642253741536,3.606370556402718
