center_0,center_1,center_2,center_3,center_4,center_5,center_6,center_7,center_8,center_9,center_10,center_11,center_12,center_13,center_14,center_15,center_16,center_17,center_18,center_19,center_20,center_21,center_22,center_23,center_24,center_25,center_26,center_27,center_28,center_29,center_30,center_31,center_32,center_33,center_34,center_35,center_36,center_37,center_38,center_39,center_40,radius
0.3077951754601388,0.40447903923106077,0.6341215685273489,0.63872658781145,0.8803086390579634,0.4546980432905847,0.4153809522652192,0.3758712171995877,0.5455840778395897,0.52787920423429,0.2931471370035488,0.05148579183529223,0.7796571083208798,0.3974149129105343,0.11266397771015169,0.3624465765202206,0.7551258566859452,0.5487144428804908,0.1651585044041718,0.42531756861587233,0.0396879581887809,0.7915925669139201,0.05550392397369175,0.6843163308874141,0.9185793158035319,0.3458145492459922,0.9466698141400371,0.7796450945995486,0.0776128242457319,0.6165362456962021,0.1783669156393155,0.3518273528936001,0.16877150347373782,0.6645153549795986,0.8008792911982212,0.867149955246203,0.7702114847358962,0.9629050208800182,0.001414276678708748,0.07881908875059751,0.6034458869909141,3.417608631904679
0.99241576243169,0.8845642912632603,0.9285547823747777,0.007155745598298235,0.13227096213541656,0.09304532706996183,0.905443892755822,0.5634515097374545,0.019887500860034435,0.37591925596487763,0.7765158135567305,0.7828585159640465,0.08597977215948227,0.8603564364350228,0.5318292651323981,0.3325479561935415,0.8095279160207894,0.7150304211200236,0.8318360868151359,0.4191572003323494,0.9693545911282606,0.11457623718416665,0.9418576668309788,0.39045686923805223,0.017133217894668595,0.009139031386160568,0.08534589294153339,0.15630854820399565,0.8988142995123966,0.9393553436615453,0.7418731246630832,0.9214779055652048,0.08106240204550208,0.21703227057602592,0.8783060045275658,0.7738555981589854,0.9323033241216576,0.03766706988634827,0.4904586908723457,0.906134043848922,0.6157027868178707,3.7136104409084782
