center_0,center_1,center_2,center_3,center_4,center_5,center_6,center_7,center_8,center_9,center_10,center_11,center_12,center_13,center_14,center_15,center_16,center_17,center_18,center_19,center_20,center_21,center_22,center_23,center_24,center_25,center_26,center_27,center_28,center_29,center_30,center_31,center_32,center_33,center_34,center_35,center_36,center_37,center_38,center_39,center_40,radius
0.9414791808206426,0.5923540225199259,0.6659102746299663,0.809790536230052,0.5557880015628947,0.13809347511573322,0.9589203819520824,0.554444942092298,0.7246810158053517,0.7137969374735909,0.37450258323463237,0.9455684838291255,0.5802919921969969,0.05417634181964981,0.4492819547648944,0.07573945543638172,0.025249453422086843,0.34665464458458894,0.33524321281003966,0.02112236297125758,0.1906297537403825,0.2553306914526049,0.45127750594811544,0.5467880313282744,0.542869733371964,0.08987384178015256,0.8479908533592547,0.5040337882671663,0.10319561251053133,0.45566765608588033,0.4112668605332427,0.12036778457330044,0.703372578963985,0.15968042950838457,0.9651676457140741,0.3382041526526879,0.13352437564691333,0.9358933878745037,0.15592206441567735,0.5751212005490755,0.3251075665015285,2.9745354122994994
0.3226858205937069,0.5570178693264707,0.0678711948046995,0.2859972520001377,0.7345234502775099,0.8552779809937879,0.7744910301792111,0.5451395228870667,0.4091433721838704,0.05053193379698295,0.9971870975755679,0.2220186911596992,0.1545230532418359,0.8155758657607526,0.9055439891644969,0.3651956283661145,0.15019524753962277,0.6469867819459775,0.4830521947210835,0.9176642992923574,0.011285204212996613,0.893826907402428,0.5710980276841833,0.008090923785944892,0.2118927639590138,0.6527498139996605,0.4013669400872373,0.043346963645599756,0.9831219193542748,0.5534096659794807,0.7824679906133687,0.6375242439247445,0.6433029000470345,0.5820518498394681,0.46064492734093554,0.48374716262076745,0.9637987845692002,0.500072592238433,0.5288256586648412,0.3534299389558181,0.6382281296789771,3.3724907064289997
