center_0,center_1,center_2,center_3,center_4,center_5,center_6,center_7,center_8,center_9,center_10,center_11,center_12,center_13,center_14,center_15,center_16,center_17,center_18,center_19,center_20,center_21,center_22,center_23,center_24,center_25,center_26,center_27,center_28,center_29,center_30,center_31,center_32,center_33,center_34,center_35,center_36,center_37,center_38,center_39,center_40,radius
0.2441379088727299,0.6358715042840031,0.42593072845978097,0.8579784156436016,0.35622170948682574,0.19699252292227087,0.9493756462185943,0.4411036665075456,0.6870205235312276,0.8443996163422176,0.8110767567693721,0.9750658971521523,0.5730196385788652,0.5564680461739225,0.6153567397107679,0.5423456424983558,0.315147440591133,0.3707104749387118,0.7256013255493573,0.9873958118717024,0.6982429186876432,0.2331313599067657,0.015843410113562162,0.067847910287685,0.8536223074907732,0.3243278126787441,0.7712097709731509,0.8345212339660693,0.6483490983170727,0.5640790166571666,0.5432246333694614,0.6759357212354791,0.31518384603269234,0.41038056457056293,0.34555914634135954,0.3439558945600407,0.12669957125496178,0.3787074483393994,0.595114103890945,0.7878212302612578,0.13990770660388807,3.2341562806503386
0.3070198507843801,0.20388986080705174,0.8203973125394053,0.23035543523795043,0.056476927238846564,0.45978855968673815,0.04456420860810151,0.28599749478890246,0.48176553681677314,0.23333902323207045,0.01979732188310268,0.4147895332031363,0.2677573008915003,0.25826751769834155,0.28874655708471453,0.9096714339022302,0.9034973086057305,0.15407534948973,0.09806318795039293,0.271874089409065,0.30319681890762884,0.868033098027743,0.8100259908298106,0.91581908195208,0.14559307380700703,0.3156956539895762,0.4380147174936363,0.024903685845606538,0.11641395627533724,0.10154916698283545,0.9159834864542596,0.2485150202474372,0.4316458612848396,0.6097361151692617,0.6899693548953729,0.4515537168517745,0.9591851758085667,0.31223466146947354,0.16518378985854432,0.5347167807898531,0.8839259037394412,3.1396015713201826
