center_0,center_1,center_2,center_3,center_4,center_5,center_6,center_7,center_8,center_9,center_10,center_11,center_12,center_13,center_14,center_15,center_16,center_17,center_18,center_19,center_20,center_21,center_22,center_23,center_24,center_25,center_26,center_27,center_28,center_29,center_30,center_31,center_32,center_33,center_34,center_35,center_36,center_37,center_38,center_39,center_40,radius
0.20011887297693443,0.3634079631376057,0.2598464414302656,0.41484501046595035,0.5162881426616159,0.0357777347996896,0.8655745377031056,0.4752164712794349,0.971613111744353,0.5551417781377896,0.3966827522408425,0.10243148586078554,0.6697166224900424,0.5494678660468911,0.8080494019787848,0.0003850837263865703,0.9246740774450325,0.6760188298553811,0.6199419504633777,0.6132475987525818,0.21190416010820834,0.8373078662991744,0.29705828587449234,0.45379795073457685,0.3348334268434632,0.6956926656564811,0.07412602873534668,0.7052022642689679,0.7739381663136132,0.4644829700377191,0.04752731314200376,0.8804774009385119,0.3054177783482024,0.415739118964099,0.48510511929089273,0.042777064571284606,0.27351036996318956,0.11384883463960915,0.9104963614077162,0.28265585882585953,0.5669844582361897,3.1564200188092704
0.989985997460532,0.38406548136764196,0.4548046813190527,0.14202593612553038,0.7030869522249111,0.23369602236577125,0.12957830450435648,0.912701839004274,0.03347736261897827,0.887537031314916,0.651359905212377,0.9576952214266995,0.021456600113215374,0.6127411140306858,0.27637648463540765,0.7954990722170835,0.16842138043196164,0.8871170968425935,0.38755356560346854,0.06798093587940857,0.9719818875314222,0.9551505676850421,0.8845084465039575,0.11533954848355288,0.5886705377346756,0.039477856439724346,0.7778168077165621,0.9158096656805081,0.2151946629370174,0.935018673110022,0.3231903851951923,0.32576162860360713,0.23221038944538852,0.6546430764321218,0.8520422653680053,0.7161299665672186,0.10052782412303185,0.8417893031774105,0.7905032917896126,0.26819585817506786,0.17248589741991993,3.5049913000926374
