center_0,center_1,center_2,center_3,center_4,center_5,center_6,center_7,center_8,center_9,center_10,center_11,center_12,center_13,center_14,center_15,center_16,center_17,center_18,center_19,center_20,center_21,center_22,center_23,center_24,center_25,center_26,center_27,center_28,center_29,center_30,center_31,center_32,center_33,center_34,center_35,center_36,center_37,center_38,center_39,center_40,radius
0.2152985924873928,0.687245871735773,0.37969448245345827,0.05977173458728313,0.3336309671958211,0.8703654500490886,0.3636106832143099,0.6384564561385615,0.9765783307009374,0.7077772678141854,0.5471073061181612,0.7640825869909214,0.7248234844509228,0.5040879359776791,0.9807254320930495,0.7403653648722461,0.7412358934953502,0.9238027364612482,0.4674161723719149,0.9692203498026956,0.06852302573762936,0.9421040909157424,0.8504280529061384,0.25196229471573883,0.7576418269707177,0.561632499225915,0.25106883912700717,0.928401368020798,0.8320572806201414,0.3324952703172046,0.25268118069946754,0.1400981057670504,0.815970968182498,0.2653949703005787,0.8856331906739754,0.4762381382051114,0.7770237593613847,0.8745532093858644,0.2691877139940059,0.1525613024477055,0.4074672331613727,3.6895522993190184
