center_0,center_1,center_2,center_3,center_4,center_5,center_6,center_7,center_8,center_9,center_10,center_11,center_12,center_13,center_14,center_15,center_16,center_17,center_18,center_19,center_20,center_21,center_22,center_23,center_24,center_25,center_26,center_27,center_28,center_29,center_30,center_31,center_32,center_33,center_34,center_35,center_36,center_37,center_38,center_39,center_40,radius
0.5738016044164616,0.7043664865157769,0.8896745510466598,0.8666361896871716,0.96686862544023,0.5439126216781803,0.7591025946869154,0.5073406402276609,0.8052507579792727,0.3963794052688856,0.6431275817878939,0.44044888405185545,0.45655921005908406,0.39418596408110307,0.3422795757950383,0.6248788719015989,0.7548462981701969,0.2952856179522655,0.3843406614709959,0.0905451159315086,0.26661402912542564,0.6716060886383994,0.3144783719981672,0.559829618639611,0.07353063729276832,0.5047271767318013,0.5920500773235877,0.2107909188277245,0.7298201194731992,0.39761399309780854,0.9588735910679049,0.49822252802541167,0.09995954954572983,0.44672340065681615,0.8640938357133409,0.8825772368009638,0.27508772133294235,0.6556439585382308,0.4607419901184119,0.19637344193625494,0.8699368138780105,3.1152183113143193
