center_0,center_1,center_2,center_3,center_4,center_5,center_6,center_7,center_8,center_9,center_10,center_11,center_12,center_13,center_14,center_15,center_16,center_17,center_18,center_19,center_20,center_21,center_22,center_23,center_24,center_25,center_26,center_27,center_28,center_29,center_30,center_31,center_32,center_33,center_34,center_35,center_36,center_37,center_38,center_39,center_40,radius
0.9322827231139207,0.692425868098276,0.6039895350952866,0.6653642450140179,0.6259313390018802,0.96906299145609,0.3670263516408059,0.3255515801199893,0.027651694157680762,0.8175550637335851,0.373573153729188,0.925317766798913,0.7903849066332663,0.4021962194169937,0.0775956440989568,0.382092794585005,0.36412235760972167,0.7286813999771596,0.4993680681984939,0.4478878178030187,0.8164397871330007,0.29421566803916965,0.7612821158660918,0.16782087664809964,0.7297273018763154,0.9258030569384247,0.533880066111737,0.8194210078698568,0.5292345944685957,0.5225080494121083,0.31973626121785903,0.60548396377015,0.9294103578410496,0.8011044306115682,0.03036338033007402,0.8652030157085799,0.6328964935392375,0.6796479620742318,0.033689011900500554,0.6845030122258529,0.5580669114810043,3.1047466051527977
0.31013317018259745,0.12340020241270688,0.49787939760082456,0.7305936131957045,0.25004770396301923,0.47168027722005,0.07978232940824725,0.974075606640665,0.9417663394162324,0.23112846410052956,0.05129902043564061,0.6926118626529608,0.5351887550460763,0.9538224838433699,0.9186389171828329,0.6180543937301117,0.6772514089655076,0.9954262841662613,0.39883837747308204,0.6734885889026239,0.11745504543088692,0.9509878695594274,0.0002942961814522693,0.919051151725216,0.695727551725918,0.0012026400736945275,0.1947907719611266,0.21408013753841482,0.7740335745565231,0.9860300543429673,0.18766983891019395,0.6719016345001019,0.011135957523890294,0.5506989616278571,0.8132154924377923,0.29386883344836534,0.5125299796893245,0.6400654325777084,0.11950033951837624,0.5924582629644026,0.9844881809952236,3.296730884734896
