center_0,center_1,center_2,center_3,center_4,center_5,center_6,center_7,center_8,center_9,center_10,center_11,center_12,center_13,center_14,center_15,center_16,center_17,center_18,center_19,center_20,center_21,center_22,center_23,center_24,center_25,center_26,center_27,center_28,center_29,center_30,center_31,center_32,center_33,center_34,center_35,center_36,center_37,center_38,center_39,center_40,radius
0.41459790296198173,0.8834801091677078,0.5332489894405449,0.9564956327346932,0.11340434408450561,0.4563027071668815,0.47009264859947564,0.4007014987195431,0.19040780280097247,0.6414103144408795,0.6671856874436051,0.8291990537177671,0.025409746969554337,0.3893537349831704,0.3016886626614478,0.5524366869638585,0.3421359424100552,0.468689346924573,0.25597376649645076,0.7340547513392648,0.427920725748391,0.6375894419547634,0.42851192246278946,0.9128403207548903,0.547005614341373,0.4644723558960907,0.6953675197175881,0.5205441707704449,0.8286993907784295,0.7048698465858632,0.6820596942132517,0.10236311672058518,0.3835029593497009,0.7655868497938173,0.009964050843042638,0.42884426576292356,0.05763231217557663,0.4441682314217865,0.5583491648226004,0.8858675449561456,0.15286352334746545,2.739315497495686
0.29684701369568545,0.4462699184106729,0.8395047507379736,0.4346589196787384,0.9545721742976431,0.43591118936421147,0.9080549349895587,0.6645648957890364,0.9827466329424553,0.364405403860509,0.8201649956924786,0.8189211305729114,0.6722110561764904,0.5623449421987498,0.5417502809680041,0.988530096732843,0.9738700699101329,0.6098399618168487,0.7709031950894469,0.6686083330894863,0.1140491142225083,0.19590762060589373,0.622785374800331,0.3584401624766508,0.44143887932113013,0.0339152931399862,0.7696190454478515,0.8153455275791929,0.29174428202226965,0.5131228798270493,0.4389229739923761,0.9405068489619067,0.9684250131585472,0.33228963286512636,0.9839793038788243,0.6835507522579922,0.647185837259065,0.8947489446632491,0.949193748348087,0.8419767152488242,0.8013469637744141,3.8620425084454433
