center_0,center_1,center_2,center_3,center_4,center_5,center_6,center_7,center_8,center_9,center_10,center_11,center_12,center_13,center_14,center_15,center_16,center_17,center_18,center_19,center_20,center_21,center_22,center_23,center_24,center_25,center_26,center_27,center_28,center_29,center_30,center_31,center_32,center_33,center_34,center_35,center_36,center_37,center_38,center_39,center_40,radius
0.15352142984095685,0.05210378891669987,0.9002521183006278,0.5245242432720432,0.7004784696964652,0.6112101845463713,0.7970887078141861,0.9591395062236814,0.7865899190581975,0.917191576134509,0.47043652398114755,0.02228339967110915,0.46548701754725097,0.16715204299611364,0.8538798548521783,0.8993046594286197,0.9646645051339188,0.552890511145645,0.7572921826362525,0.3765697759235078,0.8627230151022814,0.45901494078414606,0.1472124786381913,0.9740354697554789,0.33786133757470793,0.8544803994562551,0.48516240494203366,0.5315726768559951,0.7809917876916592,0.023928833965025875,0.9463374976294531,0.32503103571997416,0.6829289356138948,0.15874447955186366,0.8354069411844559,0.49578007744956787,0.42248339797855616,0.31231331596413325,0.696934761416908,0.5068234957922281,0.5173639182189708,3.726184495705179
