center_0,center_1,center_2,center_3,center_4,center_5,center_6,center_7,center_8,center_9,center_10,center_11,center_12,center_13,center_14,center_15,center_16,center_17,center_18,center_19,center_20,center_21,center_22,center_23,center_24,center_25,center_26,center_27,center_28,center_29,center_30,center_31,center_32,center_33,center_34,center_35,center_36,center_37,center_38,center_39,center_40,radius
0.12294593794249864,0.7783451859208647,0.9152644913558369,0.031134242055432026,0.25953533638016313,0.34898773546160056,0.845201442147825,0.1273404256193026,0.8636721821430763,0.7001905142378783,0.6072598134910887,0.7219534407981038,0.944828703555345,0.5903883043513805,0.07077720182045877,0.9464790355958446,0.14690217982743803,0.308685011695114,0.8009060424381961,0.420313214640726,0.4733771725497442,0.28090872657671817,0.49028960337172944,0.5725934898325868,0.5893953673069947,0.05416005826135761,0.3723499676365346,0.5981712438100778,0.1886211353454461,0.08913333958991143,0.5259802233570516,0.8497448074764309,0.9094130522379925,0.5078704586718773,0.359391054977791,0.9816286599633266,0.6909482406560973,0.8489714131573054,0.884521891310606,0.32931005862802065,0.9385738144364725,3.508242239259131
