center_0,center_1,center_2,center_3,center_4,center_5,center_6,center_7,center_8,center_9,center_10,center_11,center_12,center_13,center_14,center_15,center_16,center_17,center_18,center_19,center_20,center_21,center_22,center_23,center_24,center_25,center_26,center_27,center_28,center_29,center_30,center_31,center_32,center_33,center_34,center_35,center_36,center_37,center_38,center_39,center_40,radius
0.4109565349663101,0.9953626989549128,0.4493475077611139,0.2653823853220396,0.7834216540314538,0.08304150997449133,0.5888421976413175,0.9793732160355467,0.7250529314454365,0.33672350102454596,0.06682247526828988,0.23127881139988526,0.05162573751606214,0.32433306451987487,0.0833913398487447,0.091805670075786,0.41857119627259487,0.8683049741789748,0.3214871437140363,0.06801273704271649,0.2817077576356608,0.6814694923933264,0.9939946746761941,0.46618671006049983,0.31759488483719556,0.5166591389655583,0.646940184428828,0.36361707254779796,0.2552031075867671,0.3467231472828607,0.26711884108982187,0.8741513886914417,0.5675868572038192,0.787688826787126,0.4336702944237706,0.21815987892985322,0.9843744799248024,0.8417292844960956,0.6445053500321009,0.9577929666727717,0.8761551443665189,3.1541165699869658
0.40830641765611064,0.06281646290429554,0.07791139883442044,0.12857193999605376,0.3608111932299152,0.7864984651828967,0.03851907320188752,0.35509824479454266,0.18635420807440561,0.855677934398861,0.6277032858052862,0.94292646472292,0.2943015744722295,0.4863694175562928,0.9637834125590494,0.4245408863953024,0.7108274437936111,0.14633437047144227,0.02033744049479902,0.8155795409605933,0.291114461905863,0.9088246198113697,0.5707197242690266,0.3633596118337209,0.872013104015677,0.516305596941381,0.9956378226998808,0.8155883837461795,0.4770317172487889,0.95568970833075,0.3204892679037309,0.22278671196073596,0.34932026741175703,0.70669660436056,0.036181649358897006,0.8094406058897812,0.5948638649361836,0.41005693585135616,0.5899827743276406,0.0041423747029810665,0.12058821722824886,3.2209902402501873
