center_0,center_1,center_2,center_3,center_4,center_5,center_6,center_7,center_8,center_9,center_10,center_11,center_12,center_13,center_14,center_15,center_16,center_17,center_18,center_19,center_20,center_21,center_22,center_23,center_24,center_25,center_26,center_27,center_28,center_29,center_30,center_31,center_32,center_33,center_34,center_35,center_36,center_37,center_38,center_39,center_40,radius
0.1245972735928299,0.38375293843731606,0.011594929056428338,0.16919848603959142,0.4354812887998468,0.3002604993084951,0.5643825289357525,0.10446791342511441,0.6664259235199919,0.7085961946498563,0.6108598523893626,0.2149150360778047,0.14665767693235376,0.18793293051784843,0.156471153370761,0.7193866059686019,0.6766776855851203,0.5849686659189819,0.3857234884441608,0.7641020873235566,0.5507668869096704,0.18248098467255003,0.28562472345730927,0.7591429123431991,0.475846265100311,0.7804545506903453,0.8538070253343835,0.8864913937194863,0.47007197502129605,0.44212746225797994,0.328938897771865,0.29050607519046245,0.5754758620113324,0.10581666887303809,0.44444799470475316,0.23894363593593415,0.7393263518527621,0.11968917752969821,0.6245595012542188,0.3718639121691186,0.935983843353809,3.347681690340943
0.8832905062676096,0.8456593005967328,0.907505080788937,0.687702365369191,0.9697678522582712,0.9704370452307531,0.052810213440923404,0.945698976723815,0.08017433174331401,0.7586795792552122,0.999866549465942,0.31640421746359726,0.6966416915412186,0.6471714485329954,0.9238947621129023,0.6311757924535796,0.38917832146050535,0.9853700189815355,0.9304126043127653,0.014571421951114272,0.007446875678423059,0.8101058283834359,0.9117500117954513,0.33545870234435304,0.916198083365865,0.3637984700616025,0.08388792835246706,0.18552590733660412,0.5717619997611979,0.6562556809065656,0.12951700732326143,0.26964599164969727,0.7518778308861918,0.8131577034179985,0.6620925671493297,0.3896476912719312,0.6085682586952388,0.9525991682115239,0.11079674069970114,0.6230388655642636,0.2150652718738748,3.8687391052181046
