center_0,center_1,center_2,center_3,center_4,center_5,center_6,center_7,center_8,center_9,center_10,center_11,center_12,center_13,center_14,center_15,center_16,center_17,center_18,center_19,center_20,center_21,center_22,center_23,center_24,center_25,center_26,center_27,center_28,center_29,center_30,center_31,center_32,center_33,center_34,center_35,center_36,center_37,center_38,center_39,center_40,radius
0.4956997922781258,0.41438803510313593,0.43033147135705263,0.257126036090068,0.38682235721452607,0.28673840835722764,0.18527511567966148,0.47085062291726676,0.5500153944945917,0.03426210465706658,0.6568850993663187,0.14422312136646154,0.7362322931113711,0.6579804445861854,0.1325179195189966,0.2809677658259393,0.8803134855775799,0.5255231053277573,0.8056759409960812,0.7370660900019441,0.7502677959963008,0.06293294680349504,0.5712604673075565,0.9483049671750093,0.28135675211114575,0.969814419049551,0.8684671656266277,0.29419780877512625,0.8574338900995878,0.18368934407955528,0.24210140347941844,0.6547234539964718,0.22431889382407166,0.5168947986243894,0.7259362783943485,0.5623651824710897,0.5243470242608979,0.46879350476245996,0.7201149082656213,0.4301671831693492,0.11584286555109946,3.2017194440490613
