center_0,center_1,center_2,center_3,center_4,center_5,center_6,center_7,center_8,center_9,center_10,center_11,center_12,center_13,center_14,center_15,center_16,center_17,center_18,center_19,center_20,center_21,center_22,center_23,center_24,center_25,center_26,center_27,center_28,center_29,center_30,center_31,center_32,center_33,center_34,center_35,center_36,center_37,center_38,center_39,center_40,radius
0.28736382541385197,0.6297998591741366,0.23522307494888783,0.28219797605696373,0.5178870163126843,0.3085706891125112,0.28087047664183795,0.27051991595436853,0.17002848735875264,0.8723454404794807,0.8153818319881451,0.3027725530424118,0.1643532918350019,0.08252594681774283,0.0536470287819546,0.9518025552772984,0.09083062556074906,0.30429065024533075,0.09776692586209335,0.32550563662192533,0.5890302994415656,0.07487034244306934,0.06765614937048736,0.4392414669683894,0.8749360275124886,0.20194235397580707,0.25609377922096677,0.0359223820681428,0.7645869488343984,0.8057619610940026,0.8129088314204213,0.17930853976809014,0.3147470396195322,0.23147297398543554,0.8074173226789266,0.3793250462028983,0.5129292470698479,0.44844433540181206,0.3729219768995603,0.3705283628914342,0.073769464520414,2.60536282954787
0.17673506601647537,0.667517203441409,0.6468029517146234,0.3786789388381149,0.8315768724171105,0.6930285404881774,0.8108200040374524,0.7755107117858951,0.4862845594584706,0.04009735480603316,0.13429741891033187,0.4131495753087061,0.682291737742874,0.45951751896135995,0.7395579473469974,0.8523168002602538,0.7111704136559805,0.5219483903438735,0.5882506525161956,0.9820125701828627,0.3244448053470449,0.5492333598869826,0.8960050274916732,0.7268031312317337,0.40611102989170056,0.2940015880325645,0.09532433670383167,0.4799009312661875,0.2698663052297584,0.5736560424031445,0.6346308975979303,0.9089427967230935,0.4630297626651032,0.016529890865606522,0.6236539540262434,0.8409269905455172,0.8952919274504966,0.7065502965137824,0.9450415923205872,0.07742169751318073,0.5402824152679289,3.5466574077810327
