center_0,center_1,center_2,center_3,center_4,center_5,center_6,center_7,center_8,center_9,center_10,center_11,center_12,center_13,center_14,center_15,center_16,center_17,center_18,center_19,center_20,center_21,center_22,center_23,center_24,center_25,center_26,center_27,center_28,center_29,center_30,center_31,center_32,center_33,center_34,center_35,center_36,center_37,center_38,center_39,center_40,center_41,radius
0.6838595124376021,0.2578172018928808,0.3537756691681635,0.7988059284718356,0.7315884863160481,0.3931413605317656,0.017754197205299804,0.5070156885135164,0.4042779047980507,0.49920259238398224,0.5024864769454549,0.04656593265117148,0.8411506400048435,0.8753412256658507,0.32894551973511965,0.3393017577342383,0.9407064579103799,0.5704846242712649,0.1519002481548931,0.14416285213747515,0.900740940161238,0.046613340543464665,0.9826636467866112,0.8719721629157263,0.20461031772222016,0.13854758007806156,0.8340439462669197,0.057224138524296864,0.27006635007210156,0.7149399930389628,0.7066692986832283,0.897845711390515,0.4750659729035447,0.7594746265275604,0.9740954462905991,0.34183950846213096,0.13198596093920967,0.45987783914684266,0.6724669115034504,0.12354218877807555,0.09647194566645056,0.8687201427688006,3.423599096066995
0.29501895737518435,0.9866814843604003,0.6134925894982718,0.511906113679036,0.8509074731871367,0.02695709306382532,0.919005286573694,0.35405955794026334,0.9648635361324924,0.3593880539635116,0.20162113816113403,0.9808425032664043,0.08458530162213584,0.0852366391977687,0.5337947554858563,0.7674867970407607,0.05077209055901866,0.6066220056510763,0.6749137764669649,0.45908066580968676,0.9104350285258415,0.3290180562364793,0.6709044196648386,0.5680178560660397,0.3459807431496128,0.6060078760259985,0.3659442707860353,0.9034871281579806,0.9747119848126494,0.34640374139052355,0.14935220041363284,0.4886632089089382,0.9437418688964249,0.05869384952497736,0.19017454224078467,0.9300073013826672,0.9991105568645839,0.0606346902707644,0.006282449581927807,0.5694444254186855,0.6449345314020859,0.9117282486521215,3.470123432666681
