center_0,center_1,center_2,center_3,center_4,center_5,center_6,center_7,center_8,center_9,center_10,center_11,center_12,center_13,center_14,center_15,center_16,center_17,center_18,center_19,center_20,center_21,center_22,center_23,center_24,center_25,center_26,center_27,center_28,center_29,center_30,center_31,center_32,center_33,center_34,center_35,center_36,center_37,center_38,center_39,center_40,radius
0.2465961748240577,0.8302936156869677,0.4886833199926721,0.7553509130633429,0.4689935309630371,0.9864095714965156,0.9261520781160181,0.1807796047261102,0.13838706320359362,0.4474321768601749,0.7352207567824157,0.2572466470511978,0.3671839248158586,0.32413062260660064,0.47881274067853985,0.8252000029381432,0.6661227739319866,0.7081746724603868,0.6000870121669892,0.8746017424457592,0.15038429125468655,0.6072815030132416,0.942618900625186,0.6102575437581355,0.23165018377789515,0.672563295617328,0.03775347287151243,0.7933816991919311,0.5550609001093915,0.02081434551521144,0.5634433217025774,0.6525154957456143,0.18200666615637495,0.9963938324682311,0.07637018980374599,0.7575533912671746,0.3016423591840942,0.28339834088712723,0.5269178387204957,0.3081141683322097,0.31631642706092566,3.069326896684721
0.4125509800415371,0.41892615633009445,0.2413674952630388,0.5094405522206903,0.9102762216564374,0.2534542637407091,0.8055236036722299,0.8325779918612839,0.47218694428164354,0.5886579155992484,0.083210484002467,0.2005432834418731,0.9870240321092214,0.09683301972268088,0.1341214220354463,0.7059334140884811,0.13019273696872347,0.7698207232038957,0.9457702282454559,0.795932955044396,0.8557127052530671,0.52552925556246,0.07431743291265513,0.17164756955370097,0.9491405249674891,0.006628639858286101,0.9730084445770708,0.2912627251206814,0.3677053782711328,0.9897804186657767,0.44585506543605036,0.928403655015568,0.305725615231925,0.2729933550838126,0.4354009344222457,0.17049258929429711,0.5152222686728128,0.9991683835735347,0.1664468581754489,0.24866556903391968,0.9770895859421624,3.4060694327263326
