center_0,center_1,center_2,center_3,center_4,center_5,center_6,center_7,center_8,center_9,center_10,center_11,center_12,center_13,center_14,center_15,center_16,center_17,center_18,center_19,center_20,center_21,center_22,center_23,center_24,center_25,center_26,center_27,center_28,center_29,center_30,center_31,center_32,center_33,center_34,center_35,center_36,center_37,center_38,center_39,center_40,center_41,radius
0.9530818355427754,0.3064616893877362,0.5793220734730327,0.7900824412139393,0.7608569068700809,0.8441990983401249,0.4285261152002079,0.7428472783854458,0.1708687564789132,0.8591363747398798,0.11946108839017755,0.10138291306352787,0.6856663216055083,0.7095266252841026,0.7282304960313875,0.10352224006799837,0.7323192840756738,0.4800107033978914,0.2072207146754309,0.5822740452033878,0.7342954118312052,0.9619318709197398,0.39737692008124836,0.45313158135876463,0.4771445914099183,0.35999284517189056,0.5429693798326052,0.6929165377333435,0.25298030986147635,0.8144264226152306,0.6657031782576461,0.06443866506299911,0.06747823361754235,0.3504435129855852,0.6130487115374476,0.618108288648379,0.6551678716915964,0.4656531846820483,0.6869133267392913,0.45031741361078015,0.06336232625739824,0.4334840535857668,3.261678465460745
0.9368947394131032,0.7458559956200753,0.0686903236645573,0.17287814553614744,0.5889636398827787,0.4452337379392144,0.062056357178233545,0.7326557319753259,0.9551606697070545,0.023001568427851393,0.9446702468697271,0.7962247994061654,0.6836247676277566,0.3339148734602295,0.12135462377413186,0.7526844668664194,0.3156233210285584,0.991226612806554,0.7556396784929279,0.288592271982014,0.9309072225837479,0.09672016497933256,0.8796556843265313,0.030949636981253525,0.07274024832500192,0.9332557356370242,0.5119052605774166,0.11762021375350606,0.7572059628037012,0.04237890886090878,0.4459475439488182,0.8560119556181066,0.217604047176837,0.028929263501767277,0.0806443832637126,0.7858715861198328,0.041518361574078066,0.1060578583745364,0.05926633445246032,0.6168518521734654,0.9549063811096664,0.2997315847585902,3.3089514583024893
