center_0,center_1,center_2,center_3,center_4,center_5,center_6,center_7,center_8,center_9,center_10,center_11,center_12,center_13,center_14,center_15,center_16,center_17,center_18,center_19,center_20,center_21,center_22,center_23,center_24,center_25,center_26,center_27,center_28,center_29,center_30,center_31,center_32,center_33,center_34,center_35,center_36,center_37,center_38,center_39,center_40,center_41,radius
0.5915252448474304,0.9007956836632525,0.7023731059546278,0.19307009198192204,0.3433429008889185,0.002946466919056534,0.004536654056665701,0.9978580346987407,0.5981743368630693,0.5301099998076834,0.5023300298351266,0.0959974099711679,0.958642188746749,0.36000604327518904,0.9086663923175514,0.792036841911265,0.4293660570576947,0.337495895528085,0.3530334253833268,0.47461606816022894,0.21221719098498848,0.5410357420327878,0.9892589420600373,0.598339423344221,0.7535705711968526,0.4343895894843821,0.7814808604223125,0.8917283663681845,0.8798648195167612,0.0866326185150984,0.5511316076043441,0.4132325133011008,0.5462900386867839,0.3414832640449731,0.9199131059457926,0.49860783440447476,0.6372241348504113,0.5282259570396111,0.05040956884863812,0.7048990002239958,0.10178022259532737,0.19884631270285957,3.2095565341091428
0.08475221705291303,0.2902044673889079,0.027264432957847307,0.7041533994944497,0.931480627777348,0.8502812295776457,0.9926628831677157,0.7475548241934589,0.8132059301526472,0.33556982642978117,0.8480760254645475,0.9726089334960127,0.09121598683256515,0.06479876432911902,0.4723291717646382,0.2845952549193449,0.1001407383413564,0.9784246988798145,0.9173268350791357,0.6155088710448663,0.6041266683903372,0.7139626389255816,0.8722785185624283,0.8679561850368074,0.11455930029525829,0.3896374619471603,0.02920469233668388,0.026849429759825294,0.8399829235388695,0.7064432395849749,0.10275276684738521,0.31424724526548464,0.9746688290628486,0.010534448599925805,0.49910848891049564,0.07168145238261114,0.8031682679258085,0.4207503902886772,0.8068800531784528,0.6593745118785103,0.5456647917365408,0.5261103113069086,3.5890508911771497
