center_0,center_1,center_2,center_3,center_4,center_5,center_6,center_7,center_8,center_9,center_10,center_11,center_12,center_13,center_14,center_15,center_16,center_17,center_18,center_19,center_20,center_21,center_22,center_23,center_24,center_25,center_26,center_27,center_28,center_29,center_30,center_31,center_32,center_33,center_34,center_35,center_36,center_37,center_38,center_39,center_40,radius
0.07052185113019749,0.1563232587042418,0.6438375213406371,0.10464665227490832,0.43883487847668123,0.8373880416848973,0.5315126564078783,0.07174009607139675,0.16015474852790734,0.522197969358932,0.4022581772343776,0.8416092387622801,0.9972713640783868,0.08182936317387368,0.21371291627694022,0.2055460429863828,0.35341028306732514,0.052513970061904613,0.10150223549770454,0.08848164340080822,0.9096908610500847,0.06094346116482685,0.49967483135049207,0.8510467974703735,0.32407830632536727,0.66496583582935,0.6330228895965703,0.04703274174928074,0.04103955604033804,0.9643620836120388,0.7557180575586829,0.30480900663523025,0.04592350934977596,0.29604328035331196,0.6794407798593758,0.9886055334637694,0.9001425801322371,0.7162144738869761,0.8299276745807761,0.6544820885651784,0.4345498757220877,3.225398010565532
0.1936545763537565,0.35425374031853907,0.8619365138607461,0.04787690620686047,0.008796137353626499,0.23633831694722507,0.9864075796625236,0.8510101290592154,0.5793319343205969,0.7391993668506597,0.4411031514551488,0.4030607290757128,0.7510717998186015,0.21141364893133263,0.9660492868470983,0.7548018005307627,0.9827743658982893,0.8577288260606879,0.9579029860863102,0.802416267809953,0.043272708128708204,0.870280191186564,0.8126229696637206,0.7374598669587238,0.9574080925548136,0.44077056361540745,0.6943028938044356,0.1451084641912045,0.9593962425804052,0.9170059767655883,0.012197240881477556,0.18698459342258456,0.8276078564551286,0.8488999559583043,0.2562980046597767,0.7483432647944771,0.18250879717718704,0.19152790470057857,0.08669103460962946,0.44733539609767914,0.8516221225978358,3.6791451315410906
