center_0,center_1,center_2,center_3,center_4,center_5,center_6,center_7,center_8,center_9,center_10,center_11,center_12,center_13,center_14,center_15,center_16,center_17,center_18,center_19,center_20,center_21,center_22,center_23,center_24,center_25,center_26,center_27,center_28,center_29,center_30,center_31,center_32,center_33,center_34,center_35,center_36,center_37,center_38,center_39,center_40,radius
0.8604939672690676,0.636236430944928,0.25875330130661345,0.3987715253474935,0.3517272688058706,0.22169174914343004,0.9626404930205654,0.6409042756159509,0.566766619620089,0.9959540004639799,0.7756039147387946,0.5658026749991953,0.9335883855790265,0.9811005576311644,0.49689927633777975,0.36388100150587854,0.8743428214877825,0.9550278112647831,0.21208337523493326,0.6259811120302144,0.05429706395144274,0.8458929465583793,0.6141674417295514,0.3820284334615124,0.049437009886014405,0.7375735593662088,0.3863472675831844,0.8562404457641953,0.3623158770156565,0.7941073845648341,0.5102345317044128,0.7617452376258382,0.6283619715597164,0.6261182921366644,0.969439408542421,0.6995429255875991,0.9265346890568762,0.1321644392357767,0.34573052871044074,0.799388424270192,0.6747194939818445,3.6996711532163884
