center_0,center_1,center_2,center_3,center_4,center_5,center_6,center_7,center_8,center_9,center_10,center_11,center_12,center_13,center_14,center_15,center_16,center_17,center_18,center_19,center_20,center_21,center_22,center_23,center_24,center_25,center_26,center_27,center_28,center_29,center_30,center_31,center_32,center_33,center_34,center_35,center_36,center_37,center_38,center_39,center_40,radius
0.3752796192348976,0.008512156746298682,0.6743667716557592,0.25349057422115995,0.43136559676452124,0.9205034001756606,0.015335868128798835,0.12919610244242152,0.11484307370770175,0.060382940677751185,0.815883401620869,0.11463136821520992,0.2862180066750748,0.9850422288621663,0.12045235888435324,0.7369046048745567,0.790151471641567,0.9095448283814892,0.8791378023829318,0.3569487025601804,0.898917765689573,0.9931839534328779,0.06407898687941083,0.16002885462153527,0.8006047232199139,0.2202756468582181,0.5421714639195855,0.03359102409132819,0.23855138582216273,0.4158163926752696,0.18968767895443361,0.8468304926505337,0.928604909039427,0.5623925941219788,0.6016578106427075,0.3658235533373104,0.15115050578466083,0.23071125372595558,0.7538857252824255,0.7263867624521314,0.7852486190157547,3.4542895795455077
0.6700025331326499,0.6254360594761792,0.03524326903071984,0.4013401343039531,0.6692279356620623,0.0028021586322848346,0.013196785562421542,0.7957427707460052,0.9431403203164224,0.8549406462170739,0.1767981814732673,0.9144173002692774,0.14985520620437343,0.20533002953530466,0.8822247222579133,0.6310250662029305,0.3951620593485553,0.28771281447831276,0.06929687732204393,0.771926732581659,0.7513081816338474,0.121876473551771,0.9934108962147116,0.7001391142732482,0.7560254352274101,0.16607072479114515,0.17167399585890575,0.2351581112206006,0.9141871617666011,0.6481293484341852,0.3886291324676675,0.498358502850889,0.18744862889776193,0.5691406762255004,0.9127611935712813,0.1846268570023364,0.9904390058659444,0.39280634243228685,0.2227949278820086,0.9962339197344764,0.19657873040930895,3.2396693386370177
