center_0,center_1,center_2,center_3,center_4,center_5,center_6,center_7,center_8,center_9,center_10,center_11,center_12,center_13,center_14,center_15,center_16,center_17,center_18,center_19,center_20,center_21,center_22,center_23,center_24,center_25,center_26,center_27,center_28,center_29,center_30,center_31,center_32,center_33,center_34,center_35,center_36,center_37,center_38,center_39,center_40,radius
0.8172097576886089,0.22019195500603295,0.6085381491815417,0.6422789778809453,0.9258818140667618,0.4052058223892919,0.5845883704685423,0.37469235273107715,0.3748660957665271,0.8796988675716264,0.9358470024579446,0.9023505877211024,0.710132460423724,0.10221303542783755,0.7204434345968267,0.28046994293382044,0.9376542562090785,0.34641946497135145,0.5009965401689062,0.6730985740532016,0.3405791195161705,0.7065783303269567,0.168966277633395,0.3667409651572292,0.19683864678241914,0.8296551401149537,0.9874201684924745,0.927299199035766,0.2586066796714801,0.36781094690252625,0.8494820529326408,0.7469632401349744,0.5447240078473499,0.35185463075638734,0.6509249049521045,0.9480355410025473,0.5310895193393723,0.24246003915786574,0.5871757454910518,0.3304744626303999,0.8598277442265925,3.4809654246416035
