center_0,center_1,center_2,center_3,center_4,center_5,center_6,center_7,center_8,center_9,center_10,center_11,center_12,center_13,center_14,center_15,center_16,center_17,center_18,center_19,center_20,center_21,center_22,center_23,center_24,center_25,center_26,center_27,center_28,center_29,center_30,center_31,center_32,center_33,center_34,center_35,center_36,center_37,center_38,center_39,center_40,radius
0.49834869011512306,0.7235758400235041,0.048918735497015975,0.29515272601582254,0.8049784743433909,0.626644830658898,0.16589655678278026,0.5107132562373841,0.4042152719088429,0.34864868039154007,0.09598295354584019,0.4800309156324657,0.7676596981284403,0.26608480023920034,0.8413069132860088,0.3740939615719261,0.4785025289892503,0.5267851735983645,0.5931648058536646,0.14881770790679683,0.729037447805297,0.4950581376273171,0.2686390383276748,0.9548592050151604,0.2046881379542248,0.9949726004850274,0.8450284875460837,0.735224597546781,0.8674043435285829,0.4483190799055071,0.28910522553679796,0.3335228097763665,0.6186132437923704,0.4873218863740526,0.8030787386524487,0.6426461025548335,0.745196945654099,0.013628838500936435,0.8890711025596915,0.4121544595988126,0.885583298765499,3.116460883990187
0.8840889696839024,0.12186831596149506,0.9963670770756906,0.9978771211164651,0.39880993842188495,0.48213340753850764,0.78247567037504,0.6066127343399826,0.1284379978800444,0.5521173871193432,0.6596568675341564,0.4320246916788567,0.9290444060117151,0.7263622975049701,0.7784244895924789,0.6802568561496561,0.2133188796726283,0.9656537402349195,0.7916667803686998,0.817830960443487,0.261573007949388,0.8468366141934355,0.1940202612310914,0.39442429327851836,0.036102980073903446,0.13202734511384628,0.06337778081462597,0.7419535561253839,0.3671305491277269,0.5260538180710366,0.5731436799032106,0.856866584363748,0.004236595080627348,0.04147839220942107,0.5939702465350386,0.04183004170216942,0.5795572787766001,0.8618997229496924,0.025789254107049353,0.250210325907983,0.07486017576998438,3.1237668079272756
