center_0,center_1,center_2,center_3,center_4,center_5,center_6,center_7,center_8,center_9,center_10,center_11,center_12,center_13,center_14,center_15,center_16,center_17,center_18,center_19,center_20,center_21,center_22,center_23,center_24,center_25,center_26,center_27,center_28,center_29,center_30,center_31,center_32,center_33,center_34,center_35,center_36,center_37,center_38,center_39,center_40,radius
0.9804928996436884,0.33261508967758036,0.27462239194550664,0.6286456178839507,0.8440400654063591,0.14073461800672227,0.33945950197718444,0.24074727955421582,0.7603541590209647,0.43035340260679844,0.2271738181371199,0.3675606844600935,0.37499198221778784,0.6467764914765282,0.6412239114779317,0.4402812849346168,0.4107247685412637,0.6674341886035638,0.5814622775804941,0.740517178008648,0.09582713982787228,0.8057158304267266,0.006878714524812035,0.4153548027423779,0.6876472299753613,0.029153626629909613,0.21543522283915884,0.16301691419354636,0.7399243228437383,0.5372523397943115,0.32214271305706,0.8494920114839969,0.7040514248783114,0.31188300964332505,0.16653969731924168,0.3678610889223469,0.41184216116153627,0.15421053423072206,0.2819099451408664,0.2705493603872391,0.39818347784414254,2.8624097805106192
0.0012699032709223568,0.5098741488629177,0.06307886724939404,0.18102667323300636,0.012888963466496817,0.8294029689035652,0.18489724000151853,0.4212463787325281,0.5103916783825594,0.4082456673255923,0.8775430375756943,0.9025106110545413,0.3486485490077009,0.0588005891849972,0.3961035598160376,0.15936483949951563,0.7163623359467595,0.6802750329843177,0.995817961255737,0.49117650584194783,0.9462664274137275,0.7618975709339662,0.5355629348183211,0.19506013794823474,0.0435733774989544,0.94704389149814,0.40155706649910405,0.42836876994469175,0.3327629049028884,0.8843407181618148,0.6420407269443844,0.43670067914232946,0.7655801120908842,0.976268956009777,0.3805285788152355,0.24358917122911605,0.17318009317551297,0.9803406085778836,0.008516216252120179,0.506066814700583,0.7087179883777811,3.3941779503668306
