center_0,center_1,center_2,center_3,center_4,center_5,center_6,center_7,center_8,center_9,center_10,center_11,center_12,center_13,center_14,center_15,center_16,center_17,center_18,center_19,center_20,center_21,center_22,center_23,center_24,center_25,center_26,center_27,center_28,center_29,center_30,center_31,center_32,center_33,center_34,center_35,center_36,center_37,center_38,center_39,center_40,radius
0.5354802222192854,0.019935632287031324,0.178744523278616,0.8496092816416609,0.028545358068515325,0.18754889086676008,0.7004304408720927,0.6056313178211408,0.3349573494846112,0.15500304695082956,0.2204757390214136,0.2622340149398916,0.8790670050773942,0.4524998369605292,0.08689026039962289,0.2006904218656057,0.8691925796382437,0.8927509838816922,0.03214532890382504,0.5257168874402377,0.9249002377802996,0.6751665688810118,0.4442502794855173,0.6675086463373477,0.24954765484154684,0.6026902859823327,0.5996166903558122,0.8273030621555003,0.05495405754630056,0.125484889693124,0.12589951553509449,0.023231143430086032,0.8692378976290929,0.2537917203346919,0.13828132086252376,0.7563684714853948,0.6479330534267733,0.5814173462649164,0.0774761392080836,0.6808651503932975,0.9124388175931641,3.1408094122584345
0.09853168997833184,0.9987384612395294,0.9675368245316204,0.3674817280980971,0.8538498531720549,0.24599944463397072,0.8415820916639932,0.9061054370405064,0.28980592572953734,0.9498499943784771,0.055978588477275326,0.47334290217802233,0.430144079056783,0.9770987328663935,0.5137025804974509,0.009891726876989249,0.4383379482237155,0.11722264608632138,0.47614578952733944,0.5669443414552322,0.9542370514977582,0.13593131744802522,0.867149596645862,0.24344082450981852,0.6631820855356495,0.5778230840894096,0.3483219013499279,0.7943690202612058,0.8331438188102391,0.9915715840243429,0.21510209764163157,0.7809974545586063,0.08728061973141821,0.6583632501139853,0.9163088645187203,0.8588746758496786,0.5747710805670334,0.6490933564911504,0.6213621764394187,0.07081886311371965,0.16145829640972242,3.335090257698357
