center_0,center_1,center_2,center_3,center_4,center_5,center_6,center_7,center_8,center_9,center_10,center_11,center_12,center_13,center_14,center_15,center_16,center_17,center_18,center_19,center_20,center_21,center_22,center_23,center_24,center_25,center_26,center_27,center_28,center_29,center_30,center_31,center_32,center_33,center_34,center_35,center_36,center_37,center_38,center_39,center_40,radius
0.03326936888289789,0.39181436747659426,0.968942826298604,0.014095266881599566,0.5972757418554601,0.8528746471648249,0.7764549190388701,0.36057236763458955,0.03362114050598064,0.44003495749974664,0.35723387683035535,0.7993870301433948,0.08400286651842592,0.5781941745596246,0.007440611852591816,0.6059054036168544,0.822479514017179,0.46643955154448424,0.10019449381995404,0.16348901252806314,0.16813951893553292,0.28451299501821603,0.3014954624650623,0.4884262358338445,0.38514243222311295,0.3546773845294343,0.11934247908953788,0.6895115975424169,0.02675463850246307,0.48322405971952276,0.9943236841435785,0.1093870350052738,0.7884895630128504,0.3852705081683542,0.5275273455574646,0.8944093532187046,0.960210389722522,0.19251841537119818,0.20553330684439286,0.14185095679178028,0.36426577475197286,2.9331809943155336
0.15188224630571034,0.025606333705516682,0.41102256987549635,0.32157044730769546,0.3413587697092718,0.5892678029774555,0.8788311215442897,0.1377417317789007,0.4397129316029127,0.6293770839549703,0.5940998634917051,0.459329590846388,0.7644533274156161,0.0018043745092206631,0.7675749535878787,0.428810565961809,0.6513392011931455,0.8616232000697568,0.6839724287930364,0.9681695422106142,0.445943080153558,0.7287736073322445,0.875738153584769,0.7468706637688045,0.1451415481661702,0.9741543925737601,0.9038898699554019,0.256976159729437,0.23810041952401306,0.6183362663015286,0.16179407292683268,0.6080130328135329,0.7346747635629532,0.32965761192028775,0.9412153531443124,0.5255903990461714,0.026720514330436984,0.9992916156532543,0.702162952671145,0.3090178487597981,0.04442441547956055,3.5799906335292584
