center_0,center_1,center_2,center_3,center_4,center_5,center_6,center_7,center_8,center_9,center_10,center_11,center_12,center_13,center_14,center_15,center_16,center_17,center_18,center_19,center_20,center_21,center_22,center_23,center_24,center_25,center_26,center_27,center_28,center_29,center_30,center_31,center_32,center_33,center_34,center_35,center_36,center_37,center_38,center_39,center_40,center_41,radius
0.4281883719555726,0.797448517857816,0.9719257099726057,0.6172399572913566,0.7314115169263475,0.10270584335702426,0.9620837157510016,0.6837171810916336,0.8814595092169694,0.06391443523738682,0.633421078958142,0.4536768274736117,0.09850159543683745,0.6153223223399713,0.2264594295975011,0.946879208383869,0.1343023038742136,0.3891154054582697,0.4644905610374972,0.6563786004219729,0.6416230532986656,0.36545415679694293,0.02911852629438405,0.0067105772222846305,0.2077576366694499,0.9033517725027422,0.6202752395773786,0.3681573205950939,0.3583820991830854,0.1994808875836983,0.6832362828897246,0.42896328327132216,0.5367455904234291,0.9134532012198222,0.003115731842545655,0.40401167115927306,0.757830672277424,0.08742737928410949,0.6640666590459472,0.5697803265101279,0.7829828979225908,0.4441304105400825,3.3349867290815207
0.6553684264151546,0.3513625647313129,0.34728498274184694,0.6513862734567846,0.2816948933703487,0.9282749589569799,0.08102867710237593,0.04495228587794309,0.08176225948404792,0.5498880294770279,0.6603745364598547,0.1636027996110362,0.3565071146036959,0.5324334847119842,0.8467762226081733,0.021461181727550516,0.5463977890485514,0.3349319929731337,0.45214946228297703,0.483534224918708,0.6031323352629034,0.7670985305208108,0.8217120228706438,0.802056908375968,0.07466696139925244,0.06367411837313164,0.910989304257675,0.7133840833299271,0.14182065265917332,0.9635696024550116,0.5753074795045777,0.13708398993320314,0.07249708215931694,0.17401525942875018,0.8158675103314826,0.5674873561088458,0.01782935907382932,0.9350028429074667,0.0008078405495772767,0.8434575059299341,0.23094470727072336,0.4718075388527515,3.0467785773484906
