center_0,center_1,center_2,center_3,center_4,center_5,center_6,center_7,center_8,center_9,center_10,center_11,center_12,center_13,center_14,center_15,center_16,center_17,center_18,center_19,center_20,center_21,center_22,center_23,center_24,center_25,center_26,center_27,center_28,center_29,center_30,center_31,center_32,center_33,center_34,center_35,center_36,center_37,center_38,center_39,center_40,radius
0.9417371453087201,0.22211113346839162,0.4881840145974571,0.9785609333571055,0.6443485340524623,0.3098539507448095,0.6330765996283428,0.03789749893139238,0.6784589717793753,0.6576195115575623,0.3450176087226493,0.5936131833040826,0.6338567125158705,0.5346130251782238,0.0490563080137395,0.7662592141488482,0.9683190285908182,0.3161254324435162,0.2859348459902582,0.13056996110363306,0.16062240554043483,0.20711157923641743,0.6514578892102205,0.3922741704347873,0.0776648934247135,0.40842585484506966,0.13609698314235474,0.15314835286814155,0.9258490282466653,0.02763294913821379,0.3140260133084044,0.40171351295162294,0.46723784658342316,0.5025403157377226,0.29222365188068844,0.165428787303738,0.18633959866913952,0.6197973351055478,0.4807160397712016,0.834104365889966,0.37331810313611935,2.7172594284685836
0.5358095521370282,0.2923046955439994,0.8208460826569354,0.497949379262111,0.7421892259761727,0.13751944529650806,0.7868050925543217,0.9328842586290702,0.5512725620378092,0.1516592236254244,0.47341238521184115,0.8794541845496858,0.04833521195353163,0.33635561266817093,0.0700429399579191,0.5690676106208984,0.9363216489137505,0.929103458423216,0.6831577356965017,0.878058869651058,0.8627275875327738,0.889711904743371,0.36128138662447284,0.5462038879096187,0.4972219446439783,0.7967455503897767,0.9871598886956585,0.44982550131254473,0.28430164409261993,0.7196680862897763,0.7600005763467889,0.19806775568968327,0.6008180421925318,0.03407737896369789,0.21434182395893053,0.98550678644265,0.9830686449823035,0.9222684077136718,0.6180532925445357,0.8700366965242005,0.5688878453334067,3.808039596178046
