center_0,center_1,center_2,center_3,center_4,center_5,center_6,center_7,center_8,center_9,center_10,center_11,center_12,center_13,center_14,center_15,center_16,center_17,center_18,center_19,center_20,center_21,center_22,center_23,center_24,center_25,center_26,center_27,center_28,center_29,center_30,center_31,center_32,center_33,center_34,center_35,center_36,center_37,center_38,center_39,center_40,radius
0.9006150412283357,0.8865634361733331,0.8330749662775798,0.05624552715833764,0.9312768346596524,0.8790750895206249,0.9950901189352606,0.9234162095551754,0.3450500195889298,0.5496182240879454,0.6048370032550824,0.1030947595629299,0.4323956832116028,0.08212219255046815,0.703914986947067,0.03633658322209987,0.3559444182140963,0.7332762761757448,0.5987861122724617,0.29979449976282135,0.9346421309169023,0.29910536107972385,0.0658555349444323,0.6735194679747986,0.7213716164000187,0.8628187359266373,0.7918619606034932,0.667672904046509,0.9778742451874336,0.968932558149,0.7847607270999367,0.6117816252767965,0.30852500007683503,0.1570824495538371,0.9116715809429029,0.9504410557112711,0.15731518792902954,0.7246056159858068,0.64352258754331,0.8598525366267078,0.5068668523151483,3.511455876916723
0.09310902206744243,0.53642456626655,0.4679166378958852,0.7352199865474739,0.24766304165878938,0.25555640224256604,0.33403200488854234,0.32835531072907154,0.723204671018424,0.21322262980776385,0.8399786028100524,0.5521295764106768,0.8881963469584989,0.7598581622194234,0.2872756774889297,0.8003303621821974,0.8064485379068101,0.16742306728433998,0.7895384917579764,0.22880055150277856,0.6177811938966812,0.9482653593822677,0.9832902135070124,0.029323247934817,0.2129541111711286,0.06720146006773631,0.6855918991089417,0.1492702987988236,0.052550728907701294,0.5025621742035871,0.0993382542897755,0.35511592096129085,0.5183493170161867,0.8477918989017234,0.0856135282428645,0.23442136391273738,0.879757063318388,0.03148043620767871,0.44319086751020853,0.8469233886929165,0.2659314861134162,2.833212100583201
