center_0,center_1,center_2,center_3,center_4,center_5,center_6,center_7,center_8,center_9,center_10,center_11,center_12,center_13,center_14,center_15,center_16,center_17,center_18,center_19,center_20,center_21,center_22,center_23,center_24,center_25,center_26,center_27,center_28,center_29,center_30,center_31,center_32,center_33,center_34,center_35,center_36,center_37,center_38,center_39,center_40,radius
0.5186171256434661,0.642368061161463,0.3951867706336917,0.2573496119437151,0.09670087567548025,0.02030567363868363,0.19475882503062092,0.8090505471674893,0.8714962752100569,0.36567982448068503,0.8396893179974325,0.9209872799637602,0.5642760027879171,0.4790682069581006,0.918047801438062,0.8157714252702172,0.6763105789872992,0.771821687639024,0.8092402600667509,0.14644056195502841,0.03637917604714824,0.5742810244939068,0.1394228219608885,0.3309230469519322,0.25165996923548795,0.053350523771494074,0.44723694533188985,0.6366491656312064,0.47183178499794676,0.9427625083408071,0.8220239691627809,0.09344223210642344,0.5662927515107637,0.9525606628456096,0.02524348907947016,0.7222704055124894,0.5107176045114762,0.7483985084564961,0.4730778418841106,0.8712750765178381,0.0427991879520212,3.2676399525902187
0.8840835153380984,0.7096846082389753,0.9681664075052413,0.35344310530295364,0.22900405898359244,0.5364387598382055,0.23403638211010935,0.12227641960812674,0.7806468063409486,0.09922888864155455,0.05296436956952699,0.28883805547270147,0.5872569555119639,0.8070859163691467,0.6675185606059537,0.0911705978751689,0.030934940467133853,0.24464993677262636,0.2997269841084603,0.5864238498251649,0.6555250026757504,0.28755706973324213,0.889914731420773,0.9667577758011692,0.287047129010113,0.8477484682250184,0.9829114427507463,0.9619259352123729,0.0848164099818225,0.24996961051487554,0.6157936533781642,0.7240853874991736,0.16175374949376264,0.1315101561537937,0.7917767763379641,0.9219386000159081,0.817875780324647,0.5786745667649152,0.293447484250551,0.028045781347490917,0.919708231964934,3.2932955611171306
