center_0,center_1,center_2,center_3,center_4,center_5,center_6,center_7,center_8,center_9,center_10,center_11,center_12,center_13,center_14,center_15,center_16,center_17,center_18,center_19,center_20,center_21,center_22,center_23,center_24,center_25,center_26,center_27,center_28,center_29,center_30,center_31,center_32,center_33,center_34,center_35,center_36,center_37,center_38,center_39,center_40,radius
0.6551988309779505,0.9251565546084148,0.511327123678974,0.6350788169498575,0.12358215059365285,0.5183660627893567,0.9587655967123345,0.5226303277179378,0.7934241618862737,0.6121512131525527,0.6649478143597456,0.8906402073056193,0.304040324176751,0.09269923967554228,0.50347572530722,0.12031078903266101,0.09514269835768507,0.7755160994813817,0.44501399487463933,0.2589953415981885,0.8625024133820576,0.8771259082729497,0.5872047118451066,0.919772777040002,0.33084285124881607,0.42206595308571637,0.7743800050662285,0.19799317050488563,0.23855356043755327,0.9623273374758851,0.3124837964536915,0.6745579243687478,0.4917124463714809,0.6981716906748787,0.6091995676634849,0.5530069408977575,0.0012976496595267228,0.5317584398638,0.6204437259539459,0.4381540974586664,0.8168947357070895,3.156930957679553
0.08114299725199892,0.380225686709197,0.26899514974040506,0.24865687037060336,0.7096221901855295,0.8466906599688779,0.5480825910494935,0.9394582353488242,0.15908726209814306,0.4552414679661587,0.16958694048861,0.21567978718430747,0.3097549829924041,0.6681102386749229,0.8484200569526605,0.4527272494722082,0.7859418699477982,0.04479235178085683,0.5836210791541507,0.936035007171134,0.15068722639939358,0.057749916986787664,0.08935353977310201,0.08380959362568341,0.8485221242334705,0.782586207695531,0.12356199470858087,0.20096696884814202,0.12737175766110842,0.3239537354737847,0.617615308995117,0.2233532992064473,0.9487305006345879,0.02468218039468928,0.6218518579530173,0.3799894405323976,0.5752880963085506,0.6069639447736536,0.8461292862048588,0.2772688171760277,0.13085538371905248,3.13076299722973
