center_0,center_1,center_2,center_3,center_4,center_5,center_6,center_7,center_8,center_9,center_10,center_11,center_12,center_13,center_14,center_15,center_16,center_17,center_18,center_19,center_20,center_21,center_22,center_23,center_24,center_25,center_26,center_27,center_28,center_29,center_30,center_31,center_32,center_33,center_34,center_35,center_36,center_37,center_38,center_39,center_40,radius
0.5728007430756729,0.7281160436393525,0.8498057862687157,0.5267126226049367,0.9794006095369664,0.6158459436901118,0.5187799732348555,0.13007843695293864,0.11882721443489952,0.020584179265937586,0.16719984746183825,0.44851032489770337,0.8479851487317038,0.7306731578391709,0.642792725063315,0.8490040077725568,0.8445543021008892,0.7767113336522508,0.44539345230103766,0.6763843574593644,0.18606904318509276,0.4849842524602257,0.9982385641325717,0.6745128539042714,0.7208547547492948,0.6842649425556125,0.09473142735820861,0.7509573871592071,0.883210316145581,0.6500187509371316,0.2200638044375538,0.731691964210908,0.2032816934417886,0.6222972417913378,0.37334117898644803,0.4528498840208983,0.7347820039540363,0.6912539613291134,0.202160932586523,0.5917997506245982,0.5780068287100408,3.322075462319946
