center_0,center_1,center_2,center_3,center_4,center_5,center_6,center_7,center_8,center_9,center_10,center_11,center_12,center_13,center_14,center_15,center_16,center_17,center_18,center_19,center_20,center_21,center_22,center_23,center_24,center_25,center_26,center_27,center_28,center_29,center_30,center_31,center_32,center_33,center_34,center_35,center_36,center_37,center_38,center_39,center_40,radius
0.3091948490299615,0.26159337469175803,0.7099593823625265,0.10566631955461692,0.5787402586239915,0.6693815194678778,0.22188741396147638,0.7190737021617429,0.2239635324963588,0.7922036450560586,0.9893147777549705,0.8373147447592042,0.413716004438925,0.7118638857416311,0.17922293853282034,0.05521303139853817,0.7086195757192604,0.37650617298819933,0.512567012978768,0.8646293154096427,0.10276461884593757,0.4674098993644006,0.2879410176170124,0.8824491656471007,0.593468474453173,0.08108370665381759,0.06735334056034714,0.3775816196997579,0.6494088127388017,0.05945511012161053,0.6635820468365384,0.3290667655500856,0.08622262911703438,0.02307234226870536,0.8699925822940925,0.6195334454706615,0.040161729446237304,0.45439745629012307,0.7368343852181783,0.19626226546972803,0.24909085981628587,3.0814494135720865
0.6159713773766471,0.060095555101701614,0.7675121200416838,0.33759856329255067,0.9708981419051034,0.41833978088772705,0.25420974128490637,0.14742359772500024,0.34191426946065817,0.36822726105843684,0.3426613991686964,0.4130694486662342,0.23352024669467775,0.544457124800073,0.9236392260420841,0.7346512952501506,0.3836237364742615,0.6956168494398827,0.05063937879371705,0.7877370915365168,0.9972249697953728,0.9020073985790336,0.7832779315307664,0.27826104360369897,0.6923456759003089,0.8524728968942865,0.9208060559117042,0.6826904811388808,0.9983900333438327,0.8691343424874923,0.2539850789820651,0.4483071623749034,0.3894913845437291,0.8501556403113724,0.48665607794088483,0.03915163761252172,0.17927615024992505,0.9862615467875577,0.09162389175947272,0.4502597345166147,0.9838533308710027,3.3934813970815654
