center_0,center_1,center_2,center_3,center_4,center_5,center_6,center_7,center_8,center_9,center_10,center_11,center_12,center_13,center_14,center_15,center_16,center_17,center_18,center_19,center_20,center_21,center_22,center_23,center_24,center_25,center_26,center_27,center_28,center_29,center_30,center_31,center_32,center_33,center_34,center_35,center_36,center_37,center_38,center_39,center_40,radius
0.2199281934519578,0.7280355531509495,0.5471389974004696,0.9675134919978847,0.564278519421171,0.1697745320228231,0.026712599247644575,0.6270682449516887,0.04049663503886092,0.7801099768206944,0.7150909978667066,0.707589954155485,0.9508123861793654,0.6933971385543845,0.3384870824910572,0.7150017264350995,0.15513916751405576,0.6304331074816412,0.9577544660994258,0.6738046045965349,0.7988511039748982,0.28555399218772926,0.8355231380229102,0.8009796065565928,0.43396002675618095,0.815415976536201,0.05727093738711819,0.5413105968012661,0.5061150445259994,0.06114974943805718,0.6980554249215286,0.16525921841155433,0.17566697154679722,0.873590917907768,0.9973314687261206,0.07532846806187288,0.8332246136289401,0.9202384200522922,0.26899762016907136,0.6144752300011086,0.40382165100644285,3.289793962303456
0.9307224586458734,0.47983222562634076,0.8503863426104512,0.36215097638018356,0.816454446047748,0.4748333995628785,0.9813900427258975,0.14853613222194562,0.524820148865847,0.2197156774428385,0.5088762158361624,0.915865620089906,0.28871478892805924,0.9156759404140373,0.6642942210939655,0.5634554501265393,0.24018594534471338,0.37643632186581166,0.15696577705259485,0.1674736934531752,0.09574076252457153,0.7469780545185861,0.2998404158756536,0.06950078067982879,0.9137431906997141,0.5214528085472772,0.3980714993843554,0.28526341075288697,0.9039957381048983,0.953243303085382,0.047079254792840586,0.6788537104154689,0.5562871503758574,0.8053401086446534,0.012504248604380486,0.7945463138071545,0.7766973071231709,0.030356814560632772,0.6603181016077659,0.22064454435516434,0.5946219293660813,2.993248590115583
