center_0,center_1,center_2,center_3,center_4,center_5,center_6,center_7,center_8,center_9,center_10,center_11,center_12,center_13,center_14,center_15,center_16,center_17,center_18,center_19,center_20,center_21,center_22,center_23,center_24,center_25,center_26,center_27,center_28,center_29,center_30,center_31,center_32,center_33,center_34,center_35,center_36,center_37,center_38,center_39,center_40,radius
0.34088268334394534,0.41399694804740717,0.5708354615727349,0.7706876584703163,0.06419509868866236,0.0972034212250239,0.2640734121236149,0.6662597050330766,0.32293145180966554,0.884304287555764,0.5564057451478088,0.8647344155582167,0.46265990749157837,0.16731024683758988,0.6300641748165222,0.16914017807908832,0.5670205455911826,0.8711845069394133,0.7332026062502567,0.8749213380257539,0.6886191137226247,0.7292195878865679,0.47167152357384456,0.03756799550465295,0.8959602378987176,0.29827678655888057,0.5702702534137297,0.26859890445783663,0.22326655606343548,0.31598273204085137,0.9614069877374951,0.09983370325022134,0.04508142699889528,0.820710188219032,0.5275517322182058,0.20280259052946437,0.2764112968549345,0.7785968980061085,0.14584351783173222,0.906242899555861,0.8098503702986122,3.120807041526126
0.8136631617641371,0.8504067958466222,0.010104539357365105,0.0033471521156187567,0.3662662596754205,0.52355472484337,0.1729792703512475,0.8855175144556119,0.021010708886919693,0.36611776467025725,0.22501467567755107,0.7467227513849014,0.4520318880806391,0.7345210496694794,0.550266401817269,0.8688699077182129,0.39733489724111093,0.031740239243783774,0.010614723863506481,0.07852971462124103,0.9605492202187877,0.7831192503904029,0.899363023605925,0.48220277799096734,0.016047303171191407,0.9859810193013371,0.778650356747018,0.3712789283968315,0.8169128854363779,0.9384635823013928,0.07351332666455446,0.46872946932039206,0.37161875026359303,0.9079776934981296,0.29459810110277274,0.5304620634807936,0.31517593026901003,0.9611286834039602,0.869535246007682,0.3865842310599673,0.14030231838323381,3.3753422401254385
