center_0,center_1,center_2,center_3,center_4,center_5,center_6,center_7,center_8,center_9,center_10,center_11,center_12,center_13,center_14,center_15,center_16,center_17,center_18,center_19,center_20,center_21,center_22,center_23,center_24,center_25,center_26,center_27,center_28,center_29,center_30,center_31,center_32,center_33,center_34,center_35,center_36,center_37,center_38,center_39,center_40,radius
0.9962732864084105,0.6735232627884078,0.1348418325073587,0.2844156215045771,0.6758884878517349,0.6637806965596572,0.4675180730969569,0.5841522324163269,0.42841920450714976,0.8708309919544583,0.5640485786435676,0.5107270018766291,0.6029537262414281,0.6846699692986792,0.8041006277338845,0.06749003810484955,0.7200865975219497,0.7931033241630494,0.07062338501216114,0.32724768037976215,0.4550357620594442,0.3856256159942735,0.24059992772826333,0.03781113522527135,0.5522461558461607,0.6712344026549788,0.059270127910934,0.45224657950167535,0.8221424908387206,0.3832102785507394,0.42353688554451996,0.4557546633638042,0.14323388437133155,0.3700119578439587,0.909898145578102,0.17074682518511708,0.9610236511829231,0.05837869327399836,0.542714021131841,0.043247484161702876,0.3317949500814943,3.1366192385653724
0.9134760676900436,0.823500255187567,0.8641398829550844,0.662244277412866,0.6239750772632373,0.48111891565791853,0.3133147163149489,0.20008035017212555,0.16272127974548578,0.20505114481806985,0.09623457490010534,0.9076621910040732,0.05426409936945942,0.2583297961141512,0.1640088013086589,0.9490222831298983,0.3449180570893615,0.24711316129326832,0.631938378770797,0.34683184990355687,0.9580997390480973,0.8396243354864529,0.7045591703359109,0.9073960534814121,0.25046615381969883,0.8273662638398708,0.6489722105933047,0.5111218534115539,0.004484113596649464,0.5017005666325107,0.26822478931372884,0.47310849866113613,0.703284850393655,0.9428016971538365,0.7865336245203254,0.952088983364702,0.004806150011284371,0.809509383374716,0.46509891916372914,0.12730859884131318,0.9106052397096843,3.3698464938234944
