center_0,center_1,center_2,center_3,center_4,center_5,center_6,center_7,center_8,center_9,center_10,center_11,center_12,center_13,center_14,center_15,center_16,center_17,center_18,center_19,center_20,center_21,center_22,center_23,center_24,center_25,center_26,center_27,center_28,center_29,center_30,center_31,center_32,center_33,center_34,center_35,center_36,center_37,center_38,center_39,center_40,radius
0.7830680737373674,0.24643277206861414,0.9132867747436577,0.29033801925760705,0.14299186920200901,0.700051540324384,0.2131503907578567,0.5253833723725392,0.33275185040194133,0.3126606819820519,0.41505755995630733,0.34396403278424026,0.9187960663321483,0.12706981652715066,0.6955926315740333,0.0912059615208548,0.03119465531686716,0.8990994171588896,0.3178976790920133,0.048912052836104336,0.9397506386185122,0.16178223402232483,0.5429700801477334,0.4313972998827862,0.3426745208892068,0.9090466237718436,0.5013194625433688,0.5005357541547912,0.1944970351081644,0.5117715565745908,0.36507154523968255,0.13855269905909195,0.665114287937208,0.1762027454008993,0.9926219807292278,0.6226533409297651,0.36355560409344323,0.46350063580536804,0.5317015115218667,0.9097489493423891,0.07896763449492916,3.0994183199779286
0.7553819868019768,0.36653890244194365,0.04623507727039833,0.8362179821638359,0.8342616551325864,0.5221197251437407,0.8208965326396986,0.8090731279602995,0.5707888356124022,0.3778683392257869,0.9732569026496696,0.9255399872467925,0.03090290174040311,0.918966212978107,0.04357496935577254,0.6707910147293524,0.9456908452636121,0.3790055068739794,0.7643783594730226,0.02991053286280554,0.5094664428407084,0.7589639761428997,0.41027096099613414,0.9048542010546257,0.8793079792842674,0.45485047517056043,0.8668242275335067,0.1289825853471277,0.16027328664819285,0.496315176188726,0.42355655983555873,0.8346373127451713,0.8483286028218283,0.9005670244737103,0.35283113499064533,0.3667646259096856,0.6994369725986596,0.46178696222607896,0.8007528510500153,0.9353944374670827,0.4451769339027778,3.6466381447064604
