center_0,center_1,center_2,center_3,center_4,center_5,center_6,center_7,center_8,center_9,center_10,center_11,center_12,center_13,center_14,center_15,center_16,center_17,center_18,center_19,center_20,center_21,center_22,center_23,center_24,center_25,center_26,center_27,center_28,center_29,center_30,center_31,center_32,center_33,center_34,center_35,center_36,center_37,center_38,center_39,center_40,center_41,radius
0.0496331711136373,0.12277284138137534,0.833833972212983,0.5527006447437105,0.3898282735160825,0.6490199904750836,0.9023399134228223,0.6052504418179926,0.5338966808390502,0.6200163421401896,0.6548763559282181,0.022017172664512086,0.2875788804868493,0.18655783522743175,0.8808340393536473,0.3946695712985956,0.7521851063880118,0.21285786916546812,0.6863510193825553,0.020084572865367245,0.12255492444244453,0.8421716823242438,0.3517847141630751,0.30391797362134276,0.5973525642064367,0.6192512882386152,0.05150849600238616,0.5827003706565826,0.4184593899679988,0.27208512785248007,0.21663233403084536,0.8104208982884327,0.6725001063726274,0.8175636089832344,0.3922973414258287,0.7926437973918113,0.8770003655729569,0.9458188098338413,0.5361005126267222,0.13672740580846687,0.08028408406529686,0.7922928145983824,3.415689411456127
0.1543009981167005,0.9952575261038518,0.2716553247231698,0.1955167720201264,0.42653760057564905,0.19402366957767714,0.13559186940766366,0.3774819574446312,0.3230888325391741,0.36678599457109595,0.0681074005733201,0.7968099965911055,0.1277697033855999,0.11574587536475012,0.11129762057791015,0.8373280895216788,0.22961665551235055,0.48974955081590177,0.7114256659836905,0.9581010097237318,0.8829107397680673,0.4338079775462583,0.4053444069498827,0.5058545333663003,0.8210896930433023,0.6980149641188095,0.10039210113267627,0.12540978811357117,0.9043908278271451,0.613108359690151,0.96658690389331,0.047397962246956804,0.14517765270716465,0.06538794812373194,0.03530282373200555,0.14459764983342505,0.12085729203905282,0.1928084928399021,0.9759191195557683,0.8643347299889528,0.8987960055147755,0.5493796089063269,2.9269801724698294
