center_0,center_1,center_2,center_3,center_4,center_5,center_6,center_7,center_8,center_9,center_10,center_11,center_12,center_13,center_14,center_15,center_16,center_17,center_18,center_19,center_20,center_21,center_22,center_23,center_24,center_25,center_26,center_27,center_28,center_29,center_30,center_31,center_32,center_33,center_34,center_35,center_36,center_37,center_38,center_39,center_40,center_41,radius
0.43453022463636204,0.8029878533969406,0.3118105520323856,0.8505822337321587,0.7093448869580581,0.0047430284553826585,0.0362451523167876,0.710697858115226,0.41360653119860646,0.7559197699780046,0.7507200078152638,0.9513108313081855,0.7140331252099136,0.7141094204084552,0.4777162851341046,0.4129156876103989,0.6583195072309759,0.7596295508868082,0.2387855642023009,0.5210489441760545,0.9655882457409225,0.269028844487308,0.38733362428267737,0.4013505059685669,0.40093227085731953,0.1668300470549252,0.4940401655147356,0.0037493467631740662,0.19676253161255453,0.5008168005690556,0.8773865715411023,0.25030041749406196,0.3326959604260209,0.914619355491623,0.09143081673622089,0.322274040535934,0.07098828425728398,0.8039179567045494,0.7350564845942319,0.3657329552045411,0.16006876434964934,0.7125250307666352,3.0169041921977904
0.27623186856678505,0.9500770810982315,0.8526808851692185,0.11922512034561261,0.4756358710880769,0.9322341864384541,0.891109803032154,0.2121777656552215,0.1931417253884572,0.9044702900767599,0.37634652466756724,0.08494760746998753,0.06117720144251737,0.15301708366659783,0.7383177416497996,0.8464078538103549,0.04945418368108401,0.18715787541685758,0.9141445759150506,0.7172383588402443,0.8002108693423006,0.9567737897969363,0.07281141235324962,0.763358594188868,0.29346502420094633,0.032307404588719835,0.6970201255134716,0.7106885315676466,0.3878437169635651,0.2894137963428176,0.8613115077712266,0.7558333089154902,0.8757196239796414,0.7393929383826306,0.691531121611846,0.6584916560457174,0.6393278844044811,0.60219076280021,0.1275444152109605,0.36920096906661704,0.0943816527667024,0.9834700134434524,3.508422095520364
