center_0,center_1,center_2,center_3,center_4,center_5,center_6,center_7,center_8,center_9,center_10,center_11,center_12,center_13,center_14,center_15,center_16,center_17,center_18,center_19,center_20,center_21,center_22,center_23,center_24,center_25,center_26,center_27,center_28,center_29,center_30,center_31,center_32,center_33,center_34,center_35,center_36,center_37,center_38,center_39,center_40,radius
0.6755179985673677,0.6895294932445142,0.3358404042618066,0.8115960317379975,0.18311999953673996,0.5526787624882733,0.5282419388141906,0.5720645983856956,0.3620352278497573,0.4223584193440333,0.14736461187052174,0.789282163182514,0.07967788831460987,0.8953576752829807,0.9130639082665243,0.3225849352040494,0.738474923532409,0.8574307628616609,0.04477692126011168,0.8998975820695772,0.7381924565905437,0.7754957810484692,0.43754183037162875,0.5414353499158071,0.5710427130512283,0.052401866412595144,0.2723489904134695,0.7892479163827066,0.6962341807396287,0.4092869121365853,0.10350106161335582,0.49520255320034956,0.20075023398632064,0.12812237323635667,0.914916786414391,0.31784618066859915,0.7027246986736541,0.1844337517866519,0.9347769775023997,0.29458270290992394,0.8605218998681754,3.1118756810884785
0.1800844759639909,0.1362675679243046,0.6517379217684818,0.11069737157623993,0.4617490427014749,0.6241650595548907,0.16647040241772004,0.25893306417661155,0.40091404288236665,0.9063460606657671,0.9666248012120365,0.3847138521187936,0.690541873207514,0.45586571511465146,0.038967519423453556,0.1320407454042305,0.15698043331487832,0.824362832408595,0.9646148747010481,0.041517803189308755,0.24062331151663607,0.6748012832344902,0.4936579541573354,0.702435562836391,0.8141092877507734,0.6453074538723237,0.25531062614886724,0.21899620100132777,0.08912821869581689,0.8910120673727564,0.9972703007790267,0.8968023318710631,0.9976290167958823,0.7890726836524782,0.6786780245407015,0.31803213626422056,0.17838474883221922,0.12331258910164034,0.3995660448304337,0.8251469206693884,0.3303107867295828,3.20225022314868
