center_0,center_1,center_2,center_3,center_4,center_5,center_6,center_7,center_8,center_9,center_10,center_11,center_12,center_13,center_14,center_15,center_16,center_17,center_18,center_19,center_20,center_21,center_22,center_23,center_24,center_25,center_26,center_27,center_28,center_29,center_30,center_31,center_32,center_33,center_34,center_35,center_36,center_37,center_38,center_39,center_40,radius
0.8795763160715853,0.7560871293256551,0.7501480240418853,0.8809326578414076,0.2564060988005247,0.6517329037779455,0.20597263722954384,0.30920746804286703,0.688343275166998,0.09825109128582221,0.6557811205082572,0.22609526775439437,0.22017330447114414,0.730939771331634,0.09185591439961471,0.7186469013943618,0.7400818229729128,0.8844249173879244,0.19629329443005783,0.9181977737283334,0.6828978252301711,0.4638501990220416,0.36866380430978374,0.03176125420634068,0.6182605702819433,0.2216644856735711,0.9499133000630215,0.7024618533461601,0.685452087026388,0.1623825635518732,0.35467088468449814,0.787409434016577,0.4889339916893287,0.47795306838123885,0.3743099841003996,0.3290226764779173,0.9118223034853102,0.17561398372159498,0.4143445964918555,0.1843137483646201,0.9856328198970215,3.096344673991266
0.9451155631318325,0.47887361788812766,0.015397905234716736,0.728427810434226,0.6977368477517771,0.18710455851860142,0.40207513430497277,0.17022471286630714,0.40135400128739707,0.3964271059538428,0.7950483906536969,0.959484456786321,0.5474807766609834,0.3694398746869916,0.8615424652811573,0.35049219996953207,0.11067352615718928,0.19985707558932597,0.9273284403999268,0.17488630880751488,0.7528446328972352,0.8686473325095524,0.8311181809223931,0.31522454026249425,0.013834214745828466,0.8005233867525015,0.1582753554725379,0.10221617497077817,0.47373039576537557,0.34429784175213163,0.9880630594618603,0.12124067952098305,0.5880086149968782,0.09674785503384886,0.5934801794073903,0.044506845278566964,0.014987061574613825,0.402741951720463,0.7365024567026941,0.9536976375738513,0.158137234281286,3.0513397500494244
