center_0,center_1,center_2,center_3,center_4,center_5,center_6,center_7,center_8,center_9,center_10,center_11,center_12,center_13,center_14,center_15,center_16,center_17,center_18,center_19,center_20,center_21,center_22,center_23,center_24,center_25,center_26,center_27,center_28,center_29,center_30,center_31,center_32,center_33,center_34,center_35,center_36,center_37,center_38,center_39,center_40,radius
0.02710872058294378,0.4307104462460035,0.0647162505531077,0.1447878649310661,0.43111769730298843,0.8840692998931262,0.42469656994854155,0.7021506034209898,0.39836521867600305,0.196577294975941,0.24512183873744697,0.1934777214041018,0.3009000854707635,0.4261998717773624,0.956734968805833,0.30326116687304217,0.17693651859062487,0.8251373210878571,0.5954432762044558,0.014552796161673265,0.2413232915640413,0.5162714115823679,0.9044162822749057,0.16739665934082093,0.31056318727480803,0.345790192296921,0.02303754174380135,0.686063195751913,0.06022284322838456,0.8645212743686402,0.3495705767872024,0.654647656757949,0.4845091745750687,0.19313323614868705,0.5089172819585611,0.6832414332915794,0.027566656255669453,0.45922222421271297,0.18682209553704532,0.5941078386681596,0.5117034229317221,2.8141531045787063
0.9558419259494321,0.8444984699399937,0.3328924194953131,0.9081195191723075,0.9307842513271362,0.9217173385502562,0.21473827621268682,0.402843623360998,0.31199949126041193,0.7564055030483741,0.8160276032874657,0.7758076925931833,0.7006102811908923,0.7705940394138878,0.1934821685088527,0.7222648766845216,0.6470232398642674,0.5719987501044761,0.14885775754971398,0.06296372349699708,0.021107627933528383,0.3984951778147079,0.5558311249847296,0.7052017262120204,0.28555435541772967,0.5035676969220932,0.5363658278543826,0.5658679101861974,0.6988277839034257,0.5422233949687224,0.38179558872720853,0.25462212532949113,0.536277848704048,0.7954913938850893,0.8058131510576589,0.8674195572519899,0.9900792477659331,0.8322841402554039,0.7418542754777051,0.10902906041555249,0.4474659140065551,3.365829171991736
