center_0,center_1,center_2,center_3,center_4,center_5,center_6,center_7,center_8,center_9,center_10,center_11,center_12,center_13,center_14,center_15,center_16,center_17,center_18,center_19,center_20,center_21,center_22,center_23,center_24,center_25,center_26,center_27,center_28,center_29,center_30,center_31,center_32,center_33,center_34,center_35,center_36,center_37,center_38,center_39,center_40,radius
0.5340905291634319,0.6442617975869084,0.2397252771998334,0.31519286783444744,0.011892480856289356,0.2921852945552297,0.6292451168193663,0.8833429418306558,0.11543400394530612,0.7849999346758646,0.8258475166643934,0.709332443675652,0.5544815415785876,0.10879601850463816,0.6907405864017987,0.49135540671954003,0.6215508363709351,0.5308324199204592,0.8632001534197133,0.7572146066194249,0.7427596798677489,0.137777501396113,0.4392479951301316,0.31558028266590177,0.32831205776650674,0.3507864585133674,0.736613338022204,0.8299658615624911,0.9996567261580226,0.5596301644150548,0.27741133832690157,0.24424786348415617,0.6628476326765415,0.6125687912036354,0.24220783498650988,0.6800874785369692,0.8460173581426329,0.220726353713518,0.2976710499370149,0.15984303293036906,0.6528874188816519,3.2613999541105927
