center_0,center_1,center_2,center_3,center_4,center_5,center_6,center_7,center_8,center_9,center_10,center_11,center_12,center_13,center_14,center_15,center_16,center_17,center_18,center_19,center_20,center_21,center_22,center_23,center_24,center_25,center_26,center_27,center_28,center_29,center_30,center_31,center_32,center_33,center_34,center_35,center_36,center_37,center_38,center_39,center_40,radius
0.3420365094800979,0.8518741485009256,0.6759004157247135,0.6203930029085892,0.7970407457086144,0.3244329398150223,0.353944607195416,0.6969721706880374,0.86282870460175,0.3751353274449546,0.7279496661805639,0.7261374127373107,0.0639012374715976,0.6788819053004124,0.5469654633434113,0.8140391613792902,0.8522159635865738,0.8320162535990341,0.5220323200795188,0.9949964555599055,0.16988166868148202,0.5400348481037157,0.020669336665096738,0.6742367227294975,0.6363584768199645,0.13512477212250373,0.6317203596661317,0.2516629484741505,0.21725856064903848,0.3717429882088009,0.7241685844956254,0.12721753921621304,0.8103858613097515,0.9284123937716385,0.95676463344868,0.46786828461197494,0.5608362832024154,0.948699673503151,0.5650770055753606,0.7798725479968505,0.12392336192285258,3.411844001306842
