center_0,center_1,center_2,center_3,center_4,center_5,center_6,center_7,center_8,center_9,center_10,center_11,center_12,center_13,center_14,center_15,center_16,center_17,center_18,center_19,center_20,center_21,center_22,center_23,center_24,center_25,center_26,center_27,center_28,center_29,center_30,center_31,center_32,center_33,center_34,center_35,center_36,center_37,center_38,center_39,center_40,radius
0.8568214534073337,0.9809026641873508,0.03816864634225048,0.4323831450274255,0.7448584995526412,0.4204913400220406,0.6416470770623252,0.6293368753458521,0.8758559925910967,0.9356279595749527,0.11250701981373634,0.36461872832876774,0.710094145525251,0.5078159324220375,0.1405670502230416,0.6729644902797629,0.7494866283363703,0.9696619809684807,0.40368370697344025,0.668983349859663,0.23486241367874183,0.9357698330270818,0.16786382741714778,0.25564959674850196,0.5028046607986727,0.5949438377466758,0.29843074056978014,0.4146107552283055,0.29693190350421295,0.9818034026772867,0.005662850769731165,0.7339500861548085,0.1638826925561333,0.03930193724618625,0.9177857987174667,0.30207449721251045,0.06016921528893149,0.8829005574469212,0.11412548067761397,0.3474827684607016,0.4489294879196051,3.285923158469111
0.042872220644953996,0.7677949752853102,0.7117456964299829,0.9085370150387806,0.6788632611469947,0.20585728334196507,0.7859882745976132,0.24338832285345824,0.6995029261246397,0.04161181943313563,0.9696420062451047,0.8028786595462484,0.028916338697398847,0.5051045033623845,0.6218200678563602,0.18443620936110294,0.7319408552536033,0.08686687461044729,0.8691392138160091,0.7843805853194572,0.8915848107397673,0.18463122921821962,0.9040012865386442,0.46421424804556144,0.24417486752921025,0.7807916421308237,0.9062128613917214,0.951613332074789,0.7498248326394141,0.18078280634153554,0.2567825136276043,0.6917946245476354,0.9666229983966463,0.8049800435631334,0.3484604333871435,0.8757384130380236,0.16343979638899253,0.1003809651372336,0.7537597918175948,0.13510652475847273,0.5489130287374925,3.233950365810114
