center_0,center_1,center_2,center_3,center_4,center_5,center_6,center_7,center_8,center_9,center_10,center_11,center_12,center_13,center_14,center_15,center_16,center_17,center_18,center_19,center_20,center_21,center_22,center_23,center_24,center_25,center_26,center_27,center_28,center_29,center_30,center_31,center_32,center_33,center_34,center_35,center_36,center_37,center_38,center_39,center_40,center_41,radius
0.1355063253329879,0.6398208481911877,0.7259737328806042,0.18427807587069056,0.6027171780754231,0.8375881683560618,0.42358623239604765,0.8872412808009473,0.19327470672195235,0.21616742491570073,0.3978500076129686,0.7094806766098388,0.7762049118303924,0.20176680382465184,0.5668706514668957,0.9233805597062619,0.41736084215431923,0.16179294155239443,0.12026340782674672,0.6209544165335498,0.6653900072246615,0.5695812202822238,0.354668966948694,0.6590660317329293,0.07640560795123719,0.7334434036754451,0.10004028536742748,0.6884279793437843,0.1465577209263399,0.7779330579290304,0.27821502029712697,0.21181858918636853,0.6988182093348411,0.14913943491981774,0.8499185344182818,0.2034798212756681,0.9540998981394907,0.8467640642354162,0.2823311194835485,0.08864189288649638,0.33212999143624045,0.917588850383967,3.22285798881436
0.9572993001289621,0.767834502622483,0.4797627530769175,0.7763585226601498,0.10371071191176762,0.9505941449544233,0.6830185807032397,0.20319755547136498,0.9175926492567684,0.7770112130820711,0.9500671471825518,0.36707643194498585,0.13958157094584944,0.721645373363563,0.9540863798169389,0.5688122480100734,0.5422112592832423,0.13867749126144913,0.7236285241973356,0.13493076166459006,0.18702982440776295,0.17681746446855295,0.7885734124565152,0.41945319973771933,0.6683395292487578,0.6441721231548647,0.814304403906533,0.1025649306904638,0.8739644617256483,0.36516408581270443,0.8025713753268536,0.940815638986017,0.8147198528644718,0.6330398235698455,0.2849347157185014,0.9905012963162354,0.04282070655130854,0.3436305026110673,0.12640884756059656,0.8651742794059099,0.12671888346937632,0.4540771073572626,3.6413043311326816
