center_0,center_1,center_2,center_3,center_4,center_5,center_6,center_7,center_8,center_9,center_10,center_11,center_12,center_13,center_14,center_15,center_16,center_17,center_18,center_19,center_20,center_21,center_22,center_23,center_24,center_25,center_26,center_27,center_28,center_29,center_30,center_31,center_32,center_33,center_34,center_35,center_36,center_37,center_38,center_39,center_40,radius
0.7429061270339763,0.6888909166387994,0.5531161922484689,0.6808403156199191,0.9404021805445449,0.8134818338724725,0.5738510379884864,0.345222910584278,0.7332559508239207,0.8791658912935726,0.9189214073525233,0.6153663240624457,0.2511514716271168,0.9684056634864361,0.31096179772580856,0.9036336081251808,0.09477518862836354,0.9098218963733605,0.8189646107950296,0.14445055737633272,0.2365216880025105,0.04753842174422329,0.9111715569552151,0.6971781477870778,0.7878885771280246,0.537634312431935,0.8581819948015437,0.4127061599340178,0.31882209545940077,0.7171756926080682,0.7099936004869117,0.8253627525751508,0.5322388519788213,0.38233890892532785,0.6336041100915168,0.20885303247163678,0.7092241193155845,0.43207678053421505,0.8398049255568628,0.5947533995646374,0.7181183655889646,3.7790608301592807
