center_0,center_1,center_2,center_3,center_4,center_5,center_6,center_7,center_8,center_9,center_10,center_11,center_12,center_13,center_14,center_15,center_16,center_17,center_18,center_19,center_20,center_21,center_22,center_23,center_24,center_25,center_26,center_27,center_28,center_29,center_30,center_31,center_32,center_33,center_34,center_35,center_36,center_37,center_38,center_39,center_40,radius
0.5427892399626139,0.40520780692628733,0.6894526297330733,0.27154939125668354,0.4377930749914595,0.9335363089738152,0.7432626292353938,0.6711001394345877,0.5264586617522826,0.754836561128366,0.1443019437950288,0.5765733169899123,0.521180211927201,0.9088713101950957,0.8469707457884483,0.8333339328058367,0.1831387766899435,0.15671643917439815,0.619370510475578,0.07690220130908443,0.8836628196922445,0.5424477220163285,0.10918995601068304,0.3864386762587435,0.925670773258814,0.5257887789467869,0.07887187705441234,0.9710066025802447,0.7993596868097016,0.11277865677248688,0.7811363008468267,0.37637021775349866,0.47331094610859803,0.17094815125300133,0.8642663240814886,0.32773384335365097,0.6179632209492893,0.13517490912182883,0.3941159101560988,0.6011095410999365,0.3872728291209854,3.1373002327161292
0.9675112618892834,0.8849331107642159,0.6984938734418171,0.1666916750913645,0.5389416423974992,0.9279904281130248,0.03051223453515206,0.30028326717200304,0.15217530223563536,0.19872174177746915,0.17288148027598638,0.8621216958985503,0.06700713786312085,0.9349516905124811,0.010062920029351385,0.49220804782779704,0.5585864735874527,0.8350998933623553,0.21723282393704646,0.9626537898459269,0.4602785267687337,0.03737742778259123,0.887712981476317,0.11591807405749721,0.3927782533926045,0.1590598207993169,0.17302396549872712,0.12022421999599109,0.03571294503377598,0.7421821886904333,0.26658563572645044,0.8357354363237892,0.9805677094618942,0.27735430925803506,0.05846689497308877,0.8426839265399126,0.9651150962227465,0.7062501885106904,0.13872309437059271,0.8165081577546573,0.8956256943464926,3.334366837602978
