center_0,center_1,center_2,center_3,center_4,center_5,center_6,center_7,center_8,center_9,center_10,center_11,center_12,center_13,center_14,center_15,center_16,center_17,center_18,center_19,center_20,center_21,center_22,center_23,center_24,center_25,center_26,center_27,center_28,center_29,center_30,center_31,center_32,center_33,center_34,center_35,center_36,center_37,center_38,center_39,center_40,radius
0.6171103177469134,0.7168290154049869,0.06796512657800946,0.7905038315520407,0.9339775430075984,0.5226968670193899,0.1701220978132164,0.9035935744436742,0.7864174601073634,0.19544495526800776,0.38328914388790436,0.4180315389529201,0.9602104412213058,0.033669614043808194,0.8979610047677872,0.4830956600648706,0.5654816879058167,0.40836271015585146,0.3978465766716217,0.204025633221375,0.7646379482909985,0.13385290756543144,0.3619617545694387,0.4210445940128924,0.36389117613918653,0.9022199975742753,0.7835777279179383,0.2838351199078075,0.07269334371381975,0.8745238338533583,0.7869587971954531,0.6300599002507926,0.5918162222525422,0.11395078956224458,0.6853804733023329,0.9611594237248112,0.020000792627395514,0.003340695683206829,0.0807882660275725,0.12059271293157836,0.5429056388830695,3.1938213515681224
0.9396709763155381,0.136350290653516,0.8873489857626776,0.017895690183654778,0.08656587383400216,0.46702905182947907,0.8666939345591443,0.0660754015414039,0.5223633273007348,0.9588853798981875,0.3678553194619846,0.744251781503156,0.46323185592281624,0.5466646371799017,0.5572815238175741,0.9274904708322042,0.7450180980867952,0.047893341857633165,0.6482068188043185,0.6037225167549416,0.47676771334017876,0.9589970992785309,0.6299615808387127,0.21262096394395025,0.40432894566570277,0.8597326837601308,0.10935291619620635,0.9839360741547275,0.8619239036002394,0.046995641778275976,0.30711754253811485,0.049175639906744006,0.9079443638752946,0.6309889873657946,0.48225071199373504,0.5776491362359198,0.9873438728622861,0.644358535331928,0.9574504330087099,0.8452968503508657,0.755973639230783,3.5979788848128487
