center_0,center_1,center_2,center_3,center_4,center_5,center_6,center_7,center_8,center_9,center_10,center_11,center_12,center_13,center_14,center_15,center_16,center_17,center_18,center_19,center_20,center_21,center_22,center_23,center_24,center_25,center_26,center_27,center_28,center_29,center_30,center_31,center_32,center_33,center_34,center_35,center_36,center_37,center_38,center_39,center_40,radius
0.523430817056498,0.9450077323315619,0.04561847254431861,0.3834859545945086,0.33756609137971494,0.49921003270664355,0.8261274733169037,0.210030483652072,0.290294635664219,0.3522000899749568,0.877306944899218,0.5404967696184536,0.5510589419196416,0.7227658462129338,0.784281027177487,0.212523540762672,0.7471206398695699,0.16704935626678763,0.7710527950439721,0.22719499431034829,0.18060844915659258,0.39218566599810023,0.784490159049283,0.12437148794365493,0.017487253622074816,0.9587814916428551,0.011652946090221605,0.9814112440069427,0.16776623257297374,0.9268908081389353,0.978633224537561,0.9736448084932192,0.22819113958786974,0.746174366813114,0.7766089960468427,0.7293864261368419,0.8612809422510586,0.2699510236189593,0.9319098489542087,0.2961186599105501,0.9466457693404255,3.5961719618788486
