center_0,center_1,center_2,center_3,center_4,center_5,center_6,center_7,center_8,center_9,center_10,center_11,center_12,center_13,center_14,center_15,center_16,center_17,center_18,center_19,center_20,center_21,center_22,center_23,center_24,center_25,center_26,center_27,center_28,center_29,center_30,center_31,center_32,center_33,center_34,center_35,center_36,center_37,center_38,center_39,center_40,center_41,radius
0.33423607201459815,0.5589032341385329,0.9434052835198111,0.8447336228044697,0.3143902145705205,0.3980647109594573,0.7598340694577403,0.8674199648904098,0.24440595365218576,0.661943699440736,0.4934908964595389,0.7910562361649007,0.6427045901147158,0.5141800624403299,0.19488009203697043,0.9190129886107393,0.8345254915828401,0.1497921037016673,0.45255123591118485,0.9445392750366797,0.5873514918152758,0.7281247921657353,0.9910554722969819,0.35419323530121605,0.2469505532640076,0.17082691707952624,0.3818252809624887,0.4734501575263079,0.8068445043875603,0.5086201835656953,0.8215076014510597,0.48955137676230676,0.8856382667209913,0.18828305332581285,0.7000390840344426,0.21587835234595265,0.17393723545905737,0.1373062874330495,0.13792570853828467,0.7515719323439929,0.34816354768803937,0.6583359962906642,3.1749256036154505
0.7350949035273292,0.6727488636571319,0.14327503369056016,0.13065523030661486,0.20118797604379035,0.5336345851367092,0.9633659895973636,0.28295628602191447,0.9298352523600175,0.21462006513014376,0.47326805860365173,0.1572476352398562,0.03514710351271133,0.6677004268195842,0.5180455592655303,0.6092951058001291,0.06626492094337677,0.8382795039737746,0.8587032528025722,0.5088164253003153,0.08134854531509172,0.01899477112610637,0.23730716459251744,0.3540136989223265,0.9957647724231788,0.3569487721328667,0.008660961015344637,0.33921511407785687,0.2895572471857707,0.024128157507092185,0.4197895280986458,0.724853703157102,0.2810808742940698,0.567557365410235,0.07044600092681719,0.522738660005755,0.9389228981001885,0.6699432238342353,0.9055070595677229,0.5885157091727654,0.8036956751413613,0.71129372044944,3.349032642464016
