center_0,center_1,center_2,center_3,center_4,center_5,center_6,center_7,center_8,center_9,center_10,center_11,center_12,center_13,center_14,center_15,center_16,center_17,center_18,center_19,center_20,center_21,center_22,center_23,center_24,center_25,center_26,center_27,center_28,center_29,center_30,center_31,center_32,center_33,center_34,center_35,center_36,center_37,center_38,center_39,center_40,radius
0.6371736156042941,0.47809427460019416,0.8954816095279492,0.16943094775885514,0.9394237469273072,0.005185223906301717,0.9621773743855333,0.2823397563823936,0.2822277835645911,0.583663201231377,0.7093965866180684,0.08264644644228225,0.39513983759260785,0.17718083975219578,0.4770466357017934,0.3550514151843478,0.5246659891054613,0.3493230208344704,0.48174195628384087,0.15489537424841182,0.33582174447879465,0.421183284393171,0.549294566095749,0.10172325784772163,0.5854773263826747,0.40863540617814853,0.5852380589255867,0.7476456731574078,0.19800924465657788,0.9832574933548859,0.5339662099357356,0.11371516993528374,0.3216919120789409,0.8891974574548323,0.6935343619201194,0.5644356374502085,0.7742667549369557,0.818378552038562,0.025045251798556545,0.371613718502968,0.11746193554380813,3.1514399634231123
0.824816219581403,0.4663589685440884,0.24008290445610636,0.1518403047840995,0.025512210423489168,0.7323762239064792,0.02171365226686528,0.8134155100369476,0.8157898116524711,0.21432940126627353,0.9757723526374743,0.7469014967287956,0.2124070061522808,0.07451555703113,0.062314667535726675,0.7962899668079727,0.6319621298514326,0.9832124938425283,0.09601207440717874,0.09210851433292244,0.814917062663704,0.8881275846327609,0.6297147691722107,0.9009267383119469,0.9653060909562597,0.5377864455621947,0.03489262903474799,0.38051770354413306,0.9764835349785559,0.1775746074802098,0.05792780859760649,0.5946220492464459,0.47467015030261317,0.03108838882973719,0.9272561403920782,0.41786839626193584,0.7511780703321235,0.5552400308949741,0.9536918359818926,0.6942884508836616,0.8886983457202356,3.607646357942399
