center_0,center_1,center_2,center_3,center_4,center_5,center_6,center_7,center_8,center_9,center_10,center_11,center_12,center_13,center_14,center_15,center_16,center_17,center_18,center_19,center_20,center_21,center_22,center_23,center_24,center_25,center_26,center_27,center_28,center_29,center_30,center_31,center_32,center_33,center_34,center_35,center_36,center_37,center_38,center_39,center_40,radius
0.5558272689312564,0.9709729762773894,0.9878819279107691,0.8267809584585879,0.012792115795081105,0.3482032471810952,0.9027200454941584,0.6266221779572871,0.46864794636607454,0.14228780230692062,0.8414973104104052,0.6202848291015896,0.5314536336961747,0.39764833652938103,0.5652945896516806,0.921569337982739,0.19692699883243614,0.36824804663372357,0.31440296985745086,0.6329754012153667,0.3910998540485011,0.6475146311590473,0.08728426216506058,0.4142608467757488,0.13311896885338104,0.006848800066078686,0.2924092149963413,0.6849307221989622,0.6044167047676966,0.49216315770927355,0.02770078322426639,0.13496801661518698,0.6612295434119774,0.445331663559574,0.34810878543641166,0.13186571258377988,0.22084882984302823,0.9721080654436962,0.5333779887869987,0.3664374671731776,0.846358544866097,2.985768063517998
0.4054832962178416,0.0036562166099267657,0.13271948281310209,0.5121043983952183,0.24293629602122346,0.42380624881961526,0.7855160396127012,0.2064563087529997,0.5571422562759202,0.8785803210492237,0.2134787255952686,0.28811746584107056,0.9430934086900395,0.15755845385732958,0.25367582888886164,0.1669798693557929,0.6113002740667501,0.3076852515547822,0.8497661076206624,0.07719376292977398,0.9126986808248586,0.6161509493545626,0.3350625868014203,0.9369178965028695,0.6178179511845932,0.22826976077693206,0.26686368497342816,0.9352729552273091,0.32993197057171364,0.8508483820171479,0.6280716081637921,0.6745295697554734,0.051592738011958295,0.9174897226446762,0.058536493926432454,0.5904646363588861,0.48979317530444544,0.15729983289596083,0.19888600207886953,0.9469773296603541,0.2176324558219035,3.3246252570831145
