center_0,center_1,center_2,center_3,center_4,center_5,center_6,center_7,center_8,center_9,center_10,center_11,center_12,center_13,center_14,center_15,center_16,center_17,center_18,center_19,center_20,center_21,center_22,center_23,center_24,center_25,center_26,center_27,center_28,center_29,center_30,center_31,center_32,center_33,center_34,center_35,center_36,center_37,center_38,center_39,center_40,radius
0.02568322531730005,0.42923243827575575,0.7156176385959159,0.5823882408698894,0.6564152253967772,0.8559836329109649,0.16653490592538667,0.7097576972098916,0.052003904414057334,0.5223558211530692,0.8720006301449408,0.28877907435502115,0.19701867441098664,0.46137588730287404,0.13131058849162125,0.21602024097345074,0.7997126190422263,0.989647327918858,0.33189204559744834,0.709941619917999,0.5208142090119093,0.12727673092569358,0.015928201452370283,0.8231618583711569,0.9113766908965019,0.3680437449954037,0.020432103701705673,0.42048255838106274,0.6392500495096658,0.3272163135628767,0.12376283189610127,0.36688465708251605,0.13542145601283595,0.7462230935168829,0.1841475420090526,0.6883573981085225,0.838992967928173,0.3233528702423837,0.23926368788606722,0.8264580736177003,0.5349734425167775,3.048664552569202
0.9083766606166458,0.46296002165377903,0.5600190661244063,0.4367233453787067,0.8591322494668308,0.8078223867513963,0.9704291769070503,0.6406630192005462,0.7264121459303208,0.017893874782891617,0.1570570728763827,0.8257554576575132,0.5328134368488454,0.09048309504431651,0.06936767371610231,0.39487665040958564,0.5312333616320678,0.16589914926824223,0.8501802719456995,0.9536728494327646,0.6334656694231631,0.3525932964110642,0.8075577865417476,0.6481823731220101,0.5428481683730594,0.6357802134066662,0.827783973279525,0.6567040021057349,0.3289116699945246,0.7304010595153025,0.36040026918986134,0.9529016717770874,0.9919362059036413,0.8004408448229231,0.7367200085995277,0.007974521845186988,0.8795898500147088,0.7276679786850931,0.8120138088780521,0.04425250961293725,0.6671962581487885,3.6033479272952826
