center_0,center_1,center_2,center_3,center_4,center_5,center_6,center_7,center_8,center_9,center_10,center_11,center_12,center_13,center_14,center_15,center_16,center_17,center_18,center_19,center_20,center_21,center_22,center_23,center_24,center_25,center_26,center_27,center_28,center_29,center_30,center_31,center_32,center_33,center_34,center_35,center_36,center_37,center_38,center_39,center_40,radius
0.5155292706887568,0.4934607937563299,0.6518102195349451,0.691971596623117,0.6756842923068292,0.21834070273975226,0.28100024587582495,0.737952649086731,0.9365736395748787,0.5206690451959928,0.43253164079573936,0.7459098911944423,0.9927308125089755,0.18349089180174727,0.022356401452422903,0.9819342720809954,0.8551528734009488,0.4509095036316634,0.8455157180588053,0.3334142890184695,0.8343778989113512,0.01170481378558752,0.8115819800699622,0.7248013801972326,0.17107641528227047,0.978925485470608,0.46454749638218984,0.5223239243270985,0.6011619756909384,0.7881294757876856,0.17814156701127104,0.25562253972100624,0.045792970222412355,0.7318579245665949,0.8297965760770075,0.9822747656770832,0.4855743554200521,0.6395253820793363,0.2696969957949551,0.8216995685071727,0.8965513545607975,3.6514376398147337
