center_0,center_1,center_2,center_3,center_4,center_5,center_6,center_7,center_8,center_9,center_10,center_11,center_12,center_13,center_14,center_15,center_16,center_17,center_18,center_19,center_20,center_21,center_22,center_23,center_24,center_25,center_26,center_27,center_28,center_29,center_30,center_31,center_32,center_33,center_34,center_35,center_36,center_37,center_38,center_39,center_40,radius
0.5428295298806625,0.5132615414878511,0.37007615959293994,0.14857984707424143,0.7630482461398377,0.4336923928603139,0.13204758115263115,0.9968118149791448,0.5627259371008094,0.9248950037933338,0.18179494686599995,0.7319112960556179,0.6849315321832188,0.321599346457343,0.1382153458911839,0.6313638787278679,0.07699329984538583,0.33469415462378815,0.7939699525317518,0.6725965339549158,0.3514206155404451,0.6002219004886928,0.3017587519348921,0.6389134898542396,0.9876483267834935,0.2774491512543923,0.3487560629457388,0.02826087788987297,0.46261694925204244,0.6541700658405177,0.4085918785253948,0.2568505244681403,0.13921128957745166,0.5707336335362911,0.4806673225936825,0.07430137961037164,0.9562942881042491,0.3766681922850075,0.6629332066804745,0.030202843971277815,0.93341566164376,3.224112376628032
0.17597152779693082,0.5267814175230273,0.4113342589526964,0.9255891768428052,0.8712910953188907,0.09185693940415529,0.48645605244515433,0.09711244709332434,0.5981777492516789,0.8661549957634014,0.18932122211942137,0.06900736170866273,0.1319356808607356,0.7017520299175131,0.7301492516214567,0.1005531537915183,0.33137524736099966,0.0950116463448688,0.14669220144786266,0.08872496261278395,0.7015150887363738,0.0968300124289807,0.9746898567393802,0.06377312817460756,0.07592350065700026,0.9627975347555391,0.5119823213072571,0.8391078177138581,0.4153457638552478,0.41287577493659045,0.20410958607866048,0.9968361434534798,0.8086915710432799,0.47499156947987986,0.978261686439628,0.6395188622955579,0.003911328298159433,0.7996645545311454,0.19346573627694585,0.45399561092265206,0.15607140317983215,2.9138797067487663
