center_0,center_1,center_2,center_3,center_4,center_5,center_6,center_7,center_8,center_9,center_10,center_11,center_12,center_13,center_14,center_15,center_16,center_17,center_18,center_19,center_20,center_21,center_22,center_23,center_24,center_25,center_26,center_27,center_28,center_29,center_30,center_31,center_32,center_33,center_34,center_35,center_36,center_37,center_38,center_39,center_40,radius
0.7606293961304225,0.9901016129992529,0.5617348719855394,0.06557845358685366,0.8771743510843949,0.9759619070171867,0.8339765636824682,0.45913304369596974,0.2787076250548589,0.5150959275710799,0.6750010385754035,0.28904891019334655,0.38766572803550725,0.8807177006176303,0.8201990526320473,0.564464451909209,0.06348024594840784,0.8638713471838478,0.8279638897292493,0.5134548516226208,0.43893081924332744,0.29683830598165306,0.028085883138513124,0.953128401658584,0.8298252030379609,0.09681899647182335,0.61643168223198,0.9606842896487549,0.7189161606808097,0.11572255976908374,0.07891747153525319,0.21943960042081911,0.9507772027282304,0.5949757114303067,0.7032389887334181,0.44375104529328124,0.45014971067857457,0.9847706782085542,0.6689436884307799,0.9483357586594596,0.09116752865854016,3.4906086065891353
