center_0,center_1,center_2,center_3,center_4,center_5,center_6,center_7,center_8,center_9,center_10,center_11,center_12,center_13,center_14,center_15,center_16,center_17,center_18,center_19,center_20,center_21,center_22,center_23,center_24,center_25,center_26,center_27,center_28,center_29,center_30,center_31,center_32,center_33,center_34,center_35,center_36,center_37,center_38,center_39,center_40,radius
0.787509146772864,0.8314853129759946,0.09084512151168944,0.39456796477711276,0.8239530534637778,0.644678977229822,0.0413710632082952,0.7115850782345203,0.03430070652524653,0.27174088451154954,0.24453791601862418,0.34563359323761755,0.7170268124068953,0.021342870511374068,0.5413154429541219,0.6674545846919492,0.6225898892836634,0.3022189015875062,0.09937215823549939,0.1291473905122782,0.9060269909328437,0.26750510753369516,0.5510820506040339,0.05886030400421227,0.9507312277875022,0.9459746616959867,0.35833350815477694,0.44589565659538855,0.7656151828540398,0.42899266004421155,0.5748670327306207,0.18757340018007662,0.2171677229173532,0.935095230439348,0.14563513809700857,0.05347546638033318,0.6725833000992126,0.8875346070843546,0.800631401280655,0.08157811850850505,0.25265784165258187,3.1556394408400608
0.34112850148100193,0.823288492430161,0.8852617190547919,0.020531772733102804,0.12845464954950736,0.726414991355574,0.9225148700297522,0.5040216397351291,0.09546635058726871,0.9340723142154043,0.5944595565446759,0.30420113630185563,0.5761544741190993,0.31081605211977126,0.16449637196308897,0.3220708636566958,0.015490232561458095,0.059922236052961875,0.7087202137749908,0.2975992834185064,0.5934829395893626,0.6053830300598542,0.3724640851798948,0.7433855544613,0.5112380716127953,0.2109988428791375,0.7052242282770862,0.6388993883373569,0.8022519679049271,0.5079612224456471,0.462934137288492,0.05184223923911235,0.9976115098816085,0.06001631150089848,0.9503168669509865,0.659505667731436,0.092317489591622,0.05575583278729146,0.19697477068307134,0.9662274326883975,0.5149392372009434,3.2574398023415516
