center_0,center_1,center_2,center_3,center_4,center_5,center_6,center_7,center_8,center_9,center_10,center_11,center_12,center_13,center_14,center_15,center_16,center_17,center_18,center_19,center_20,center_21,center_22,center_23,center_24,center_25,center_26,center_27,center_28,center_29,center_30,center_31,center_32,center_33,center_34,center_35,center_36,center_37,center_38,center_39,center_40,radius
0.7770172033359652,0.5772802476287092,0.9113355794491342,0.781686104198225,0.4128001553340388,0.32705117940873407,0.10277990175117602,0.3933361987125088,0.49379751532352123,0.5037083515117697,0.9438964052166495,0.9741194004738637,0.4873407761184898,0.8148288048316915,0.12269511887397466,0.7421658365745829,0.5658607604007055,0.975556931405055,0.09223112361558827,0.5907586095609842,0.01250818074427218,0.6721939902543078,0.19520465613359383,0.125966575108861,0.5934211979015707,0.4961398516403014,0.9455914394503251,0.27398660565669486,0.9667070500794326,0.5957454144758314,0.9315877340954608,0.21564690792800134,0.022183034704122195,0.094398030542583,0.43678767851834044,0.18602432215418652,0.25127398082079033,0.5213190267768019,0.390606390296968,0.7099729100004293,0.8542764245828272,3.0950231556151793
0.206999612662369,0.09551320163908583,0.20709028635540605,0.09898444257499361,0.5527920930085913,0.29369846487555573,0.9738791744489302,0.7596518032249399,0.4246596730771227,0.2819009573199055,0.36143196609254336,0.08486103873034978,0.18865727094517126,0.09355193180532417,0.5729951119289506,0.6550928982976522,0.06601047966049389,0.8992318040990466,0.6003880017808051,0.7565565906249172,0.60918043769112,0.15770492302961725,0.7693844900123818,0.9930737974492021,0.39584042667461405,0.4339833627196231,0.16234566186222443,0.556216092272542,0.033191747359472834,0.7425955871930219,0.04806520890595689,0.809444172647228,0.0774748943432424,0.16501983462585157,0.7692676720896158,0.7067751453449513,0.9809477953747262,0.18488758203077227,0.4288494178199087,0.9519320434198129,0.22580983607849991,3.316661553863873
