center_0,center_1,center_2,center_3,center_4,center_5,center_6,center_7,center_8,center_9,center_10,center_11,center_12,center_13,center_14,center_15,center_16,center_17,center_18,center_19,center_20,center_21,center_22,center_23,center_24,center_25,center_26,center_27,center_28,center_29,center_30,center_31,center_32,center_33,center_34,center_35,center_36,center_37,center_38,center_39,center_40,radius
0.7575666223052071,0.0015859333239487405,0.7235464793425035,0.6909694952547724,0.7067678525367738,0.38092512511646337,0.01897870872656937,0.062097872229784024,0.8515446871933718,0.6458184657014201,0.5512373921261837,0.175818655134221,0.7201312703788697,0.7966423958288337,0.3921616158087593,0.17733120214470888,0.23804699141618169,0.8249642229542974,0.5913015248951872,0.9778843339176648,0.8479424646639183,0.09564580228691288,0.3531281046423467,0.045227664421280456,0.6301612623901485,0.5338180478023763,0.4497308744791366,0.7174140390148863,0.1628152386386601,0.1346779082121078,0.21912070010814888,0.9369793004951148,0.4666413123102138,0.6987973319085162,0.16761130109420097,0.11188625771502836,0.0034135862231112757,0.2775628472645745,0.8179647489496853,0.7336601428089813,0.19895235386170262,3.1850596048941275
0.07011266411260852,0.8969716933566325,0.7041492061512441,0.0010869657364178664,0.3605495863374887,0.6589595022306968,0.15407339639312312,0.6351991182400867,0.08384105481223303,0.9317219141028895,0.9586498346043143,0.7142448395379973,0.39759719307999775,0.7347372600563179,0.03014628642875139,0.8964632510708251,0.7300812540521718,0.24168177395094037,0.7940211962010355,0.5928998869214116,0.5678987131498499,0.4342959256095903,0.49014605875850614,0.7772683328261708,0.7700377656902151,0.899437439939746,0.06392674656208897,0.07492711244419636,0.3206417388069308,0.5936020492193836,0.705074358886052,0.3336798954360959,0.9074895086110043,0.6938666101244275,0.8830871697985558,0.8750448916115158,0.831115586775146,0.15986141998887837,0.7977287223947672,0.11552087638552633,0.9588812375588818,3.484081745462707
