center_0,center_1,center_2,center_3,center_4,center_5,center_6,center_7,center_8,center_9,center_10,center_11,center_12,center_13,center_14,center_15,center_16,center_17,center_18,center_19,center_20,center_21,center_22,center_23,center_24,center_25,center_26,center_27,center_28,center_29,center_30,center_31,center_32,center_33,center_34,center_35,center_36,center_37,center_38,center_39,center_40,radius
0.002904124304528022,0.8538189776478329,0.2991457500001983,0.18974292020487638,0.12123920339639949,0.8629788431401231,0.4780325069308866,0.5669330636555596,0.7333685012838075,0.1124764799156115,0.8133484824236326,0.11338013702091065,0.17968428509873502,0.3852001903330886,0.4196824581486829,0.986154710085806,0.18181611935004593,0.4374072288815404,0.8564828366220218,0.6350899123777745,0.586106814075542,0.7755961663047297,0.655413505067973,0.6940768422973821,0.3441100219210578,0.65619410488026,0.8557246173158906,0.5716160716953042,0.920989355681181,0.964347904306353,0.8701823135557594,0.8891261494171204,0.09085652078491446,0.427747793763402,0.6451676587275857,0.9225496183557864,0.7204543951420568,0.8286886645354231,0.709245365611223,0.41571240977318735,0.18893938770775087,3.491340282794861
