center_0,center_1,center_2,center_3,center_4,center_5,center_6,center_7,center_8,center_9,center_10,center_11,center_12,center_13,center_14,center_15,center_16,center_17,center_18,center_19,center_20,center_21,center_22,center_23,center_24,center_25,center_26,center_27,center_28,center_29,center_30,center_31,center_32,center_33,center_34,center_35,center_36,center_37,center_38,center_39,center_40,radius
0.6513350575980547,0.44298768170492064,0.6831123865027828,0.013603897669944853,0.27364061721489485,0.9131775912819484,0.9992038268684985,0.95927260518605,0.640927423526045,0.6945391995448711,0.9781448720037402,0.9655190742409159,0.15852025636616096,0.5703443629789724,0.18053394914247878,0.6535825220349392,0.6438617744803891,0.30265301165308356,0.5520242581449215,0.21306071979624963,0.21432281529740327,0.5342361379514733,0.7007469795741951,0.5318981312545866,0.7664094599674447,0.6184901778852476,0.6927086104704535,0.09771160226488806,0.47680704154025666,0.7354646396841906,0.7441430086718364,0.9776428908371418,0.8995899133036062,0.8972375157678697,0.06264586546660278,0.6997121113863807,0.4769761108915753,0.706432158995747,0.5979788209028682,0.8100101129323143,0.16436282070214137,3.466076538856979
