center_0,center_1,center_2,center_3,center_4,center_5,center_6,center_7,center_8,center_9,center_10,center_11,center_12,center_13,center_14,center_15,center_16,center_17,center_18,center_19,center_20,center_21,center_22,center_23,center_24,center_25,center_26,center_27,center_28,center_29,center_30,center_31,center_32,center_33,center_34,center_35,center_36,center_37,center_38,center_39,center_40,radius
0.02627809738128528,0.8947896121494545,0.1610521964904088,0.8951511263597896,0.6908777548744623,0.36724892980616497,0.4101747976819752,0.769629706594071,0.7289094755641574,0.6915829603466881,0.9631633218424324,0.10966452257776726,0.5826991761839463,0.030919646041908555,0.16201732352495846,0.79879115271744,0.021515890631250145,0.3084202874499047,0.4904326165343368,0.16113133490272813,0.5493464484293947,0.5533458740944891,0.9021479758550404,0.9754042775686832,0.293249995674031,0.6538701695450684,0.4536644386604739,0.03232004881173478,0.9211329906322293,0.9295387204404236,0.4946336379941584,0.9704201028108539,0.9554775617283733,0.7984886242015907,0.40300116076483916,0.29798634751266606,0.5336964322894642,0.847588236057565,0.22190124946002476,0.767664246373845,0.761051756909902,3.0202605692989133
0.3920165820215551,0.8421888834306738,0.7288630158943517,0.12295812896890124,0.6876947458268199,0.10372998470622241,0.06452916871728176,0.03061326817564236,0.5943414300492471,0.677222701107464,0.38247945619791224,0.3176647927077533,0.9844651440309682,0.8458299805851381,0.941341336109371,0.1585369630121649,0.34371430152892213,0.5595892791867108,0.01107866666692603,0.7636329750787714,0.6476311730734784,0.2683203554937461,0.44485254558940324,0.6330871213481487,0.43356788714957584,0.9731261455925857,0.2140179707088512,0.9452901669193646,0.43789134701769106,0.34210577018509947,0.7994040643785172,0.26727699699247354,0.058287223455486314,0.3716055800673558,0.6415817454671668,0.979155109550261,0.29990516302302794,0.141387233793817,0.656255309572033,0.8015520552476249,0.12376981458137637,3.250751702013749
