center_0,center_1,center_2,center_3,center_4,center_5,center_6,center_7,center_8,center_9,center_10,center_11,center_12,center_13,center_14,center_15,center_16,center_17,center_18,center_19,center_20,center_21,center_22,center_23,center_24,center_25,center_26,center_27,center_28,center_29,center_30,center_31,center_32,center_33,center_34,center_35,center_36,center_37,center_38,center_39,center_40,radius
0.34689724115881915,0.9009193719536974,0.7788087526734295,0.06900775618700983,0.1284540960397882,0.04885587707250805,0.9815876166267492,0.05152676943180223,0.04832370949253495,0.9034276974638565,0.8448180086693675,0.5915413345688821,0.5631270569470557,0.8634504624552213,0.8404237830236918,0.32381018878197587,0.7000518906106051,0.34698525089356613,0.8019977980403517,0.9106706084016313,0.5000838303500289,0.1614901494540243,0.7363501358666614,0.2507740812965269,0.5279602002598344,0.8594021421962701,0.841923638640639,0.09892458295520279,0.9155318923801333,0.39321113010004527,0.8480913380221746,0.9604267980692345,0.8654418719619583,0.16888165065659044,0.947611885376424,0.7138005871888664,0.5377660115534248,0.271261376553088,0.9676249134065918,0.4142375770921035,0.4823499226470258,3.496358173356625
0.4896020528283914,0.9560949289876348,0.2590446596710779,0.9234179488742756,0.14830163724687428,0.9941204186046575,0.647229196008616,0.6698058545616882,0.5782716079448246,0.030427208962301222,0.9298519411079806,0.9998895283258502,0.08067050311340385,0.5425079124730129,0.21989071108088454,0.4794219396471886,0.06203795301254622,0.9618771733830056,0.04028115467016935,0.20831339196739995,0.32086527632040596,0.9265051320431021,0.3981691266786447,0.5094378289953172,0.07137927717214265,0.449551541339574,0.06489884344323238,0.889620419448382,0.12339834145404549,0.029040051491547425,0.09317434169104855,0.18275288279134827,0.5119152017000195,0.7724603781542079,0.04931302750801292,0.293410637294634,0.6043618675506046,0.6042483170175702,0.05882876065643794,0.5494705172309092,0.4396269019604573,2.9596197612225326
