center_0,center_1,center_2,center_3,center_4,center_5,center_6,center_7,center_8,center_9,center_10,center_11,center_12,center_13,center_14,center_15,center_16,center_17,center_18,center_19,center_20,center_21,center_22,center_23,center_24,center_25,center_26,center_27,center_28,center_29,center_30,center_31,center_32,center_33,center_34,center_35,center_36,center_37,center_38,center_39,center_40,radius
0.7545016226375817,0.5771391576047787,0.4336820181914012,0.9416345729187309,0.2058129420938105,0.7193223965642668,0.6978035164435757,0.5381166678621887,0.03266635548401964,0.3647492354408439,0.868385148445159,0.3035111687843306,0.0824181927374289,0.5631903476521671,0.7344681535610721,0.33440588049039155,0.12178159896966134,0.04040453132998889,0.9722452732230416,0.6778926967964057,0.7252179081848801,0.8165428903453396,0.37285079000913235,0.008195294467391423,0.993897206408368,0.472010233831458,0.7952798687084313,0.452197567960668,0.31194171409986426,0.20865501436635792,0.855049543976888,0.6011378049794406,0.6150486390086392,0.5689771624661029,0.39754983054245063,0.1031522136518227,0.37988371134290744,0.7390605399655488,0.9520233901135363,0.050885193748027246,0.44289399861279877,3.2446458025750164
0.09423621444036079,0.3961368320699047,0.6747804153796998,0.25224451935818726,0.7829055923978248,0.4292896995681822,0.7589243545205793,0.5081265406424057,0.978618751053954,0.40470096327392746,0.35414241108682387,0.9927730982027696,0.7538913275272242,0.08266427498867623,0.02267040787944752,0.4045625294691574,0.9717956037341601,0.17619347222889103,0.01579855808120656,0.6610244729425911,0.4288391111893233,0.9811874858711924,0.19473944786154396,0.8196204181307685,0.32911311656027786,0.8196216447478003,0.5289340802247675,0.9312421173259777,0.8014650249692848,0.7509329097200165,0.5899343500858086,0.5076585148424567,0.152074454339707,0.41622377130102817,0.4584819598571389,0.02517501723451443,0.008946954942287921,0.09194372224840874,0.11472731173076078,0.9896924759658089,0.32707499846445687,3.0923472447158895
