center_0,center_1,center_2,center_3,center_4,center_5,center_6,center_7,center_8,center_9,center_10,center_11,center_12,center_13,center_14,center_15,center_16,center_17,center_18,center_19,center_20,center_21,center_22,center_23,center_24,center_25,center_26,center_27,center_28,center_29,center_30,center_31,center_32,center_33,center_34,center_35,center_36,center_37,center_38,center_39,center_40,radius
0.37523183327954923,0.020779726512019314,0.24137696693618926,0.13278900779379121,0.19034315739067886,0.7020784336533924,0.5415787988262057,0.4120492977508927,0.4084854023698282,0.3177633341298527,0.585002646038891,0.6890305540410855,0.7636055194618527,0.5488414370365925,0.26500910764143404,0.40229533532500694,0.9442006102795114,0.035225262663979295,0.750253483358462,0.16474009228938846,0.23360268358347303,0.4931502967729997,0.7367981541333575,0.7396743810659965,0.47719252573043225,0.056244328627077955,0.29820966623530887,0.7588350321373053,0.9170827039457468,0.6971408423791189,0.6125874282340404,0.6265231018632655,0.7944613103948855,0.47607771126724496,0.4706311131696943,0.8996474127312679,0.8860767275282494,0.7270193440699734,0.40307120662264573,0.7955781350665239,0.3935191740962558,3.216222955615518
