center_0,center_1,center_2,center_3,center_4,center_5,center_6,center_7,center_8,center_9,center_10,center_11,center_12,center_13,center_14,center_15,center_16,center_17,center_18,center_19,center_20,center_21,center_22,center_23,center_24,center_25,center_26,center_27,center_28,center_29,center_30,center_31,center_32,center_33,center_34,center_35,center_36,center_37,center_38,center_39,center_40,radius
0.5685162848170671,0.0966603441102527,0.04368383380754992,0.8489305736316161,0.6647650044415625,0.5223180192169646,0.3361709413183901,0.6172728483562556,0.08378720128680717,0.8611200088309119,0.8507438697199406,0.4401301675091357,0.3548409133152697,0.40516286452486705,0.8653303172606412,0.7585475585409425,0.8330452827795175,0.9020790458774304,0.4364882428992305,0.4824916634717997,0.05654095630595879,0.3574226098526323,0.8227115049971313,0.7125875253914719,0.12002191602468204,0.008638412769851445,0.12438234853926089,0.3072763729141974,0.4467249878399475,0.9074427453132454,0.09226929182264954,0.4135550537684426,0.6617686777603343,0.09261205817366103,0.6025461743584963,0.7890358748240573,0.31351843872067786,0.8032375676528859,0.3166346980974025,0.5603395410385553,0.3880515350050405,3.2682117105845037
0.17528297814770466,0.8016783495723456,0.8616145909715011,0.04227530268480384,0.18695640527794477,0.5681059112091316,0.9483996511305626,0.7445082973031351,0.6944798964416675,0.9323638898972807,0.2181938621010291,0.8145917773471273,0.6064494829091681,0.04981892816137401,0.037047230297162725,0.43201717735292455,0.1303636153399207,0.7383302150216219,0.6943187200587324,0.7465775550848639,0.9744517220590461,0.570504110833538,0.09909364107562124,0.5680329127224762,0.9498531545943277,0.26046738829801575,0.3504217599498849,0.5040142818606655,0.16022192288144388,0.14922029054570618,0.7279812720460888,0.17332510909322452,0.8818602229809969,0.8655497050641661,0.2745940620805548,0.016511542305011506,0.7414172840917497,0.1293351315632314,0.22516623722146967,0.9148610399635704,0.5663607997118999,3.167481133732032
