center_0,center_1,center_2,center_3,center_4,center_5,center_6,center_7,center_8,center_9,center_10,center_11,center_12,center_13,center_14,center_15,center_16,center_17,center_18,center_19,center_20,center_21,center_22,center_23,center_24,center_25,center_26,center_27,center_28,center_29,center_30,center_31,center_32,center_33,center_34,center_35,center_36,center_37,center_38,center_39,center_40,center_41,radius
0.06999056752139576,0.8066040023220767,0.06258980134302594,0.9836829452427587,0.7624701726184089,0.6901135156189874,0.6287220286679888,0.28287792195807104,0.8118563950107391,0.9468363952225632,0.7937133330211604,0.42950529279924154,0.10942852347205179,0.2247491385395164,0.8007681948529232,0.0619545444538846,0.06550151624894562,0.7498464596354435,0.1676872564530023,0.8983630793561015,0.5435289707210595,0.8106067126195955,0.061464676962746934,0.23845295678431255,0.44648654063683757,0.3719967776361244,0.4948961098208805,0.8897730090356176,0.05439647501555345,0.22494604459541434,0.6166710864745008,0.227615756175778,0.7006277419926686,0.1768204123522651,0.5397070857782167,0.654272031587892,0.7364293332160562,0.3296300698442798,0.6858452143335785,0.4530893809197232,0.08553167214109292,0.8102960440647993,3.0222054456590954
0.570210260562724,0.9704519488973224,0.906094033052112,0.12765837538748648,0.3669006215713069,0.8127626151024971,0.6397788231834042,0.08008659538879559,0.20909027778968725,0.12032511691875702,0.9093205551183009,0.6950852769835868,0.7873900769935658,0.7705669571525617,0.517511982133863,0.8476487875894823,0.5205016157233179,0.2606042857117208,0.13203433584866442,0.11370611592828472,0.07820879544848336,0.11754778931018173,0.37725662364669643,0.913012809931984,0.6327416397037408,0.6567461777573453,0.6187257369651082,0.18530076479886537,0.9625484614909066,0.016269000414215085,0.9005569116534373,0.9128045265661625,0.6903227690045683,0.47302559546903866,0.7495975239256999,0.5867140774863246,0.8071861906940457,0.5350105736754306,0.7602876250729377,0.04072541982862399,0.8218927776289542,0.26264398329797745,3.592980191228433
