center_0,center_1,center_2,center_3,center_4,center_5,center_6,center_7,center_8,center_9,center_10,center_11,center_12,center_13,center_14,center_15,center_16,center_17,center_18,center_19,center_20,center_21,center_22,center_23,center_24,center_25,center_26,center_27,center_28,center_29,center_30,center_31,center_32,center_33,center_34,center_35,center_36,center_37,center_38,center_39,center_40,radius
0.8988092091862436,0.4150986235951628,0.9731933615603484,0.09867473986568776,0.7646494402679963,0.45409262573372844,0.35148848635526286,0.4975637327572866,0.6949195390111959,0.30783927235049613,0.9289299241292058,0.8196452688395027,0.4203867492830702,0.5598778863305544,0.42689459875977065,0.13607117677954317,0.5874889003089839,0.9024555472603881,0.13439476353305257,0.9317383012430509,0.6099966350281687,0.7702186040707074,0.7556980449722525,0.5793899640521738,0.192290413497735,0.5727280735848671,0.854677086152633,0.6059428742208532,0.04108557796178636,0.7336678024889388,0.8755122063436515,0.0031736124998844595,0.8423721074937879,0.22997190001267886,0.6494430308081648,0.5219129999815577,0.6563866877079704,0.8393986770903852,0.7183699304607206,0.6244198001296279,0.9506146523105176,3.406715176090729
