center_0,center_1,center_2,center_3,center_4,center_5,center_6,center_7,center_8,center_9,center_10,center_11,center_12,center_13,center_14,center_15,center_16,center_17,center_18,center_19,center_20,center_21,center_22,center_23,center_24,center_25,center_26,center_27,center_28,center_29,center_30,center_31,center_32,center_33,center_34,center_35,center_36,center_37,center_38,center_39,center_40,radius
0.07103904476059608,0.18189842812557622,0.5056818811238936,0.8867669554933011,0.6677467057068207,0.5668729660998862,0.4266258235224173,0.583122261147015,0.939459433763183,0.8970769443621048,0.8519274460633633,0.5378107335710239,0.29923822888827345,0.19905455183461107,0.7247322785553084,0.8323571974045815,0.6798106425350722,0.7795852362768154,0.22460423292891318,0.5722429585189608,0.41861157931047877,0.961190267886351,0.828125852666853,0.8190135549736829,0.45666685956151976,0.36806955670059194,0.21599284693571763,0.3278344610574524,0.3346301714202101,0.40889420467212856,0.15412347001059945,0.16098500845215225,0.29998540228196213,0.2648521801440391,0.7147016146191876,0.783456824118252,0.8461261900570842,0.6926886528858442,0.8784770220245058,0.6587776994806087,0.8853626166936124,3.4258480775914055
