center_0,center_1,center_2,center_3,center_4,center_5,center_6,center_7,center_8,center_9,center_10,center_11,center_12,center_13,center_14,center_15,center_16,center_17,center_18,center_19,center_20,center_21,center_22,center_23,center_24,center_25,center_26,center_27,center_28,center_29,center_30,center_31,center_32,center_33,center_34,center_35,center_36,center_37,center_38,center_39,center_40,radius
0.42211500811384384,0.7302172687841775,0.9138093697987086,0.6702383138680877,0.3812787680412173,0.5055748324828278,0.9335343267082452,0.37286179080216975,0.013118847240637943,0.4374327949241402,0.5662003462336258,0.5806563212941928,0.01393544385771317,0.05997937035903922,0.3013841334760591,0.22678789689499268,0.9536586465521382,0.9171618769445,0.9512952932706754,0.003620906029961346,0.011677065704700729,0.6290837671120094,0.2921572219528683,0.2750601137752865,0.20643669347793314,0.2895519296292284,0.6309952754937784,0.12980865901144167,0.8036600767832572,0.8360818656985096,0.7788188621412726,0.571215135400745,0.5050962018654336,0.7365426499711908,0.6333803663722711,0.07327462891919367,0.9464011928938352,0.7686070856465598,0.3072784636749689,0.9670720267637047,0.7650897609647079,3.1064574082444723
0.7236265903526127,0.6112367496154201,0.6891998866229179,0.25424252918502643,0.3458553208460342,0.05681754418262819,0.7794430341754323,0.1508668592576019,0.907496781570382,0.08592539935412358,0.7062152336887536,0.45898208480748715,0.9831456508024308,0.8288327225895255,0.2768529661474757,0.33573335141554894,0.5017175671133602,0.12925620927488368,0.9797824298511763,0.9384878107393891,0.9736392696077609,0.2998845810116483,0.6303326667350742,0.6110210755130847,0.8140867502313658,0.5876671973001453,0.7208276782218239,0.9930210762402545,0.010804073999463926,0.9656661320539905,0.7465969037469585,0.6661467539304298,0.00916668974232382,0.7757916645563034,0.5429009767914108,0.7507891397342655,0.9591311806694217,0.027472986773229735,0.9254106703648629,0.7313828292975044,0.992432272786202,3.7256925630597872
