center_0,center_1,center_2,center_3,center_4,center_5,center_6,center_7,center_8,center_9,center_10,center_11,center_12,center_13,center_14,center_15,center_16,center_17,center_18,center_19,center_20,center_21,center_22,center_23,center_24,center_25,center_26,center_27,center_28,center_29,center_30,center_31,center_32,center_33,center_34,center_35,center_36,center_37,center_38,center_39,center_40,center_41,radius
0.6760992432503559,0.3601893620356563,0.7175528570788593,0.07956473184437796,0.9723992087334411,0.5072560121237468,0.0038085024503048404,0.09507239761839148,0.5813274613384951,0.7180616618435637,0.09731200423197994,0.9422914666806771,0.3912363369041105,0.3762184005251382,0.9652247735284109,0.21981041154685632,0.7761838705834933,0.04712084988352194,0.8733838728705742,0.6144861072007635,0.47330170236700353,0.3420021538874014,0.20797268658129886,0.2152551747204141,0.812730543420169,0.5994194171033482,0.18057175423621374,0.008330345512622128,0.03277883312588448,0.2914886880708287,0.9680828357995995,0.8248937730426661,0.8143385010757678,0.041097457445752106,0.43763370779073885,0.028696356428600245,0.4230190513455915,0.6923259968206198,0.14224944878040213,0.9737419117099249,0.3769592075893924,0.3823251346100335,3.3505076595850554
0.18902374888204865,0.8386135694960016,0.47507812601565536,0.20331304298689878,0.6879186670127101,0.6445846077529401,0.686479203263691,0.7060633863400889,0.8479700862294824,0.2008614787633306,0.9586796453863604,0.47552322979494877,0.9234267195258516,0.9756961425452774,0.026700418784353253,0.9747556509549693,0.32190999736185166,0.05491506315853467,0.8610311085340725,0.460322470390526,0.7989516133884177,0.6254894104021435,0.1383113303119874,0.794530445479633,0.6559615206523842,0.566709256575784,0.635712862916636,0.9227023755363664,0.8037433496127336,0.734739954122519,0.026706824572786725,0.20848743027889538,0.025005137924169696,0.10782531509417015,0.990708324486088,0.9948439751697974,0.03913299409976123,0.3658417393004054,0.7344546393884496,0.24352097457288402,0.38565574177457074,0.5260818033038455,3.645642711328059
