center_0,center_1,center_2,center_3,center_4,center_5,center_6,center_7,center_8,center_9,center_10,center_11,center_12,center_13,center_14,center_15,center_16,center_17,center_18,center_19,center_20,center_21,center_22,center_23,center_24,center_25,center_26,center_27,center_28,center_29,center_30,center_31,center_32,center_33,center_34,center_35,center_36,center_37,center_38,center_39,center_40,radius
0.061019334891652566,0.29743269411857487,0.9006776982374121,0.1374486403702173,0.06411470701979738,0.7275641549607943,0.6703842533773097,0.7598619915800623,0.46703601897848657,0.9630541144062992,0.4492722560729584,0.26693370880364975,0.2962216883664385,0.6709873221904208,0.6839324931303956,0.44652643325310193,0.8342996398201024,0.06846506605677272,0.738737660778103,0.972126940112022,0.014766683101581801,0.7334862235261206,0.6122695055620141,0.3485429215481569,0.773410941413146,0.926968169253383,0.29890161514796854,0.8369229477376472,0.5165259076793354,0.9716403127560965,0.07113316596626074,0.08384921325351113,0.7457469516111493,0.7224291934845742,0.7559321393079665,0.8679006933002641,0.5199805741292137,0.14199314751203562,0.19339941619332868,0.34478526411424726,0.2506429771242057,3.4220003925348705
0.9085207545109074,0.9836221109312159,0.5951612883299001,0.4251599915802302,0.8725875782026893,0.8054799337389553,0.14597738226158175,0.03320003524374582,0.9397536956159338,0.31404214758411675,0.6111649514033115,0.8920002545784793,0.5775108779394416,0.08589709835216319,0.4912216179834892,0.43847142422120544,0.987487691417691,0.5794176678337964,0.07032399523835153,0.1543781408571191,0.8393405422555055,0.8005672268642066,0.37712598063613856,0.9561447372978811,0.11660028328667049,0.062129994573579705,0.3601186152350332,0.2371429886332681,0.5186055649586387,0.6717214897065275,0.8291605302634745,0.06586526319636299,0.16907475342137634,0.21194178959351584,0.43808802008568226,0.119543507445666,0.04520315238811401,0.9801141613242548,0.8319741371133643,0.942634767258184,0.44228623086385976,3.3955408210968403
