center_0,center_1,center_2,center_3,center_4,center_5,center_6,center_7,center_8,center_9,center_10,center_11,center_12,center_13,center_14,center_15,center_16,center_17,center_18,center_19,center_20,center_21,center_22,center_23,center_24,center_25,center_26,center_27,center_28,center_29,center_30,center_31,center_32,center_33,center_34,center_35,center_36,center_37,center_38,center_39,center_40,radius
0.1504729269935623,0.5907859249990779,0.9136673586049883,0.6418835520148596,0.22311806598070993,0.17210000715710294,0.3413383631803506,0.43525685884814436,0.9026573303299383,0.9797497839191742,0.9119357566259906,0.1634261887848414,0.10046490163025423,0.022863485043819187,0.6042518502673356,0.6735463510470456,0.42865165890321666,0.3795965621101025,0.7089181960027996,0.8366908240024723,0.8269086491550816,0.011694074621025563,0.1888389262567769,0.3229769683914435,0.8245620231947635,0.40775526742914603,0.7026364710111952,0.2111393498966757,0.28671074190748547,0.6999647056513759,0.3194993070740154,0.8570356080693305,0.5638446098331772,0.7060199547679321,0.39585323316151244,0.555681798096641,0.3035359329119425,0.16436550975420683,0.45526054613741873,0.3473897816420449,0.8192580558656446,3.0964180405256934
0.5495867690433996,0.11752565299525852,0.3364398649605096,0.6289307469797237,0.54396458262367,0.8251870686140917,0.9139241272969066,0.7986059279434142,0.017585846646335,0.23963505000176366,0.32691499101076216,0.9188403348731495,0.9186198173766149,0.8205568778276214,0.11206507090068729,0.5216774869086755,0.09219822328594551,0.10458558160178733,0.31339290344791315,0.06833541711743552,0.24461141582963442,0.7443597877284435,0.06009673832743723,0.9965598988056553,0.6494460602601745,0.3548789189487732,0.32035276367762033,0.1120986700233253,0.6141342912255732,0.7269338407173028,0.41306647483822256,0.3581518597336596,0.46714525245755845,0.6457692761329248,0.30974452853462897,0.918050976335017,0.9153481873557533,0.15226434235336372,0.4841897898985048,0.7385226967812096,0.013067221400345774,3.063133800024672
