center_0,center_1,center_2,center_3,center_4,center_5,center_6,center_7,center_8,center_9,center_10,center_11,center_12,center_13,center_14,center_15,center_16,center_17,center_18,center_19,center_20,center_21,center_22,center_23,center_24,center_25,center_26,center_27,center_28,center_29,center_30,center_31,center_32,center_33,center_34,center_35,center_36,center_37,center_38,center_39,center_40,radius
0.5839543318354614,0.5343562520345716,0.25252536521361324,0.47167020085401656,0.39077257199062254,0.052927841153501465,0.35517974592117607,0.9618549307917195,0.038377294174534615,0.052298666002148386,0.16855921729016665,0.65414844598143,0.221789124095782,0.2822169894949218,0.28728573844136507,0.9547666898520998,0.8101019797618012,0.9441952511285493,0.373478631527979,0.29681498127946315,0.16290135927228344,0.48012592507213514,0.658478596106125,0.8674356733053666,0.5362433502861453,0.46112283592037295,0.7929601872177897,0.26821612447070775,0.4114869671391902,0.6686489410871148,0.5582078438875736,0.6812722422412806,0.6310490437842788,0.8164566211564444,0.8367127703981891,0.4084227146595333,0.7139058784621088,0.375398108083,0.7069814107850909,0.8186349014390905,0.40100789337879006,3.2469192228962402
0.18452231936273178,0.9788458068127047,0.3595822285615421,0.8909299019688762,0.04429071968234588,0.7837774917486791,0.9368645882006749,0.10969295397496415,0.7678339293337123,0.9195424667786415,0.5216629050108704,0.1131626071495796,0.9882105152723127,0.545861851693318,0.8049046975614681,0.24517999460621775,0.30521527964028317,0.005831248616512408,0.9230318142118699,0.9386729573275512,0.7465259886351816,0.9098944076850793,0.5267892843737305,0.16236776724842616,0.7636646678393703,0.6935087451694452,0.03295261204620559,0.7738801243832656,0.33695422896671734,0.468276180514809,0.009966605138558737,0.015149350881460966,0.2892428044385592,0.07874240355392903,0.11603750544927471,0.9724069999872028,0.19645770562841802,0.29643842262922304,0.3018811027326693,0.38942692289506775,0.1219807111131741,3.518874489331069
