center_0,center_1,center_2,center_3,center_4,center_5,center_6,center_7,center_8,center_9,center_10,center_11,center_12,center_13,center_14,center_15,center_16,center_17,center_18,center_19,center_20,center_21,center_22,center_23,center_24,center_25,center_26,center_27,center_28,center_29,center_30,center_31,center_32,center_33,center_34,center_35,center_36,center_37,center_38,center_39,center_40,radius
0.5115590511542225,0.4945127809802279,0.7023189067291288,0.20600450967190476,0.6001075200078136,0.049617756819482106,0.7237535388619616,0.46244568928633534,0.6076712343331582,0.06082540927817426,0.8563632624201772,0.5722548264296827,0.31561383682190713,0.9438650398491555,0.529992065914225,0.27701675656844815,0.8063394875662678,0.9794455481766345,0.4025261426939608,0.8691440790463056,0.7814532694625266,0.13113251644978585,0.460120016520288,0.6799753931369347,0.6959246099255266,0.8984776626680557,0.3062661831112726,0.9431432151558834,0.37747359394002533,0.12026139048952977,0.3052394148399338,0.7196033346517577,0.16757679255635638,0.6631718027078886,0.3338341674468889,0.5750846875718767,0.5216236483342643,0.8151258903484075,0.7802429315570448,0.9341648374953855,0.45826154851444667,3.335536165744831
