center_0,center_1,center_2,center_3,center_4,center_5,center_6,center_7,center_8,center_9,center_10,center_11,center_12,center_13,center_14,center_15,center_16,center_17,center_18,center_19,center_20,center_21,center_22,center_23,center_24,center_25,center_26,center_27,center_28,center_29,center_30,center_31,center_32,center_33,center_34,center_35,center_36,center_37,center_38,center_39,center_40,radius
0.7302385335268755,0.13006607514955926,0.4810052900853019,0.5862209075730498,0.20928294939096004,0.3612190172236317,0.20935578511601383,0.5913662655077997,0.7963702170176639,0.47182593950571106,0.6320572097505495,0.7441323448706342,0.053486173866424847,0.4231284226482698,0.7875153779497228,0.29099817655144355,0.9531245333847591,0.9029082386654763,0.3198674452339163,0.05428304444189491,0.37118304634168453,0.7299694369589375,0.40201004851520794,0.6788341529900267,0.44614964180371797,0.6661081411759768,0.9268570763873575,0.1283401787710573,0.8907709048552247,0.3829916033903734,0.6476099543781964,0.6033561810736543,0.03168313218915131,0.344570336650308,0.35605662622659784,0.31210928182741204,0.016814905982739603,0.30467865266660754,0.026577046403946536,0.32584628979512475,0.3025823010564528,2.894786879356068
0.8601364418362508,0.8339307245184054,0.6452867943158046,0.9740911852750214,0.3082458104457422,0.06814510710298571,0.6925777640902656,0.8303040425015455,0.003530385442727657,0.7332006797216892,0.9096411324661247,0.04055323937103972,0.9818179976528165,0.025638111530261187,0.8234044825488932,0.8866364296792743,0.193892263213994,0.2987910673274128,0.6780923794306652,0.2290817758013769,0.8478034533280704,0.22434211496539336,0.814959941168163,0.308074604934126,0.9884848029314098,0.038095448166976076,0.40328948466077774,0.3697964400885363,0.3578638316497592,0.825691125634099,0.7342941562703846,0.8087401526119008,0.42761988173694576,0.021472941002218415,0.4003989675236772,0.2593781447562148,0.9258850266726729,0.08007873497671802,0.7397108963199155,0.7789689832491704,0.5420190650674913,3.5131738451899426
