center_0,center_1,center_2,center_3,center_4,center_5,center_6,center_7,center_8,center_9,center_10,center_11,center_12,center_13,center_14,center_15,center_16,center_17,center_18,center_19,center_20,center_21,center_22,center_23,center_24,center_25,center_26,center_27,center_28,center_29,center_30,center_31,center_32,center_33,center_34,center_35,center_36,center_37,center_38,center_39,center_40,radius
0.10400716751119832,0.7495221214793172,0.343929785494548,0.2908953094578617,0.844810751395033,0.3450392368841789,0.22432651472591936,0.6548610519646179,0.6116952721089096,0.8685750146902063,0.2431498915869874,0.5264421866419123,0.5393475529762501,0.1923787376200745,0.7926970768919046,0.9390441772783786,0.013208624722547246,0.23490290034140016,0.40371502166941065,0.2164278208468644,0.8480282345382157,0.7676438928720148,0.7223149784374336,0.8687321499160844,0.398218622620256,0.7045793911269017,0.44229804711392073,0.7549660024303592,0.7042946092125997,0.8491511322162498,0.6733152409291363,0.006350147137411,0.6510596170094709,0.2429871275535601,0.3940445652233151,0.23773611166104947,0.006057471504074985,0.7488131667653538,0.3587256312073578,0.39190219987487285,0.5341658474718325,3.1947886628259194
0.6867435062859133,0.18711257518773172,0.8200774041126419,0.9560898475803266,0.1447492565151416,0.55681785306785,0.7576003668800633,0.8056873179358336,0.571075552866744,0.21212062084719074,0.955593263461657,0.9706516117082419,0.6545652049232509,0.31206222095336433,0.8619360576031497,0.029535848053351854,0.9291440768740035,0.279065540394309,0.8539212022340096,0.7619882980476084,0.5701254981634944,0.08033014195915889,0.013570656187814834,0.5865457898885863,0.2471882866468308,0.622184091046907,0.7893495296684386,0.21073609035465335,0.45496855268262604,0.1339057317646979,0.008045128225337206,0.8459434369307013,0.32392617475587926,0.8009845138529351,0.7627767442292956,0.5887977330921971,0.279317918915882,0.0944993934088717,0.013357944327661575,0.6894396207406551,0.8425376693276373,3.204443813066059
