center_0,center_1,center_2,center_3,center_4,center_5,center_6,center_7,center_8,center_9,center_10,center_11,center_12,center_13,center_14,center_15,center_16,center_17,center_18,center_19,center_20,center_21,center_22,center_23,center_24,center_25,center_26,center_27,center_28,center_29,center_30,center_31,center_32,center_33,center_34,center_35,center_36,center_37,center_38,center_39,center_40,radius
0.6459535058135166,0.6453983031864063,0.31784794056082,0.9206494036923423,0.39057726729842746,0.19969552749580288,0.3977728015231754,0.24691682494607337,0.566469046341731,0.1850588828091888,0.30983732959537214,0.6727159664261931,0.0038472038457897373,0.1017904916133563,0.07841335324736431,0.7991162486575748,0.536306953723399,0.3130485363302429,0.9015297583853638,0.9407694925771879,0.5705088361510449,0.9504292773477938,0.8217700470941074,0.34016278307756076,0.7726395390742034,0.7882270335914574,0.5871667624300687,0.5720062581187794,0.24225822674026243,0.48949344014819507,0.6704790374646766,0.4491208268406994,0.637252040745811,0.1255491125472472,0.4777279594293571,0.614100882956371,0.32735652409937743,0.21646442231924878,0.21361703178323854,0.022185342905880368,0.326563421246855,3.060374022793174
0.14796628883152585,0.9959532323162333,0.6590636851685618,0.08665064452470639,0.7943892572585991,0.8788802284516566,0.9695347241783545,0.5413943475220809,0.6644169924166596,0.7308138585432766,0.6348524263861093,0.641629222209796,0.976938167696099,0.8033963358035021,0.9961930578954145,0.910554961091791,0.1261661430505061,0.7163999351005622,0.8080488396497172,0.39421201427465735,0.3710358056931037,0.19390604212173135,0.050662060049951996,0.024814095153561477,0.3284046447564749,0.5243542651459779,0.3062530683480946,0.9993384387599755,0.6282974160309571,0.21817754214101048,0.8901923425045993,0.7185880745045224,0.4138975572918908,0.9844822903569382,0.2599054737075739,0.5238342280893605,0.8282325132284203,0.9709158495657602,0.8907677413935605,0.7699873559130681,0.5770278672975876,3.8001952859518293
