center_0,center_1,center_2,center_3,center_4,center_5,center_6,center_7,center_8,center_9,center_10,center_11,center_12,center_13,center_14,center_15,center_16,center_17,center_18,center_19,center_20,center_21,center_22,center_23,center_24,center_25,center_26,center_27,center_28,center_29,center_30,center_31,center_32,center_33,center_34,center_35,center_36,center_37,center_38,center_39,center_40,radius
0.7542703361875411,0.31207532457534404,0.5018155228691931,0.060724717357557356,0.26183735099492844,0.5860238567868343,0.8997867761669179,0.8800637266093765,0.4173523660239269,0.8770022442147256,0.8333896171689281,0.2720246040619093,0.8781009642702795,0.9512996354321673,0.6881968246395178,0.9509199639920229,0.5757045607821335,0.5793052209178478,0.05667305466972916,0.0668489103782568,0.025690608064343867,0.509476631224608,0.8768951688538437,0.6708079105818168,0.524276084169727,0.6111613404274182,0.3531392918174677,0.9739919368851049,0.8171978977880819,0.48343219472052246,0.3391991386133778,0.5019176993812056,0.6213646616990064,0.8637923740802398,0.7113761278990288,0.9497810246816045,0.16549537764400912,0.9038475212757637,0.5967611420788297,0.2678756935288432,0.4266240390548047,3.5607337151551617
