center_0,center_1,center_2,center_3,center_4,center_5,center_6,center_7,center_8,center_9,center_10,center_11,center_12,center_13,center_14,center_15,center_16,center_17,center_18,center_19,center_20,center_21,center_22,center_23,center_24,center_25,center_26,center_27,center_28,center_29,center_30,center_31,center_32,center_33,center_34,center_35,center_36,center_37,center_38,center_39,center_40,radius
0.016813347372530152,0.6803692900394767,0.5483408234846581,0.006039179070919332,0.809858202322847,0.04143470574373698,0.49411070460326645,0.8761169940196434,0.3043824482450358,0.701732870591981,0.802419418764557,0.8568379929521887,0.13098025623343368,0.8284610046159097,0.25990139943564583,0.9117841218863764,0.755932444645617,0.9151384157675075,0.9998437853349856,0.2890539523966106,0.26299832406416224,0.6529633418939046,0.659748179003522,0.3129922620050678,0.5830075610063811,0.8240743174304331,0.654145265147601,0.6208669102694744,0.13505702067658365,0.5657486252428516,0.7999865858586981,0.9162811070715544,0.9391382600463535,0.4222328156859293,0.0010790531272226733,0.5818274807570794,0.8083814086893546,0.6091177200634839,0.7653904788793227,0.3748761475574145,0.9070750882758936,3.6717150925054547
