center_0,center_1,center_2,center_3,center_4,center_5,center_6,center_7,center_8,center_9,center_10,center_11,center_12,center_13,center_14,center_15,center_16,center_17,center_18,center_19,center_20,center_21,center_22,center_23,center_24,center_25,center_26,center_27,center_28,center_29,center_30,center_31,center_32,center_33,center_34,center_35,center_36,center_37,center_38,center_39,center_40,radius
0.772848850496775,0.1207402500343453,0.8385667652244903,0.7478954692887199,0.7848948398800204,0.5610187551686396,0.8787036625789845,0.3681576528322107,0.48855982712385915,0.2702103306974807,0.6715529476423627,0.5181008586664863,0.809988490794465,0.06472814519395143,0.8158350019799736,0.7124651797541095,0.15958831325900236,0.5488402507134936,0.0684505352681376,0.06091940065567181,0.723868872667747,0.4204891509813756,0.8138554075509673,0.3104029950824235,0.7867023265796188,0.238020711349349,0.7724509426599939,0.4991333153117473,0.7179318443612138,0.025867001901034747,0.4953173572888634,0.09216069300555552,0.36235672980089484,0.08128550477345775,0.8884910453920694,0.6034999541485333,0.1845754070256691,0.5947010839987953,0.4455612897494976,0.6068366248546682,0.35377044916054345,3.1604584859164415
0.949821099342307,0.8304143994702232,0.571864443278296,0.9643136124289446,0.010741117786323806,0.08607215906015042,0.07314283796729104,0.7001098114478401,0.9573868987927411,0.2693376997216852,0.6217447344478413,0.7071239511111673,0.9118032697491988,0.4265931504322109,0.533329023605418,0.5736077076432026,0.9621768929753958,0.7623908784844097,0.8892869189820168,0.6850715893692686,0.03867326887644118,0.893304490656425,0.18060422365437268,0.14371757453046607,0.16654161792601618,0.9495285975161024,0.9673057744221953,0.9095037537790226,0.3389625905600221,0.9170030834459718,0.3151035372299057,0.777281213372204,0.19650819833023592,0.8400659291341125,0.27321127210829355,0.5921743686556766,0.953615795709574,0.9195960097380141,0.08576185166376826,0.2523431309700176,0.4636920499436402,3.5566059679699458
