center_0,center_1,center_2,center_3,center_4,center_5,center_6,center_7,center_8,center_9,center_10,center_11,center_12,center_13,center_14,center_15,center_16,center_17,center_18,center_19,center_20,center_21,center_22,center_23,center_24,center_25,center_26,center_27,center_28,center_29,center_30,center_31,center_32,center_33,center_34,center_35,center_36,center_37,center_38,center_39,center_40,radius
0.9033036607672664,0.997283975718658,0.3752958906340872,0.2778956672502165,0.270991005182036,0.5726740600765521,0.5192941210158821,0.058645741707056054,0.14615398260453072,0.2192456888924028,0.19468165115619995,0.6016942611158613,0.6735699728342265,0.9306137337928748,0.19332400139866324,0.49270711793003996,0.15503388983895583,0.7560758064380952,0.0783367472805494,0.9926185758142405,0.5461020014065424,0.40389417453455323,0.17208421235103455,0.3945740269317429,0.08918545281045276,0.7318236408259687,0.7909853237288805,0.14308485372534796,0.6314693011331213,0.8691210111005071,0.31098726563736256,0.2732658184964729,0.8439462993046837,0.4316926968967034,0.36084094724725946,0.20176389499908098,0.040184769438149304,0.20140398045694607,0.7867780845548613,0.7136258080323766,0.8852969068788885,3.184453033525354
0.35333033472934683,0.1659545773674429,0.5760254689567201,0.9446371164020511,0.09060717898363291,0.7604124542691155,0.20465169924246673,0.837591642218964,0.21930641857347477,0.8036093777559429,0.9033554504622557,0.1963789676235861,0.04367427835844939,0.11931484624674082,0.7636195230188689,0.5906285365447261,0.14901839842417097,0.5236811872942009,0.9114324454663179,0.3311785722243479,0.8247067324493803,0.7211265024673424,0.6957047282453904,0.7517947831589497,0.7170092405018877,0.03291854401038774,0.07792247720524403,0.09093299452037296,0.10753429650476498,0.05323254499380292,0.058215323469263947,0.9832788461584956,0.7921332931641052,0.50304682388273,0.3799247389396896,0.44840308932769124,0.2109446536379318,0.65486357073487,0.40724629161417014,0.49459112104654457,0.1544717832261263,3.139531346549337
