center_0,center_1,center_2,center_3,center_4,center_5,center_6,center_7,center_8,center_9,center_10,center_11,center_12,center_13,center_14,center_15,center_16,center_17,center_18,center_19,center_20,center_21,center_22,center_23,center_24,center_25,center_26,center_27,center_28,center_29,center_30,center_31,center_32,center_33,center_34,center_35,center_36,center_37,center_38,center_39,center_40,radius
0.9171768137894393,0.49413683238102224,0.2829656860472596,0.23324289402339216,0.14848281692148158,0.410426987705798,0.6688656471962908,0.5291711151787433,0.3045454080201724,0.14406407332474758,0.6459235240289722,0.9466856628226775,0.9528223343958969,0.93865353184543,0.2027990671478278,0.6316789479993631,0.7004208028783202,0.24062197431675825,0.7545757932710954,0.5686473719455682,0.2845450777607442,0.24613580481611008,0.3002956600213512,0.8905436963162219,0.33261584653689125,0.8073203264508645,0.1523742703181682,0.5045176396884329,0.7286134053405683,0.122844191195294,0.9611116768729548,0.38467618706612183,0.39653316525133375,0.4335747229070148,0.042049754606742984,0.14315850530173524,0.6289944765085941,0.44605750554675194,0.060257991629536156,0.6557535526731633,0.1507160498075243,3.084633150403408
0.27913479412241593,0.6523006347027475,0.8453048462028934,0.8646605893645357,0.5070756887662794,0.14003116585426412,0.46692692723138907,0.5899122221636995,0.9535885088665614,0.16830473788420997,0.7156283836444259,0.9623821026303009,0.12337536355237044,0.46853277104486346,0.5910077629605432,0.07794667829812874,0.055097481827981354,0.6804603120341756,0.3077991188445137,0.7689257566251271,0.1339239589792114,0.8512231767206976,0.845954367596437,0.17415558535718256,0.9345324046015443,0.6361635051454311,0.9314631823026991,0.8932564579290952,0.4337897268350259,0.7973981085219727,0.014446895071840937,0.27875344069584707,0.5852578033218644,0.2882711424061727,0.7250794084653109,0.46181717827933666,0.587156089573245,0.7230106964276131,0.8400653028776163,0.017976151214300073,0.7498139879768932,3.251374928746125
