center_0,center_1,center_2,center_3,center_4,center_5,center_6,center_7,center_8,center_9,center_10,center_11,center_12,center_13,center_14,center_15,center_16,center_17,center_18,center_19,center_20,center_21,center_22,center_23,center_24,center_25,center_26,center_27,center_28,center_29,center_30,center_31,center_32,center_33,center_34,center_35,center_36,center_37,center_38,center_39,center_40,center_41,radius
0.5830714147971483,0.21005812827849202,0.32154449700161913,0.6168724258136444,0.34486244273719013,0.18385598384758906,0.07688425894388007,0.7141139209803008,0.3984864642803927,0.46263892751281166,0.5181970177066646,0.9153236462567663,0.9941620688133247,0.6047573523754141,0.0013109037640490762,0.26837789101860576,0.038861472180397705,0.02776487716426501,0.8445693233980907,0.4487594498988021,0.20773797318214982,0.2592262903482192,0.9177123259297363,0.016636305606560597,0.0759579725666184,0.03598024679702849,0.9526243567977216,0.437355016025313,0.14420742180090218,0.1343706381714984,0.6303196597206973,0.07889758162113558,0.09715612598423962,0.05158371289808572,0.40362825541540726,0.37276595598995843,0.39873262304367185,0.35909289620412943,0.7840765014182429,0.28307793207177134,0.8694460730749566,0.5827363742297238,2.7589207682104058
0.390287783105549,0.9385373549269931,0.4009372601150145,0.8911901144041673,0.7764956549800297,0.38667085524195766,0.8111533453430463,0.7456154468593792,0.8801138898973817,0.605542227928002,0.457623749582058,0.904604063238033,0.25092776765170777,0.5746045521815221,0.6261417573380643,0.7064537890987236,0.7939002486270906,0.7360158859895796,0.22092540983990205,0.8794917147594382,0.1661513305115888,0.49304317115640284,0.9819662995353865,0.9020022918242028,0.14572535142116805,0.6373261475481252,0.12371420073649475,0.07729808519036274,0.7327825975080521,0.21009583435626555,0.9757412265689102,0.46307605804996477,0.5717702306928114,0.8200822975658324,0.9387661360809646,0.8069224324140682,0.4404293068191837,0.08453719495533119,0.44566564871893,0.7173229571418308,0.46906318509983524,0.10301612222630674,3.5527402990418167
