center_0,center_1,center_2,center_3,center_4,center_5,center_6,center_7,center_8,center_9,center_10,center_11,center_12,center_13,center_14,center_15,center_16,center_17,center_18,center_19,center_20,center_21,center_22,center_23,center_24,center_25,center_26,center_27,center_28,center_29,center_30,center_31,center_32,center_33,center_34,center_35,center_36,center_37,center_38,center_39,center_40,radius
0.0987328055639205,0.2043997956447967,0.8006649550388291,0.8350538419998973,0.8435381819408101,0.9898989685896501,0.17092425615404605,0.9325182258678116,0.36860568425720364,0.25458515498458767,0.1751995605100518,0.7899772788701467,0.2340316640127077,0.13269137483884508,0.7281150803008426,0.9699888750322807,0.4968320765920732,0.10916232154975125,0.16758578343523944,0.7507579285458406,0.5730613206077333,0.8847569178992718,0.9472944469748489,0.8637406620282814,0.7729529455587416,0.021443588415674397,0.7321102378803913,0.7524960649402898,0.038855008250082035,0.11867208313694266,0.5340719626211108,0.4107040718687758,0.5272807807207257,0.7025654488480602,0.9713593314755249,0.7874468099002162,0.8588475419869359,0.050530138825434,0.9387225772345046,0.9279031624575046,0.6864573523911917,3.773886663602492
