center_0,center_1,center_2,center_3,center_4,center_5,center_6,center_7,center_8,center_9,center_10,center_11,center_12,center_13,center_14,center_15,center_16,center_17,center_18,center_19,center_20,center_21,center_22,center_23,center_24,center_25,center_26,center_27,center_28,center_29,center_30,center_31,center_32,center_33,center_34,center_35,center_36,center_37,center_38,center_39,center_40,center_41,radius
0.8463320583485556,0.5363672298849737,0.6504596288088758,0.2104943657710533,0.252790240369398,0.669711636580058,0.06047780912340661,0.27172405230961083,0.20877678029975477,0.8606060519339908,0.8185886345033998,0.015615932337651794,0.44714108865710667,0.6722233194883511,0.8815978857185754,0.3353928742838195,0.9804056736755902,0.8269167340035005,0.44587933847114014,0.5967190210536174,0.2239668919717912,0.22667060823426743,0.47322446183475186,0.402913950929325,0.4390385965008694,0.8163873759340123,0.593857318009455,0.9625575903516127,0.7096730781815674,0.2517037801620704,0.5428542040853854,0.8749910246153413,0.9632302969054546,0.8967348282578494,0.7934658777663954,0.2574348941817608,0.6035671026954492,0.4142500326895391,0.2902185742693363,0.7986149326148273,0.2568047349261068,0.32118714167249895,3.518954628384662
