center_0,center_1,center_2,center_3,center_4,center_5,center_6,center_7,center_8,center_9,center_10,center_11,center_12,center_13,center_14,center_15,center_16,center_17,center_18,center_19,center_20,center_21,center_22,center_23,center_24,center_25,center_26,center_27,center_28,center_29,center_30,center_31,center_32,center_33,center_34,center_35,center_36,center_37,center_38,center_39,center_40,radius
0.10550968802159688,0.1778795170765448,0.6644770508108285,0.9216890535284308,0.9126418152098782,0.12190080272718629,0.6707668565848519,0.012447055371336946,0.660184766623102,0.5716667304633071,0.31297938853795215,0.9577559427920985,0.07226927251588511,0.5714101627149795,0.044769444285531756,0.31439929560122404,0.9253430116324052,0.8896328390937893,0.09763136163325792,0.6822021129650921,0.9049059123118407,0.4531975308786267,0.34803309540604743,0.8619366449119745,0.8058536738663382,0.2552736682243346,0.6968970590791084,0.10190865773032631,0.49821734200581935,0.5998657631073571,0.7182681225289943,0.775878111123927,0.5245801356516088,0.9734269138289474,0.3829577399401367,0.40304564229127027,0.6284840896979972,0.4756563195284327,0.36740521056374353,0.807458816085914,0.5604060376228015,3.1539073668853486
0.4599999148493661,0.3479738748271838,0.6377012293899312,0.5127968340922999,0.07418999545815008,0.49729187880889725,0.17746617233864403,0.5512049820948627,0.21309682585360357,0.003252644577188324,0.6119205639892379,0.17731351532911288,0.3717650003844325,0.10904357276807863,0.9707021078219783,0.6246039712372299,0.20281641945410744,0.447258662604493,0.970719995146202,0.9786805820933463,0.058183300634588875,0.9187357856554588,0.1609668591165142,0.5237752827920622,0.22578824779328888,0.9782718049313553,0.2901614200967376,0.6198958036224597,0.19703844478779542,0.23317187995935618,0.7845460009042898,0.5275884807279789,0.24110084613308003,0.5328987399450333,0.8750885704146967,0.8842232063156962,0.05383421633752428,0.6889155794163241,0.386599438248699,0.45248827004215775,0.004065919705370291,3.135526131998549
