center_0,center_1,center_2,center_3,center_4,center_5,center_6,center_7,center_8,center_9,center_10,center_11,center_12,center_13,center_14,center_15,center_16,center_17,center_18,center_19,center_20,center_21,center_22,center_23,center_24,center_25,center_26,center_27,center_28,center_29,center_30,center_31,center_32,center_33,center_34,center_35,center_36,center_37,center_38,center_39,center_40,radius
0.3045636882689541,0.9266755241791237,0.3759847755328263,0.22127693644868807,0.35405685410974785,0.9940190058092756,0.646341148433706,0.08342230439592335,0.7355657877245138,0.8966019184262787,0.19102329475811197,0.08094220385484108,0.8603466055972846,0.19674235717787647,0.6020149130983417,0.7412085726840938,0.7207088080550617,0.12834015013797795,0.9523976700785725,0.9575310445538822,0.844625980892791,0.8608231474490627,0.15997608588847467,0.7606944839425553,0.6319406787462479,0.8041683218085167,0.7882210982442317,0.04444381624920679,0.062043640419664814,0.2197540517916271,0.9795791173145336,0.5968646938215516,0.8864631596620637,0.9975002740261127,0.6037210006436283,0.15674246437759376,0.32616875694812153,0.8335573301090096,0.4005683746739125,0.7618873002202159,0.9782402486348459,3.5988320442521475
0.2701347080191838,0.12706627666080472,0.1611334901018655,0.9306247727922082,0.9826551464617047,0.6298694657756266,0.3116038691987003,0.639434701047537,0.31539589401918855,0.18023698359064289,0.8990216787851131,0.8135346730797632,0.07926732038123585,0.06004255980082929,0.061718821393487056,0.7968286049728033,0.9498120599591855,0.9075681347405055,0.028649899081019448,0.007102682940970495,0.4261839710869111,0.10068527635990354,0.005272872168405773,0.6151830059047398,0.1074765540513345,0.34244381672446345,0.18209906654052788,0.8542988569225383,0.9291088682620422,0.8956591853755752,0.9277049631796518,0.9532929342766246,0.9569527042298812,0.9908847533860531,0.7996514504101193,0.9906580532365195,0.7106391307762503,0.5273506933248768,0.1940477910788435,0.03654712459133869,0.018078866322348897,3.147446625810723
