center_0,center_1,center_2,center_3,center_4,center_5,center_6,center_7,center_8,center_9,center_10,center_11,center_12,center_13,center_14,center_15,center_16,center_17,center_18,center_19,center_20,center_21,center_22,center_23,center_24,center_25,center_26,center_27,center_28,center_29,center_30,center_31,center_32,center_33,center_34,center_35,center_36,center_37,center_38,center_39,center_40,radius
0.12811572059474508,0.2771653432019129,0.3358171915055651,0.2298988779822173,0.07053710443687422,0.9852966212927925,0.5557612691437249,0.5969887950083119,0.39028843182020656,0.5058506714388629,0.9664551733953135,0.8311399627755143,0.3877054547312817,0.5536249881896226,0.867411286707211,0.5478824984596146,0.03260551279472279,0.09873232073072757,0.29099512681913475,0.7310358038048685,0.2566508830386477,0.3515930827128785,0.3359039386836815,0.5572117559783756,0.3991215206634726,0.3533890127083439,0.9132146554004295,0.5866700638360001,0.004770767369002393,0.9543607558769656,0.6417054733004639,0.7512323289543892,0.779722399683952,0.3575670164656979,0.7190933476763706,0.34085239644187204,0.2973947520066347,0.6331792559363026,0.7419015243661052,0.8540562337773805,0.3481060000902043,3.2846349115014113
