center_0,center_1,center_2,center_3,center_4,center_5,center_6,center_7,center_8,center_9,center_10,center_11,center_12,center_13,center_14,center_15,center_16,center_17,center_18,center_19,center_20,center_21,center_22,center_23,center_24,center_25,center_26,center_27,center_28,center_29,center_30,center_31,center_32,center_33,center_34,center_35,center_36,center_37,center_38,center_39,center_40,center_41,radius
0.4574201859060907,0.062485996533483856,0.5900069308650636,0.7434219754931092,0.9120698369299163,0.5971757686026914,0.33026030446285515,0.3161925212552913,0.9862932124645238,0.5603375271726131,0.39077869415479805,0.7826931061041784,0.5441961685378972,0.7150772312518118,0.5527815366237955,0.17200846412518034,0.8943977405187292,0.6846791365782265,0.05407881083363786,0.5511800412373219,0.7487681292742836,0.33569147788014064,0.3676586031446898,0.6117978688596134,0.28379740860180414,0.3249095778163026,0.5991193681406292,0.9667360772251544,0.18298974923868794,0.7955116327663407,0.268303387701055,0.8511215524360256,0.5145928435046847,0.39678928167442407,0.3351670285065824,0.6211578682287245,0.2806241467915652,0.4860999619681784,0.13953875202728883,0.4619631695225289,0.057069342337261464,0.8011964574579602,3.4046960220416564
