center_0,center_1,center_2,center_3,center_4,center_5,center_6,center_7,center_8,center_9,center_10,center_11,center_12,center_13,center_14,center_15,center_16,center_17,center_18,center_19,center_20,center_21,center_22,center_23,center_24,center_25,center_26,center_27,center_28,center_29,center_30,center_31,center_32,center_33,center_34,center_35,center_36,center_37,center_38,center_39,center_40,center_41,radius
0.8171787350130808,0.9456591000676314,0.19379685510005895,0.1392657648193073,0.8742135815861048,0.6087531586656421,0.8692286132874021,0.3087397022084972,0.5502959702619659,0.1434825402640436,0.5141937711862106,0.45244574618292466,0.643019126759299,0.0670246872079655,0.975830949252431,0.9144376963479192,0.9751212956316476,0.8859288118448819,0.23211124388577176,0.307772698194955,0.6782983657127362,0.7793912402615364,0.736484194690664,0.37611138155161583,0.6457422146003223,0.0744779812826466,0.937637883025135,0.4375584937766699,0.6523862154504589,0.9703124934693569,0.8690792166383141,0.2940650206030292,0.4406807184080139,0.7640888604345463,0.7702882774456505,0.03764146503999788,0.6060461142883964,0.5161012964827947,9.267161936155066e-05,0.4953426451441032,0.7948675744082517,0.8201425122572328,3.7152949500833468
