center_0,center_1,center_2,center_3,center_4,center_5,center_6,center_7,center_8,center_9,center_10,center_11,center_12,center_13,center_14,center_15,center_16,center_17,center_18,center_19,center_20,center_21,center_22,center_23,center_24,center_25,center_26,center_27,center_28,center_29,center_30,center_31,center_32,center_33,center_34,center_35,center_36,center_37,center_38,center_39,center_40,radius
0.36039816917460377,0.44039355815240555,0.7649704977572941,0.09570491282615701,0.2952012299309925,0.855672076228738,0.22112978940805506,0.3670560954948866,0.2901117375840123,0.36296333663518376,0.2025814809479507,0.965640416990151,0.465568763182712,0.29390678673615944,0.027765823586273775,0.4246369477482397,0.16751692142883456,0.021674054233915774,0.9559225858345254,0.47814067092056856,0.17515460345213307,0.09475278256303332,0.7750408749159838,0.7739710781161613,0.9838292776439352,0.13127373806527742,0.8288427084376975,0.4359902141889882,0.7082837319006813,0.0929754443451527,0.19320252960707507,0.5146993857579598,0.5062367706530859,0.006981891154729913,0.11128881010589953,0.6051448924886461,0.7252460789894372,0.6241491271730838,0.8931067359431067,0.4430732316592919,0.26346851431173657,3.190380093395889
0.05647789016473681,0.2072894302624675,0.06488985976052963,0.5787343037320986,0.6369360198408204,0.9334693553676154,0.6330581491204277,0.26450945948258486,0.22571942977143522,0.8856621102640411,0.8444424291492386,0.6103913703039325,0.21182925953174692,0.8351786744102819,0.9553889989103788,0.19261735355386178,0.3853248070039582,0.9727754264778182,0.2531264130379087,0.9680017406445126,0.6032742053073898,0.751687815252177,0.5356697310094282,0.5137299392233426,0.0033895075105236927,0.8947112789428592,0.06603621945820248,0.6415910239229974,0.4341856860043465,0.5251367051349848,0.9825910755542197,0.3489921816442392,0.3227217270405084,0.6642977268863722,0.9613548511944511,0.4919929230162471,0.6364111531744063,0.17393360897862764,0.03325129131629745,0.4987911685375527,0.3506302325399534,3.6414593270080395
