center_0,center_1,center_2,center_3,center_4,center_5,center_6,center_7,center_8,center_9,center_10,center_11,center_12,center_13,center_14,center_15,center_16,center_17,center_18,center_19,center_20,center_21,center_22,center_23,center_24,center_25,center_26,center_27,center_28,center_29,center_30,center_31,center_32,center_33,center_34,center_35,center_36,center_37,center_38,center_39,center_40,radius
0.4501446597166574,0.04024048143236436,0.0629503876683194,0.8486457558177135,0.28500250370960734,0.8226892041905574,0.38377719304415914,0.4756219887351315,0.9451805264724755,0.6026326416854225,0.9807771462883035,0.0797477856496629,0.29717269192443396,0.5445151845304601,0.5093242100370365,0.7535492241702596,0.8531893670051028,0.6643133860305154,0.8582035490593277,0.5345323827991509,0.3164727036256725,0.6570278988548864,0.8629341045305428,0.30837755908995856,0.505485857382713,0.27513402281128685,0.7011051302248775,0.4661046515522098,0.3288621447716896,0.42542415127995814,0.39508763203763986,0.36014638010578326,0.07241371001565444,0.49411771052093745,0.411525570006122,0.26704798437387867,0.2911991010477376,0.0810114090795857,0.8367845506666332,0.7871460737752912,0.2939073006265631,3.3517067418041124
