center_0,center_1,center_2,center_3,center_4,center_5,center_6,center_7,center_8,center_9,center_10,center_11,center_12,center_13,center_14,center_15,center_16,center_17,center_18,center_19,center_20,center_21,center_22,center_23,center_24,center_25,center_26,center_27,center_28,center_29,center_30,center_31,center_32,center_33,center_34,center_35,center_36,center_37,center_38,center_39,center_40,center_41,radius
0.02430003459212904,0.9947493402053428,0.7703810105455652,0.2808911360382017,0.6312250955646699,0.5959132671213508,0.10284935728901912,0.8350413554858687,0.2757233312015035,0.8372213805441897,0.2370588751282211,0.7923006954727125,0.2247608933441625,0.7776648828842484,0.10762503969573944,0.9714319769131505,0.9437697273831954,0.6240444080702044,0.1187439198708714,0.7065039038966974,0.019567665179384908,0.6646126442630147,0.15400851131276627,0.31597976001425887,0.2630047223421489,0.3198777730207433,0.6149008264009445,0.5733225371100098,0.7014884771106299,0.866187055988811,0.5223782912615345,0.7625568384724349,0.6710917785973591,0.3571772903033875,0.7721700717284423,0.8491745506083547,0.7979462955282725,0.039756108729527395,0.571767190326677,0.1895572073585372,0.151581247719084,0.7986320050921617,3.4547614741961166
0.8051069433942587,0.12708769615154625,0.09906049844372566,0.5141700152405133,0.681035694661328,0.24337606369061426,0.20221716422452296,0.47429734928838796,0.8054230233632191,0.9604102440590997,0.6415699787137692,0.01437633574144448,0.8195291849782944,0.1724956350383866,0.9339784929214171,0.36963227288851574,0.03311212574287914,0.8928895662781962,0.726297821908924,0.12278909434489726,0.8288496346741564,0.20106593157170782,0.8435227931275227,0.8494407429127512,0.9368474209929109,0.8560578007288662,0.6298823280598219,0.8438003348033813,0.11335058633297534,0.6768967636549601,0.0004913628510105905,0.1421420792719389,0.26045706172650696,0.952297718919438,0.524040824225403,0.05039892345135066,0.5080066817473622,0.7508519464077279,0.826417348850677,0.6023542156158501,0.8241312002567509,0.6639595727554585,3.6483953467236647
