center_0,center_1,center_2,center_3,center_4,center_5,center_6,center_7,center_8,center_9,center_10,center_11,center_12,center_13,center_14,center_15,center_16,center_17,center_18,center_19,center_20,center_21,center_22,center_23,center_24,center_25,center_26,center_27,center_28,center_29,center_30,center_31,center_32,center_33,center_34,center_35,center_36,center_37,center_38,center_39,center_40,radius
0.7593405790009843,0.6284731777048992,0.10056486960412392,0.5758419667998546,0.2930745026359368,0.6733632313429401,0.5260075705144374,0.2881445627336783,0.23840247594839925,0.16210859767828523,0.8936234024292593,0.46862439354607244,0.22168516047746467,0.49478807996138974,0.4670699871803383,0.7551633335761814,0.9535947486645535,0.9902567164721562,0.7558776228092968,0.7338552286937091,0.3591758419807608,0.7654748248849012,0.4297097060669256,0.47354511579741976,0.8607306411858306,0.6750153554401958,0.6160201115063735,0.4486038988530302,0.0018451705043496247,0.30839904246298666,0.776910088404337,0.38640599103149165,0.7270651850196058,0.8005931923350799,0.704952263845605,0.047951332503360033,0.7515883570062529,0.2457476801878552,0.8458190077169797,0.315134770518966,0.19999372199781407,3.1434246122018625
0.062422858413176296,0.026277057814238725,0.8427462441331636,0.007928862868930686,0.3519222190194542,0.13531617338301327,0.6573526159120651,0.5502081624256162,0.16478554069209495,0.4141876584923532,0.15087838518502705,0.5510592632444543,0.35461478284532555,0.5852071841625576,0.9013611196830509,0.39624889968779353,0.21514142207600995,0.293623267854245,0.13788099360722272,0.19876425011134613,0.36005608951085266,0.7297103251661248,0.7717312371576492,0.6729474872277643,0.26383895273670444,0.0026029075129745394,0.15523819661843063,0.11291417926242264,0.9859457928990861,0.4025965167153881,0.01061620281149478,0.39376041852334187,0.32560075377074027,0.16784045134901937,0.15121682528411462,0.5765121419641153,0.32951196600278143,0.9552440520933572,0.6776352170735627,0.9944027725068885,0.8574598963622191,2.5976457053366357
