center_0,center_1,center_2,center_3,center_4,center_5,center_6,center_7,center_8,center_9,center_10,center_11,center_12,center_13,center_14,center_15,center_16,center_17,center_18,center_19,center_20,center_21,center_22,center_23,center_24,center_25,center_26,center_27,center_28,center_29,center_30,center_31,center_32,center_33,center_34,center_35,center_36,center_37,center_38,center_39,center_40,radius
0.8451310225861851,0.621001015920278,0.6684420263950549,0.7559721135810621,0.2699682678309304,0.3795530485965526,0.22709470901430007,0.22809842955940285,0.03766471941467586,0.047795458132571356,0.21378772952445302,0.43509340911030825,0.9000422057021966,0.12579570006287388,0.022653229824413867,0.4602661425508269,0.7465142736446025,0.5800323635606303,0.4745613111490682,0.8048674083482442,0.7001447635727535,0.6403612187947496,0.11993358860769132,0.8273059891530881,0.39449657731454424,0.11251848071848447,0.09072782098516974,0.1938941246964644,0.3333403928140999,0.7280082707652156,0.9880164783303786,0.666893441203386,0.8296081447362753,0.2747804789657403,0.41497844186518296,0.1849521129738908,0.9773132107319176,0.37747576894240387,0.718695260309288,0.9608714783983899,0.941968267694595,3.226678808937364
0.2578460697744198,0.8518722041793388,0.16642329619519147,0.7182961895451657,0.021693230077805437,0.2804274935343223,0.9855493147559138,0.5974620302031483,0.583480599819326,0.698881252548279,0.7589677338089353,0.13286101748387613,0.7089762594766164,0.7447698934130753,0.8067993434341486,0.3915378485835995,0.6508668812657571,0.028532373639589714,0.0046598370831183455,0.451318195432427,0.03790749407228067,0.36682173198559365,0.9217402583995529,0.8342073623508305,0.06466727226372404,0.49392968427096273,0.9893847354853279,0.901319296118011,0.21759917894605307,0.3364897663626504,0.11371752357894394,0.28653092437360395,0.09662924547204155,0.039832151262881865,0.31019963160814723,0.46710181868440936,0.12621958706291725,0.32729977089863505,0.03036783639200291,0.5806146134819778,0.270813066965401,3.1862710934778438
