center_0,center_1,center_2,center_3,center_4,center_5,center_6,center_7,center_8,center_9,center_10,center_11,center_12,center_13,center_14,center_15,center_16,center_17,center_18,center_19,center_20,center_21,center_22,center_23,center_24,center_25,center_26,center_27,center_28,center_29,center_30,center_31,center_32,center_33,center_34,center_35,center_36,center_37,center_38,center_39,center_40,radius
0.8190592570472519,0.1381826009160304,0.8914245959547759,0.5260387494762282,0.7439916166470932,0.07002749958633914,0.9961880752918698,0.32909556861708633,0.1309988902520398,0.12617054132095873,0.49698623090007643,0.8237906541437051,0.02671061513572548,0.2907076865162601,0.41741165707809536,0.8811773103484792,0.09854857523636351,0.6905672434379697,0.15374620687056395,0.033755800523726176,0.9388152214824277,0.4750093016233591,0.2551461822712545,0.6574613902417427,0.9613811998088198,0.22902552934097653,0.5004530071066192,0.303690283593554,0.013485416057185784,0.7459232660745022,0.3792457205631148,0.2929432400483677,0.28759624155685204,0.49737780552522415,0.5116928867931877,0.5378051775018106,0.11525915538086062,0.77177527510381,0.3409509058506658,0.17243839358859125,0.2696233301612486,2.9390809785922993
0.20956014451188465,0.017806068843409184,0.1657473217472506,0.29887849987485215,0.36737190590608204,0.6304336488703487,0.03925941040726988,0.5701250593593615,0.21899832617065518,0.09895408822752239,0.32449803607157157,0.7472617437888066,0.6495627440122457,0.08240777229040597,0.8447562874104453,0.5279109900073239,0.9449957112487793,0.9089466834739299,0.09467647095442,0.9944103119434551,0.4333641178643215,0.47941551350635847,0.9762004576787499,0.16890477981349217,0.7973720116834451,0.6693142738028139,0.2640539632539449,0.7279469670022044,0.13820010279396555,0.011504032783052787,0.8230957068936764,0.8212163051407042,0.2880758037570864,0.25210754258406176,0.8548248759181764,0.9958517718514371,0.957720529534971,0.8748178119372672,0.4529331279372384,0.37933548579774334,0.9504950381820113,3.5413482511728938
