center_0,center_1,center_2,center_3,center_4,center_5,center_6,center_7,center_8,center_9,center_10,center_11,center_12,center_13,center_14,center_15,center_16,center_17,center_18,center_19,center_20,center_21,center_22,center_23,center_24,center_25,center_26,center_27,center_28,center_29,center_30,center_31,center_32,center_33,center_34,center_35,center_36,center_37,center_38,center_39,center_40,radius
0.6327614003706176,0.24378986315285633,0.03803968494950882,0.6450223745097785,0.7357579162727257,0.5292203417463764,0.4330867999097221,0.36745718926576254,0.2792337694287478,0.8472419783439029,0.2942945921988227,0.7603050862756743,0.4657590196528766,0.9861038672649534,0.4499885627267388,0.885099553002606,0.48110305783649554,0.19534332360094786,0.46957887774479656,0.2088148637303201,0.04421378964780365,0.15975259141279052,0.8291779584634733,0.03579361057042074,0.7673311773432476,0.8556879389059503,0.4633522393567203,0.3680787350541431,0.44131336684164846,0.14450173307804548,0.4058352379786959,0.9498710588633028,0.07113792880832437,0.9853576782691609,0.06219050229627687,0.4434746405863824,0.9956348592670985,0.6286633356444642,0.08100505114090961,0.7047233072533203,0.3665170188431863,3.2158522273953243
0.33620086221212453,0.5405177596349717,0.984148390973377,0.02377673317558604,0.010093305420964205,0.7077610308544581,0.8030731709339983,0.9490655804733141,0.32938918838912257,0.41532276124734,0.9158883698006244,0.030991675445619093,0.8777835404071009,0.04056417805499024,0.5664769057843254,0.2030547126627692,0.912135195049858,0.9848544808642365,0.8517863484553466,0.8193677209870168,0.812601969345743,0.8399814494236095,0.009541965697065335,0.15531681497311045,0.6801175772424649,0.4299177785493338,0.8212607983446695,0.38956596364575957,0.05865933548086655,0.46996686828111767,0.8833735235384577,0.998342495707159,0.9163619396297814,0.41975946886060733,0.3998613605000477,0.9571942059800903,0.883097357376526,0.3860638681740197,0.4877229510351173,0.7670220414605028,0.12112506461405836,3.9997905406749923
