center_0,center_1,center_2,center_3,center_4,center_5,center_6,center_7,center_8,center_9,center_10,center_11,center_12,center_13,center_14,center_15,center_16,center_17,center_18,center_19,center_20,center_21,center_22,center_23,center_24,center_25,center_26,center_27,center_28,center_29,center_30,center_31,center_32,center_33,center_34,center_35,center_36,center_37,center_38,center_39,center_40,center_41,radius
0.9768772611006755,0.2590708847391354,0.6364004646738847,0.16887040549708354,0.45112208605140924,0.6284738287414307,0.10801234899049306,0.03752747574846571,0.3492939744492175,0.18059317449684786,0.44942555126625605,0.9962904575024841,0.7724551648828061,0.46300213818781366,0.05463419884719589,0.9467077580496414,0.7481706183162957,0.42786928952565295,0.6956852868133171,0.3121236310556643,0.23974336147669406,0.256421384836206,0.19570429654155008,0.7437023867984943,0.4142461323157409,0.671698935974541,0.9010327666372695,0.4322754639279699,0.24856152827728717,0.22777650330924282,0.7840115075649677,0.6110331894464516,0.5079583768501104,0.32876504617478897,0.0397682115410537,0.9307147812458356,0.17993134972372116,0.18222161576976137,0.9704286734865935,0.582427227958299,0.0390058484179191,0.6997421939943649,3.487557313272153
