center_0,center_1,center_2,center_3,center_4,center_5,center_6,center_7,center_8,center_9,center_10,center_11,center_12,center_13,center_14,center_15,center_16,center_17,center_18,center_19,center_20,center_21,center_22,center_23,center_24,center_25,center_26,center_27,center_28,center_29,center_30,center_31,center_32,center_33,center_34,center_35,center_36,center_37,center_38,center_39,center_40,center_41,radius
0.003977343592490912,0.6300688167173479,0.6392892357042956,0.417184572219224,0.40104909525500254,0.052095815684391034,0.9829975069367133,0.1112634758912392,0.133485862700352,0.3335322242302654,0.1655557251468851,0.7109247403124618,0.4295003696004288,0.5277414283315117,0.5674435917667485,0.5859386315192595,0.10681902684204847,0.6745330373217959,0.9891131892879874,0.9845379133515465,0.9625136218846677,0.5734868584364674,0.7558377047003209,0.6686354565536068,0.45340378866129893,0.987480528763205,0.4513227503392395,0.9523530975461909,0.041736860873004544,0.8080336125690982,0.928770182402812,0.6220905221523666,0.8240798494930754,0.14437980428763553,0.43548456915433476,0.9271572399597052,0.19666377133677282,0.582066045542242,0.9084902833963497,0.9256287759570001,0.6828730909073254,0.7933295419366775,3.546783888165873
0.9645514977789715,0.046092319290197636,0.8335962637206158,0.8324743605002543,0.871928649121224,0.8594646122858989,0.4015157050114978,0.41896649748594883,0.5726976618428489,0.9214936247700487,0.9803405749118234,0.450738983228375,0.785429749721566,0.8729181259740281,0.7563622959244946,0.9748094375338071,0.13925591614172828,0.42670402654726336,0.11280981256304312,0.06923560679588736,0.14509785490598537,0.9685596829151835,0.8264075152252086,0.03796866044900915,0.5224074113769375,0.10973826638896556,0.028412672766881863,0.1900744193564462,0.8664138126636561,0.28549106602454377,0.011034124088986852,0.1801951223242324,0.9232880067063426,0.5427179729350344,0.26486904107892717,0.942180949945368,0.9634784819975791,0.2051438795075594,0.1856858309934103,0.06577436202455089,0.9775154319321272,0.010543156849161961,3.7231859643185863
