center_0,center_1,center_2,center_3,center_4,center_5,center_6,center_7,center_8,center_9,center_10,center_11,center_12,center_13,center_14,center_15,center_16,center_17,center_18,center_19,center_20,center_21,center_22,center_23,center_24,center_25,center_26,center_27,center_28,center_29,center_30,center_31,center_32,center_33,center_34,center_35,center_36,center_37,center_38,center_39,center_40,radius
0.7463874195254013,0.2565108327950335,0.7501727055803302,0.42054256952523694,0.053573201774263834,0.9599958456893077,0.33560062245525046,0.024821110471794028,0.7337034171010683,0.8275487643127951,0.8981278021556992,0.34374658092302823,0.53909785987435,0.9346025561540686,0.13961002878556206,0.635471222901872,0.5900741624726044,0.08582237949234495,0.772630397004682,0.025292749621733224,0.9505346333964327,0.14843300625205813,0.838159820081669,0.3536101935650855,0.7312734506336656,0.9157975476873857,0.7483232094666848,0.21426481238922268,0.2727406814820361,0.160784896885659,0.22657959412758366,0.060825250604536585,0.8245426871146107,0.5571762604603365,0.23470643190528861,0.07021245697632228,0.5141164677132789,0.06851832557537874,0.7431562542110759,0.8073606883097589,0.05394377321987254,3.396117140754205
0.281403533096118,0.6835826694546675,0.34852099157794103,0.6301081446186126,0.9553525436001272,0.6210242126553148,0.9694705426141129,0.8827655098020892,0.5937145698854417,0.016061317578245582,0.08190632613156734,0.45642498378508145,0.5879503261856148,0.3173963907582379,0.24191494001187308,0.8929347021003309,0.9956174019683642,0.9670304951719382,0.07716280009608101,0.5025329287305093,0.29524478098874973,0.9752726687030439,0.23782453697001704,0.8496121559568943,0.12113418878262106,0.046570675503495584,0.422245903136359,0.9875732294124049,0.0585958450889672,0.8977313494334772,0.07337681781060523,0.9947811105433585,0.5728391400684733,0.22782607610917138,0.8137328886125665,0.8012513322301714,0.6769182217504569,0.9846218604614285,0.26858431927908166,0.5970675764782617,0.5539010917028875,3.7327679883034026
