center_0,center_1,center_2,center_3,center_4,center_5,center_6,center_7,center_8,center_9,center_10,center_11,center_12,center_13,center_14,center_15,center_16,center_17,center_18,center_19,center_20,center_21,center_22,center_23,center_24,center_25,center_26,center_27,center_28,center_29,center_30,center_31,center_32,center_33,center_34,center_35,center_36,center_37,center_38,center_39,center_40,radius
0.9761655426658153,0.9769402193310668,0.584808606400795,0.7235194462587214,0.051893233115910986,0.6740488526559375,0.8314711797886936,0.7149426580458703,0.1122236648224656,0.0028016152985063103,0.22538068894393148,0.9552371413505126,0.8768972867607795,0.9998405989600762,0.6499962545872052,0.587024707389664,0.29695820946996165,0.16723561835880774,0.176619721944012,0.2213976321336386,0.9516289475719499,0.7621838362319135,0.5812605198085847,0.17544783582970103,0.2114166391053247,0.5936467696734634,0.7970250594689539,0.3205223128061212,0.6199723357676024,0.28477628403246213,0.24805405184322116,0.4377604601561246,0.47415257191765814,0.6351726485441445,0.8443584101947531,0.7505164278376998,0.6537358227224067,0.7786336131474264,0.6721590691471109,0.5385160967276912,0.021220411667305594,3.2903578700376968
0.31818378132571445,0.2055186553815721,0.19465219966595315,0.7727541953395385,0.4926533072424464,0.22028586854658327,0.35418642666840583,0.6318854851232629,0.5984449709252799,0.8382778233132271,0.21179570617680676,0.20287884635367004,0.1619630995331245,0.11303207382080949,0.07128219539532132,0.08168277754978404,0.29694221442792956,0.8480622879332059,0.9233453869891236,0.2937037451824971,0.4036901355779685,0.08274426543750446,0.04564834203040957,0.22065855371224818,0.03523919955917021,0.9568527650918499,0.04533477763363447,0.8899038806111865,0.5405184442303614,0.8097576555826196,0.9556598068327421,0.46879663248278314,0.18630793931931322,0.01919087578035672,0.3232550974956231,0.16175934296773165,0.9667024312292496,0.1318001890805247,0.0988301953170233,0.46626376225415167,0.584356817822725,2.9836206310984625
