center_0,center_1,center_2,center_3,center_4,center_5,center_6,center_7,center_8,center_9,center_10,center_11,center_12,center_13,center_14,center_15,center_16,center_17,center_18,center_19,center_20,center_21,center_22,center_23,center_24,center_25,center_26,center_27,center_28,center_29,center_30,center_31,center_32,center_33,center_34,center_35,center_36,center_37,center_38,center_39,center_40,radius
0.870596177873219,0.06173451748778824,0.4672556635189228,0.29902288080117834,0.7572446097291851,0.4541322256593088,0.7409166203053468,0.16000163163434478,0.7089649950276881,0.6563951703383485,0.4046891421878509,0.8973910457625834,0.9680160791411165,0.8241035202256927,0.19626238162523668,0.589405974825775,0.6091267843445713,0.3898215679708842,0.04577246545596725,0.5720368722297569,0.766156978552628,0.8461109033841466,0.8410933581716582,0.8694023963510067,0.12184477781026926,0.010949573136236901,0.865058836035527,0.19378471144811427,0.9082417180264895,0.3922874148478376,0.5197141633449438,0.43382184098826226,0.5935751202840738,0.6735410676111514,0.24381993475063524,0.5411144326799153,0.2715652572354915,0.5386597869022485,0.4720631060771685,0.2502243642757783,0.6336338669343322,3.2967573658254277
0.1257144905786347,0.6857959581622772,0.1645721145938771,0.9317610109166402,0.6362088699397738,0.9701971509928418,0.023842050544950144,0.10205152013747576,0.624999398942421,0.00618738811654429,0.7158367569677057,0.31797500942638535,0.26040372396426403,0.8119554035421901,0.9607060477601164,0.6446514640953931,0.8560514929756546,0.0697407899794501,0.4739486737951736,0.12222644149320927,0.023434089844111217,0.0493455771649145,0.03765465635019949,0.7205454947426376,0.9058036485055413,0.2886112210659123,0.08720051061638545,0.7539550856633151,0.1286973047506943,0.3242036227245293,0.7258458038185401,0.23680076522316018,0.03719271594933449,0.006275983948328623,0.026582430532376744,0.9939489982591017,0.9980991023801817,0.18372250688300507,0.949263971435219,0.0659630407364813,0.30168112154881077,3.343939780786773
