center_0,center_1,center_2,center_3,center_4,center_5,center_6,center_7,center_8,center_9,center_10,center_11,center_12,center_13,center_14,center_15,center_16,center_17,center_18,center_19,center_20,center_21,center_22,center_23,center_24,center_25,center_26,center_27,center_28,center_29,center_30,center_31,center_32,center_33,center_34,center_35,center_36,center_37,center_38,center_39,center_40,radius
0.22912338224944617,0.18334798933167973,0.7697229019784612,0.6933482405491006,0.15748933728982584,0.16063774110272178,0.7565435823539235,0.010791714337466618,0.5743289374069299,0.6717219238636856,0.020485864472546078,0.981244569112893,0.04609259263053611,0.8163196111019073,0.8249295126608881,0.25949138197195476,0.039780565115729694,0.4197624314170195,0.07535848217742303,0.19715831567139486,0.9159190538795634,0.728196342843137,0.356300602125334,0.9802405803388337,0.8620762461260354,0.21222191894423825,0.1522042761582253,0.6246762319972468,0.2176881842613192,0.2874894424235722,0.7724787875432876,0.41799345293510726,0.495859913225398,0.9603229337982007,0.9169547835310088,0.26072835488030455,0.4965480617034287,0.932179116564582,0.878014129134265,0.299982063441116,0.18261380167643604,3.2538246457236726
0.021176896759711572,0.7448762487478575,0.012631256880505037,0.3588670015490313,0.6708696909559039,0.8838599404643673,0.5256495014446996,0.8475593992159189,0.8170738409839331,0.5895261009877389,0.8942964569324052,0.265251578535177,0.9013591592844831,0.03818908408703414,0.556561922631431,0.884043384455548,0.12241956252497588,0.20745532432299119,0.8718531399241198,0.5934719858023539,0.5447510327347133,0.7897322886877982,0.6180540269718341,0.10573106903970086,0.022636938810155494,0.18069419216566496,0.9055802393839762,0.026986981645691688,0.16151746452941973,0.6403293192145286,0.7868618464082245,0.2430897245905833,0.9779821704452536,0.6569083058994095,0.7723508160503124,0.1800003713724485,0.8237471694392217,0.0027254021890608104,0.0033475645714662328,0.7501555289722556,0.8895433112558429,3.774381628361209
