center_0,center_1,center_2,center_3,center_4,center_5,center_6,center_7,center_8,center_9,center_10,center_11,center_12,center_13,center_14,center_15,center_16,center_17,center_18,center_19,center_20,center_21,center_22,center_23,center_24,center_25,center_26,center_27,center_28,center_29,center_30,center_31,center_32,center_33,center_34,center_35,center_36,center_37,center_38,center_39,center_40,radius
0.7401242478317439,0.5929628097738197,0.3877482604152167,0.09778177319162018,0.9770256834930947,0.7056237145984727,0.1966637105596165,0.4845947692532675,0.8631970557403961,0.4445262189016449,0.5242326020405454,0.902667545630899,0.9250591135178436,0.4907710534235936,0.8029719140334619,0.8238905336060096,0.3680026785888363,0.7905205804458771,0.5600919261653541,0.005555983194874603,0.0003057126445510372,0.6834460033295304,0.8994447483821579,0.9683309000133675,0.35557891301824274,0.49151700665115017,0.5468021934833052,0.2743522577406967,0.16059991586545386,0.8485227189957881,0.7594353033660549,0.8113244770116725,0.7596376185044417,0.8578340606044761,0.9160785542026852,0.996673232177936,0.7502267299765404,0.4606306663959455,0.3551752786389053,0.1653215789212572,0.3145906765571512,3.4723649656705398
