center_0,center_1,center_2,center_3,center_4,center_5,center_6,center_7,center_8,center_9,center_10,center_11,center_12,center_13,center_14,center_15,center_16,center_17,center_18,center_19,center_20,center_21,center_22,center_23,center_24,center_25,center_26,center_27,center_28,center_29,center_30,center_31,center_32,center_33,center_34,center_35,center_36,center_37,center_38,center_39,center_40,radius
0.025074851134200493,0.6951758999216042,0.9897670404201155,0.42805548826401885,0.9235650750694827,0.7426636965511687,0.5811959053178217,0.05670872829299989,0.5419917390918589,0.9267232550059655,0.20426359739977318,0.11833146033700137,0.2413944974695007,0.36422333953881814,0.5316127481791234,0.49408073268809893,0.014705347660061596,0.9660989103436706,0.8794732771103114,0.09737602377332866,0.9789855880833641,0.3644582666925831,0.1359808654509247,0.3949604337408842,0.9579681501854952,0.5722215424035669,0.3205987965260473,0.14386473600206484,0.8115048521732452,0.94163619011225,0.41792468073124145,0.1022699919797545,0.5680062788979944,0.46241056032385075,0.8334942095958812,0.19148206606823015,0.2609873204627512,0.5028368095506496,0.7446651726164201,0.683483834123322,0.4477764556463051,3.175999479879781
0.5178967255769575,0.19371016632460014,0.27458460223761094,0.2758259884156897,0.5930599281187697,0.8929775047800002,0.9822498931153835,0.18622845778089514,0.9345954062463403,0.28243489459949467,0.7875307699788527,0.8213833082448563,0.4183827973812373,0.9093627413712259,0.051470932933454616,0.9218440206369333,0.25153975663085737,0.7600615774128368,0.6987016901952321,0.9713676484700297,0.1456874703252975,0.9993019443746123,0.8075187732163733,0.24249201782368535,0.052736769453183396,0.009559711724080766,0.21073273456080033,0.36174069156364574,0.1142393256435742,0.07811780567989846,0.1486096882072977,0.8641078702389919,0.9884924195358864,0.6491309557790268,0.16419479510776214,0.3343428423875757,0.10258985844814883,0.23262534214775255,0.9783586119917834,0.31616029492985986,0.8720789949351965,3.5446964313471954
