center_0,center_1,center_2,center_3,center_4,center_5,center_6,center_7,center_8,center_9,center_10,center_11,center_12,center_13,center_14,center_15,center_16,center_17,center_18,center_19,center_20,center_21,center_22,center_23,center_24,center_25,center_26,center_27,center_28,center_29,center_30,center_31,center_32,center_33,center_34,center_35,center_36,center_37,center_38,center_39,center_40,radius
0.12398557577901936,0.08188304854042672,0.3908252729269829,0.7281253168769898,0.9466096754362611,0.8048313302082978,0.6282746037591048,0.26700508175609616,0.5332587652641015,0.7904214636145664,0.01152633316225915,0.8063890345399122,0.8449289631602256,0.20073853378813888,0.6054895469365595,0.7905718240361688,0.3955365297371325,0.23103487470640827,0.8140275587383736,0.7720407332703534,0.6858771093055324,0.8128135721931324,0.425825560550118,0.7689071117439862,0.9815299639350562,0.39257230682832966,0.9981553519243643,0.8847991736730297,0.0906575266710613,0.09673820637174069,0.6836307586605811,0.5041310258782984,0.888584942826413,0.9410148749574483,0.26600788731479597,0.8300602227592571,0.5010042146749706,0.01875227303302196,0.14378609015877497,0.7319337712287665,0.49336626826420393,3.4365137730448954
0.485636077185974,0.9859891445779864,0.524749831169873,0.2730795934925161,0.3333704531806475,0.05520545199940985,0.15301859612107405,0.03605770440768019,0.8921150837116408,0.1392251961160772,0.5311357266078132,0.4903178391243652,0.6873581865548564,0.689975256278125,0.1912039616083131,0.25266605057196834,0.9938227666769387,0.90384287843731,0.2145738535721845,0.22550585695381287,0.07125107370144201,0.02071600428987619,0.7441899279844427,0.8233756577952589,0.17087375993519216,0.9083923798998679,0.22119451372501586,0.2678028192252153,0.13659043046519248,0.4889866617073799,0.2730887583150753,0.2298266803609199,0.11361590949593814,0.13126966226164838,0.832843378290848,0.48349086791760487,0.02536289819137383,0.9839087772541666,0.630402686293251,0.6337529967525939,0.08954610682172437,3.05726906010011
