center_0,center_1,center_2,center_3,center_4,center_5,center_6,center_7,center_8,center_9,center_10,center_11,center_12,center_13,center_14,center_15,center_16,center_17,center_18,center_19,center_20,center_21,center_22,center_23,center_24,center_25,center_26,center_27,center_28,center_29,center_30,center_31,center_32,center_33,center_34,center_35,center_36,center_37,center_38,center_39,center_40,radius
0.5059718525818958,0.8600752327422423,0.42717785793506136,0.4361362111728442,0.6264732038231577,0.6753027629291469,0.969275267949654,0.7705459341423077,0.3663606904043193,0.47604843329756075,0.3754339607907925,0.38470591879311045,0.40150689669120265,0.053246920206496684,0.07824994244819894,0.20947342073912967,0.839746211184627,0.3072926788598065,0.47014316554990343,0.9991970122565426,0.6829601845818264,0.14119924918248894,0.45482413351371587,0.05351463132094225,0.16930715187923717,0.532420810403377,0.532440242839987,0.9859996222298716,0.3121913280287313,0.26599044713623277,0.661357197364467,0.5549845418853416,0.23914302118306074,0.586602269444574,0.6954281947259108,0.5107912863914886,0.08339397270391535,0.47604188448196183,0.1289743025240021,0.017392823396952695,0.6716951886449126,2.9617979404743813
0.7717072284673108,0.19136450150183482,0.6902080846674462,0.4104595980117143,0.24485159087105557,0.19945205332439098,0.40997965886458565,0.5786040201976597,0.6285028059184845,0.9474761838102289,0.7749794931005894,0.993838135326175,0.11653259347127787,0.5691198714321174,0.774429069006803,0.6617081193793938,0.0866799297690155,0.9724220474288123,0.7888410030613033,0.2992755416373163,0.8573149570862051,0.5384453099922485,0.190417400874888,0.9938380135594292,0.5934884292770028,0.2493286187843734,0.8944983857936096,0.24491976928200454,0.7719037062900579,0.3691364671006321,0.9418171402761508,0.9131855778925915,0.8565770127037449,0.43941394985606075,0.021704538039877153,0.2646226859953378,0.08361488572769493,0.04560572238738858,0.7822673498659327,0.8037900015098853,0.23459737561344307,3.319996647240375
