center_0,center_1,center_2,center_3,center_4,center_5,center_6,center_7,center_8,center_9,center_10,center_11,center_12,center_13,center_14,center_15,center_16,center_17,center_18,center_19,center_20,center_21,center_22,center_23,center_24,center_25,center_26,center_27,center_28,center_29,center_30,center_31,center_32,center_33,center_34,center_35,center_36,center_37,center_38,center_39,center_40,radius
0.8271075964120046,0.4689587598652254,0.5465860882859566,0.5830878436807531,0.6930918750154363,0.1367437902331522,0.8872893026299732,0.3915550455915743,0.8496408862696068,0.8146683908957691,0.5075121863637018,0.37473817016191346,0.5617564132986295,0.34059716528892436,0.3576144145789234,0.17724187668852898,0.7236989123479448,0.9223921483660292,0.6051383157799477,0.24821242453189463,0.28949024906315246,0.7218077121256414,0.2852047073677083,0.8123939375253006,0.13869063724038588,0.608977205129403,0.35755093763516577,0.2780431031931059,0.045795065444754535,0.9774343995495628,0.2647391254333359,0.5705956809851337,0.07198868662879365,0.47167116962442657,0.8857929878396851,0.47406101101714393,0.05563244661456124,0.609746778771171,0.8738170459550011,0.011744095996456094,0.630389182915235,3.2465467279354034
