center_0,center_1,center_2,center_3,center_4,center_5,center_6,center_7,center_8,center_9,center_10,center_11,center_12,center_13,center_14,center_15,center_16,center_17,center_18,center_19,center_20,center_21,center_22,center_23,center_24,center_25,center_26,center_27,center_28,center_29,center_30,center_31,center_32,center_33,center_34,center_35,center_36,center_37,center_38,center_39,center_40,radius
0.37161124494656783,0.0027511521920017268,0.03572027331646477,0.5182973352115119,0.6811221005887532,0.849734004546631,0.9283603441576639,0.9819524252770349,0.1870843343263242,0.6737172157811819,0.10366643791605934,0.2176888187798316,0.5144916935079974,0.8836956724494388,0.7595155184230897,0.9983708892730724,0.36865965339425766,0.9761114768894334,0.1847179835249726,0.5398525226979144,0.4601156664244965,0.8749828388994525,0.8126398653635387,0.1850308927977813,0.3751176898081596,0.15250264664686664,0.7085394203118944,0.7414050004093145,0.5080230683772438,0.049715239560599644,0.2751102933822631,0.5956168464375857,0.12833130556456895,0.9257490943496093,0.8251442985204279,0.6550385292895976,0.9263779973147577,0.09292382756724271,0.166322287013428,0.371087040593167,0.5041923220672627,3.500255586390518
