center_0,center_1,center_2,center_3,center_4,center_5,center_6,center_7,center_8,center_9,center_10,center_11,center_12,center_13,center_14,center_15,center_16,center_17,center_18,center_19,center_20,center_21,center_22,center_23,center_24,center_25,center_26,center_27,center_28,center_29,center_30,center_31,center_32,center_33,center_34,center_35,center_36,center_37,center_38,center_39,center_40,radius
0.33149716868616697,0.3251215291812387,0.041079046554574616,0.862292097713311,0.6889463891497359,0.48451078723949903,0.469271055469639,0.4922028266572349,0.52477029446322,0.060426751737749695,0.22649111648195852,0.8935345340283333,0.06989991930124062,0.7621734805468926,0.28664011721020777,0.5148125033576222,0.11439729710460578,0.4650911686346788,0.7591513542302784,0.9473473352239783,0.7177896293890251,0.4291461159663972,0.7762872027595947,0.6547067886860733,0.08352613824700617,0.6527481531987888,0.8285856024028472,0.28183513032962815,0.49099128400237046,0.12086431591593194,0.24796890364218127,0.7281489308698226,0.38628730144521284,0.9185313408546885,0.794179569513839,0.35149077526083905,0.41438302854045617,0.26218501773159686,0.05559675128926156,0.5658303979201438,0.5407364080600702,2.975155560980107
0.6925211127385485,0.6414763204668512,0.7189363871385894,0.06831310372779442,0.950923067176045,0.17710787716417487,0.5646791877484295,0.8408677633872692,0.11281086015942476,0.9375222942333998,0.560905125163589,0.16995318544923876,0.5831816365842275,0.1803450900014263,0.5545576217409002,0.37134492408031217,0.8975723422174611,0.3199081424540402,0.29335181077797534,0.2065758507694454,0.20777157021918935,0.49967570456275345,0.3648375004797585,0.0618626432245285,0.794648037168082,0.39733591890767916,0.27647075762061235,0.6079684832282847,0.7596620121846738,0.023196116952801327,0.849619611097165,0.459983670362781,0.3103461064083469,0.18737676122360025,0.6875972252754694,0.07324577280048972,0.2995571419235775,0.9968188456040679,0.36086923813630123,0.4997035811204076,0.8542038811776993,3.124322049380949
