center_0,center_1,center_2,center_3,center_4,center_5,center_6,center_7,center_8,center_9,center_10,center_11,center_12,center_13,center_14,center_15,center_16,center_17,center_18,center_19,center_20,center_21,center_22,center_23,center_24,center_25,center_26,center_27,center_28,center_29,center_30,center_31,center_32,center_33,center_34,center_35,center_36,center_37,center_38,center_39,center_40,radius
0.12540126440904487,0.14605891411928262,0.7313087507924554,0.986608140371042,0.8270606524654154,0.635603920422247,0.7872401698523527,0.3079688570592163,0.8702245719319697,0.2092124128582331,0.3400538150105046,0.005930999947343363,0.28797486080883017,0.7438925847678071,0.6231184939890418,0.2675844981448504,0.004043221995272628,0.4741297968259085,0.22052156328057904,0.27050878487183183,0.22575103051484147,0.3112481218280636,0.015458551771928564,0.7095862450458862,0.2571766694979344,0.06527085669070665,0.3882729720086212,0.7233868012082197,0.22508091513196993,0.747150423428222,0.9661855185910868,0.7371176121547527,0.2515743951937631,0.847902353197153,0.02306240953207417,0.9356030352706467,0.2668883330375518,0.1686650361384714,0.42821041492095646,0.8432396452183121,0.29582882623468576,2.863681878534969
0.848023781975952,0.2628280333596541,0.9668780413485705,0.5653205304787389,0.30066520791389595,0.9863198805382254,0.6726596630334951,0.2891159365631615,0.9377872663887572,0.4065501567706059,0.5287638125310636,0.23691053302432352,0.5113406220220331,0.4158007545061634,0.1667902431870858,0.44462843866335977,0.6272632909818769,0.440764148372659,0.6215508608049038,0.42857638131132236,0.4851714037481517,0.6915009323436154,0.7524559427791778,0.7962073216591699,0.699381175570256,0.10793008095208889,0.3747804467185907,0.6470320127611928,0.9778613010561861,0.23986422595980872,0.14418213958049608,0.04091449788009649,0.34681716487538183,0.8142211433909716,0.9999346475404662,0.017948702927731985,0.6933166344164462,0.7345099924123916,0.8015695629860754,0.3859024028852367,0.9772058569281662,3.3478544126187284
