center_0,center_1,center_2,center_3,center_4,center_5,center_6,center_7,center_8,center_9,center_10,center_11,center_12,center_13,center_14,center_15,center_16,center_17,center_18,center_19,center_20,center_21,center_22,center_23,center_24,center_25,center_26,center_27,center_28,center_29,center_30,center_31,center_32,center_33,center_34,center_35,center_36,center_37,center_38,center_39,center_40,center_41,radius
0.6385689589047652,0.5658662250680262,0.22067020198791254,0.3883572056119138,0.671800459752523,0.5355047466439573,0.44475469064016426,0.8352524545101864,0.3998784812104268,0.7598300935718343,0.8646253799255685,0.8289258581124317,0.9846528903922415,0.48198340474944346,0.7749786026732178,0.9623139659705863,0.3774369307529386,0.04420262046851231,0.4624848545284068,0.2326726006757871,0.9655129602749908,0.956293851391179,0.9964245434843786,0.8327406116713801,0.10419666883737655,0.5183320767418104,0.9735289382423481,0.6332297785166711,0.6067487341675827,0.9169684227534517,0.09380936443830623,0.2540426415974377,0.9685104459754855,0.9446085526609379,0.15575268338391812,0.5634521485347764,0.05223128731935345,0.9502165251960749,0.6537703051355295,0.5716481475797252,0.6438717892329611,0.654294252547256,3.718039396496269
