center_0,center_1,center_2,center_3,center_4,center_5,center_6,center_7,center_8,center_9,center_10,center_11,center_12,center_13,center_14,center_15,center_16,center_17,center_18,center_19,center_20,center_21,center_22,center_23,center_24,center_25,center_26,center_27,center_28,center_29,center_30,center_31,center_32,center_33,center_34,center_35,center_36,center_37,center_38,center_39,center_40,radius
0.8249872150034246,0.7808921045735654,0.8843850562813869,0.07776612958417373,0.3283126696021089,0.7590863052871626,0.5013106493531374,0.9517685687359544,0.96521286241757,0.7935945358795938,0.35834942663695535,0.521173777244064,0.9197058029692188,0.6298897884321559,0.5773791499406762,0.5935157152514994,0.6192532069696515,0.7456069526248791,0.34452092756147357,0.4979919905591652,0.8950416702899299,0.16492767050930535,0.26645842100280626,0.9392212712873069,0.6005268461910366,0.6883717782763588,0.0701830907658677,0.5265064296149066,0.5019648253358595,0.12856543932469644,0.9650550094485174,0.9825299870330002,0.020475043278068705,0.6615484675456436,0.8628498761479848,0.41472342162177955,0.2933137425728949,0.15683315346565063,0.04160997179034842,0.4453009475153975,0.446570674810968,3.4908636335173604
