center_0,center_1,center_2,center_3,center_4,center_5,center_6,center_7,center_8,center_9,center_10,center_11,center_12,center_13,center_14,center_15,center_16,center_17,center_18,center_19,center_20,center_21,center_22,center_23,center_24,center_25,center_26,center_27,center_28,center_29,center_30,center_31,center_32,center_33,center_34,center_35,center_36,center_37,center_38,center_39,center_40,radius
0.5213941072744877,0.9284440066958524,0.6807030549186778,0.6869656532229382,0.6854775852161548,0.6813466918243323,0.9280659259742484,0.5511182032422061,0.8815227901821476,0.19993500416121313,0.0599680665075385,0.1665784338189622,0.1785974544261869,0.929536963819349,0.49045101334024355,0.994149316593855,0.4700432006166321,0.515837442740361,0.7248383503712965,0.25020456886656317,0.7728784848746257,0.8280351931704485,0.14794665309398536,0.7166269064513332,0.21418986292314546,0.7020637120540507,0.5762567349616216,0.8941829642090924,0.06022401765680596,0.3064720175281125,0.8666945689695146,0.7099825430057428,0.45237799120128686,0.807989034630027,0.2198856421625306,0.9422931804527396,0.34016312958147543,0.30474194120346354,0.9247704198046226,0.38160553496120075,0.9987387414310515,3.5835136280840523
