center_0,center_1,center_2,center_3,center_4,center_5,center_6,center_7,center_8,center_9,center_10,center_11,center_12,center_13,center_14,center_15,center_16,center_17,center_18,center_19,center_20,center_21,center_22,center_23,center_24,center_25,center_26,center_27,center_28,center_29,center_30,center_31,center_32,center_33,center_34,center_35,center_36,center_37,center_38,center_39,center_40,radius
0.2007854009879404,0.5165097726815121,0.3182552518937234,0.20189201394657186,0.6118392119587455,0.9956893812354055,0.830564388661534,0.3481218807528982,0.722607248040427,0.8951049142674544,0.398446086285812,0.7451086926982267,0.393039385214609,0.1828168413537563,0.917125999595408,0.0024545705860724576,0.2430062772261946,0.9734229648130925,0.8701932438710981,0.28490484067242017,0.32042544326818034,0.4740986925748334,0.3296537175943668,0.6826253701909922,0.5199929114020237,0.907757154101049,0.6923778961580088,0.3555463801181925,0.6248212635162069,0.28744014313549426,0.7193666694154486,0.6272737076565168,0.7530996617998195,0.11756659129298852,0.17518235543487537,0.4629154642038297,0.7998374108580167,0.08134907768445643,0.6347428272033108,0.4014597285313569,0.5463611239401021,3.429940599230237
