center_0,center_1,center_2,center_3,center_4,center_5,center_6,center_7,center_8,center_9,center_10,center_11,center_12,center_13,center_14,center_15,center_16,center_17,center_18,center_19,center_20,center_21,center_22,center_23,center_24,center_25,center_26,center_27,center_28,center_29,center_30,center_31,center_32,center_33,center_34,center_35,center_36,center_37,center_38,center_39,center_40,radius
0.3135803644863262,0.22731738971252402,0.5656771665348913,0.7976949138954015,0.49161196131899676,0.04224493793419459,0.34458441722669353,0.0827583600542866,0.5998919431873657,0.7697835135743195,0.9205622875454477,0.403636198768615,0.2272400358542107,0.8740644343854475,0.9183056410664295,0.956534492263051,0.03740868257404484,0.5659319304769869,0.3858681371233489,0.26791320274554453,0.3934212538544615,0.4706648558104627,0.5765424104423906,0.8011692338525456,0.9613898130874842,0.31743301028532034,0.8590931945149034,0.48116558686456734,0.06851484266047136,0.06115287037131434,0.7720076802904156,0.47582621325699637,0.3497523969480141,0.6674059264961409,0.2137659216614357,0.21413239822287733,0.8153149081664702,0.5324970660589582,0.46873643169579293,0.3874039553775023,0.19479185316836367,3.168527992825229
0.29881246945369644,0.9343007745909304,0.24649980028148955,0.0061585881986735425,0.8403120660305017,0.9310101428771037,0.3687490504670424,0.9090610270787034,0.6274020983851845,0.8229639145155188,0.5280612398891391,0.4708358263310186,0.4969384414187743,0.5796654212334655,0.2678605834788459,0.14877042152202524,0.5891359112012492,0.06728237089970468,0.8557761845197572,0.6019573907251397,0.9045094045484555,0.7397884689712926,0.05375716031535338,0.767674542043671,0.07655487395097926,0.12582184633497118,0.48372664226249273,0.37705699320416863,0.4174633547701011,0.6430827512718649,0.03430829096939392,0.9935653063407206,0.5895154353827274,0.06270708411635817,0.6872863298748285,0.6646892971348766,0.06027729688170147,0.05542143542534883,0.6655871454779155,0.1852289812517801,0.7900849899607466,3.2918226226420844
