center_0,center_1,center_2,center_3,center_4,center_5,center_6,center_7,center_8,center_9,center_10,center_11,center_12,center_13,center_14,center_15,center_16,center_17,center_18,center_19,center_20,center_21,center_22,center_23,center_24,center_25,center_26,center_27,center_28,center_29,center_30,center_31,center_32,center_33,center_34,center_35,center_36,center_37,center_38,center_39,center_40,radius
0.8127355530886932,0.1864948392723611,0.8390914680626939,0.6489411346282816,0.6423075760578679,0.8758950165965278,0.11651454887786228,0.8967549868341923,0.6705484308380775,0.5564137812611334,0.1167756578777801,0.47617938507936763,0.15960029396235675,0.7491375222313901,0.29694692570721415,0.4377451043107091,0.4624577957358835,0.8870873096459836,0.131420446169216,0.7773907195093481,0.4621763885939263,0.7095733091436204,0.029366953525986617,0.7216131901775144,0.8947008472723893,0.6228528433180248,0.5480338733735884,0.8364812440656796,0.5447170083934926,0.5365167386150151,0.6870891018952927,0.28842472643986183,0.22813810111646382,0.47939030100089597,0.09615025717940417,0.32240742186074123,0.6276884267036499,0.7935718583789372,0.26835717288899164,0.7662846073922779,0.5209766721748096,3.3602378968715314
