center_0,center_1,center_2,center_3,center_4,center_5,center_6,center_7,center_8,center_9,center_10,center_11,center_12,center_13,center_14,center_15,center_16,center_17,center_18,center_19,center_20,center_21,center_22,center_23,center_24,center_25,center_26,center_27,center_28,center_29,center_30,center_31,center_32,center_33,center_34,center_35,center_36,center_37,center_38,center_39,center_40,radius
0.5368124188961435,0.7317661358028806,0.7979899131922571,0.9337393533571291,0.7445125984919272,0.7376188515788503,0.14243760340126066,0.8792548136580743,0.08604288994513065,0.15629344188055028,0.4846345386799027,0.5859769794609444,0.25933133986523416,0.16870791546135877,0.24891956415629024,0.8918581017666272,0.20242404042490292,0.560377127497237,0.1378426837925275,0.19692297484319,0.2152978134187452,0.7362859946489414,0.564750615760376,0.6262172064233191,0.9415560292638888,0.6721984735849627,0.5533198010206718,0.7150553631025922,0.5000748819726174,0.5885901522647484,0.4438460430059147,0.28772113760922446,0.18147496780220296,0.0014372094203783936,0.557103929267646,0.4959091759200708,0.40262223505500117,0.19001358098024923,0.5767353291313275,0.4018350779896547,0.31051628501461837,2.787835931357048
0.0005895138860816385,0.9572582595567871,0.13283899069515892,0.8446551177156348,0.1783600159740547,0.3580785288634324,0.9804216354679094,0.8882131044775422,0.8888901449746061,0.645990093871439,0.818860179279429,0.26642185346766034,0.6691489723611288,0.964808415024174,0.6591080560991566,0.242401259080829,0.4647871559600443,0.22853588602829522,0.4568032040777674,0.9881404317402069,0.09604188991351859,0.21132953059058246,0.8212014767405114,0.6324928178623864,0.718501729391057,0.11533505857202797,0.0883901397543615,0.9961217478368295,0.6150151926684715,0.5312964357035272,0.9820445589057737,0.9577202255681353,0.4416344410577947,0.3774213912512737,0.6109825916822998,0.21273918803794312,0.6847014374267851,0.704542211819867,0.414160514767537,0.872519665933099,0.69655859847488,3.6083846331263874
