center_0,center_1,center_2,center_3,center_4,center_5,center_6,center_7,center_8,center_9,center_10,center_11,center_12,center_13,center_14,center_15,center_16,center_17,center_18,center_19,center_20,center_21,center_22,center_23,center_24,center_25,center_26,center_27,center_28,center_29,center_30,center_31,center_32,center_33,center_34,center_35,center_36,center_37,center_38,center_39,center_40,radius
0.6281070845412595,0.8865246913929891,0.07621223293170654,0.1620423587778963,0.7244615963513894,0.40243851438924405,0.7028111846491693,0.8831636788269669,0.9942504083594758,0.6920006387394091,0.6140704164318664,0.4111791334971514,0.19916170570024305,0.6455461918426978,0.2530004033574432,0.31212676366404113,0.026220848024582022,0.9623220851660236,0.9422977876040175,0.3888008864302449,0.34737040504574324,0.06447312543105554,0.7846716843713731,0.3929914276027967,0.8461700695883885,0.1479604010524006,0.27951215187606326,0.7850868271088484,0.3261914640690827,0.34937186644265694,0.1335895261443717,0.7829866359689237,0.08292223413077104,0.16264313760041815,0.9928934305168307,0.6240532920265974,0.9640198047756188,0.17245472637524162,0.683899030502568,0.0740637192030531,0.8420498563971485,3.431369714655432
0.1398910414696607,0.04074105626018931,0.2550883295717773,0.9760369667012736,0.07344415081384448,0.023176118993523565,0.6223704017180195,0.09801487945673082,0.24828280925059665,0.2420453005730282,0.23401533700419852,0.1367681488222804,0.8580374392884125,0.019688779454601013,0.15763822456264964,0.9146613348136361,0.8152548995934692,0.010359867487631957,0.11053392299420695,0.9966758964178172,0.5867636191261352,0.4074682443859473,0.23105883041844955,0.5550270414854339,0.5238675188572443,0.5537137454691281,0.8180394818163672,0.25844128972098257,0.8060684637557367,0.24754206739876972,0.4052179883972574,0.10576304688926019,0.05078366245448629,0.504821923571621,0.24253336234515077,0.48737489724114247,0.4853204787061527,0.8744018992286091,0.4107433709387752,0.8701795855698307,0.3031846178584847,2.844863819047512
