center_0,center_1,center_2,center_3,center_4,center_5,center_6,center_7,center_8,center_9,center_10,center_11,center_12,center_13,center_14,center_15,center_16,center_17,center_18,center_19,center_20,center_21,center_22,center_23,center_24,center_25,center_26,center_27,center_28,center_29,center_30,center_31,center_32,center_33,center_34,center_35,center_36,center_37,center_38,center_39,center_40,radius
0.10855803909668715,0.9260196678635996,0.45707750990137597,0.19375957102967567,0.29645341161946015,0.19873622087054021,0.658078143324684,0.017547128055144134,0.06839711485826305,0.3192390194177568,0.8306236167986044,0.359551185449799,0.7153221593841325,0.0835061766027374,0.8926587396262905,0.12482532243353894,0.9111946061268913,0.20860284168100007,0.567260255209358,0.3309325457635448,0.3502002617282619,0.8282273228327435,0.33963625895120586,0.8158707727525656,0.016972410705756946,0.9843006680271301,0.17971574872521479,0.016258525603467966,0.23777657998019286,0.5409758240641432,0.3567099423309493,0.028033725751734018,0.13537502226050702,0.9425157499547862,0.051785943724741657,0.07206272734790198,0.3290674710840684,0.43744466740637344,0.5553127511913699,0.3752449617953606,0.5145614298225988,2.922503256700294
0.7213243099147084,0.25479918985716543,0.05480734764579598,0.5746973018224577,0.5556428327326026,0.2766961821801516,0.750805471837389,0.9370720166966802,0.8991417759208234,0.37422606621371735,0.46950447839000076,0.2117072544931129,0.10013933079240755,0.4973661333406443,0.5778471333309175,0.643026730395267,0.31803229804656374,0.8179442650070836,0.7403558679714973,0.9136517737574799,0.36029666449266484,0.6613643705240245,0.9185606707029101,0.26224398846090236,0.7894510428811804,0.23066847784672462,0.7957293702741344,0.33343051017776315,0.5604490729833774,0.8475416902272835,0.3214836316660562,0.9388164972004355,0.00895615403632155,0.7195363881915661,0.2750927479221672,0.35807965523445306,0.3889749582565418,0.4387229710704331,0.09996793135749382,0.3374492219800206,0.39300569481457315,3.2928857192439605
