center_0,center_1,center_2,center_3,center_4,center_5,center_6,center_7,center_8,center_9,center_10,center_11,center_12,center_13,center_14,center_15,center_16,center_17,center_18,center_19,center_20,center_21,center_22,center_23,center_24,center_25,center_26,center_27,center_28,center_29,center_30,center_31,center_32,center_33,center_34,center_35,center_36,center_37,center_38,center_39,center_40,center_41,radius
0.21216240799361874,0.9903293385802451,0.70372351530686,0.25303658136131957,0.0610102849735743,0.15340743011834967,0.8590306424521852,0.8477989167128108,0.6928522063381285,0.07782227340136882,0.013046887508447735,0.41411580549448723,0.9428294413192944,0.3308648599661743,0.6341513349687529,0.6542807847134376,0.8042947013322068,0.15252729249329589,0.8359469973039221,0.2588147353048943,0.24238051870360644,0.417583798595645,0.37992218971281666,0.6763483186562664,0.7361003513929886,0.08157053995652364,0.354411517048524,0.3358430553808921,0.6268261355943213,0.48161261248282716,0.43552122639806046,0.7985632235133681,0.4526560857395091,0.6386072306818994,0.8026234068305625,0.6527950930178926,0.01674961747267245,0.2418465639797197,0.5325914130821946,0.9429324165225789,0.5146673739077381,0.8692032075913642,3.4490812014541765
0.8524003447798301,0.3434316575775572,0.02032877998586402,0.6624356077174303,0.18169349608399987,0.6545518497791726,0.2681316830014858,0.868766118302609,0.09734422729027548,0.841680571401952,0.25047794452717875,0.9527984069670663,0.2347588416861769,0.6862937920176811,0.5072701642836185,0.14241516192821901,0.03698957684377069,0.8134859322320785,0.3526899292060187,0.6045752167395916,0.4317448225584727,0.7875606796551485,0.9897764958283998,0.20121099604706816,0.09333486160247562,0.9053231344069989,0.906990998979712,0.4234236219579298,0.3187929774089694,0.07915322299479566,0.738741999515968,0.1684067929569425,0.04137981008374936,0.060290000709606106,0.08383100711933655,0.814970360062808,0.9739555659841755,0.7128149809627429,0.8885622307012976,0.05515008015758216,0.3055766722442973,0.20614715751562473,3.185721704166824
