center_0,center_1,center_2,center_3,center_4,center_5,center_6,center_7,center_8,center_9,center_10,center_11,center_12,center_13,center_14,center_15,center_16,center_17,center_18,center_19,center_20,center_21,center_22,center_23,center_24,center_25,center_26,center_27,center_28,center_29,center_30,center_31,center_32,center_33,center_34,center_35,center_36,center_37,center_38,center_39,center_40,radius
0.7776880567043631,0.1546964431580009,0.46682631207298153,0.356864770976412,0.6891861854534747,0.23271994356024772,0.5781578266429376,0.6320788416792005,0.4437742459353433,0.8460869424639358,0.8348638221726811,0.5359006810100531,0.7149296881612447,0.5643218901819502,0.671865320432957,0.8060113828525509,0.8992373013341151,0.6267959105446972,0.8857725421341067,0.7842684927137921,0.15803727574272297,0.6894752192319282,0.6176993402053782,0.1463147952918611,0.8555411263131418,0.5623583755020515,0.5081826900875421,0.618021256154846,0.38360806044622286,0.6523610964224715,0.7495919412338848,0.48150457140330793,0.9047529674005301,0.4002304283319771,0.48358965040771884,0.3797853223985178,0.2101090590005118,0.6031008568473095,0.28045942875426977,0.47033031522552027,0.16030223994050752,3.437593177492971
