center_0,center_1,center_2,center_3,center_4,center_5,center_6,center_7,center_8,center_9,center_10,center_11,center_12,center_13,center_14,center_15,center_16,center_17,center_18,center_19,center_20,center_21,center_22,center_23,center_24,center_25,center_26,center_27,center_28,center_29,center_30,center_31,center_32,center_33,center_34,center_35,center_36,center_37,center_38,center_39,center_40,radius
0.3834009027798526,0.5029894121086415,0.48115236640338355,0.681870252989199,0.2036359536500093,0.6908588191240265,0.5271361944480335,0.3581166585750273,0.9493199661672852,0.33963084149116984,0.1364679159428338,0.9329741690256282,0.9086472746375077,0.8926708157365658,0.21323934393691468,0.9616969283977945,0.7211817404089552,0.9495996524867149,0.6543770903617557,0.8363807448269368,0.8408449471044966,0.2906903000595681,0.7194584972786842,0.3211201661470916,0.9615283204859608,0.47988740424591636,0.42567032594876375,0.12776058366036225,0.24004715994404768,0.9303297045783766,0.1938202559043002,0.6424780354034975,0.5896110262248699,0.49857578945731473,0.351369071473824,0.9455013901791888,0.9419494378911341,0.4374470901187235,0.7374282236512704,0.5006639309747055,0.5702234156207717,3.6927217886951733
