center_0,center_1,center_2,center_3,center_4,center_5,center_6,center_7,center_8,center_9,center_10,center_11,center_12,center_13,center_14,center_15,center_16,center_17,center_18,center_19,center_20,center_21,center_22,center_23,center_24,center_25,center_26,center_27,center_28,center_29,center_30,center_31,center_32,center_33,center_34,center_35,center_36,center_37,center_38,center_39,center_40,radius
0.42570817893866286,0.6156270518900514,0.6039040046845457,0.6770950952691432,0.641914000627747,0.37723998255374647,0.9155080210509627,0.39631336060837885,0.777678975492869,0.733914837728726,0.08335261820871998,0.8924071731193421,0.9778073800954505,0.8008030202166652,0.3841567623859381,0.3584510012048784,0.7304497088574922,0.9014109658304758,0.20446577758547824,0.330803749180422,0.7979076570447536,0.6596530972209418,0.5159112127614028,0.5314234925231541,0.34703624745213835,0.08828937607660048,0.11691779754579956,0.5664114009906248,0.018753953287241498,0.05764470427752599,0.7096546188462782,0.23887626610754742,0.02957205545282593,0.2847801789420149,0.69715814419994,0.33385246997093887,0.2950486227822139,0.6490905878257738,0.9055494925834687,0.14276199074909246,0.036194984986397505,3.280063102751361
0.9320102476905523,0.4787057397747966,0.9819498158265408,0.012318278018810802,0.0968556849682023,0.6727769826880166,0.1189416351911109,0.6045983583997974,0.02068700124766154,0.6874307792584536,0.9047232650030012,0.5018385228183398,0.06411500126022196,0.9999908682108093,0.12362714714303691,0.42277403312934336,0.26561001212932145,0.028092636478287636,0.8916087598401963,0.43908466912823396,0.42231989283751115,0.7378767191397078,0.34965171653934035,0.186628333300063,0.9675968252600706,0.6039290313264354,0.6743944989395887,0.7953330898884418,0.285886220390712,0.3878479178059462,0.015645628053446714,0.9212810387935061,0.6694129159048956,0.8702184078408202,0.8344835079496967,0.4916695152218816,0.917086301685966,0.3046134914513572,0.14097790426470336,0.9229425981163165,0.5734927325971033,3.596756881244814
