center_0,center_1,center_2,center_3,center_4,center_5,center_6,center_7,center_8,center_9,center_10,center_11,center_12,center_13,center_14,center_15,center_16,center_17,center_18,center_19,center_20,center_21,center_22,center_23,center_24,center_25,center_26,center_27,center_28,center_29,center_30,center_31,center_32,center_33,center_34,center_35,center_36,center_37,center_38,center_39,center_40,center_41,radius
0.7155859815770257,0.5615486928499814,0.9189706855988746,0.529509385940642,0.03047883435838661,0.40221678162916485,0.6669053666374313,0.20262935190897147,0.3512743832498887,0.6592528052427503,0.5221084074832631,0.18694490105012873,0.1871579475397055,0.3447130631646139,0.1695540122325665,0.13359117500003292,0.05489146102164699,0.22399028019571188,0.1870032737310312,0.2683465650258664,0.8542740158240865,0.8818819654374187,0.817401566570029,0.6998779941345408,0.8439686816152481,0.9216209296343159,0.7459204821481404,0.6752890868481313,0.6333709662101891,0.7861962894692851,0.44868354526768695,0.9923143307268442,0.5118996637374845,0.21978557744617788,0.962190296894996,0.2949041723446919,0.1912508493577445,0.6277864267770676,0.17283586939109796,0.24271941641368155,0.23749361362308685,0.14990633055422697,3.0198799476861833
0.7524441807368293,0.5746484209619398,0.3497914211986053,0.4784602533292486,0.6795601845642061,0.6711675906687234,0.6968281288716384,0.5637130477070436,0.6713267341238841,0.7939442258569859,0.37418552599608923,0.9478020364830403,0.8467489737231487,0.9997969651945751,0.42653197281704125,0.3447572262474182,0.8137909845034199,0.8729004523297593,0.6949404321072826,0.634847170423513,0.21078303330871795,0.03205586226671375,0.19723263120864987,0.323082477771489,0.3360306028600142,0.8376533372931241,0.24465222899957972,0.8214341323767747,0.228939101587182,0.7442964983457786,0.7971636571069538,0.3168143347375132,0.5046230543817872,0.8061631335429478,0.22161226959865898,0.7350726369283808,0.5081837494966608,0.7707796977755268,0.3292091788039889,0.7836060782980736,0.89715570682604,0.6535201891306557,3.735558289453285
