center_0,center_1,center_2,center_3,center_4,center_5,center_6,center_7,center_8,center_9,center_10,center_11,center_12,center_13,center_14,center_15,center_16,center_17,center_18,center_19,center_20,center_21,center_22,center_23,center_24,center_25,center_26,center_27,center_28,center_29,center_30,center_31,center_32,center_33,center_34,center_35,center_36,center_37,center_38,center_39,center_40,radius
0.5258703299897179,0.05376339365840965,0.016787862160057565,0.6917165529755999,0.2681998140177819,0.5935342847192597,0.6237967178376159,0.9423241999946566,0.6987445906683016,0.5401286329822456,0.27549809906180345,0.14945430966390183,0.8306546438108935,0.7915069304457295,0.4394985843808802,0.7618327949735326,0.21123504703281337,0.050891399412897886,0.913668977915106,0.7434015804743891,0.7019521886287625,0.5269743904076103,0.2722802938128176,0.7962067831057389,0.43721826754031845,0.4588432786886837,0.3052096036241956,0.31777869341968656,0.3815372945697363,0.008348709682496236,0.48020057169230634,0.15700667615011832,0.5846374906383885,0.8495541865689195,0.6537756485463323,0.5172916578013318,0.30473485022327973,0.27195443458576274,0.2580041269053258,0.3288162241362179,0.6335841289001943,3.173541469804844
