center_0,center_1,center_2,center_3,center_4,center_5,center_6,center_7,center_8,center_9,center_10,center_11,center_12,center_13,center_14,center_15,center_16,center_17,center_18,center_19,center_20,center_21,center_22,center_23,center_24,center_25,center_26,center_27,center_28,center_29,center_30,center_31,center_32,center_33,center_34,center_35,center_36,center_37,center_38,center_39,center_40,radius
0.8501247214678469,0.500666794901214,0.43745143995671565,0.004145086357045025,0.8802511390649752,0.44808933996433864,0.19649890455867058,0.6429349520109152,0.9344992797733539,0.5725411134548152,0.46599320179711234,0.7029809624203753,0.5077994768754828,0.9984348351286637,0.6974337991228541,0.7594050731119271,0.942183128081923,0.9634041310589573,0.6424440737553269,0.4000662701337798,0.00027424072836079727,0.3380927684855307,0.4152755477180051,0.8387066883809877,0.28066690203664135,0.3737194504986736,0.3596590274393707,0.8168528306136006,0.34428280259161426,0.9780130340657943,0.4042993302837514,0.14096061480565714,0.4759396952836923,0.046272233164625476,0.9657035419840913,0.1646658678521291,0.7154097428469525,0.8318769482363797,0.8402467080444688,0.5965436097360216,0.5292560163108091,3.781398762647066
