center_0,center_1,center_2,center_3,center_4,center_5,center_6,center_7,center_8,center_9,center_10,center_11,center_12,center_13,center_14,center_15,center_16,center_17,center_18,center_19,center_20,center_21,center_22,center_23,center_24,center_25,center_26,center_27,center_28,center_29,center_30,center_31,center_32,center_33,center_34,center_35,center_36,center_37,center_38,center_39,center_40,radius
0.6140740426272691,0.13711651349331555,0.2111759090062567,0.4889642137306257,0.2378468374353223,0.6837578485135285,0.25597150436480465,0.612652585841463,0.5603058431148314,0.5748565259928952,0.21734532353412506,0.7067761733878286,0.3187609863063179,0.6547360698909919,0.9400287995988971,0.6881989255940477,0.3122526689001711,0.5974640422131297,0.19239581956397855,0.6589897604675659,0.22239584405581592,0.5538964225567149,0.4193926087823391,0.17567015775884187,0.5052768188583385,0.4952807257673306,0.3212256409392341,0.6017826240744082,0.6428593476562615,0.6674529746231767,0.5224328403264945,0.856103105703258,0.6887502152519372,0.6557363229102129,0.5643658512743117,0.3012996708380147,0.8577876218953224,0.16188835586762518,0.5640152554676177,0.5164860933397761,0.6033563807555735,2.9820450960566047
