center_0,center_1,center_2,center_3,center_4,center_5,center_6,center_7,center_8,center_9,center_10,center_11,center_12,center_13,center_14,center_15,center_16,center_17,center_18,center_19,center_20,center_21,center_22,center_23,center_24,center_25,center_26,center_27,center_28,center_29,center_30,center_31,center_32,center_33,center_34,center_35,center_36,center_37,center_38,center_39,center_40,radius
0.4545993782430813,0.6554146055718436,0.0797814701520424,0.10720181757630942,0.8763876490334144,0.8291892233636665,0.0865754434668965,0.48194920589057777,0.9276278904309906,0.4786327109919888,0.7923940138359247,0.2413446478722162,0.6289755949891261,0.8148241548847198,0.7587981889255303,0.20193006999115326,0.13042933769681486,0.5280249982419523,0.08007011895131544,0.1277670074514784,0.911401948916566,0.6317410876591446,0.895388449742728,0.5132561093307617,0.735563877708063,0.8226504267954486,0.477794726404814,0.9598062562970583,0.03783487495989235,0.008196405767203596,0.24929273884642922,0.4374980459982095,0.8099806773439331,0.38362700152972473,0.6943341868744882,0.6155938194186356,0.7731840000116353,0.8509932379136578,0.5724166803191337,0.8723028149669909,0.38747768989479314,3.6207471158763216
