center_0,center_1,center_2,center_3,center_4,center_5,center_6,center_7,center_8,center_9,center_10,center_11,center_12,center_13,center_14,center_15,center_16,center_17,center_18,center_19,center_20,center_21,center_22,center_23,center_24,center_25,center_26,center_27,center_28,center_29,center_30,center_31,center_32,center_33,center_34,center_35,center_36,center_37,center_38,center_39,center_40,center_41,radius
0.6703453659212399,0.8485629402849878,0.3093223372384508,0.9568364706787136,0.6093401938251328,0.34377008798135944,0.2718473323523086,0.5125570975154222,0.06235322832908674,0.11526661186929776,0.7673324195528732,0.7226300694494235,0.9180743714079808,0.7765697895463298,0.42754101361989827,0.11944658003965936,0.49332414482987086,0.6327708663763207,0.6064504189602163,0.6672614500147941,0.8147148115870076,0.4854902145295039,0.8496580203244434,0.8798780032484329,0.6875583038223113,0.027225059875897073,0.16731327536486917,0.13018538891051734,0.7789229400809774,0.35473648443558103,0.3003731465708076,0.6441995091975081,0.21079491002390283,0.6409208045267839,0.31962314598523556,0.4319062497836913,0.10738321770987891,0.3682938880537029,0.2935052217705201,0.4099311085743831,0.38600506794069245,0.06820550456158891,2.875951815877576
0.8956751414796686,0.5741645722779053,0.9958207458430234,0.4965927829169383,0.4092079242399418,0.7069602093585821,0.8493222529085709,0.10505437809414231,0.17652400815432412,0.5546927269675282,0.2373673811812934,0.7574934652707415,0.4358004377757806,0.2082777583010068,0.9558832983022475,0.7588093471681092,0.3597533180097837,0.08127432981382221,0.8246663007236323,0.6453547964103676,0.2121220430453966,0.9979071596248681,0.3427736672136249,0.6363245217558475,0.25573909921424776,0.4323648175238579,0.7310375163992633,0.8781385027008457,0.02587915542199537,0.17892546243444285,0.6592419459629903,0.06734312293908318,0.8850194459580432,0.6812964551317385,0.4360060018836437,0.5426248278858149,0.5642090867831312,0.8422087776529732,0.05012924358094506,0.8882610175787008,0.1089765989718342,0.7582163198776958,3.466594897683516
