center_0,center_1,center_2,center_3,center_4,center_5,center_6,center_7,center_8,center_9,center_10,center_11,center_12,center_13,center_14,center_15,center_16,center_17,center_18,center_19,center_20,center_21,center_22,center_23,center_24,center_25,center_26,center_27,center_28,center_29,center_30,center_31,center_32,center_33,center_34,center_35,center_36,center_37,center_38,center_39,center_40,center_41,radius
0.25624340773946386,0.9300761913195581,0.37801333101501056,0.31797516973009643,0.25689861163810435,0.816516305737698,0.1585459606534857,0.6344189942646123,0.2250571663480253,0.17425630875647236,0.8856394287399535,0.787252619368613,0.7308993552521105,0.6530697061199242,0.32487298563573386,0.48879823176955706,0.3961019668258545,0.06464544634819169,0.5253727827112677,0.7738649695914093,0.9523360329841378,0.6288421315361264,0.18414623676585995,0.17371834271599618,0.4996139052347376,0.26048870029193194,0.8172681568805933,0.08232647443501695,0.709172150123288,0.4176701886733446,0.5451794201321065,0.6598858730316755,0.648594576633336,0.094920032399046,0.5902345038913671,0.8683021772783673,0.9139601564646352,0.775817629331798,0.8432314349703286,0.8276079433245714,0.7950557190377565,0.14630514709474662,3.3026826780003367
0.5362165439217211,0.17218148544784462,0.9787407353591505,0.4921002435652173,0.5191496715467847,0.4311552069059936,0.8776150950894068,0.1045760572286667,0.814009672013008,0.9609953287491544,0.02705349267514856,0.88638199539579,0.24748440746538303,0.9300011145948242,0.9070892000379212,0.724318018903735,0.9464874041218209,0.925393540638998,0.8044303948629221,0.030536612002035946,0.7342347232287499,0.37339204588844466,0.13164635667588054,0.9685301945382196,0.6871602309859847,0.3290506913267367,0.15137665665132094,0.6724515782058588,0.21637312704609168,0.38711100070187576,0.2907890332143197,0.9698656793137195,0.6754285795155147,0.9491028940068885,0.052859511897460854,0.2524849894554203,0.6135339955018868,0.08406757824634248,0.04598928730273133,0.7082157393938783,0.8194819564100604,0.559768991181216,3.803739737398148
