center_0,center_1,center_2,center_3,center_4,center_5,center_6,center_7,center_8,center_9,center_10,center_11,center_12,center_13,center_14,center_15,center_16,center_17,center_18,center_19,center_20,center_21,center_22,center_23,center_24,center_25,center_26,center_27,center_28,center_29,center_30,center_31,center_32,center_33,center_34,center_35,center_36,center_37,center_38,center_39,center_40,radius
0.39075725821424523,0.3987040476122832,0.973644941375481,0.12374107855715122,0.7728704884182889,0.23170785752238,0.6416855216952551,0.8516662931751107,0.7649730500648815,0.19502494280727012,0.15936684086847563,0.45688921981067177,0.8280360821230954,0.05490913358628391,0.5130521049366286,0.796385688147168,0.9724970316021208,0.20578812004426394,0.5470505744553729,0.2419733253045948,0.8719220441013417,0.15234585718646565,0.1974413283204538,0.3435221317048084,0.8016982262850305,0.790534653727063,0.3256922245658488,0.3407875198103567,0.9154292219831406,0.7159788435263199,0.4113006692828597,0.7059791844443584,0.4239124187763347,0.8062368008865006,0.8096781696118661,0.06307617321841796,0.9543950258741479,0.12404557621302792,0.7204804441775774,0.4134594448609642,0.5588553285642982,3.2726923321199664
0.3029431085354971,0.9192238120452347,0.8316419709829113,0.837975417216404,0.676346876807676,0.9998603165569542,0.31750682869630853,0.6972921606750864,0.8949664537193887,0.44180075272980956,0.9880905772185871,0.905573190037358,0.024219969067534763,0.9111675350929335,0.7245453182301034,0.03163428779463007,0.15773284232970353,0.5957653841390934,0.7023287421289491,0.8985719282492011,0.09236700252903873,0.1327233107606126,0.9432166093459305,0.3923250038027428,0.7426212493678822,0.4586724218533995,0.08197664190521736,0.7256245480488626,0.0876072192737376,0.6904249358821957,0.7916132567412439,0.017439939973981966,0.927728030715969,0.4399323272710687,0.45754613507440667,0.6912595750249935,0.185603677976104,0.9895131365964026,0.4774571780434874,0.8150046634044531,0.9620445296253146,3.6417666403710123
