center_0,center_1,center_2,center_3,center_4,center_5,center_6,center_7,center_8,center_9,center_10,center_11,center_12,center_13,center_14,center_15,center_16,center_17,center_18,center_19,center_20,center_21,center_22,center_23,center_24,center_25,center_26,center_27,center_28,center_29,center_30,center_31,center_32,center_33,center_34,center_35,center_36,center_37,center_38,center_39,center_40,radius
0.5774157609083527,0.7495202259628518,0.3989611184529721,0.10484335768310638,0.29392354649853336,0.3382831024852403,0.1152490510407439,0.43724542580362713,0.7720799741623917,0.6594276180182497,0.5758642329172534,0.30766615172967715,0.7375644592251825,0.7459718525967466,0.04758158715800309,0.8130412236262292,0.9048661439831486,0.6552426557322109,0.16228708752130006,0.20505769542454477,0.000599590060696209,0.5670874119320827,0.5055557804026605,0.2008084999918971,0.9396750806383338,0.9170216374212008,0.5505901084114347,0.9417302057863387,0.15041672785981164,0.4478624000317113,0.27967872522771264,0.32379440299034734,0.8653908808214938,0.7238166124947234,0.9318670887299384,0.7500176398593972,0.7375034199649283,0.721097391682147,0.6370137526742016,0.6826889995373118,0.5385930194122929,3.3727194652336356
