center_0,center_1,center_2,center_3,center_4,center_5,center_6,center_7,center_8,center_9,center_10,center_11,center_12,center_13,center_14,center_15,center_16,center_17,center_18,center_19,center_20,center_21,center_22,center_23,center_24,center_25,center_26,center_27,center_28,center_29,center_30,center_31,center_32,center_33,center_34,center_35,center_36,center_37,center_38,center_39,center_40,radius
0.6901833668988673,0.5092989254387307,0.8381518495204181,0.14967656759307213,0.30658537776305295,0.08246976081888913,0.3540942523220375,0.5516627084585687,0.8516211418772054,0.6090976085044585,0.9444075651362799,0.27271814323082244,0.8901322897916985,0.8418831463597395,0.8274859261036915,0.6708659594828447,0.6649748884879104,0.5048656820330518,0.28173008713471837,0.7864855775001356,0.6506649635848805,0.8186801635896958,0.45821951391459836,0.4378568315065017,0.8664099648643246,0.13957912551435692,0.3296202331148106,0.9495384317665487,0.794370178978126,0.11607382397920396,0.4677858361770868,0.03815262808259756,0.7994964249162819,0.24035954412310467,0.09904623773806964,0.29646285649277604,0.6195372718795282,0.08044051584521272,0.05108030491605675,0.22120829371975592,0.9609132056523206,3.345450328360458
0.0699206324627144,0.4025918451539712,0.7000887549549689,0.7678140235636672,0.9193186795662508,0.7009755626467447,0.5526157882497106,0.8884186206508574,0.03258325273016949,0.6045322403006876,0.5392455652548211,0.14858020195197197,0.169391673484506,0.15036568746376122,0.7094786069762621,0.8307103221442681,0.7790417640259673,0.45123780759332655,0.940217382505216,0.5514390682810087,0.8379112834074018,0.03990724861057904,0.3361806168190844,0.7883315116923606,0.3350146449568896,0.9003501151532404,0.9175984686588728,0.1881800443260393,0.9383277215333454,0.6633416774301075,0.7787416024123913,0.8709369373725013,0.29434271258020916,0.4244813450829652,0.841665820853414,0.7984813091601113,0.22589709670531166,0.9266911356762303,0.6436778615730594,0.8846631080439361,0.01209511184789247,3.5608473661489692
