center_0,center_1,center_2,center_3,center_4,center_5,center_6,center_7,center_8,center_9,center_10,center_11,center_12,center_13,center_14,center_15,center_16,center_17,center_18,center_19,center_20,center_21,center_22,center_23,center_24,center_25,center_26,center_27,center_28,center_29,center_30,center_31,center_32,center_33,center_34,center_35,center_36,center_37,center_38,center_39,center_40,radius
0.1548477290909368,0.8360416269979898,0.3011976787039027,0.6833940022704315,0.3187762830768318,0.40163508730722774,0.3948357447087556,0.2582152409153249,0.829458234339495,0.9035222429331256,0.22320417430157313,0.05911856663885762,0.955760531500029,0.125600574236035,0.9895449379854421,0.43222866397403137,0.5666368545615723,0.7287820714434686,0.9455447688713041,0.49868102287827476,0.9883766168504395,0.26831987202850116,0.9296752338762809,0.5896032228102115,0.9238363465845384,0.21325153563370391,0.886264959030756,0.386697478170549,0.530344582816929,0.22551566820725077,0.9333546069850501,0.07035431597071995,0.22318124417735108,0.7157589527456177,0.9864472158186068,0.6668887557781825,0.5319634122514277,0.16581820727649255,0.5745692070655856,0.524241852694734,0.8126289100079603,3.4690243500791627
