center_0,center_1,center_2,center_3,center_4,center_5,center_6,center_7,center_8,center_9,center_10,center_11,center_12,center_13,center_14,center_15,center_16,center_17,center_18,center_19,center_20,center_21,center_22,center_23,center_24,center_25,center_26,center_27,center_28,center_29,center_30,center_31,center_32,center_33,center_34,center_35,center_36,center_37,center_38,center_39,center_40,radius
0.7421784998166681,0.6547942358218696,0.4178879782362802,0.5683185934089009,0.4021374775009531,0.47412241893484364,0.9446571923723747,0.5263897703149665,0.3524081168225883,0.13610928050189397,0.07948214370868512,0.033403261908079296,0.33245879109858845,0.34523874008115907,0.7503162589537014,0.692872625115218,0.40336254776167135,0.7722762716356866,0.9559491479243908,0.7147700776922902,0.5904667274229266,0.743371978770003,0.2925313954109581,0.3836514660359087,0.58789517376831,0.3792474535724639,0.6451211098385113,0.14270191175024804,0.4381478866733032,0.10613692893172855,0.4840839788053759,0.42350537257014653,0.8705856709194786,0.12810984870375186,0.21325314014475305,0.011616874859315174,0.812067442228011,0.5167116709855604,0.18163625463806377,0.23729290177023044,0.9710930529983413,3.3027656424980685
0.011842300796082283,0.03262828016125019,0.9156491595725331,0.38857174307852227,0.9096838617838838,0.4631949809713851,0.09121833841032212,0.10056279201286011,0.7045040999584287,0.9046857833699251,0.7449975752352775,0.20272518181099497,0.6581343505842263,0.9921437347207269,0.6709629139668524,0.3452636512155036,0.8590785023171419,0.09660770775705185,0.49074485039013993,0.14184220734721908,0.20469247222347298,0.9771193421035912,0.9970764668837102,0.04470574277064432,0.6624803849077264,0.5656162306174062,0.960766619058166,0.5556014794062435,0.7951059486054111,0.9444708666349979,0.9805306689518534,0.16365134309936036,0.13108392760502574,0.882979041981642,0.32837938430946423,0.9887173731536035,0.307780288889143,0.6911001513389493,0.7302195432200826,0.682913734896361,0.0711033595089482,3.8023049116257597
