center_0,center_1,center_2,center_3,center_4,center_5,center_6,center_7,center_8,center_9,center_10,center_11,center_12,center_13,center_14,center_15,center_16,center_17,center_18,center_19,center_20,center_21,center_22,center_23,center_24,center_25,center_26,center_27,center_28,center_29,center_30,center_31,center_32,center_33,center_34,center_35,center_36,center_37,center_38,center_39,center_40,radius
0.5153644464224721,0.3999203153125416,0.5799199251682843,0.3091878132435898,0.7082813699176931,0.12360107367879991,0.053060740182282906,0.3379940007405329,0.9569330106299606,0.49782258518016276,0.9806043544331962,0.9193154122107374,0.9967795657879353,0.7033426484751076,0.522172706451471,0.6094055737418618,0.9764306712126862,0.6352779234701095,0.04259932141995337,0.9076987914556794,0.7937403857863573,0.5706532492847796,0.7901265812030662,0.3875139275412638,0.4396699180740681,0.28752348662051375,0.6079262221780656,0.7736598954869944,0.3260921486962717,0.5475569131764692,0.9175621292171434,0.8099106274941604,0.8301533672797419,0.7063452110381411,0.10192256099601271,0.7771750189701059,0.20901635464330237,0.6599399397663603,0.662458223967265,0.7790292682776107,0.9294397177346712,3.5967268915575374
