center_0,center_1,center_2,center_3,center_4,center_5,center_6,center_7,center_8,center_9,center_10,center_11,center_12,center_13,center_14,center_15,center_16,center_17,center_18,center_19,center_20,center_21,center_22,center_23,center_24,center_25,center_26,center_27,center_28,center_29,center_30,center_31,center_32,center_33,center_34,center_35,center_36,center_37,center_38,center_39,center_40,radius
0.9308065682676954,0.2941183911925769,0.5446348987063357,0.24690799632180527,0.2711461968812662,0.6178409253319629,0.760670260876828,0.5366338902248847,0.11898103796493864,0.8442921815106521,0.8156313270080882,0.2107495978950058,0.6271909925809622,0.5755077369255172,0.7819637480624759,0.5772841725376604,0.3189607450192987,0.9246462517929934,0.9301256294895816,0.9119385690238329,0.22786951861957694,0.7307600271683243,0.2731255637738488,0.44561546079775416,0.9383802687369265,0.44933547231255033,0.8566299778130508,0.77281557977186,0.6769333978301572,0.5706812309269198,0.5725719980748152,0.5797747555409005,0.9395983758042161,0.3842997184390732,0.04072851706494984,0.28023388789397274,0.32596910826518644,0.8028949658477176,0.9149252629420799,0.7795114067778832,0.26980412570452084,3.615296637496056
