center_0,center_1,center_2,center_3,center_4,center_5,center_6,center_7,center_8,center_9,center_10,center_11,center_12,center_13,center_14,center_15,center_16,center_17,center_18,center_19,center_20,center_21,center_22,center_23,center_24,center_25,center_26,center_27,center_28,center_29,center_30,center_31,center_32,center_33,center_34,center_35,center_36,center_37,center_38,center_39,center_40,center_41,radius
0.45052135559162765,0.24881827025977454,0.24446671882352133,0.11922046824696275,0.5666284093007407,0.8817126958305422,0.9640119449571505,0.08165930650696385,0.1272897232975584,0.8378177687684124,0.6881220251620717,0.8646786180423097,0.3783486767653116,0.6814135551384746,0.8466628979330734,0.05221355357221236,0.9774020283048598,0.4181927183035917,0.3519550412967395,0.605135759749048,0.0908039900845139,0.7977573237467934,0.7318923369349457,0.8950643431397854,0.805092357341033,0.9795540865074993,0.17800041954661905,0.0683777275480737,0.9860460026560864,0.6602044097777723,0.9743702089087471,0.7706701828721785,0.04707938562230063,0.45101126186948637,0.31143478731907037,0.12610218550379182,0.17702246445829395,0.45970510905911255,0.12096529257237776,0.5156080722150856,0.5701601562355775,0.35554319308066795,3.3983617399740016
0.9103202851453976,0.3835795542414555,0.9210493433249992,0.9537574190510172,0.246357751726897,0.37070710243587957,0.9598154060072703,0.5132950885661604,0.8132384699383327,0.531606901276868,0.8009316079685949,0.866394313323217,0.5183382623798048,0.2584922581890132,0.7032411957124481,0.9867831022233698,0.7859417528994666,0.5512707186069258,0.7650368151252918,0.34622238889086165,0.8876566922992721,0.16942644497449755,0.23066471304342895,0.5788985677786374,0.3606548084814154,0.09266451553243449,0.958071697908859,0.6537889201441887,0.02374508717013568,0.9635744521631759,0.0596025743435592,0.2745092904792905,0.8688070195695515,0.8019004133894505,0.8263066469381529,0.922576145787559,0.6281448451250993,0.9262986730991342,0.16138975286767765,0.9481332200095582,0.6980158317657945,0.5107564951773613,4.081946059248269
