center_0,center_1,center_2,center_3,center_4,center_5,center_6,center_7,center_8,center_9,center_10,center_11,center_12,center_13,center_14,center_15,center_16,center_17,center_18,center_19,center_20,center_21,center_22,center_23,center_24,center_25,center_26,center_27,center_28,center_29,center_30,center_31,center_32,center_33,center_34,center_35,center_36,center_37,center_38,center_39,center_40,radius
0.08885179301303103,0.8252379592036665,0.25762123544128757,0.971355642023359,0.8406311661075427,0.6803489089212204,0.7654956932293175,0.7765387039819796,0.995507550961068,0.19238870972112088,0.5641772607372652,0.4201722360074015,0.8193825341806178,0.40004714421310106,0.44244037560296146,0.20437220599411632,0.126497380681183,0.6062155932425046,0.1848157176356121,0.07857526664524184,0.4287444151403774,0.42516078762088416,0.9847158545045572,0.7047094464333428,0.7369289783052654,0.25933269649874524,0.616501119452296,0.664963109573881,0.42091724464972846,0.601470124507406,0.5917132093694711,0.6151568507139555,0.6552321101597548,0.0714210090507511,0.7565052035996659,0.9076726905318688,0.141739252051147,0.7460191398764957,0.4955235520174739,0.5033379030349221,0.10788407039208159,3.3409429953316834
