center_0,center_1,center_2,center_3,center_4,center_5,center_6,center_7,center_8,center_9,center_10,center_11,center_12,center_13,center_14,center_15,center_16,center_17,center_18,center_19,center_20,center_21,center_22,center_23,center_24,center_25,center_26,center_27,center_28,center_29,center_30,center_31,center_32,center_33,center_34,center_35,center_36,center_37,center_38,center_39,center_40,radius
0.17589653829897078,0.4889949945267087,0.9760693730095852,0.2677465481528871,0.9796925619816932,0.005820195979916454,0.018302246215708196,0.7103761862654955,0.6925375678586914,0.050925564368583864,0.8447628706097,0.5789010026174249,0.48040946970251164,0.9511462028350249,0.7341595209506043,0.7188076300662827,0.3353235756492051,0.08727005783472697,0.640174748282403,0.04409045257900546,0.9493425639087133,0.4234522630496801,0.7574678207105527,0.5777984289711,0.9454323788621681,0.736753302338598,0.010339644391505254,0.49503724927331894,0.1359741796079018,0.8063540479018965,0.8033673959155285,0.24228445707419144,0.5510581121124687,0.5786463627981422,0.7616626571665471,0.8590866277666551,0.041076740654039545,0.8808920171842326,0.49698022226113925,0.5605305243307119,0.7225197405612067,3.4550707086032495
0.2734978165989146,0.33198439201288765,0.5760571339219316,0.6326805409360542,0.9063945843129841,0.9783646169981681,0.7168852223956809,0.0751121692600818,0.1539200491152286,0.7391538681417382,0.7162393025769933,0.789481006394431,0.7551495899893916,0.08463259537792756,0.07378946365977479,0.1540151360353541,0.07769213450815204,0.26600779702236677,0.6147082385630845,0.9743882844099218,0.01859111521347956,0.5525387238534363,0.3586079275553151,0.9846382295674405,0.06259015859181782,0.38440415985364185,0.7421690750723381,0.017509360939085172,0.9814556917068304,0.4130083393379189,0.023607591945527084,0.22592304145782838,0.04652068527358799,0.10995475796639997,0.346622464540156,0.3108714487136812,0.9111889606500992,0.9314415676878223,0.5765036565465703,0.179246242545824,0.25260388244360976,3.0615413889689136
