center_0,center_1,center_2,center_3,center_4,center_5,center_6,center_7,center_8,center_9,center_10,center_11,center_12,center_13,center_14,center_15,center_16,center_17,center_18,center_19,center_20,center_21,center_22,center_23,center_24,center_25,center_26,center_27,center_28,center_29,center_30,center_31,center_32,center_33,center_34,center_35,center_36,center_37,center_38,center_39,center_40,center_41,radius
0.6014698473512353,0.551232852830379,0.2513244131847129,0.17327711432414739,0.07016353856230284,0.7464420866202446,0.6025088062829436,0.10864057945868177,0.5432758332692076,0.1931561238419648,0.2101678980448234,0.8104449761208257,0.6496213613364462,0.6856671955255544,0.6738112840416263,0.3289369725081762,0.8727849718045743,0.4214768456849931,0.09532363480326023,0.8482010984758356,0.7093290170207197,0.5877238257728021,0.888379161764315,0.452364576996373,0.7298514165064368,0.5004918144919852,0.24965230220870382,0.3661057320483738,0.5833334213968104,0.26322742500656293,0.7997526182301933,0.8480297317380515,0.5989922119098593,0.5638773414993031,0.14470213303349078,0.7282842869363123,0.8732685863945746,0.5049818397959913,0.7949156126878836,0.04956354701130394,0.4558952668692099,0.5416971984782062,3.1835032799726126
0.1685524093637334,0.8786271919208739,0.7716296387318691,0.7554031905584281,0.8708407854198811,0.46236079319409806,0.700325508961287,0.9558194777732997,0.9769885014807079,0.4444852138386567,0.910167546843043,0.42833069733406504,0.8343243132533181,0.357712246184665,0.2770461364250535,0.8244528145200524,0.004989749237812591,0.6508646476659585,0.579048120246867,0.41672153755015573,0.7022062686661978,0.17729503401092228,0.21595816827952918,0.6524987563923172,0.4850940176576991,0.17843776935458977,0.9273860206219807,0.6942397935286035,0.25628932774153357,0.8909706858681815,0.21044906455638157,0.001963463221640094,0.7845283539769683,0.37118568960140164,0.9180063223710844,0.33713769873683364,0.11104435853901706,0.6738367282751482,0.9157528863146502,0.9950499306244881,0.5460490733115583,0.7036092075953067,3.763314397808272
