center_0,center_1,center_2,center_3,center_4,center_5,center_6,center_7,center_8,center_9,center_10,center_11,center_12,center_13,center_14,center_15,center_16,center_17,center_18,center_19,center_20,center_21,center_22,center_23,center_24,center_25,center_26,center_27,center_28,center_29,center_30,center_31,center_32,center_33,center_34,center_35,center_36,center_37,center_38,center_39,center_40,radius
0.44028959044416893,0.5860397070785277,0.5774828810034148,0.7829984619175151,0.45527846298552677,0.9977446656501903,0.6357672823920903,0.5563461582887884,0.23331845652728678,0.4632115302179114,0.6016150031149619,0.6553437103834225,0.10996151716346125,0.018784961028211034,0.8385896866209535,0.630976704957675,0.7738289432983839,0.05769896773277061,0.9954600621962392,0.6234491118550404,0.6473543974974421,0.7500220857827609,0.7814411469420389,0.8963988455753888,0.037027316703376334,0.038421165031327864,0.1227525905179424,0.6580067616701383,0.43616386266780927,0.3797168299984962,0.690987708142472,0.5304826889569255,0.7071736738391863,0.28341242994770854,0.25341107911455085,0.29925837387469034,0.4942592766231062,0.2936099775045279,0.5169387839823677,0.7138492074769881,0.05871612923854652,3.2262656058761836
