center_0,center_1,center_2,center_3,center_4,center_5,center_6,center_7,center_8,center_9,center_10,center_11,center_12,center_13,center_14,center_15,center_16,center_17,center_18,center_19,center_20,center_21,center_22,center_23,center_24,center_25,center_26,center_27,center_28,center_29,center_30,center_31,center_32,center_33,center_34,center_35,center_36,center_37,center_38,center_39,center_40,radius
0.2257561145537892,0.9554678215591214,0.1353209536315969,0.4412435397921355,0.8659604048652136,0.5977599138375556,0.3742723763935649,0.4975661880620267,0.5989001858144474,0.16649815081490038,0.4230298837270068,0.10540413805727189,0.6512712773664179,0.07716058053135622,0.6092255433475566,0.0873927059433266,0.35510830417241257,0.6057207377298169,0.7058770350559779,0.7638451463974189,0.45604064201218775,0.5401763547538548,0.8855659690079976,0.43319630710144885,0.5114910109280884,0.9472782777722522,0.31407279535315824,0.760557381261545,0.26873542999747946,0.6769294948420905,0.9018210471908681,0.6662373552077052,0.3372590928100154,0.6081235713080113,0.3407261021637321,0.3572124984167303,0.09938790837217226,0.7056240518677149,0.6290422227510111,0.1677806266722388,0.040545433056191404,3.155184831837617
0.388315127982381,0.1684515695375809,0.7133651927533137,0.9624810777866291,0.6599255861758266,0.05913657380337356,0.6175738691491273,0.4172908090839951,0.09993549167245785,0.9248853877309893,0.15006553478145235,0.7535893112595585,0.011573874848648247,0.9805830188503648,0.4849878197949721,0.7981189514813639,0.6477156029294802,0.09538402103297794,0.1684034024993104,0.21528485705321432,0.9735516385510393,0.5381288076580879,0.9340902540757531,0.6625521659979933,0.9390900016170808,0.3874431511015415,0.5939340319172581,0.14297340122000002,0.8995827624371411,0.7319708857106756,0.8410377045093602,0.9182117678511338,0.9431626876579812,0.0011001313012243275,0.5660179796715264,0.9274933481689964,0.9968483716721627,0.09911261722548204,0.616388514902784,0.1015265795004866,0.8915505120397809,3.5052322667867073
