center_0,center_1,center_2,center_3,center_4,center_5,center_6,center_7,center_8,center_9,center_10,center_11,center_12,center_13,center_14,center_15,center_16,center_17,center_18,center_19,center_20,center_21,center_22,center_23,center_24,center_25,center_26,center_27,center_28,center_29,center_30,center_31,center_32,center_33,center_34,center_35,center_36,center_37,center_38,center_39,center_40,radius
0.14281305840988523,0.9581508123587237,0.6380463817106057,0.0021804039294633926,0.18178639666538898,0.5949599341925342,0.3287443406313807,0.7915119627701304,0.8226906411837643,0.20773438745490913,0.47859341265650857,0.10927127644799939,0.8133638541800097,0.423890467483395,0.890136081975794,0.7908503592539763,0.5871749084917914,0.06605150121113557,0.2573349067743247,0.9526176707132413,0.8389729593022353,0.0734089297191185,0.7670001239742001,0.9297923005061873,0.7672695497786861,0.2707456065769698,0.6428607950796522,0.9462951948566173,0.42417901616125075,0.23139237686492986,0.16030758248196886,0.35575188261075985,0.3573784213129271,0.5276907062842052,0.5089408609789186,0.42312129875010374,0.8294061996071662,0.32142848781748545,0.36559785230051867,0.4716961835953125,0.7721563360050839,3.27224543577903
0.6998776899250728,0.11944857594721336,0.05905759922028475,0.7947739812079457,0.8357375981996692,0.8243484232838907,0.2576504057096217,0.09918847824686416,0.6230642159678668,0.3025148525870427,0.9396976204214461,0.3200996255386579,0.9376679884332133,0.14527514490923144,0.15627087918721783,0.17345830486989844,0.008110223441102682,0.7558250158626401,0.9546931470124916,0.4197701893444926,0.13740435451905497,0.6922838296605358,0.043654639890969515,0.41713327759292307,0.3995986849392813,0.7526534801900501,0.4799190299471976,0.7561820924806928,0.6613372993144108,0.9222241643902824,0.9767693191214278,0.9515490616575272,0.8772635604901365,0.07509259847117589,0.3873750317505035,0.7738161663095391,0.05270654171837885,0.2689158133513988,0.06308231568079159,0.6362380358864513,0.5318715470831059,3.2565056015139167
