center_0,center_1,center_2,center_3,center_4,center_5,center_6,center_7,center_8,center_9,center_10,center_11,center_12,center_13,center_14,center_15,center_16,center_17,center_18,center_19,center_20,center_21,center_22,center_23,center_24,center_25,center_26,center_27,center_28,center_29,center_30,center_31,center_32,center_33,center_34,center_35,center_36,center_37,center_38,center_39,center_40,center_41,radius
0.40522553820111507,0.3606444777307092,0.2938473380937686,0.40322540229626047,0.6152161714651918,0.7091615670870852,0.21382267294234292,0.917548736705735,0.2469885538851888,0.005942385056872501,0.5699296889266574,0.13233792415560386,0.39343300390666514,0.7995549804416693,0.6937977294929953,0.9082415067289913,0.9633775002746509,0.49578289969079703,0.3760053477087426,0.7203407396775267,0.5039914297736506,0.46011152585455195,0.806585913249858,0.18414411365173833,0.5182012354614078,0.6195471407133701,0.5533543525572204,0.9495075653835526,0.37824641113536406,0.8558434694385536,0.5812963160710941,0.6641696744460256,0.741184983712671,0.26630358103578355,0.5968553140004758,0.9141420586894283,0.5588186014936174,0.6147303817220889,0.39858112455737316,0.39596124621677187,0.05832940634686401,0.3636717950231324,3.2717670746134817
