center_0,center_1,center_2,center_3,center_4,center_5,center_6,center_7,center_8,center_9,center_10,center_11,center_12,center_13,center_14,center_15,center_16,center_17,center_18,center_19,center_20,center_21,center_22,center_23,center_24,center_25,center_26,center_27,center_28,center_29,center_30,center_31,center_32,center_33,center_34,center_35,center_36,center_37,center_38,center_39,center_40,radius
0.5332959888181756,0.7571444878864184,0.3128505184079543,0.5091556110602158,0.5834724049249547,0.3643419000235514,0.7593771335090163,0.1520047707233425,0.8621730924523069,0.7791254761423264,0.4795684381794968,0.42099453875088144,0.25606012010879364,0.8639427382040299,0.5585381601766524,0.36618340707602026,0.9725962083164228,0.5420454101492462,0.904379999256051,0.7775794748988972,0.8842067963834664,0.574782922866363,0.9880536606089103,0.876766145133037,0.42512626572196643,0.7694137877125901,0.873123126848624,0.5695931766245708,0.15493283023459326,0.5395628164221994,0.5027173566126302,0.5953911820833255,0.24181111893360452,0.2902688337993672,0.9201851671864606,0.626295515309236,0.8075568915958871,0.31780575246843157,0.2807377306830944,0.2286440867865399,0.9324417534235008,3.695695426190157
