center_0,center_1,center_2,center_3,center_4,center_5,center_6,center_7,center_8,center_9,center_10,center_11,center_12,center_13,center_14,center_15,center_16,center_17,center_18,center_19,center_20,center_21,center_22,center_23,center_24,center_25,center_26,center_27,center_28,center_29,center_30,center_31,center_32,center_33,center_34,center_35,center_36,center_37,center_38,center_39,center_40,radius
0.5536669562718922,0.13250880981426028,0.10762663054726385,0.24638056684113652,0.2629911366049834,0.5281184335908611,0.507378959182693,0.5621322259819286,0.07453145936256222,0.8051231736548153,0.48998513126503174,0.8339199731227106,0.6557583175453287,0.465366968423921,0.11765648163370779,0.6453630165570604,0.6522202211796364,0.9394591267288155,0.4971750728525888,0.5912938090713504,0.07153678299288802,0.17294900755384357,0.02951477361852961,0.9340282085484644,0.13310656312936453,0.8561641556749167,0.4655135980628454,0.5510756606545443,0.5089558187869617,0.41274535418760316,0.9621752254955307,0.8676460704171103,0.2507104973248181,0.009298414216985074,0.5903033584606234,0.29684293876301404,0.1581486280380141,0.7332981568218346,0.32818669853333793,0.14144170099007325,0.9769382939680651,3.3435322572351804
0.2926576903076148,0.8806558562725301,0.46449035463751986,0.3736184343521257,0.2612270386891271,0.9986896568559859,0.7270436589576621,0.9637487359698184,0.9367850173301797,0.5191218220888874,0.30519470183856123,0.10120143553982941,0.4182287949067589,0.2818362312000954,0.562116606996147,0.06554388878680939,0.8182723182678521,0.013025270086845397,0.01597789924786941,0.746332534613419,0.9507897146655868,0.847669012622565,0.7608776703101389,0.32907975493362285,0.9177453018242134,0.39270077585850105,0.9749136759770092,0.06587976563292763,0.24026567968224255,0.08660544501236334,0.11703009382195317,0.7183855008335531,0.0893941178233385,0.972847740630353,0.8026784281973754,0.6915459403009326,0.9754017091772228,0.08650758377604806,0.9340406142593479,0.5671157332088054,0.2692587583554993,3.740764882705049
