center_0,center_1,center_2,center_3,center_4,center_5,center_6,center_7,center_8,center_9,center_10,center_11,center_12,center_13,center_14,center_15,center_16,center_17,center_18,center_19,center_20,center_21,center_22,center_23,center_24,center_25,center_26,center_27,center_28,center_29,center_30,center_31,center_32,center_33,center_34,center_35,center_36,center_37,center_38,center_39,center_40,radius
0.6790641863541707,0.23873310884476318,0.7267287671254653,0.7128560584153734,0.5533510858987182,0.5188684796786026,0.6049588022429322,0.35650581308301377,0.6634332195570647,0.3234889896478741,0.5963771905516759,0.7127421434350769,0.6649618653689728,0.7570004514482304,0.5539059883973457,0.5644132147582419,0.874135633792326,0.0032179548075444986,0.21315358658634342,0.8091129501552766,0.7131902813214336,0.36655812122991493,0.4533664553045038,0.8618986671246416,0.1115305884783192,0.9801715746816957,0.28021473202081604,0.799238002718741,0.34948464023638526,0.4907913766428844,0.9504480488172705,0.053053990425229514,0.33064382853244867,0.35050821313102065,0.23020160720469218,0.10648784781510878,0.3498821150433492,0.8539904609258204,0.333897624825093,0.509032673298733,0.5765515499428341,3.302822886060847
