center_0,center_1,center_2,center_3,center_4,center_5,center_6,center_7,center_8,center_9,center_10,center_11,center_12,center_13,center_14,center_15,center_16,center_17,center_18,center_19,center_20,center_21,center_22,center_23,center_24,center_25,center_26,center_27,center_28,center_29,center_30,center_31,center_32,center_33,center_34,center_35,center_36,center_37,center_38,center_39,center_40,radius
0.19719055162133037,0.8191525753880603,0.39080010905612117,0.48767064165510887,0.10771640749094513,0.16665588190736336,0.6805144785973872,0.8499868258502443,0.06410055800590919,0.6821928377405477,0.7459307686886611,0.8410638578919363,0.5784041639904091,0.021642531719143765,0.27196305278425126,0.9367637903641464,0.769440085350156,0.5498783784190183,0.3453138624755443,0.7567024914241061,0.9670408137393304,0.5849362521481927,0.47839887147892624,0.44935189824815647,0.45285424214409553,0.906404787262523,0.41465516735294594,0.60864760750538,0.2214120876899569,0.0462802802268929,0.5221924690374016,0.019764527076154392,0.5336417595400791,0.2397734332533178,0.4062966445434638,0.9240943717846254,0.2691096179035496,0.6782450513966409,0.13641348520279117,0.5622253037561955,0.7249908156751049,3.233456452962165
0.138285553052373,0.20290724511270997,0.8461289590676673,0.36074617494441075,0.4800677428318152,0.729506387263583,0.6164046139220803,0.3146396607667168,0.7888561467231276,0.1382243975315418,0.19451532414330652,0.030688099208321717,0.08986562505980389,0.44830861641521214,0.5861763061221945,0.8996439957949175,0.24514568252263846,0.20124125935567905,0.22649813095179794,0.11589455489500866,0.1575236588379444,0.44612483086378596,0.16077496265669766,0.97658845699925,0.3479269896980278,0.005271463721689629,0.9629001109446065,0.8895262272047246,0.8411839289415499,0.8235091911616305,0.6573774306428943,0.7685963603624748,0.8338192969542302,0.6359841125116344,0.3379012241837156,0.37178799767869264,0.972972594865803,0.4793339514651134,0.8960623836882398,0.5261869188085965,0.013303574351271719,3.033895476586781
