center_0,center_1,center_2,center_3,center_4,center_5,center_6,center_7,center_8,center_9,center_10,center_11,center_12,center_13,center_14,center_15,center_16,center_17,center_18,center_19,center_20,center_21,center_22,center_23,center_24,center_25,center_26,center_27,center_28,center_29,center_30,center_31,center_32,center_33,center_34,center_35,center_36,center_37,center_38,center_39,center_40,radius
0.4404047519488583,0.04174575748893339,0.16422550533562918,0.032650049055578556,0.8224274500861348,0.17391169863856049,0.773831493443979,0.40169440657685185,0.49967474586323557,0.40122341549207396,0.2259485243433489,0.9583563454600103,0.10527307679743647,0.37141303169621975,0.1867969204815244,0.49617260806432895,0.35088478453008765,0.9258411118528647,0.18738245251567875,0.4409020938916016,0.5193563135797029,0.5809662080168255,0.8573060280698511,0.8585649111682713,0.5886615566871461,0.48050813138195736,0.7608192206891266,0.5181362813064769,0.28360443634806043,0.1271020959575302,0.595786412846815,0.34467428651182486,0.9810549157634385,0.5969441679205891,0.41189390949699745,0.6528728510027203,0.27201053171171763,0.9172491326249346,0.250143603729055,0.6897292761702402,0.09205334277711374,3.310875160522531
0.02652119780445894,0.7500599797013685,0.7366412155392003,0.8677086955880583,0.03131611446952243,0.8874135031317144,0.4675557230776807,0.1493600256698645,0.5762428219664669,0.11757256303235619,0.9643827297451794,0.06985629111259284,0.6397007389316763,0.8478641401518454,0.5210915105624466,0.8628615348241748,0.17043835060972012,0.20753235226015743,0.4944835015117145,0.0012362382359760726,0.6019076233815056,0.17101576483057157,0.06486905515387287,0.013923310695984625,0.04090859917592027,0.9328518487707067,0.7831125729197654,0.279425197799424,0.7237879401753787,0.9741513273658079,0.2219525651059967,0.12686776251524823,0.13876147234819025,0.7380123132282903,0.9064740164654546,0.4600367283297153,0.9747569110822167,0.7903731153885424,0.5119231440364708,0.12158610888846733,0.024499266314443324,3.3601255092304014
