center_0,center_1,center_2,center_3,center_4,center_5,center_6,center_7,center_8,center_9,center_10,center_11,center_12,center_13,center_14,center_15,center_16,center_17,center_18,center_19,center_20,center_21,center_22,center_23,center_24,center_25,center_26,center_27,center_28,center_29,center_30,center_31,center_32,center_33,center_34,center_35,center_36,center_37,center_38,center_39,center_40,radius
0.8764415342274198,0.4545319820618854,0.3098798696763294,0.3304237144422846,0.09821771223604325,0.9601426028748675,0.42353094936971214,0.9927207424828876,0.8029693125295727,0.13645756008327659,0.6007354208602282,0.2547675024137128,0.1984858471353279,0.5131951909278232,0.12442978617347478,0.17441373720685638,0.8986191285934003,0.330506755120447,0.7090562122920948,0.822468159943621,0.1428120367026754,0.08434139144610286,0.22015478212540718,0.4806726186890973,0.6418562959545446,0.1817550285251157,0.11534496385487025,0.7531934806322513,0.5849569681097972,0.6564605080909621,0.6865051005365174,0.6235365836807901,0.03276311147835742,0.6741958298558471,0.887790391725198,0.39125586252164746,0.3075312014256547,0.77264989080556,0.9385948174992005,0.6684158678421782,0.500147768881912,3.4643319370868273
