center_0,center_1,center_2,center_3,center_4,center_5,center_6,center_7,center_8,center_9,center_10,center_11,center_12,center_13,center_14,center_15,center_16,center_17,center_18,center_19,center_20,center_21,center_22,center_23,center_24,center_25,center_26,center_27,center_28,center_29,center_30,center_31,center_32,center_33,center_34,center_35,center_36,center_37,center_38,center_39,center_40,radius
0.7446520769355419,0.01824278469339291,0.26579570125207974,0.4383382395770776,0.25854932191310465,0.6138986210475638,0.5931545059124905,0.6444622222932302,0.5078722866867369,0.7699074324855238,0.16795466175018747,0.8449497409230035,0.06344079672232794,0.2524925945723595,0.028825623296858005,0.7980700564489264,0.5025664564631048,0.9018048771607869,0.603675589782621,0.4507990196565368,0.2828238429528176,0.9353878386518972,0.7712255469583018,0.21707318799183084,0.09785055194358394,0.296020041601729,0.09450549743102232,0.4996458018907185,0.8303620103599363,0.8299538632066934,0.7576399446538442,0.8606765226133486,0.44877872465410995,0.385562595987319,0.4210421185618628,0.26289248653787745,0.8857907851490306,0.2679649733165672,0.3731071503845772,0.9756410641010815,0.22690059826114461,3.148157096682002
0.34591969852333393,0.5804350812548712,0.7754838174183234,0.1751633113932879,0.8783256383699133,0.683364291249562,0.13636772045626677,0.7461965126766723,0.5298817760738624,0.8035571891965211,0.9563123191099925,0.19650858514230685,0.6971323614094217,0.413373209863819,0.984538998547847,0.29400764531689816,0.2268633615675496,0.35558375290405486,0.2574809908013459,0.9095823930695455,0.39838059797128167,0.1313398761011415,0.06623272049728479,0.44319668706054294,0.516952663631674,0.8008216476093388,0.5810351890048575,0.8999682827684633,0.44458310266791534,0.1612908505163665,0.08896289528840395,0.008753626356458155,0.17775376274656085,0.040516150921322436,0.34755688261487905,0.0922576948969559,0.236843994891358,0.3710670294698034,0.820652837163088,0.26304990133089623,0.36767970246363024,3.3668765448012214
