center_0,center_1,center_2,center_3,center_4,center_5,center_6,center_7,center_8,center_9,center_10,center_11,center_12,center_13,center_14,center_15,center_16,center_17,center_18,center_19,center_20,center_21,center_22,center_23,center_24,center_25,center_26,center_27,center_28,center_29,center_30,center_31,center_32,center_33,center_34,center_35,center_36,center_37,center_38,center_39,center_40,radius
0.049091950093277936,0.5094875841814236,0.27711415813489004,0.12866547661760275,0.9692399814764084,0.1540690173355922,0.8351850080546327,0.06109543401368178,0.2529289625838642,0.8506383307989195,0.6469175948797309,0.6664656623624878,0.3446716187332429,0.6675811889491209,0.7093955672320806,0.4233052391217882,0.9414325155391214,0.33777576661505826,0.24854252454208148,0.1953717015902352,0.6482547493833861,0.14536332673725005,0.9678990988880732,0.8272728983597025,0.24890831289178628,0.23042000932292694,0.7182830457453018,0.6137510623410729,0.2734359882082502,0.9881224269406277,0.21879248030937926,0.339954450627885,0.9926861400077206,0.17948827240764342,0.6861996909422348,0.18764951478327707,0.06162383062767318,0.15426771763558633,0.2912207565536611,0.4445944720446142,0.31633871252229595,3.148323418139258
0.11438326770636398,0.249203042628944,0.7621315717496897,0.6934685534967482,0.11168727471922446,0.7540176298098171,0.7556078060029661,0.5139161575138057,0.9466758987765067,0.05188388345359918,0.3734694683538191,0.9201772049074928,0.14138846891398826,0.18825156338499915,0.3035502705244604,0.9764575216444641,0.2349087711984208,0.13303446410876651,0.5760708761448128,0.18149319312933576,0.880528467945396,0.016798280460491477,0.003812646746216508,0.3993559059931977,0.2547513069521139,0.9126257798456662,0.9946653689542353,0.5389004129439166,0.12188827981260697,0.8126581169471208,0.3864516230397571,0.9199307522055766,0.0959730282246185,0.6168267405192149,0.5926793646120513,0.9121421358062745,0.8657153371827907,0.9319448703691591,0.9623386192179222,0.5962232998580941,0.9120529198045603,3.3682855207074582
