center_0,center_1,center_2,center_3,center_4,center_5,center_6,center_7,center_8,center_9,center_10,center_11,center_12,center_13,center_14,center_15,center_16,center_17,center_18,center_19,center_20,center_21,center_22,center_23,center_24,center_25,center_26,center_27,center_28,center_29,center_30,center_31,center_32,center_33,center_34,center_35,center_36,center_37,center_38,center_39,center_40,radius
0.9291123808965339,0.19753221049916658,0.1416967211485617,0.31701868377400055,0.06845113522731483,0.5886110566507136,0.5573226649413513,0.08657296551974603,0.8067539401382441,0.5410179448859137,0.6061063775039011,0.11255302061083639,0.7512972070590143,0.315813541994175,0.9213526699070704,0.44038280921494277,0.6030094171365595,0.8284023049422218,0.3089290023939767,0.057543583111727026,0.018305604010466325,0.8786976883616477,0.19760917740288675,0.612185543250609,0.033660109278603856,0.5021652781234597,0.7599355544269644,0.10714122801365711,0.9723088946347799,0.9813346047729591,0.4147520484151499,0.116426171074413,0.896773102019253,0.5578434495281127,0.44391719518807105,0.9137426833719914,0.6967412180662663,0.29375878062108896,0.01776882106991806,0.5798712349827478,0.42299526794903197,3.297415737764313
0.12393506005056687,0.21444192096266868,0.9860912754141232,0.8093690440782569,0.540099482092704,0.06605003715152258,0.5072057285386768,0.8129560370405087,0.7937194683292003,0.055364254721884665,0.8992670535137337,0.8644141448119184,0.25565040333177513,0.6374686134922272,0.3529861215489225,0.5675653323682183,0.9309465871481319,0.573766595167035,0.7420893368640937,0.9284290032767909,0.8879375756321216,0.7312546683970246,0.5545361509023912,0.7179433043590295,0.8591803850497588,0.10037729793714811,0.5958202660079519,0.937619022001664,0.12556321613434285,0.6303056493636139,0.7066429740039687,0.8044065901953975,0.950670025699847,0.9166121823158058,0.6167667417135417,0.1474288003164823,0.5484219372201138,0.5211834177715297,0.9045512146493547,0.20127919993036203,0.5459557729817021,3.6666106197385844
