center_0,center_1,center_2,center_3,center_4,center_5,center_6,center_7,center_8,center_9,center_10,center_11,center_12,center_13,center_14,center_15,center_16,center_17,center_18,center_19,center_20,center_21,center_22,center_23,center_24,center_25,center_26,center_27,center_28,center_29,center_30,center_31,center_32,center_33,center_34,center_35,center_36,center_37,center_38,center_39,center_40,radius
0.5426154887213296,0.7879797769201232,0.6194536184430018,0.9421871642772679,0.5548933016777678,0.18187920039263095,0.9364042128327753,0.029980001345607077,0.930162070888523,0.10344338269504816,0.35896930515166503,0.4842742883901535,0.7528369031706977,0.5566548084757466,0.8975199651414897,0.08819654657712639,0.6600176029075474,0.9871639487362329,0.17173561405384852,0.5830578057134761,0.3121314031105187,0.6519968572190268,0.9203080582100948,0.5373326587889994,0.8383245521593183,0.013172671796015223,0.18173944054443925,0.09961158583015295,0.28652309359576034,0.8931718913565386,0.23452475420918772,0.1817513092788562,0.9697316602305255,0.15090217998148459,0.6812507127153192,0.22714527480554425,0.7764859276832605,0.9257227571271127,0.8122899596146418,0.26373690830430374,0.960611758257324,3.538607917958756
