center_0,center_1,center_2,center_3,center_4,center_5,center_6,center_7,center_8,center_9,center_10,center_11,center_12,center_13,center_14,center_15,center_16,center_17,center_18,center_19,center_20,center_21,center_22,center_23,center_24,center_25,center_26,center_27,center_28,center_29,center_30,center_31,center_32,center_33,center_34,center_35,center_36,center_37,center_38,center_39,center_40,center_41,radius
0.5324245711280432,0.8676609012117972,0.6771088708118628,0.9486276333777104,0.4735017341110085,0.32982609452790035,0.8226016509585192,0.5034983177463431,0.4301259179047856,0.11759079328944322,0.6329297082997437,0.7639593344656063,0.7510730385916131,0.549443236006688,0.8260155664050538,0.6446141848629889,0.10736094009751218,0.02537961431100444,0.788113521375406,0.2632064352658747,0.9387175150059257,0.7735371804783587,0.46786713732727314,0.18173048012973714,0.005310928505646961,0.7611979157840335,0.8582977013596956,0.176523433545142,0.5054808323678875,0.08753196457144297,0.8610979774292463,0.2318399863100684,0.6487091350163957,0.9711470618461928,0.04640719806321425,0.47002199120621346,0.6658467141831753,0.8177010072699892,0.9672730979682926,0.29339767164417296,0.5036111003595651,0.9972610339487237,3.584071358557073
