center_0,center_1,center_2,center_3,center_4,center_5,center_6,center_7,center_8,center_9,center_10,center_11,center_12,center_13,center_14,center_15,center_16,center_17,center_18,center_19,center_20,center_21,center_22,center_23,center_24,center_25,center_26,center_27,center_28,center_29,center_30,center_31,center_32,center_33,center_34,center_35,center_36,center_37,center_38,center_39,center_40,radius
0.02269592297876044,0.3618129439397455,0.6900026077322705,0.17772398438959025,0.7656742541123919,0.40915307946686397,0.35876233639700805,0.5049768851342438,0.6520303963753978,0.10329164304108873,0.02224746192959426,0.6172476830758049,0.4688204924736511,0.6370564697758248,0.7339148503325955,0.19631866268110154,0.40751892677133017,0.24120211192716512,0.6444124776695408,0.8801695525008449,0.8015884860060455,0.4761944125937856,0.23934123457943157,0.1737843711606072,0.8175352635512818,0.8726759979613323,0.15577546908577444,0.7231858287762623,0.3885698972812982,0.9804605619273884,0.41642568134749636,0.3242333695118549,0.8139920518072676,0.17581051228023903,0.062165587688548074,0.2519059127376726,0.06069449331298393,0.10227003340829433,0.7127739974770421,0.28989991212013844,0.6266340700669917,2.7523893080012134
0.384507409425513,0.7576610678031189,0.002828786884882639,0.488744062717115,0.7656534987248946,0.7944349886859452,0.8348317863239091,0.9983956449525142,0.21593565559108618,0.6190544658709141,0.7457814308265148,0.7464721555999417,0.6690942993034874,0.05733871432489279,0.5677771246931871,0.5665792901237064,0.01764793206886439,0.5741961396854816,0.19691781232066885,0.28544786116349996,0.2563719782071575,0.609885099046644,0.3195540645668127,0.8961926170485165,0.8547008597639416,0.951623493070782,0.8098494705093082,0.9379123710203984,0.06917148615493773,0.14755706535048974,0.4914557901360751,0.6657814197411466,0.10114396601719089,0.9347202454731182,0.4939977672470254,0.20330618587145033,0.6965885930831628,0.9380846565892177,0.7488762928507644,0.907564539272741,0.16618185894832727,3.5191656779033695
