center_0,center_1,center_2,center_3,center_4,center_5,center_6,center_7,center_8,center_9,center_10,center_11,center_12,center_13,center_14,center_15,center_16,center_17,center_18,center_19,center_20,center_21,center_22,center_23,center_24,center_25,center_26,center_27,center_28,center_29,center_30,center_31,center_32,center_33,center_34,center_35,center_36,center_37,center_38,center_39,center_40,radius
0.4133637272653844,0.4212013628701988,0.028039978037505242,0.6463884029067068,0.6164790623467391,0.4917786053536215,0.10511095910517276,0.4516931917309701,0.3936826070213205,0.33015329286597517,0.4703906440626693,0.9736818661887201,0.29640507608555056,0.821769821433512,0.8605931889872105,0.3775524399076917,0.1816954778181178,0.8440433136985622,0.48836648772105407,0.041371595885747126,0.559425720134598,0.7863737150465857,0.4285789519464791,0.6187325953260031,0.26686637958815884,0.8611221202693473,0.19522059428326644,0.909936987151354,0.34995447779839506,0.8727677040394515,0.13751725996502984,0.8158711281903269,0.9491753087367568,0.9688507548067763,0.8466702135814258,0.07932308097754304,0.43503419334931115,0.0707562472913239,0.16736269466464715,0.10945423074324645,0.23412251820981933,3.0236929899187954
0.8237886778156709,0.7553019963954977,0.39897170516640745,0.138368204459422,0.4289606464357857,0.7238874598767139,0.08003000408417649,0.9155659057944336,0.06558367084256012,0.8436107043207669,0.5841801208104793,0.45097022870715964,0.27347993674227644,0.00907953678937412,0.26504973577109847,0.6098497959187885,0.7717903003135428,0.6475320802883328,0.04893939447370754,0.9858555162583506,0.584299279736753,0.3223549890252553,0.11569378735477487,0.4300830246191599,0.9950732094147705,0.28079834592846864,0.5570822319017523,0.8142880190841063,0.6974530777784168,0.036699234761073174,0.9966545250722532,0.629627547021154,0.10807859077573201,0.5216153786707992,0.5576743888548736,0.21396920692110366,0.8024670268375762,0.9172585620227552,0.9726601643769477,0.4665133512303058,0.8578571196127667,3.5252080167738358
