center_0,center_1,center_2,center_3,center_4,center_5,center_6,center_7,center_8,center_9,center_10,center_11,center_12,center_13,center_14,center_15,center_16,center_17,center_18,center_19,center_20,center_21,center_22,center_23,center_24,center_25,center_26,center_27,center_28,center_29,center_30,center_31,center_32,center_33,center_34,center_35,center_36,center_37,center_38,center_39,center_40,radius
0.4708632595295661,0.8377323101468047,0.19157423961399378,0.20729788928606463,0.26969617635604703,0.1989550816652409,0.4574549674798223,0.4014080333643958,0.7538160671628195,0.32559670569340027,0.03358913803678176,0.6994794596482576,0.7922677917596752,0.2697113175935878,0.54677620608494,0.4896098980670994,0.8578313395016773,0.3250047493335749,0.5061684988175111,0.8224768892372872,0.0667904724217322,0.050455714633657056,0.3161681259424375,0.27300070750959005,0.23379844556891705,0.09284864317772945,0.3993181338768582,0.5740534952466037,0.3439891472249257,0.209273006239322,0.7519463858030366,0.5958849935840588,0.20926416010346127,0.25895941087436125,0.2368153118071965,0.8230825855705908,0.839067988432968,0.39617298506340837,0.578712233303142,0.323671714511062,0.5986680110818435,2.7701450281133195
0.22686612652508276,0.4769196990415283,0.3036172815080118,0.6311691096590678,0.6266676510349803,0.8140215971872754,0.02701974042107258,0.18776198567510982,0.8238223618501131,0.9819381405518357,0.7380901169709905,0.5222659034806647,0.6372875014136448,0.4373520628319546,0.24532178892316858,0.4412173846109382,0.5958092926326791,0.21416428206982596,0.6308134981809925,0.8185689721412559,0.9412585582169642,0.9286973250646257,0.02151802068608888,0.4505579354773924,0.9416708284412181,0.7093273363352359,0.8526067972122339,0.4117331305796714,0.16256111957095232,0.6885610653850562,0.18273601825875507,0.09068465805776371,0.963188647008535,0.9605428539989734,0.9899500599704061,0.1027735166521968,0.7071646745572203,0.2737206934926796,0.76132745641559,0.16989696682016975,0.6867502478683597,3.568495555127282
