center_0,center_1,center_2,center_3,center_4,center_5,center_6,center_7,center_8,center_9,center_10,center_11,center_12,center_13,center_14,center_15,center_16,center_17,center_18,center_19,center_20,center_21,center_22,center_23,center_24,center_25,center_26,center_27,center_28,center_29,center_30,center_31,center_32,center_33,center_34,center_35,center_36,center_37,center_38,center_39,center_40,center_41,radius
0.5102983955022391,0.8708279037608112,0.1782220861932714,0.6331182449811124,0.15421517408726904,0.5761575058715992,0.028102122628965276,0.9362663504925117,0.19075876654042923,0.2527377445477553,0.9498635684228899,0.9304824716309062,0.9975632896773294,0.6464542256527931,0.7698645340561339,0.551775746622403,0.8644723323103938,0.4811832211754882,0.19860112026595778,0.6876354382222326,0.5076206472621257,0.6863178997397583,0.7021689026872767,0.3847346625442998,0.5402515735092647,0.38448788512084897,0.025614479542443558,0.3423172424596088,0.08166006374518398,0.4921285602104464,0.12388805172575912,0.8852107600601606,0.2721210392391119,0.7960989129464446,0.6563521725152653,0.0844611896504005,0.388350459862701,0.5750121812862822,0.5143056399457001,0.5679195190667633,0.8384115544247182,0.6220774860482546,3.202221316793637
0.2538011340971823,0.2430570438812819,0.9463654597310927,0.9222847124544231,0.20349142141750087,0.02315679237461865,0.7928804584243998,0.09446663504179542,0.9622629032476464,0.676894266041959,0.8742423477322383,0.10293465738065177,0.8702274942769997,0.6549830776993466,0.8263152265611599,0.46696639861061384,0.9059158142685705,0.4842085625628686,0.9738734986853964,0.11916379899426888,0.5430147978978327,0.07993361751608619,0.11882984756847292,0.7897633155663173,0.19168602260747436,0.21916549522747186,0.9590302420838639,0.8483438721611721,0.878833459193731,0.8520977845553716,0.6755368707977857,0.3731749232118111,0.5190729485457216,0.21288927759581144,0.6918440858761521,0.7006707986801036,0.007679822540365255,0.05251234569824026,0.14902220792587428,0.01683276624862029,0.004759707995239504,0.25451536118499896,3.68121624437953
