center_0,center_1,center_2,center_3,center_4,center_5,center_6,center_7,center_8,center_9,center_10,center_11,center_12,center_13,center_14,center_15,center_16,center_17,center_18,center_19,center_20,center_21,center_22,center_23,center_24,center_25,center_26,center_27,center_28,center_29,center_30,center_31,center_32,center_33,center_34,center_35,center_36,center_37,center_38,center_39,center_40,radius
0.8578179720616427,0.8292557313264965,0.1530297484499492,0.549883211044077,0.8941013561480246,0.08757104408200289,0.5300709575157113,0.38616801897213193,0.7875021756411242,0.2671182205423246,0.6474634583014764,0.4139233657001391,0.7738822810762898,0.9687305574155854,0.9080110647243397,0.8475423462547228,0.25845647209726474,0.7221455950998692,0.23341441416700648,0.8539449792521215,0.8575022394870064,0.8177587810574192,0.9730863390585478,0.1363972698553867,0.04653572762034697,0.7356619232961085,0.27777279235138086,0.09040713177492088,0.3925320378192636,0.13846530761441556,0.5763989759694226,0.030609845063197638,0.2406946865238021,0.23039974594454082,0.4164293882035207,0.767736483047329,0.3942274740559273,0.15706107686482695,0.5007556598306424,0.9954173103775419,0.9285679216143687,3.5391196442950563
