center_0,center_1,center_2,center_3,center_4,center_5,center_6,center_7,center_8,center_9,center_10,center_11,center_12,center_13,center_14,center_15,center_16,center_17,center_18,center_19,center_20,center_21,center_22,center_23,center_24,center_25,center_26,center_27,center_28,center_29,center_30,center_31,center_32,center_33,center_34,center_35,center_36,center_37,center_38,center_39,center_40,radius
0.49972343091209437,0.3575143823891579,0.32031074148969285,0.28033912221560886,0.25109126279709226,0.704723287515853,0.06647253051883828,0.25448100284825503,0.6152825500858762,0.885182151987018,0.06089849117941459,0.08767815063962658,0.6989352140821264,0.8806467401578124,0.1032073029141799,0.706036452498688,0.7082976051713282,0.7199711541265321,0.19871015113512247,0.16260951627806108,0.40790381513340357,0.7576098442136611,0.024173966161742833,0.7267129949905661,0.9774767407715499,0.19372597196174268,0.01484641057601177,0.15954023111641702,0.7927935516370586,0.9441133774650717,0.9182359447805841,0.888872993617007,0.21368739660006997,0.6682257621459685,0.8541704529151257,0.3104744315659739,0.3529828530688198,0.2382448613297361,0.6911434312365343,0.20137350301515045,0.1910103257969431,3.1618529634633292
0.38719667468100893,0.9126184550909335,0.5803782390630566,0.7988074921843306,0.028170587750225407,0.5657686735528032,0.7042699471193311,0.7031451934400942,0.7869921985973078,0.24178799863700584,0.917032184565246,0.632366584467005,0.09313034756129901,0.7327148203683778,0.9288774244095548,0.6012394957052001,0.4804014928757916,0.3191426601335198,0.996615464226854,0.49600591523095594,0.5402037853204964,0.5447873998009141,0.8949167866340783,0.3801266852458154,0.02944898752746261,0.27435867763563526,0.6886297266103769,0.8264269237398445,0.17517773469138587,0.06744040759162329,0.6924147018494056,0.30428554052114987,0.9690959887212959,0.5993130653224559,0.7962617293165027,0.2772558985888305,0.07790561876916358,0.46773354088633934,0.9250800827311518,0.7506883300545942,8.041834949135129e-05,3.3605597547918795
