center_0,center_1,center_2,center_3,center_4,center_5,center_6,center_7,center_8,center_9,center_10,center_11,center_12,center_13,center_14,center_15,center_16,center_17,center_18,center_19,center_20,center_21,center_22,center_23,center_24,center_25,center_26,center_27,center_28,center_29,center_30,center_31,center_32,center_33,center_34,center_35,center_36,center_37,center_38,center_39,center_40,radius
0.5297952984305935,0.8884877563747879,0.7169106294846553,0.30446944461888614,0.9794071055917396,0.5028664829909989,0.43898645143515413,0.7539084215210133,0.9547639694606015,0.3960735941743325,0.2896394847489139,0.19593278324808294,0.27749861362997963,0.4711163157563212,0.2946147594438687,0.9748998990149571,0.1914490254443868,0.5840503667897898,0.2708998565929397,0.8745341356216211,0.7461316563217616,0.2071224774421666,0.6222160279204331,0.21350921620977104,0.8134266895712483,0.4085789000180968,0.8949689259446292,0.023913842551565367,0.9603711048690644,0.43753175158473545,0.354431994922108,0.37252923868114407,0.24302415044080106,0.16828859960737874,0.5825846704968461,0.7402271046392256,0.5238336400974108,0.07954044724701881,0.8763750764552762,0.9214725618448574,0.30498447623779956,3.2799859933044355
0.33898840934018404,0.2233417005519871,0.3486730032017685,0.10564399736720698,0.19378650582232426,0.05416060750259988,0.7270383600431665,0.01151667419439617,0.02331396163664734,0.7295927005271234,0.7880069000212863,0.7801744666209557,0.8475744111312348,0.4495467652091043,0.9683195176850844,0.11142153224706042,0.9177800035796859,0.037636938158761235,0.2843837680552499,0.7873614021982651,0.5941551878592422,0.690864873286819,0.7127283275009647,0.6724057350526731,0.6098416258093364,0.9931815755445822,0.8215901549199028,0.6179196435753278,0.030460402190654046,0.6444990941019628,0.01854061533202722,0.20743903239562322,0.3043232616500433,0.7421807269426901,0.5161938086343021,0.019024667670484052,0.12486230416935118,0.8247654534768311,0.28375566059243396,0.1754511400866542,0.5408148300814871,3.315666272542815
