center_0,center_1,center_2,center_3,center_4,center_5,center_6,center_7,center_8,center_9,center_10,center_11,center_12,center_13,center_14,center_15,center_16,center_17,center_18,center_19,center_20,center_21,center_22,center_23,center_24,center_25,center_26,center_27,center_28,center_29,center_30,center_31,center_32,center_33,center_34,center_35,center_36,center_37,center_38,center_39,center_40,radius
0.2395753043993044,0.9356948929629719,0.8438126446109597,0.0421826804693084,0.48552437189639785,0.17083451587994236,0.8825121919158555,0.5770520943306259,0.7313528109103654,0.8427574049369578,0.6440720225056169,0.49673189218740565,0.10740092640477938,0.409317757513167,0.8203659323009453,0.2961487292506778,0.62682428866895,0.2516825375506192,0.5988125675156233,0.9600235718589829,0.03318507502770551,0.2692206217552948,0.4660046078933411,0.7170128220129866,0.870524820002838,0.8556564174486463,0.8119793982259063,0.15788613161097032,0.46824840072841956,0.9371478025461614,0.8327218597203628,0.5083405567289543,0.3998941680854359,0.19947599929848236,0.7600404199901978,0.007214431743852501,0.20345180281236708,0.08408430736281736,0.8285611102843206,0.5696444125316719,0.7837118341588973,3.289571003375547
0.9105100902223375,0.036500724445178934,0.4676449451332617,0.8700510598278626,0.5140571492697231,0.9279479251181374,0.09584970870366605,0.9650225824576512,0.23917164632417476,0.5229310532188711,0.0657216664241882,0.5768823418198664,0.0442591873837993,0.9314289442587375,0.03169479202335079,0.7048751146692475,0.21676563517202263,0.3673684973124528,0.89128371867344,0.9550861971086467,0.8253148055529832,0.8563625308214061,0.8878486838421602,0.18356596150584603,0.20771441750770137,0.5946533975079894,0.06223412293717423,0.09436852951873642,0.08397720025391053,0.15942163190359948,0.5110906696950388,0.36351782929639487,0.7641941134301855,0.598900709217693,0.7012983105320302,0.8175613347968466,0.6750877209279557,0.7411928226965457,0.806064935440283,0.5777706421861878,0.07781215505442118,3.521371263958816
