center_0,center_1,center_2,center_3,center_4,center_5,center_6,center_7,center_8,center_9,center_10,center_11,center_12,center_13,center_14,center_15,center_16,center_17,center_18,center_19,center_20,center_21,center_22,center_23,center_24,center_25,center_26,center_27,center_28,center_29,center_30,center_31,center_32,center_33,center_34,center_35,center_36,center_37,center_38,center_39,center_40,radius
0.4266711160675689,0.11235366134286984,0.258015401244872,0.7170479481248927,0.8644864004862424,0.14689001520085365,0.5333136759447845,0.9743646869776674,0.04570005216237072,0.7462011724385742,0.9823051422186625,0.9758775356675975,0.0972976294054324,0.3042251847025097,0.3372261286334962,0.5300101878876484,0.07121830635251358,0.21547369651135695,0.3363370480795834,0.9608736501589848,0.37831314940711036,0.19053591087389776,0.6695423835089387,0.7974492791306574,0.6737170042548659,0.8394585006606868,0.6593504462624976,0.9920104307449793,0.0003052285457421089,0.52786292453085,0.970512790367875,0.42817395719698514,0.8370720186282486,0.3061333293523184,0.15832831172661976,0.3642465326913855,0.7489803290102732,0.6275222769096135,0.5237186547774509,0.0851444008772062,0.2875145876339349,3.3743997470310045
0.3549575442872559,0.9676469486308638,0.9879714179872962,0.5933682169585884,0.103848479339407,0.8682781025012609,0.8720123592123323,0.09508887641365371,0.9964122872908492,0.0768632024426178,0.11891183087364965,0.6086667377773252,0.7931746435404324,0.16726932619293822,0.260097513761955,0.7255902348736161,0.9622259780999854,0.12763660367699037,0.911228536438946,0.9430349687732074,0.14529708380270867,0.06438665742888805,0.6020512003082754,0.6168173964572526,0.14777313799300018,0.8767528695014056,0.1661662589320313,0.03984922084582443,0.2772029726870089,0.08625845579881819,0.4420700128631625,0.958993182560797,0.21705086763945858,0.9148691307629193,0.2596795773104503,0.9976320913723996,0.02745851768386598,0.9153990431960051,0.181069970988731,0.9274458335696645,0.957864665582215,3.436779895857917
