center_0,center_1,center_2,center_3,center_4,center_5,center_6,center_7,center_8,center_9,center_10,center_11,center_12,center_13,center_14,center_15,center_16,center_17,center_18,center_19,center_20,center_21,center_22,center_23,center_24,center_25,center_26,center_27,center_28,center_29,center_30,center_31,center_32,center_33,center_34,center_35,center_36,center_37,center_38,center_39,center_40,radius
0.7120411600134651,0.2551766585450719,0.4996917500606076,0.11023393465252718,0.302324385533874,0.850747007290707,0.5745203490961126,0.9920058896300923,0.3229986106822861,0.09846091620999431,0.6275690034192101,0.5943890046723154,0.03990052797411825,0.2762621267418711,0.595151317231036,0.09066922506446606,0.40685134816952884,0.7884417574618988,0.1581685797106328,0.9093012881151878,0.2675794910607848,0.10900106153331679,0.6720567240790573,0.9047044331374325,0.8780784105543021,0.22340311575536842,0.004809560790073331,0.5536717251164538,0.09218478403642016,0.8429499193415728,0.47536788265610486,0.3991292885994141,0.6396236394488417,0.9363845909827092,0.41534624840145473,0.41558362947766325,0.3971743322833531,0.06091729594292905,0.18269868331671435,0.15988124636822254,0.6608529239881356,3.1526599339047587
0.7055285773882856,0.8676138602009595,0.6047967231627869,0.9342084798380523,0.9399019643524938,0.549423458484838,0.4965633078729563,0.008685752848692996,0.43559657095215787,0.6546851242023554,0.9496450185042479,0.6596986031099275,0.8465615052951428,0.43683646345304683,0.023860349509004175,0.2904666101996044,0.3493662876283271,0.6794903172085853,0.9860221100467145,0.07423514372296136,0.5058347738982243,0.9709757882861717,0.1632383319676859,0.6106986087072075,0.22185786833640198,0.5753451329435684,0.7846610692359937,0.49611713358643383,0.8109272835682738,0.02266055136267553,0.6723185138785825,0.14511646765439112,0.7462680089814903,0.49161211965179286,0.6312073467580332,0.7780131804014725,0.023892400229473698,0.767398804113342,0.4044299265872622,0.09159112250990276,0.27076831146702585,3.22255363703157
