center_0,center_1,center_2,center_3,center_4,center_5,center_6,center_7,center_8,center_9,center_10,center_11,center_12,center_13,center_14,center_15,center_16,center_17,center_18,center_19,center_20,center_21,center_22,center_23,center_24,center_25,center_26,center_27,center_28,center_29,center_30,center_31,center_32,center_33,center_34,center_35,center_36,center_37,center_38,center_39,center_40,radius
0.3036360374938778,0.5752108942587479,0.12974702073964672,0.8014157723253006,0.7236697835344549,0.0459110354643939,0.8456104770605058,0.481014133920024,0.8245678960076315,0.754605479128052,0.6235292619350759,0.5532481372135258,0.3978534443469671,0.4690525397640798,0.09454855906593962,0.7075879140063827,0.6597158690749896,0.12189109755360561,0.2991513948848675,0.6014245510395385,0.6624876052525425,0.7403371277126795,0.9153843143850466,0.5917191788767221,0.7132922915735909,0.47756784763930815,0.9527875649015679,0.718207714334947,0.9159956172813626,0.11691781348924835,0.34659299721350645,0.3032073827601329,0.41314551856266113,0.010781576736422216,0.3313319494242424,0.1190313555043635,0.18043842516785147,0.3800072725514335,0.5232749193260582,0.9233622189160627,0.5456961792716652,3.1956033026862274
