center_0,center_1,center_2,center_3,center_4,center_5,center_6,center_7,center_8,center_9,center_10,center_11,center_12,center_13,center_14,center_15,center_16,center_17,center_18,center_19,center_20,center_21,center_22,center_23,center_24,center_25,center_26,center_27,center_28,center_29,center_30,center_31,center_32,center_33,center_34,center_35,center_36,center_37,center_38,center_39,center_40,radius
0.8139504838646152,0.5653172934067016,0.2226395825452685,0.609663623843788,0.5275348742769714,0.6373359095573071,0.3390960480795109,0.4238444819786037,0.5268044455102611,0.3973801023229714,0.5096211971919553,0.6711839563686495,0.19193551324670766,0.6890935281877639,0.024187901940538548,0.9077377780411813,0.08761728966982918,0.21798426070602728,0.35485566811232416,0.7095490308490888,0.8614834574235927,0.9841834859698994,0.590715869471736,0.6608649487204794,0.9319093076965025,0.05876156076803152,0.9284862329902608,0.6889862877602086,0.579100285300277,0.17418452057638723,0.1618328944226325,0.42507798636173677,0.8199653412322384,0.7342637865890204,0.9883459310459537,0.2705243575967913,0.983729607392084,0.26005936467215107,0.00042527463842645385,0.5317847408352728,0.3131242054641217,3.413639818791201
