center_0,center_1,center_2,center_3,center_4,center_5,center_6,center_7,center_8,center_9,center_10,center_11,center_12,center_13,center_14,center_15,center_16,center_17,center_18,center_19,center_20,center_21,center_22,center_23,center_24,center_25,center_26,center_27,center_28,center_29,center_30,center_31,center_32,center_33,center_34,center_35,center_36,center_37,center_38,center_39,center_40,radius
0.5989649204452125,0.6546030352450163,0.46841434926260683,0.6792834255989999,0.5025476575445053,0.4875624170140902,0.8018386003975876,0.231270558090507,0.7780060091976,0.8256258712722404,0.9580989573786846,0.25198551834039173,0.7887669086358926,0.03102559900230184,0.9805661087126549,0.41501642539871475,0.5982095679675841,0.39563295020340217,0.33557769058632037,0.7084222588890752,0.830971313424988,0.36072561876874365,0.616111062306337,0.143143387490548,0.7372199999608755,0.316604064815847,0.3881490828239369,0.3199384668652001,0.22543063766519678,0.17134475700247442,0.8991917981703754,0.7265402488688812,0.009130751592731134,0.47996200892056795,0.9953241070998506,0.01135737954717675,0.4701824768207198,0.1376011359577043,0.4982810135335608,0.8368460740865702,0.7425262627492364,3.5043905284550556
