center_0,center_1,center_2,center_3,center_4,center_5,center_6,center_7,center_8,center_9,center_10,center_11,center_12,center_13,center_14,center_15,center_16,center_17,center_18,center_19,center_20,center_21,center_22,center_23,center_24,center_25,center_26,center_27,center_28,center_29,center_30,center_31,center_32,center_33,center_34,center_35,center_36,center_37,center_38,center_39,center_40,center_41,radius
0.8148564186299186,0.415444742710257,0.2860914707839082,0.30635056063228416,0.24976938578159902,0.6314237925651498,0.9089939425577752,0.7455460164084188,0.3411561085953172,0.7429600469583857,0.035943384600817696,0.37591238370633073,0.7809463491819562,0.6799143634683321,0.5845196777900024,0.6326947598408955,0.48387340740214557,0.6523466496624922,0.8712720728174829,0.3324481213118279,0.3935123882250827,0.1402682916500847,0.049198195956457025,0.39825661415378644,0.4817951766954508,0.08013552286381453,0.5092925882048904,0.6687333633922034,0.216903836120113,0.388326902023692,0.7028922174558913,0.9043645988248266,0.683774318092311,0.9757486553204577,0.9854848087360004,0.7444309333371347,0.20024862393583098,0.892600137948111,0.5686633588286055,0.8798055093894483,0.9291156110316068,0.3716122093775782,3.632751663867564
