center_0,center_1,center_2,center_3,center_4,center_5,center_6,center_7,center_8,center_9,center_10,center_11,center_12,center_13,center_14,center_15,center_16,center_17,center_18,center_19,center_20,center_21,center_22,center_23,center_24,center_25,center_26,center_27,center_28,center_29,center_30,center_31,center_32,center_33,center_34,center_35,center_36,center_37,center_38,center_39,center_40,radius
0.9729205811969912,0.07461614216351731,0.2543361985030236,0.21448744599561553,0.9010107614516746,0.11499818051849031,0.851025016385324,0.42920322760865004,0.09564442039265564,0.957939869509198,0.9299658972544014,0.9929962058600399,0.22947309552708473,0.4202622856286914,0.6936622352787781,0.7812036990030773,0.9495583752627847,0.053381489204824994,0.4165625175568879,0.2929133388986134,0.3146327661771975,0.3566432965976529,0.14726521317926533,0.40214952423937145,0.5880510321484095,0.7968719286419398,0.8371015944288187,0.5731676476366349,0.19270727702686596,0.19642717430964673,0.5377466055616905,0.4497157835053823,0.37492185582614135,0.11579990634598114,0.12692997595365108,0.5253515070174807,0.33550296808137137,0.7101729798225764,0.11650808135919744,0.14675469021008036,0.9482369825264949,3.517086509348438
