center_0,center_1,center_2,center_3,center_4,center_5,center_6,center_7,center_8,center_9,center_10,center_11,center_12,center_13,center_14,center_15,center_16,center_17,center_18,center_19,center_20,center_21,center_22,center_23,center_24,center_25,center_26,center_27,center_28,center_29,center_30,center_31,center_32,center_33,center_34,center_35,center_36,center_37,center_38,center_39,center_40,radius
0.764353554822211,0.8803922018696269,0.37126421931358145,0.4770014421569133,0.7585794824742416,0.7118733904124952,0.4758415980632069,0.47995037687573416,0.8943041887738833,0.17402731240044833,0.800567046931512,0.3384254707883184,0.9759978789480404,0.3946324835911469,0.12162199644132099,0.03585530208961285,0.44893769467639477,0.7011857338755227,0.6300075081368284,0.42717014655895136,0.39126779087572405,0.6014421686443141,0.360879496507612,0.748596646242277,0.696963358167158,0.30393449666907446,0.26918965750495905,0.9656242210373638,0.1293755946380416,0.4068729212587029,0.4075360834417565,0.7411382486380211,0.21408627036738537,0.17609927201740172,0.72086296144912,0.7927310119305333,0.5154602055919376,0.04238028856545584,0.8715267720079496,0.9639839069121817,0.00873249873212345,3.3421782960248603
