center_0,center_1,center_2,center_3,center_4,center_5,center_6,center_7,center_8,center_9,center_10,center_11,center_12,center_13,center_14,center_15,center_16,center_17,center_18,center_19,center_20,center_21,center_22,center_23,center_24,center_25,center_26,center_27,center_28,center_29,center_30,center_31,center_32,center_33,center_34,center_35,center_36,center_37,center_38,center_39,center_40,radius
0.36778126546580814,0.8286257045826215,0.20579262594773629,0.5316456768629473,0.10796684431363712,0.492394986660758,0.05346563983459418,0.820969371636892,0.41949089515676874,0.1739998642301095,0.24312907653404403,0.7968443376532893,0.2159577097533002,0.5567164151958203,0.033252305526611736,0.8871554621421646,0.24409990335446108,0.5056915978593386,0.4169123434926463,0.15916254442971478,0.5575544494304607,0.7518726606890446,0.7675984959530733,0.5516038413238481,0.44521900997987873,0.4096057676622653,0.2903819658276575,0.7672489427520587,0.38523540036179704,0.5994509107677161,0.9449294401721058,0.6682053396062723,0.2563114341553734,0.314959799856357,0.7400473077607912,0.041228314740703764,0.3076468303469829,0.8003481584558279,0.6244453073327957,0.8206059797253499,0.7984826532504807,2.9363802073908185
0.46063199036242874,0.49175605706131054,0.9225587530121234,0.4078654742738824,0.7700675663638987,0.07301955992147591,0.9694246424106452,0.8290194957822508,0.8587971332174407,0.19408203107776212,0.6834906537298171,0.023439707768156848,0.9841875728665532,0.7083685060475722,0.4358624494789126,0.22347781844633874,0.2322697627944622,0.8387167612805737,0.24654769501876128,0.5967011041994653,0.06972388661604711,0.5386288891271868,0.033724988366609865,0.9280629528506237,0.8266157053834061,0.936692959275388,0.5061417278035543,0.8674789003894522,0.632899480887929,0.06615182906115502,0.2001183501413787,0.06414624149397818,0.7640962904476511,0.11051190313172732,0.6765487296131019,0.9335248409654725,0.8684510479367477,0.9371084907237623,0.08907349147943155,0.13439013196085248,0.12927795916677587,3.336188469417303
