center_0,center_1,center_2,center_3,center_4,center_5,center_6,center_7,center_8,center_9,center_10,center_11,center_12,center_13,center_14,center_15,center_16,center_17,center_18,center_19,center_20,center_21,center_22,center_23,center_24,center_25,center_26,center_27,center_28,center_29,center_30,center_31,center_32,center_33,center_34,center_35,center_36,center_37,center_38,center_39,center_40,radius
0.13580193196031842,0.6663570239854445,0.10640018897312886,0.18564674157385275,0.26658076626147775,0.4102791625640052,0.5523246978566073,0.7948732899460877,0.767626586783847,0.6380639887075388,0.15062705005254096,0.7094421525744694,0.5966040085466189,0.41638651650345293,0.22234413396957953,0.06725482784422676,0.7226416973310464,0.22645496819566158,0.7506834189852918,0.9924614451106066,0.3792591671986043,0.8106092143062049,0.2634833896726194,0.7080752373609022,0.5980459746066231,0.2725891284042531,0.652891724302036,0.9043940516485509,0.8795559734425723,0.6201713556191056,0.911743269701868,0.31908961207672915,0.3740134023241817,0.9254920381429691,0.7471871888419842,0.8817066552682759,0.632945274964941,0.5795603107370025,0.75859565901243,0.13203196332463174,0.5905833828716752,3.229759275255717
0.4809522991649394,0.12444638147692655,0.864872165392295,0.786293246309382,0.17272190711353197,0.9907226667526353,0.35938395929324707,0.057596185029507474,0.15273171261251972,0.18315494086701367,0.059170465331520594,0.4116127783396044,0.4997683540985407,0.22134235659459023,0.3026494818669079,0.4952502030739785,0.6581680116184817,0.6621277638188254,0.17468250474502212,0.36262187411193436,0.8214138869572944,0.005897111585674186,0.8356571786406919,0.31205781722829096,0.09142899012731731,0.02336737033878955,0.0417653178010019,0.22503798164161715,0.0010232708533669532,0.7179979242313033,0.24287339653296802,0.7790592577212923,0.5917963460550331,0.5282457827998018,0.21372554889872797,0.09220356244226524,0.734690569841837,0.03598229161683719,0.12010587704067821,0.9793481986910713,0.0008296224055961421,2.649790134449947
