center_0,center_1,center_2,center_3,center_4,center_5,center_6,center_7,center_8,center_9,center_10,center_11,center_12,center_13,center_14,center_15,center_16,center_17,center_18,center_19,center_20,center_21,center_22,center_23,center_24,center_25,center_26,center_27,center_28,center_29,center_30,center_31,center_32,center_33,center_34,center_35,center_36,center_37,center_38,center_39,center_40,radius
0.9428723104136487,0.5936600924600947,0.9649825053893232,0.03564019700796084,0.9022499110954676,0.5343791421057698,0.9733338409561807,0.7182868687254799,0.606134117617345,0.09083826002115358,0.11058165985456236,0.19803409482539536,0.9081010839366266,0.4724027994689305,0.785959641650479,0.4545769635405781,0.8534678895834985,0.5551955927278338,0.9118390843243781,0.26523190704715605,0.5371217985050609,0.2948877918746601,0.026904689198003484,0.5469459479522883,0.8955582737180318,0.6641141888660507,0.881650425866866,0.06500292888109405,0.6644768151918224,0.6595639132334531,0.48131312823116,0.21326141967194934,0.21160618932914266,0.6837521782157333,0.7966710670418038,0.31528843998543,0.6804068638779729,0.7347997438007252,0.707335881841037,0.09621308396444539,0.06559281420846208,3.4976887571460136
