center_0,center_1,center_2,center_3,center_4,center_5,center_6,center_7,center_8,center_9,center_10,center_11,center_12,center_13,center_14,center_15,center_16,center_17,center_18,center_19,center_20,center_21,center_22,center_23,center_24,center_25,center_26,center_27,center_28,center_29,center_30,center_31,center_32,center_33,center_34,center_35,center_36,center_37,center_38,center_39,center_40,radius
0.580290083737855,0.48477661619845347,0.3251980373619415,0.7455967119468838,0.1134976121844915,0.9181816767027999,0.5997831228030194,0.15369062721713678,0.33500089815385836,0.6082911776069556,0.5280047438838456,0.6893185828650121,0.35656418733647344,0.5592088288822727,0.7609092516500946,0.2571327604876381,0.5082415386177983,0.8429124416842064,0.6508578027801445,0.5064036344489052,0.6809106874330153,0.12407229025362332,0.4361355228730601,0.11460137543086346,0.24578859821327237,0.36627982335651366,0.5086470404098901,0.8464203147545292,0.14271904199304697,0.012774048269210692,0.5217321406272266,0.6344971600155859,0.9560522227590539,0.3422011755099458,0.7678248656919352,0.7621486241169115,0.8750829160453089,0.04571486931635638,0.9406870287740441,0.5034123546122841,0.6510176676933853,3.3240941388804623
0.9827606112065363,0.025574221814837816,0.775963924284788,0.42199128518541085,0.8507496568449896,0.12899943807500325,0.13380362549043068,0.7654715434335578,0.7961339256170948,0.006996993461735657,0.9151391557363786,0.7143705661289876,0.6151917099192507,0.281278118578534,0.29214099971163776,0.25127703378326016,0.1013156401173303,0.6331258361048004,0.45142777670783696,0.7784931466519583,0.059106346524238074,0.9971561929704911,0.9949223178850213,0.902424834905875,0.8638647457371318,0.21380392965202777,0.9210606198840261,0.8016958059082002,0.9637304833331498,0.40070651124234236,0.38506319753706997,0.9503681927986012,0.28823711754174997,0.8201578876183385,0.7911372914605247,0.2225168818565707,0.07073165963529682,0.9707925337296596,0.061404387807027616,0.9430525981380625,0.24307039852485168,3.6859128180266683
