center_0,center_1,center_2,center_3,center_4,center_5,center_6,center_7,center_8,center_9,center_10,center_11,center_12,center_13,center_14,center_15,center_16,center_17,center_18,center_19,center_20,center_21,center_22,center_23,center_24,center_25,center_26,center_27,center_28,center_29,center_30,center_31,center_32,center_33,center_34,center_35,center_36,center_37,center_38,center_39,center_40,radius
0.6700162036545761,0.3523606620490045,0.7668216555488052,0.08581597677564323,0.41871092424022505,0.014258537331142462,0.014824387991314247,0.3540987609529479,0.542837774901609,0.3449570406081811,0.3538547880535242,0.8973446419802108,0.8812662925689013,0.9793350416612476,0.33375551911373424,0.8821676276859645,0.6405150789770458,0.8574780094981215,0.3941917474394877,0.7206794773488796,0.4257668811846568,0.39190055347821884,0.15201063525677383,0.17767425132647063,0.4964798694118968,0.7684989601118893,0.3830116806877596,0.39558825093585903,0.15611729615853154,0.054938582070504505,0.16202714844116572,0.09276947087076659,0.561022674349577,0.3447826295566657,0.5647311591148862,0.20966815830436303,0.08290167179810182,0.2523806186617443,0.24806445712989533,0.7282118442338096,0.3865803466759973,2.9023641306037997
0.654086299227653,0.8572351428340914,0.12774429937892728,0.8196260416833405,0.007316992257382582,0.9274813118884655,0.3436387359276596,0.5240836814800877,0.45416851280714066,0.9699281528682799,0.46297290877945596,0.07716182608799316,0.42532345625636003,0.9606029734828667,0.892277642600316,0.36121229974722846,0.1519418284952918,0.08919017295277176,0.25970929719594216,0.5770088494345244,0.2529729877696264,0.13563915576797803,0.5503917286480415,0.6475633055383495,0.9323380071523231,0.5846497610097086,0.9318780775982576,0.22231883924623508,0.9269637139747835,0.988708406927421,0.5293887276837943,0.4172799296432014,0.10426519488324004,0.06755237752921361,0.8672344918449996,0.9052089983715894,0.972139332878281,0.9634781506998371,0.8447186287120455,0.14156345805063308,0.8036337787542076,3.554594131670334
