center_0,center_1,center_2,center_3,center_4,center_5,center_6,center_7,center_8,center_9,center_10,center_11,center_12,center_13,center_14,center_15,center_16,center_17,center_18,center_19,center_20,center_21,center_22,center_23,center_24,center_25,center_26,center_27,center_28,center_29,center_30,center_31,center_32,center_33,center_34,center_35,center_36,center_37,center_38,center_39,center_40,radius
0.18861333276384717,0.1293762547870453,0.002976393039988978,0.6179865835580458,0.5247126191920145,0.815841081501128,0.009998309597263666,0.08814128854024617,0.0434972826368083,0.018544765025595544,0.9253776664856511,0.8120050740277827,0.517760293131824,0.49717053275010414,0.7170331042388751,0.31789904802563607,0.5145763916991708,0.7382666104239128,0.7677822653322564,0.9821378738486294,0.9029656076494176,0.3900265864881328,0.8040783770411118,0.6573488181986759,0.3703912792664077,0.2344042770206708,0.3457326800633681,0.1305102018928892,0.03255389276912546,0.24781079128088102,0.6457833939226048,0.40142303557133896,0.26560410263982626,0.11380139848703175,0.5464582424830082,0.5388566372116198,0.7009163114552737,0.7068205537796202,0.4542490233486238,0.8966449240609753,0.015765684100145227,3.2201603835623485
0.9287643583270653,0.6566787468047971,0.7384422457722943,0.0802810744587017,0.1645020636789405,0.22750704270511446,0.9913313551706626,0.1250889896145203,0.13170994363742305,0.7996678697021421,0.04525741347534473,0.06143840225737329,0.7869139013596496,0.2995405120015944,0.2928652417977555,0.4995914407993366,0.42303336380655554,0.7874865933771152,0.35373646403902703,0.05331039776729507,0.02534352477058377,0.8477006456385894,0.653734909691277,0.8433371955353349,0.2172124917319882,0.8856556835074987,0.8623685611443552,0.9569288596276672,0.8534061465473227,0.33980047778743205,0.95195822335377,0.27960570120646155,0.22031026604387616,0.47710520570117476,0.44719626053615835,0.0013010789312366544,0.022025428775823364,0.4086277741654073,0.15119621620390555,0.8081234052664965,0.041601013877220594,3.259714592121147
