center_0,center_1,center_2,center_3,center_4,center_5,center_6,center_7,center_8,center_9,center_10,center_11,center_12,center_13,center_14,center_15,center_16,center_17,center_18,center_19,center_20,center_21,center_22,center_23,center_24,center_25,center_26,center_27,center_28,center_29,center_30,center_31,center_32,center_33,center_34,center_35,center_36,center_37,center_38,center_39,center_40,radius
0.030080802532836404,0.9402241202676164,0.3186686937644656,0.9172390511394752,0.34629751620196103,0.8631885368262875,0.7923155730659234,0.3622631471612463,0.12455972996211406,0.19008325488645483,0.40561876152383614,0.4479686677956207,0.42738963283919196,0.29985586778028783,0.9972254418452291,0.9205869009287123,0.2262514714123839,0.0884236809046488,0.2357293568502451,0.16240518757676836,0.08637908934467897,0.7479320803038446,0.1146757610007586,0.44017388120637835,0.30949310891260895,0.5840066424361294,0.8192651969665805,0.8547314281171364,0.1677355222013689,0.8123677075213273,0.5676591614806022,0.23805684749124334,0.715117313819828,0.3484146986513643,0.5208397959927699,0.8950769386115957,0.8077806689257364,0.6071307156719328,0.27747341501337874,0.9140439376112276,0.7364518622016025,3.1397567353989064
0.6800270364729066,0.18603142211359858,0.9970662313764477,0.036823130343375365,0.6985332176748316,0.9622882471596511,0.16765607396838178,0.4637020401464461,0.9130505953287056,0.9274321458301126,0.42313977225441535,0.44520686836614,0.7061524271366235,0.6710098709448384,0.2809476771452034,0.33020999491560177,0.6330416995375375,0.6637239230132584,0.8545246888268436,0.5379292755178913,0.09516280090941742,0.07994789459572993,0.0795150956818873,0.5439630863322626,0.41706105323529374,0.9607836528697659,0.08645385879347767,0.0779287529571443,0.11446539772999953,0.4170735380524334,0.677999608784939,0.7259459909957428,0.005634308822710099,0.8572381629739421,0.2617968542089253,0.1215059816393026,4.994299600080687e-05,0.6330922086369712,0.02847215090522137,0.2604304847457477,0.1472763772198855,3.2785994027048484
