center_0,center_1,center_2,center_3,center_4,center_5,center_6,center_7,center_8,center_9,center_10,center_11,center_12,center_13,center_14,center_15,center_16,center_17,center_18,center_19,center_20,center_21,center_22,center_23,center_24,center_25,center_26,center_27,center_28,center_29,center_30,center_31,center_32,center_33,center_34,center_35,center_36,center_37,center_38,center_39,center_40,radius
0.07093025581325152,0.712584105803766,0.07263080485196771,0.18360287077633997,0.19826366855497124,0.879491699488026,0.33893667767878843,0.9765409164888975,0.8442197865602633,0.7942476991123703,0.6934938185856616,0.12827921206664294,0.9950604929734332,0.3347697641828973,0.19558621002916332,0.599494094514265,0.9546717869310707,0.9311426231823494,0.5792108615025205,0.6986253102721669,0.9730340603479087,0.7992134128300628,0.32840850973202085,0.8956290208088598,0.47613020431938424,0.692960163810782,0.3727651115009494,0.6554131679146142,0.3486007178482725,0.4914729189775564,0.336364973936334,0.2203219276356071,0.9075977821682041,0.7034883775825264,0.6465567094127012,0.4019258798383142,0.6601759696412302,0.30723222148226803,0.7588134588654696,0.7318246773307641,0.5132817501504101,3.725017486793233
