center_0,center_1,center_2,center_3,center_4,center_5,center_6,center_7,center_8,center_9,center_10,center_11,center_12,center_13,center_14,center_15,center_16,center_17,center_18,center_19,center_20,center_21,center_22,center_23,center_24,center_25,center_26,center_27,center_28,center_29,center_30,center_31,center_32,center_33,center_34,center_35,center_36,center_37,center_38,center_39,center_40,center_41,radius
0.06705376265979046,0.44957098623753056,0.22387265259529698,0.5899800602793616,0.413506863177701,0.9138208055179445,0.1007681750486632,0.5255299870042889,0.4819404277294148,0.5566094662243598,0.6273164393429086,0.43486164981434283,0.15086109236327272,0.19816446867534365,0.11954223083954152,0.3994378058308877,0.9507243730170696,0.6468834240836102,0.1464661791248295,0.5486893447223976,0.5178827020814712,0.7643444319211186,0.010468882254763279,0.0703692031159453,0.7390069563759226,0.07523687146477698,0.4669790277327547,0.9407224396687636,0.004195673727588223,0.14280607574345383,0.5641159794648102,0.4523975748290173,0.6040282865510627,0.835480922480857,0.6106001880371152,0.382982888818055,0.7418355707442763,0.2524528864922835,0.12967626912137897,0.2674467817486048,0.8696368960484183,0.6884199860166155,3.0167531685286018
0.9634166331686708,0.7995164056636688,0.1023594446786249,0.6520883569575958,0.8684910277518703,0.5058151438904838,0.723321714268511,0.9287502124593522,0.6805849641779431,0.5924358297831714,0.48598946600844806,0.22724759003978856,0.5329120813798873,0.7573034275672119,0.8844368786363637,0.22938357387430974,0.08136354964530568,0.7920806454878918,0.40753456920197606,0.8789132376419523,0.14847620077522516,0.548815826409161,0.9779254159236241,0.3778685755069001,0.9369676186851542,0.4469957360774318,0.17681436346743207,0.06461998839123884,0.9504733839628235,0.7002756440469439,0.800973875620478,0.9617877941990578,0.7032311013888339,0.29448508366468185,0.4914297003450161,0.9551163882934803,0.5310602704017836,0.8662176180548402,0.5126089833407235,0.7921340143721567,0.49379970007683893,0.7426824637318931,3.7633655570542457
