center_0,center_1,center_2,center_3,center_4,center_5,center_6,center_7,center_8,center_9,center_10,center_11,center_12,center_13,center_14,center_15,center_16,center_17,center_18,center_19,center_20,center_21,center_22,center_23,center_24,center_25,center_26,center_27,center_28,center_29,center_30,center_31,center_32,center_33,center_34,center_35,center_36,center_37,center_38,center_39,center_40,radius
0.33071751658138826,0.953192427570278,0.5872123914820063,0.47247456615573835,0.03471134698504419,0.13673306786693518,0.4418058849438893,0.175386155004834,0.5252153783526452,0.6145147786289146,0.9718467310551909,0.23536623727641526,0.5574133327043969,0.30028934996794143,0.8096391624560563,0.34904200214731085,0.0711142654498037,0.5730608868406967,0.5682750056575808,0.4595507292398129,0.5496369273058093,0.41072295422026195,0.39708330312743667,0.9439663569624975,0.42852092124304186,0.6942396219842873,0.9968178237576616,0.5472803975142895,0.07081989535789412,0.38100866477123874,0.9101975116918993,0.12659543652762273,0.748341740587539,0.11150436890665105,0.42543900318187744,0.47209232897590936,0.7547237079952548,0.46722930183040035,0.2854893225237273,0.05118026778607676,0.4190900713743271,3.198487992557341
0.21625490281199633,0.061903458178338866,0.19657544933303117,0.8052082320380713,0.9057830901872831,0.8310320926810025,0.6746269229739659,0.25681500194112905,0.8274757717048347,0.11831536133602116,0.14460340070523747,0.10352269036432449,0.03430946677359625,0.9295156377099745,0.3916926338085166,0.7125777708145253,0.9261586785993677,0.8921784539310555,0.7140500179799738,0.46507284224561485,0.03127733516325648,0.48499509458749424,0.024955128164577123,0.18200660934979518,0.823016670480444,0.33077251313517775,0.7603042495018494,0.8054880068464538,0.7983151325633141,0.9707448327725466,0.7456045048266192,0.705690208091448,0.08506510397533895,0.9492365811630691,0.039169994265884966,0.8655870267548906,0.6186521885057361,0.36986949161174454,0.09053405994958186,0.984359588731323,0.6659254336176511,3.228769526904173
