center_0,center_1,center_2,center_3,center_4,center_5,center_6,center_7,center_8,center_9,center_10,center_11,center_12,center_13,center_14,center_15,center_16,center_17,center_18,center_19,center_20,center_21,center_22,center_23,center_24,center_25,center_26,center_27,center_28,center_29,center_30,center_31,center_32,center_33,center_34,center_35,center_36,center_37,center_38,center_39,center_40,radius
0.6604977017930636,0.1085276791942218,0.25291488364941217,0.9165319502986919,0.500318911886225,0.4422088573804994,0.25090864401362345,0.75122166377244,0.09124774386903123,0.29926117644487404,0.6772176881727474,0.6363565260531575,0.5272584645773939,0.22929486951870193,0.2749462404253771,0.4626952887109319,0.14013586673234946,0.5060590615490437,0.26291236480692226,0.2734935066265798,0.06788486299226659,0.4307914874344515,0.7579332222079949,0.8202156491482177,0.6430694858285875,0.735164578840243,0.19572912193799707,0.5465934488096101,0.3674927545286856,0.6037197910097474,0.9425286771460303,0.31374629939844423,0.17452168391514478,0.9617418016692276,0.4687945561820622,0.3993441675583531,0.23220200557588555,0.7511877228179868,0.7864196671917414,0.581237169507187,0.30508346372935724,2.821355021309749
0.9083400589609005,0.9023995129801969,0.39727764816271127,0.5926093694584577,0.921378753638943,0.18560213434244466,0.031199467331448738,0.6083453476134362,0.5405850500269339,0.5034712118751116,0.31405690669623554,0.6330116155343969,0.5847460729603124,0.10569748250435163,0.33201599124663483,0.5421656015378342,0.9802506397067379,0.029695364690492942,0.18882406281950703,0.25962169451607464,0.9173419508788359,0.820775771173523,0.1485373194120556,0.3493076301882333,0.8945857801037269,0.8871997240255164,0.6755318549752577,0.7751556760934512,0.1842156167035477,0.9027651779744685,0.12559389131178444,0.9438612515926894,0.6873543985820583,0.013377821980330218,0.986080617235913,0.22411018010789774,0.9952548132970389,0.7062121957861764,0.31947358354161104,0.5008587170104011,0.9171523672748292,3.4562995436888864
