center_0,center_1,center_2,center_3,center_4,center_5,center_6,center_7,center_8,center_9,center_10,center_11,center_12,center_13,center_14,center_15,center_16,center_17,center_18,center_19,center_20,center_21,center_22,center_23,center_24,center_25,center_26,center_27,center_28,center_29,center_30,center_31,center_32,center_33,center_34,center_35,center_36,center_37,center_38,center_39,center_40,radius
0.16346271174870353,0.5769019626145689,0.29501827281982096,0.12252944826311174,0.4717208022728576,0.8194244901285105,0.8144846961385903,0.40660647876119327,0.23296215244516627,0.6369542291441966,0.08732863857349438,0.06452399795914554,0.33145346726111347,0.7087362447366388,0.6605645538364932,0.4646942250026078,0.1077506143179604,0.5983653684321784,0.7033360891869729,0.9359543778825714,0.3319043719630512,0.886964771775521,0.05410093358018386,0.6146252846601353,0.4840096124515789,0.21870118935913785,0.005322106708713803,0.40788281262394943,0.22137433692200437,0.6630135344069541,0.4818860135218347,0.4867760914432402,0.5895590281601332,0.12182573874305092,0.49569299702953806,0.3892788013777293,0.8148176865484033,0.25278740992077076,0.14597286223134687,0.6853579914954708,0.985238929513907,3.371182953854227
0.3923144697459213,0.9114444581707275,0.9550686451446206,0.9845386430375432,0.932081391673752,0.04358324293583715,0.09989339411871068,0.9361056684726892,0.3680865896443505,0.04450026190975542,0.9907735480425675,0.9493981941004661,0.8920979968321305,0.1024884384020821,0.19212854017723424,0.5996096712773786,0.7382472460124788,0.12873408525595387,0.1215534921057847,0.3730904665074367,0.7766164529627594,0.41166123191472115,0.43229384245611135,0.2626010022322074,0.7442250141209925,0.9916497650263877,0.8767097730572668,0.33064841532081046,0.8448631302379961,0.05350058859251161,0.5387711688995273,0.6200688148744704,0.3091792942078341,0.8203914313058116,0.047675390817827235,0.43936454368995126,0.09682089496404978,0.9235934072585091,0.1973703360659249,0.2579626805851579,0.8975994444414822,3.290633311080347
