center_0,center_1,center_2,center_3,center_4,center_5,center_6,center_7,center_8,center_9,center_10,center_11,center_12,center_13,center_14,center_15,center_16,center_17,center_18,center_19,center_20,center_21,center_22,center_23,center_24,center_25,center_26,center_27,center_28,center_29,center_30,center_31,center_32,center_33,center_34,center_35,center_36,center_37,center_38,center_39,center_40,radius
0.23553533683645045,0.8722356159236409,0.7253324018639942,0.5473679749083563,0.5172504732991897,0.10840862250415273,0.5798660805384923,0.8086202905371472,0.7161007122152548,0.18551289723354059,0.1428757652103938,0.7414024293811299,0.16858383578811587,0.6966673708645664,0.27408076374097334,0.29964982106810567,0.07429153162577318,0.032073445667114564,0.9905638631785679,0.9909408653747793,0.20639765610531513,0.9544168806422592,0.6271832654664066,0.052217236754071195,0.1900197474950227,0.1814309576078189,0.5193261040464933,0.3610144038402696,0.09008529124984155,0.5463998978171419,0.24106078160422695,0.25105374856121554,0.3358912451316082,0.5353194462526546,0.2711341853884822,0.2975088543873615,0.44602795739695256,0.11132075966766553,0.24802498285897556,0.19223465232484538,0.623590601337369,2.71394767414465
0.6174541444433733,0.9703099728303527,0.7569184411935675,0.8763072838221866,0.7959613390921317,0.5256905036199334,0.4584272468706715,0.1078052020559297,0.5542373858838527,0.8737611203127235,0.9833023725086009,0.5389152382447068,0.16257254811655586,0.6898671508291971,0.3717593201203502,0.6634232878050924,0.470505295230095,0.6891390725711615,0.34240553081684366,0.2800350102329948,0.8675088914437676,0.3665492619511165,0.543464031711081,0.6934679510590459,0.14500363685376882,0.23369941251565052,0.8471736890012468,0.7303961869958481,0.9860190579940156,0.3184105720924899,0.49511176958430825,0.8444393845497392,0.30247428545176935,0.48311831631208846,0.6702718305190885,0.9805809766493757,0.999776110774037,0.9816325802106722,0.8085863585408546,0.07341918108248102,0.6220055336217802,3.4057420530228564
