center_0,center_1,center_2,center_3,center_4,center_5,center_6,center_7,center_8,center_9,center_10,center_11,center_12,center_13,center_14,center_15,center_16,center_17,center_18,center_19,center_20,center_21,center_22,center_23,center_24,center_25,center_26,center_27,center_28,center_29,center_30,center_31,center_32,center_33,center_34,center_35,center_36,center_37,center_38,center_39,center_40,radius
0.9645444374601555,0.9736586538331934,0.8063774108618937,0.786017611642983,0.4803281989195026,0.2537389302060673,0.8881535957444834,0.15280369076705513,0.3495359369886534,0.41198382326113225,0.04224118482116812,0.7479249949329032,0.2647644044069838,0.8354247134733219,0.833561797802836,0.8534833187465218,0.87542885386494,0.9581655177325574,0.16744009140301808,0.9657438203459089,0.31392885466170306,0.8067806828523195,0.13810842742130236,0.9856129048066351,0.3848750859694392,0.6205091641771642,0.9633779403422111,0.7071029932074665,0.0015967107573168215,0.08181413386650604,0.29780765097082607,0.7736612811014586,0.9743126589860982,0.03985091036206545,0.24473769699960501,0.18846412110845767,0.8495366875137069,0.012752383306708803,0.9124996793669437,0.17941700075114142,0.9511750864161596,3.945727392703224
