center_0,center_1,center_2,center_3,center_4,center_5,center_6,center_7,center_8,center_9,center_10,center_11,center_12,center_13,center_14,center_15,center_16,center_17,center_18,center_19,center_20,center_21,center_22,center_23,center_24,center_25,center_26,center_27,center_28,center_29,center_30,center_31,center_32,center_33,center_34,center_35,center_36,center_37,center_38,center_39,center_40,radius
0.09843280777527641,0.27325571320272224,0.5032915030322588,0.5664349269584208,0.7391945440837752,0.47020971835464176,0.8949218396989218,0.9707915616831919,0.6467677508807196,0.8349293141044883,0.18498109893578762,0.44198020315885167,0.7341320063283269,0.9515082062510842,0.15251704797822208,0.4183916264124985,0.26959673349442104,0.5008911697933495,0.5678274911800618,0.2785275898080266,0.5338872984815071,0.10337027665246212,0.039253244591383796,0.595508547784185,0.928308691954555,0.40149877527937705,0.0667257324942041,0.8033652556783033,0.08020988091889569,0.5091378122340717,0.6256403355642786,0.816028489757569,0.12712285399847845,0.6457230257251482,0.656527308323569,0.3589836346912446,0.5949457798866326,0.3780679704009924,0.798933561639412,0.555618472186904,0.7309076562429715,3.4543384253184883
