center_0,center_1,center_2,center_3,center_4,center_5,center_6,center_7,center_8,center_9,center_10,center_11,center_12,center_13,center_14,center_15,center_16,center_17,center_18,center_19,center_20,center_21,center_22,center_23,center_24,center_25,center_26,center_27,center_28,center_29,center_30,center_31,center_32,center_33,center_34,center_35,center_36,center_37,center_38,center_39,center_40,center_41,radius
0.6520339773967988,0.3992387834889435,0.9377017897519465,0.24159281206042738,0.8149224172874855,0.5751404159050902,0.2541106557769548,0.873869295970132,0.7577204117260046,0.5320740287116283,0.5287708347825943,0.7254663807044697,0.5776960287796091,0.09607707124527542,0.575552744935247,0.6935373167122126,0.09849315180757034,0.12533154395253743,0.01690698676595359,0.11997480428133656,0.07024942614061302,0.4627375829118543,0.8083525026443544,0.0876634971356095,0.08422990826188748,0.10083703476491834,0.5066743062428255,0.7088185152735148,0.8487676699349458,0.31262758780826105,0.2618057181620642,0.49925082333403825,0.15011841237780588,0.49503182545865787,0.8428411693978995,0.9728333281486503,0.8659042965049678,0.4828192490019191,0.7557165216621886,0.15401359802783332,0.378706698729975,0.9293476042917397,3.371365237554601
0.2921445048025938,0.8365598649790874,0.3013776870394088,0.7742098709506505,0.6110924976853908,0.7570451876042215,0.8874373981714622,0.828926708056861,0.0130945283163042,0.01131382963919303,0.8922685250700612,0.9857159310547975,0.9469114022196478,0.9062375515022858,0.739953105310143,0.3870582966288292,0.9613941494926307,0.2566841775107783,0.8829931313229379,0.9344139651279547,0.660116795844914,0.001885619670139338,0.5303207915462822,0.8486568461903189,0.7353667561003306,0.9690019402946634,0.8169723411739019,0.8866133984287295,0.017197529237947595,0.07143233913841951,0.8488187854074178,0.9222879566251214,0.2181618504021946,0.9085301189600717,0.5384302612146975,0.9049344658329482,0.23768254077843232,0.1290888750916126,0.516978358538068,0.9028618474075887,0.3300371507847145,0.1510082291695065,3.904551789827563
