center_0,center_1,center_2,center_3,center_4,center_5,center_6,center_7,center_8,center_9,center_10,center_11,center_12,center_13,center_14,center_15,center_16,center_17,center_18,center_19,center_20,center_21,center_22,center_23,center_24,center_25,center_26,center_27,center_28,center_29,center_30,center_31,center_32,center_33,center_34,center_35,center_36,center_37,center_38,center_39,center_40,radius
0.4190961840056816,0.7901830887709281,0.712072937922921,0.08611217304104357,0.6066062618549914,0.9042202648243662,0.07360327044204817,0.2876121243688097,0.15787058945898813,0.5865868274232746,0.2291146551295411,0.9377806132832835,0.8841969418183724,0.07515455284878059,0.8785432483435563,0.21483904112869234,0.7616190033271552,0.6157400882107958,0.8267215620822349,0.8706444047200317,0.9048824946408157,0.4815771179010535,0.05313370609747137,0.32483530583322917,0.6595781395764047,0.19210020758797652,0.27728782474885416,0.6622755171272292,0.6773726213535183,0.1184882617123294,0.5241116599753189,0.45859161999663356,0.4310763605879616,0.28077711243536707,0.4002844204377418,0.14187096030066038,0.9859392874479397,0.9219410668977444,0.6336319713447267,0.9315471575634363,0.9374800583611944,3.431307073764822
0.31539048198789066,0.31898037179986594,0.46071939361291325,0.9973308185525905,0.7651266735027442,0.2730215290005179,0.74445211486735,0.8490218808758191,0.5700326584528962,0.9277951425964601,0.52371881054054,0.418862521299215,0.23749784700472176,0.9785701126487117,0.2119844862097673,0.969160754416228,0.5535414611824089,0.04114023052707794,0.0813800385888207,0.29740578393228245,0.1950111139681101,0.25505849961261173,0.8702985448958539,0.8699738416874486,0.515180637694101,0.017032619666394577,0.0770932606087531,0.7495383848698746,0.5501610678872267,0.9110078594350972,0.7685481046323523,0.013138349392785575,0.9030627169099557,0.5413912829311613,0.9130098519188002,0.04621485069326414,0.09620357009881952,0.8730019356467996,0.6886100347631686,0.08022488966915975,0.0186108522990569,3.311636612353888
