center_0,center_1,center_2,center_3,center_4,center_5,center_6,center_7,center_8,center_9,center_10,center_11,center_12,center_13,center_14,center_15,center_16,center_17,center_18,center_19,center_20,center_21,center_22,center_23,center_24,center_25,center_26,center_27,center_28,center_29,center_30,center_31,center_32,center_33,center_34,center_35,center_36,center_37,center_38,center_39,center_40,radius
0.5182372316118209,0.5008882408625105,0.3808768216253886,0.4420536487799972,0.5500816527639566,0.7709610134556611,0.09018120728292223,0.22694877000579639,0.8403682086785551,0.4194411064625231,0.9614496586215623,0.3340188742356165,0.9787784301614144,0.7688285291294629,0.7293917325124348,0.45953341362668076,0.2800931215384318,0.1634512057102815,0.5495875534066114,0.1900806949133077,0.9551625332563455,0.8121384662487234,0.5833473465150922,0.4752072250766105,0.7320901542266518,0.11163611493529912,0.9001793805668734,0.24603504015544586,0.5798752762794841,0.7118631679852386,0.39281059377708294,0.6904216040084467,0.7695523092051221,0.4198286454671184,0.09438657200857936,0.4626053522568807,0.6808853867387635,0.9038324125701257,0.22274251739966788,0.9862226933929078,0.17075816729489512,3.4840811875688065
