center_0,center_1,center_2,center_3,center_4,center_5,center_6,center_7,center_8,center_9,center_10,center_11,center_12,center_13,center_14,center_15,center_16,center_17,center_18,center_19,center_20,center_21,center_22,center_23,center_24,center_25,center_26,center_27,center_28,center_29,center_30,center_31,center_32,center_33,center_34,center_35,center_36,center_37,center_38,center_39,center_40,radius
0.14131898310510327,0.2881165645537327,0.2943686391111301,0.554083847962375,0.8585894049437258,0.8599624315711549,0.43851724415146676,0.8117434108285385,0.8188605318685054,0.9906129343162814,0.5151874297428717,0.014822702902025364,0.8085029779679066,0.1671955428645956,0.7294815165774748,0.4673668858545935,0.20753043510079217,0.3109499410246681,0.5766653569509287,0.7629038618423799,0.17652942104068103,0.3723735122365661,0.12101924019705346,0.9017711600371419,0.1850820869296096,0.07192175765282394,0.4054778676976627,0.3005471114596926,0.3011652333162118,0.12996586172111002,0.5188581525109421,0.23120753977548503,0.7382068550760672,0.5083934280774671,0.10085734285136738,0.5179005000382587,0.44505375801693026,0.5362299189331388,0.6453211435462458,0.8065572244690037,0.4175032332989591,3.184436858978234
