center_0,center_1,center_2,center_3,center_4,center_5,center_6,center_7,center_8,center_9,center_10,center_11,center_12,center_13,center_14,center_15,center_16,center_17,center_18,center_19,center_20,center_21,center_22,center_23,center_24,center_25,center_26,center_27,center_28,center_29,center_30,center_31,center_32,center_33,center_34,center_35,center_36,center_37,center_38,center_39,center_40,radius
0.5913038774886189,0.07739930130688077,0.3195617527926434,0.7927722902843157,0.9358363000533834,0.37461197946861857,0.2058641378573226,0.9871514404360276,0.5514405070023668,0.10675478785570436,0.3703503587156505,0.7800302424824925,0.7319362771665113,0.9550984538710527,0.833544712743947,0.014054866813200784,0.01266592713652348,0.46331075557710355,0.1888081939249292,0.4860211918205857,0.9875548395183774,0.17573422779444403,0.7956865361800949,0.5895043599988846,0.34111676047343165,0.8323812909256877,0.302000261860333,0.9163928129229889,0.10262105150850309,0.9167067546263725,0.41729753939095193,0.5806986149730402,0.2265770465274246,0.49856910085633244,0.57660577245388,0.06373788615552567,0.6617778102583869,0.3576355681402986,0.5855709827778919,0.16157091537375978,0.7309032773579516,3.258472202476596
0.5881583036654853,0.6831810628403058,0.8061268291043676,0.4548263738454754,0.030651247816228633,0.9208138148036341,0.9194828244195956,0.6006907342018365,0.09697554172447931,0.8962658108524916,0.6749056090555116,0.3225933484968416,0.0804018474946373,0.021328545756597928,0.057008647079674124,0.8766517915615563,0.9214365489262044,0.8386997943385718,0.48955845977090917,0.4990791197443587,0.41688590280094506,0.9586257960882436,0.3772993537665803,0.364106739390919,0.5162092104296697,0.21552724680485424,0.022975226169906438,0.6560522096677729,0.629080457569437,0.9329248191851396,0.9444293136285713,0.3642577549221373,0.5688216082008127,0.11884061428631154,0.8960665252093657,0.3282131280277495,0.8789363970708912,0.41098941486174023,0.5475904433833871,0.8459107802156305,0.25615169388883363,3.3522629628262313
