center_0,center_1,center_2,center_3,center_4,center_5,center_6,center_7,center_8,center_9,center_10,center_11,center_12,center_13,center_14,center_15,center_16,center_17,center_18,center_19,center_20,center_21,center_22,center_23,center_24,center_25,center_26,center_27,center_28,center_29,center_30,center_31,center_32,center_33,center_34,center_35,center_36,center_37,center_38,center_39,center_40,radius
0.6863748469697221,0.23241421815374708,0.7198053188936903,0.47347725119715345,0.5562680297442606,0.29241722370709233,0.734403417661802,0.3551174208649819,0.21614919584770276,0.6134272187686487,0.5479753668105515,0.25683102305866634,0.5804281636351699,0.045420912346834985,0.9778903097619118,0.14186924133341328,0.9218203639915128,0.2550326948095084,0.09327476819497504,0.11704681652460847,0.26301634751468395,0.5934758326061252,0.3891468593891183,0.28940174951857767,0.3049909005822502,0.3867337466794908,0.16297454727651361,0.8745137359377434,0.11760479727258943,0.3770801205339792,0.13916550686800366,0.5016085091368221,0.1157980930439878,0.7127809091746875,0.8852517282634766,0.0921919584795905,0.47976170216372827,0.13779650665304655,0.5209096592008549,0.6768184402163745,0.14873490655891675,2.889402567146032
0.8645030724757139,0.9202901179644479,0.3562382496739043,0.5435825576031832,0.6651579444864184,0.463119411951291,0.9879831393706459,0.9274638344906287,0.5700592138625132,0.955720769336569,0.9148080571747581,0.7679798713616599,0.973654808545221,0.4847684087708972,0.13929230196946385,0.18147123879833138,0.04870098157050351,0.35803347054591894,0.532377093910695,0.6904885798681777,0.8982557671157395,0.6861588965142995,0.2989797263739222,0.882965872976204,0.7052071887193166,0.09345998664581456,0.9655285643569472,0.5352868321607901,0.7238522221574496,0.9160699035266725,0.07970925606604218,0.9017266124709176,0.4980364435438911,0.197155167824981,0.440276827999579,0.8781408456685155,0.6233385938344886,0.8451386825115894,0.4862214602829784,0.7569374032364045,0.9782492157136449,3.7742570512227283
