center_0,center_1,center_2,center_3,center_4,center_5,center_6,center_7,center_8,center_9,center_10,center_11,center_12,center_13,center_14,center_15,center_16,center_17,center_18,center_19,center_20,center_21,center_22,center_23,center_24,center_25,center_26,center_27,center_28,center_29,center_30,center_31,center_32,center_33,center_34,center_35,center_36,center_37,center_38,center_39,center_40,radius
0.2905323860508312,0.899917391288319,0.7623001045323585,0.358001918631479,0.3529681124723286,0.18052115128444635,0.08507300035979981,0.9898805415766976,0.04757419486995906,0.37085490512009167,0.21642473936733775,0.10083599263963261,0.9526519516980324,0.9410643436251295,0.6289983162934747,0.6175245474738185,0.602763452555235,0.11474949479163665,0.36715480469379624,0.15700201141247427,0.7665052852985343,0.8380804136532055,0.5742769710458169,0.7104771279145552,0.2837769161553406,0.4828182709501082,0.05794352882819975,0.18975402881700276,0.407053156217705,0.09548329217089979,0.8735917087963146,0.4139130629412945,0.5642064403773723,0.8979907014553676,0.13415628335941387,0.8255839991591422,0.29344942552215036,0.3139753223340782,0.38660144885404146,0.9602723849872165,0.2965261801686513,3.0375125059447043
0.0711743296289602,0.21856942645678434,0.4940053865344366,0.012637976317905975,0.10650157409421479,0.6804835383923024,0.8060425412630774,0.9944735021817181,0.8828990591591648,0.5491128182575591,0.005502356654434881,0.5840088172464266,0.07503568239660519,0.5273729916325329,0.11274955639655182,0.20101123393900555,0.014863386194518657,0.8355675884529263,0.6314912912183549,0.7210221091638565,0.4611834581003831,0.21168452718008246,0.782546076666635,0.9232686767475431,0.6928770856134174,0.9570792551119044,0.9246126903304821,0.6376976139729491,0.15002714650613613,0.34066182112078147,0.09452903095404108,0.07978039058191266,0.9850817504843449,0.55038329886875,0.49319552522663357,0.04120683298697836,0.40726915481851,0.7485228690787171,0.4635191979596045,0.3989469559662564,0.36396223856951304,3.3384352942706803
