center_0,center_1,center_2,center_3,center_4,center_5,center_6,center_7,center_8,center_9,center_10,center_11,center_12,center_13,center_14,center_15,center_16,center_17,center_18,center_19,center_20,center_21,center_22,center_23,center_24,center_25,center_26,center_27,center_28,center_29,center_30,center_31,center_32,center_33,center_34,center_35,center_36,center_37,center_38,center_39,center_40,radius
0.6105671916906563,0.302599062755897,0.38003419741980626,0.11222938024529994,0.8083399925473136,0.07064511373144367,0.6932145414926714,0.07910186094481442,0.47257152204211417,0.16369921412514032,0.08271043478398865,0.7089500595757435,0.684297056990481,0.9713081586519137,0.7176909768452215,0.8004774367905226,0.8473592393587239,0.4556539038429186,0.9718273557529673,0.4140547534113933,0.2804205658305795,0.49176175190964677,0.5402635872530759,0.6432506887973175,0.6382776680969989,0.9982916378145389,0.8245152090152499,0.9154852305406009,0.9636164383965526,0.6723591783942019,0.9492844843204866,0.3015928471798166,0.8137645685331747,0.7456650719832164,0.5535845469064966,0.32027769449292587,0.05731684636504342,0.7215134167733442,0.34333205477773787,0.09870781361758585,0.8442066668114552,3.3991911769814327
0.9399106529853782,0.27471959807184687,0.940833555571928,0.8342176892107221,0.2458092573628592,0.8205226266338584,0.0026460457764966305,0.38211988265976493,0.3617818826705351,0.908523237136852,0.9584951413621534,0.12871720536200693,0.13332351622895244,0.27507848696717396,0.07074813260770274,0.77765887254696,0.1790405260862259,0.6133212699916972,0.015991200647962556,0.49460887621557514,0.7431508661000064,0.100261495113396,0.6999134008510494,0.8050724451928514,0.25389207599158503,0.03452707585254555,0.5423522958565179,0.10182246951471252,0.7071512357083832,0.20333258136358845,0.2869430094716622,0.4325949211905298,0.46123732354476066,0.6648221796237115,0.06671350374830942,0.8274003980606729,0.9391538374631697,0.804927383184378,0.8996435241340742,0.6486392398778901,0.39378105353035764,3.194598951527012
