center_0,center_1,center_2,center_3,center_4,center_5,center_6,center_7,center_8,center_9,center_10,center_11,center_12,center_13,center_14,center_15,center_16,center_17,center_18,center_19,center_20,center_21,center_22,center_23,center_24,center_25,center_26,center_27,center_28,center_29,center_30,center_31,center_32,center_33,center_34,center_35,center_36,center_37,center_38,center_39,center_40,radius
0.371398092298852,0.44423723338798005,0.7810290043233705,0.8443704797983506,0.09372768872151105,0.8076226094800676,0.34121472973267497,0.05635286674160944,0.5876435528009806,0.003221275784272448,0.9943350631700006,0.06436635982737349,0.31705935016395703,0.08454380884892976,0.349693232430459,0.23242944166815172,0.04570768596751573,0.8047633396613529,0.1136156233018144,0.6072002363031147,0.06674505426286947,0.23402245527590781,0.012807537658689472,0.9886007900297851,0.21702943268959274,0.4429951584347187,0.7274901731082754,0.9487587286911049,0.5656652087445917,0.89564268294566,0.4566921473161165,0.5374105857556539,0.6752327109690484,0.5186702907842015,0.6916782539577386,0.9737408414643338,0.08284893982630948,0.19128506870353057,0.6579592646813915,0.1172288590740096,0.18559003381178263,2.9966597302758875
0.9639901274545727,0.8389719658181659,0.9146679202213657,0.2776386669128329,0.7674381372339397,0.6241296381314448,0.282896340890912,0.3693113538655154,0.287063478699471,0.9727504217110988,0.30717637476174775,0.7183617988844246,0.7076321748676435,0.9545526114899,0.8510802203122585,0.21506295192678526,0.797282703991662,0.21860180146219066,0.7091171907712062,0.9014083189473064,0.2373812651932884,0.9685701711602065,0.5133604998216739,0.2430573366268559,0.19993936477472607,0.4651596939883338,0.3827196713556128,0.21135082694194163,0.9351942054473614,0.02548572574053476,0.052187367868735124,0.048869007085362126,0.1591984564040121,0.24843545570193182,0.6207226900228047,0.1777076109704514,0.30641905064568165,0.6572919283243785,0.21932390587087236,0.27513185855414923,0.7823400881844709,3.3514822957498716
