center_0,center_1,center_2,center_3,center_4,center_5,center_6,center_7,center_8,center_9,center_10,center_11,center_12,center_13,center_14,center_15,center_16,center_17,center_18,center_19,center_20,center_21,center_22,center_23,center_24,center_25,center_26,center_27,center_28,center_29,center_30,center_31,center_32,center_33,center_34,center_35,center_36,center_37,center_38,center_39,center_40,radius
0.9806436968945762,0.9203322096908451,0.061498824886018544,0.6806873076921076,0.2527878893705472,0.5262402279453374,0.32061080970883116,0.3416390144027872,0.7140670134239596,0.21756763802246692,0.3630324415378342,0.9190293671454804,0.0454076253475294,0.20263814786011203,0.8571381103606227,0.22833799199330485,0.19198550230012923,0.9124654515048087,0.6114377307402018,0.35669950284495733,0.32716516257573247,0.7335683488001827,0.17739190309222685,0.8508085794674098,0.4672935336249684,0.3197373420980075,0.18295493221238124,0.282822771766467,0.18185795876486066,0.9902371103111527,0.3957569562722082,0.48852438977018153,0.7603461328498777,0.8160804926230787,0.7524948076410171,0.7990769215847945,0.2853591662333387,0.0782829331645657,0.02030206689228997,0.7357314731925538,0.7809690664295132,3.0674777383106133
0.3131409063639251,0.1875369203341669,0.8903352628464878,0.3910902381154,0.9932510252563664,0.8533111839416148,0.848868409774208,0.3426403262719665,0.27144072416982634,0.8326488464595179,0.7097192095892819,0.03562325386934284,0.7028587567022498,0.06112702103776657,0.655661859429401,0.7136276501417239,0.3138334123329346,0.23553022368120669,0.13613355519098458,0.07555181290991075,0.9445430229953705,0.48611966129092565,0.9359466668619959,0.14817590460244945,0.8880925442005685,0.8701813588910622,0.5705742638760858,0.6558547592312639,0.5448507664637214,0.12065861152877388,0.07849156648232358,0.5866901871486097,0.7864040383429526,0.7580167974070529,0.11081408024448602,0.6894106028628383,0.33598998125140966,0.11824868225235996,0.38858667958142556,0.7804442226063006,0.07895359986995876,3.2506764845489866
