center_0,center_1,center_2,center_3,center_4,center_5,center_6,center_7,center_8,center_9,center_10,center_11,center_12,center_13,center_14,center_15,center_16,center_17,center_18,center_19,center_20,center_21,center_22,center_23,center_24,center_25,center_26,center_27,center_28,center_29,center_30,center_31,center_32,center_33,center_34,center_35,center_36,center_37,center_38,center_39,center_40,center_41,radius
0.034273369971648426,0.0852555880395286,0.04980218995917329,0.7759606027139471,0.40997674746821144,0.08298578757748087,0.9398595171082884,0.26138082994321965,0.9751181048453617,0.25126929998182923,0.8677804486572376,0.901481082840887,0.9588602676096444,0.778338606465183,0.8977279264438663,0.5778777346212042,0.39553184122335483,0.6676719077689169,0.1800587554310331,0.2269466185586142,0.7773880842955987,0.6639101259474836,0.27765111119257213,0.9456130628110536,0.36389423104816443,0.5844999547689046,0.8169053568689645,0.9951742766217662,0.17026050661355197,0.1908566278224043,0.28646368086015417,0.1205873523923019,0.6312829605179543,0.4922248022397203,0.5942230992344644,0.9381076085379019,0.8643147966443749,0.8236078035457588,0.8285215255066416,0.5263893730857875,0.4310345920784441,0.6343627340303334,3.7921664712825724
