center_0,center_1,center_2,center_3,center_4,center_5,center_6,center_7,center_8,center_9,center_10,center_11,center_12,center_13,center_14,center_15,center_16,center_17,center_18,center_19,center_20,center_21,center_22,center_23,center_24,center_25,center_26,center_27,center_28,center_29,center_30,center_31,center_32,center_33,center_34,center_35,center_36,center_37,center_38,center_39,center_40,radius
0.9785286387391285,0.6173524510529658,0.7005109880455104,0.13843099000985704,0.5128144920852511,0.6977319781615636,0.7009294341453468,0.36557039174565686,0.884237175741985,0.0033672607418568923,0.33782357828171494,0.694445105977747,0.5366040682821138,0.9936899324654823,0.8910648153935514,0.4167863554142023,0.5222093901539484,0.6147422785182457,0.6268149986478232,0.44414390715568597,0.8551901155381345,0.6370777467215766,0.8726169939345783,0.5779915398455312,0.7050047607145042,0.7786528714202503,0.9724838132629172,0.3898613363972091,0.2998093016256633,0.8808889679078803,0.0898814225017297,0.9084346256227669,0.016626397292646145,0.031182367889207918,0.8963140903175172,0.4903904945256977,0.8442881085237897,0.5143888852922187,0.37615610820880563,0.7615952967223593,0.531532399866234,3.604873519097725
