center_0,center_1,center_2,center_3,center_4,center_5,center_6,center_7,center_8,center_9,center_10,center_11,center_12,center_13,center_14,center_15,center_16,center_17,center_18,center_19,center_20,center_21,center_22,center_23,center_24,center_25,center_26,center_27,center_28,center_29,center_30,center_31,center_32,center_33,center_34,center_35,center_36,center_37,center_38,center_39,center_40,radius
0.956212082199432,0.1281134607075456,0.37267845056016335,0.08921087972673603,0.9294511882385578,0.8778099805505233,0.8674080934772832,0.07421852759538561,0.9793718995376208,0.8260494989171906,0.34293875111355665,0.11630694522685892,0.07890824534432983,0.8187650403626947,0.028405761530159057,0.9606456638264605,0.9755353434142527,0.5288972962778584,0.08077002259636357,0.68329205511419,0.458257971295161,0.7470823220125978,0.22130713805257507,0.5137723865777301,0.7943982240917141,0.1255493450235411,0.36199271250481,0.28249569993833923,0.9654916436093177,0.1673660854935769,0.6766883720080629,0.4739085845431692,0.5505032793119147,0.8332463201288921,0.21354998189791108,0.8257264099242261,0.8613327544347503,0.9941932060853623,0.020834830472293064,0.279483956156073,0.9069159513714137,3.4806272719613682
0.02774578439945763,0.785238292304605,0.5854680464332163,0.9020980735308746,0.37543133195219147,0.38701225082688995,0.7605333763058305,0.9895739509617504,0.1609050462208711,0.696097652513887,0.5908864002566909,0.9106154008139491,0.8251831464654552,0.8934092305917196,0.7327573391216768,0.6085891880498588,0.013637404023503885,0.5579180517828811,0.9452871452227898,0.08948764956610311,0.8807665012239019,0.20744775770339463,0.9171785723520195,0.5586803480520706,0.8092965430630179,0.679423248676802,0.6681499566263708,0.9878482605203425,0.34735391613263933,0.49470249214288664,0.2639752525614788,0.6220155210156457,0.9681512570681928,0.46779366445361736,0.6227359031602903,0.2612959634154164,0.5994731108549991,0.4295341086535429,0.4101345924308336,0.562174695011361,0.2976368383719211,3.3014719399245154
