center_0,center_1,center_2,center_3,center_4,center_5,center_6,center_7,center_8,center_9,center_10,center_11,center_12,center_13,center_14,center_15,center_16,center_17,center_18,center_19,center_20,center_21,center_22,center_23,center_24,center_25,center_26,center_27,center_28,center_29,center_30,center_31,center_32,center_33,center_34,center_35,center_36,center_37,center_38,center_39,center_40,radius
0.05141365279521193,0.5737185908223947,0.9470156462101859,0.5470220681071691,0.8431154890281197,0.3929587564920537,0.16615598591659342,0.747671928625947,0.41593856827640774,0.9156686447701471,0.6820032955942832,0.6654643534462816,0.3984567208862998,0.40259006226279037,0.9904554513209772,0.41705732581544164,0.440420635370543,0.8077976343406478,0.00919432217102134,0.8177831017385085,0.32037119451753815,0.31908228053233045,0.4569316817882587,0.2930063498029105,0.1252828860284374,0.2036684237499795,0.01052415030166931,0.7161859719149579,0.3682320360789998,0.37856040950208525,0.1403658769854017,0.4458150299266884,0.7648850095236299,0.5762511568887333,0.22717617140977653,0.6838755666215385,0.16195014563403198,0.3843070777506232,0.8144681307199962,0.05357448869133985,0.8953077036641364,3.0815387625042447
0.9971458421542012,0.9418768643468837,0.0245135723432226,0.6581741305338806,0.22649980692963245,0.3639153157116145,0.9483992908154002,0.01365306800855004,0.9380898481397637,0.6841711118037063,0.5279927290930237,0.2504019116275883,0.4796820773685434,0.6553644139247111,0.4295399472920124,0.4016435060075284,0.7834430366427779,0.7250396418882739,0.16520322432445045,0.5190380344338075,0.5017405376089241,0.6698007170175866,0.4049356333837625,0.7387638384087994,0.616160320347329,0.9781464406512185,0.8218078968148049,0.1602979180941878,0.9565506758850391,0.9060739771881614,0.6704837350340489,0.829142529724919,0.5555847382234713,0.849857442388191,0.2138093709921981,0.10767750005551024,0.9862348026022347,0.8928422564780827,0.003406270674709444,0.3102201570626911,0.7610160456906233,3.424320802394064
