center_0,center_1,center_2,center_3,center_4,center_5,center_6,center_7,center_8,center_9,center_10,center_11,center_12,center_13,center_14,center_15,center_16,center_17,center_18,center_19,center_20,center_21,center_22,center_23,center_24,center_25,center_26,center_27,center_28,center_29,center_30,center_31,center_32,center_33,center_34,center_35,center_36,center_37,center_38,center_39,center_40,radius
0.56109552402405,0.6827830439024763,0.6539732579995634,0.05083499568234362,0.5279724031842734,0.04271243325004048,0.745386846777378,0.8347412306509433,0.6052111718554192,0.7533645418991285,0.6922256071493645,0.394171596660436,0.2786716637585922,0.5357278542135258,0.24343730982027145,0.9882167501894736,0.6632518127377698,0.2229893548440085,0.08319268508073474,0.4956091490338852,0.9905324418145809,0.5143845698450857,0.13685663993378072,0.0959198293519048,0.041644889691529685,0.5773117974025346,0.9826690998243506,0.5818784886114947,0.08585323825462676,0.7518624486636888,0.22302339555284645,0.7031696517990325,0.7905058671291124,0.12291984392178201,0.47855535188012477,0.4211706827102073,0.9457365094697905,0.919714132658948,0.4641113940768906,0.4763990696992776,0.4318183355726064,3.6176401144043977
