center_0,center_1,center_2,center_3,center_4,center_5,center_6,center_7,center_8,center_9,center_10,center_11,center_12,center_13,center_14,center_15,center_16,center_17,center_18,center_19,center_20,center_21,center_22,center_23,center_24,center_25,center_26,center_27,center_28,center_29,center_30,center_31,center_32,center_33,center_34,center_35,center_36,center_37,center_38,center_39,center_40,radius
0.22347148274982687,0.37128106083382606,0.8867040216336266,0.359837737193485,0.9949458098807592,0.8580805126704724,0.3641280489100923,0.12140809278024,0.021883005091067553,0.2313155053045013,0.2659800668227582,0.3097788277721024,0.9480171049215445,0.8755116166718423,0.8969505236621426,0.1453018688634009,0.8961478731592786,0.7738144632167216,0.9305587927549395,0.6557719907568609,0.5481247022537645,0.24293873765840623,0.049835444536401985,0.8724927029366724,0.005667413612285621,0.8316581314972018,0.7356916230383873,0.8946274636253668,0.25561590032423476,0.7465831885436899,0.7139238012666488,0.2773290773458963,0.25343051922520965,0.6730205361999388,0.3586017085144304,0.5422346417052071,0.8284769479821706,0.5129129351227,0.5799109420491436,0.6354704908823977,0.7382097691332709,3.835509125626535
