center_0,center_1,center_2,center_3,center_4,center_5,center_6,center_7,center_8,center_9,center_10,center_11,center_12,center_13,center_14,center_15,center_16,center_17,center_18,center_19,center_20,center_21,center_22,center_23,center_24,center_25,center_26,center_27,center_28,center_29,center_30,center_31,center_32,center_33,center_34,center_35,center_36,center_37,center_38,center_39,center_40,radius
0.4147840910758216,0.8751995708080536,0.7623085971318141,0.9375988511019605,0.5437004519344087,0.16428172793271645,0.39329474756738503,0.643060062737708,0.763174667507541,0.8758587251872202,0.4584022004524484,0.2572054167235688,0.9965959563951331,0.8291525059100879,0.4571303354445645,0.10665939188298568,0.5396105391540099,0.16980439006306836,0.10770381868836942,0.002007654522358626,0.03639143861351013,0.6427592239162244,0.2599665939894187,0.6912421899237905,0.5110948725660068,0.9229138995300578,0.9938182525269637,0.28572129208965324,0.3450671312197815,0.02283004096887531,0.2751448637044409,0.7875198921996397,0.11642126533122388,0.9027512049069607,0.000999513576677158,0.9187123503116686,0.140527686139449,0.9319596491969132,0.045406578176825696,0.13887341408023268,0.7092709423282111,3.268237572713553
0.002975564635136041,0.30352052045830313,0.8876754120712309,0.9760628840966266,0.17341465126328182,0.8978936975888684,0.7984110490578495,0.15002876110857488,0.33112293859087016,0.5106426411139311,0.7161921764395256,0.21134260776001101,0.05301757945467178,0.46203630381874516,0.9176863878207915,0.8597779836854259,0.7634371766670999,0.7569471225439479,0.9342041619299043,0.7943524067295823,0.8554810370970608,0.5420425344301625,0.5098428089421166,0.9753887190953371,0.1329203950203004,0.10771158551030657,0.26611381305714543,0.5599248006114105,0.9088337430046105,0.8513031077437505,0.5987068673185473,0.7651862325620515,0.9886500082670229,0.07509919053418002,0.4005689911235951,0.8878867929149764,0.580078762818632,0.6850223622066874,0.3201561852502125,0.36751904115690914,0.7159371417757793,3.6509434559444367
