center_0,center_1,center_2,center_3,center_4,center_5,center_6,center_7,center_8,center_9,center_10,center_11,center_12,center_13,center_14,center_15,center_16,center_17,center_18,center_19,center_20,center_21,center_22,center_23,center_24,center_25,center_26,center_27,center_28,center_29,center_30,center_31,center_32,center_33,center_34,center_35,center_36,center_37,center_38,center_39,center_40,radius
0.7476377365623402,0.9317061154296877,0.3267939534502242,0.3637442986601279,0.8722079595008835,0.1705402303370962,0.15430617785269563,0.058750593603101975,0.5171776415228653,0.019793899222512623,0.1387898043592125,0.9045192114516916,0.23580235209436773,0.7839361275255934,0.29462568847455395,0.1080513396496775,0.6905286267801549,0.5778013591020956,0.951690740931546,0.009153951780053071,0.5696670630311926,0.5473622880630028,0.30025521930401877,0.6933440110658013,0.10438420963647532,0.14940067143902014,0.6324915452213855,0.7245793272581538,0.12214812020700128,0.46921670509668834,0.6464567460721788,0.777555633102854,0.8368390670471088,0.8889162039590616,0.9280181666794873,0.729476059480451,0.020434935563649614,0.3164551185887351,0.7458131729446983,0.6495524615005687,0.5043636741579358,3.123913349017878
0.7199887188401967,0.8083331699505898,0.7655716528296164,0.8490980620852445,0.018736582947178504,0.07129933356006712,0.8120991214671698,0.8068841631075117,0.758501050565017,0.9062095558916161,0.5323735190926279,0.05864988981838204,0.5177369919867846,0.633237327244777,0.5613465205371683,0.8808354692076341,0.15372300766807745,0.5662082087853985,0.047972356922209136,0.4279595731324627,0.012580637228506109,0.07335537505039846,0.810407825608108,0.8945010526139551,0.13335435435185816,0.9316434093402532,0.23422121296499387,0.9024217549154531,0.47834197464179573,0.9122923646283362,0.30738015733326984,0.3616920136261421,0.4803680227724737,0.8625421374770712,0.4561191828838762,0.2613260431175515,0.8542805953248768,0.22709994586576465,0.8855080063766015,0.10293879496198699,0.39862319483902486,3.333633430263972
