center_0,center_1,center_2,center_3,center_4,center_5,center_6,center_7,center_8,center_9,center_10,center_11,center_12,center_13,center_14,center_15,center_16,center_17,center_18,center_19,center_20,center_21,center_22,center_23,center_24,center_25,center_26,center_27,center_28,center_29,center_30,center_31,center_32,center_33,center_34,center_35,center_36,center_37,center_38,center_39,center_40,radius
0.18274788317372603,0.38838031662720873,0.2595104405253503,0.8160882080932675,0.8858643556455572,0.8798430692214382,0.6079874014188795,0.4336003282882278,0.6720636684044441,0.8085697274520297,0.840000197475885,0.2630144607864837,0.7596736072083567,0.20637721219619387,0.7320740377588589,0.9124318537693653,0.7613532779492445,0.7863686844367022,0.8810242102019015,0.051359991608287414,0.3909939187791549,0.45939852377514334,0.6810740864640645,0.8781787752815352,0.599230467072778,0.3320504168799183,0.8016792763459856,0.2660145343736532,0.21064678440652107,0.09464439600441488,0.4680197158073617,0.3387503025348534,0.6785281761829369,0.41199889368909803,0.18509747261049925,0.3551765940157008,0.5639850966021751,0.10852635007507294,0.0164201354636907,0.18481700698509962,0.8000757450287139,3.265335627155464
0.3919515772713902,0.6746714787071888,0.6534751983956056,0.11034356820525637,0.2506646611908283,0.0007066961250825621,0.48291790038920834,0.6145338991907632,0.7271062767488615,0.05335195009664151,0.16891290989947993,0.5908775479379331,0.5625303585619925,0.5672087995336643,0.22219833115374676,0.1369648961165747,0.986025092367159,0.4098253276122935,0.34193443785844524,0.6738995638506556,0.8610835157631836,0.12057863841915095,0.28846144510577265,0.2016510963084568,0.11492280308438663,0.7514111400964891,0.2001719443106087,0.028182522809518606,0.9224900341231924,0.9615817343067211,0.015556387939549277,0.9954561491777322,0.602478162826856,0.8886650867765616,0.49726298802847624,0.976406788851976,0.024736652369935053,0.3938011245149926,0.6316708748374888,0.7359618026792831,0.15809326504562293,2.7201082004419543
