center_0,center_1,center_2,center_3,center_4,center_5,center_6,center_7,center_8,center_9,center_10,center_11,center_12,center_13,center_14,center_15,center_16,center_17,center_18,center_19,center_20,center_21,center_22,center_23,center_24,center_25,center_26,center_27,center_28,center_29,center_30,center_31,center_32,center_33,center_34,center_35,center_36,center_37,center_38,center_39,center_40,center_41,radius
0.9695403400195605,0.03391027763061161,0.7112248063298487,0.11619193179977227,0.4778266030231805,0.34864683093169513,0.6640650247464776,0.1541458136205286,0.9437911868472815,0.13339659013062377,0.9892776212533148,0.8222995955556089,0.8508742077356894,0.9657501118695428,0.46987487796759353,0.8410965388256323,0.309883893749614,0.5200448723038931,0.1223334435561928,0.8435165362801776,0.4412148628736112,0.8888342704100357,0.8917086530712299,0.292601358039265,0.2645996511842488,0.19272825259401072,0.4542279235929966,0.32998156993607175,0.4364830374719185,0.5946154581205877,0.4048815190757742,0.8954313020627144,0.27612745780569137,0.24661342751133863,0.5482931273229954,0.9024565041056568,0.41684219598441163,0.34688565595132437,0.3756331591864329,0.019671295132199007,0.5074135524190506,0.5151424465021986,3.23496936906957
0.0680762359077034,0.9137805304741392,0.028961604585359457,0.018460463150812068,0.16821971672653346,0.9347686380454373,0.8838228654499494,0.996607023126168,0.06566826134501558,0.9296640153656238,0.05532642854419778,0.36331814228626824,0.15051983215727804,0.2228096810954291,0.2636174631713436,0.9665141679868051,0.8083789925753856,0.774733202514568,0.6784979262988062,0.09578523108941417,0.2902681123596862,0.7523631300888921,0.8077800961582825,0.4589568660037505,0.7790252021596333,0.9161340017526692,0.6590275197208111,0.00835524048531544,0.7739465043334905,0.8813215321229207,0.6199731220385357,0.3493147850860082,0.1288652568982852,0.5951589688394748,0.8441524802993097,0.41196622993525234,0.6357994182760774,0.8958644719928882,0.8455426118341265,0.091408736369198,0.28184640846016373,0.6079440010989692,3.628509287780436
