center_0,center_1,center_2,center_3,center_4,center_5,center_6,center_7,center_8,center_9,center_10,center_11,center_12,center_13,center_14,center_15,center_16,center_17,center_18,center_19,center_20,center_21,center_22,center_23,center_24,center_25,center_26,center_27,center_28,center_29,center_30,center_31,center_32,center_33,center_34,center_35,center_36,center_37,center_38,center_39,center_40,radius
0.7200856949227695,0.04665793582332589,0.45602656047421386,0.01792530729192343,0.4583067031867546,0.7284467791167015,0.9042494945310937,0.6712100116609419,0.6020470142580417,0.16990509318703229,0.9262216571362863,0.6050082382926186,0.8000964561423779,0.21048299498713108,0.3410828383651132,0.1249920015531395,0.08471506439439946,0.9802989183692632,0.3204450761289247,0.9893532970557598,0.10537523414540073,0.9344945618669868,0.6099749765119947,0.741506770632804,0.183861188652508,0.1466080696803923,0.623802434058543,0.4767425020845467,0.7081079577684255,0.22599499010536916,0.558686684946349,0.8338838248450836,0.9645288380426803,0.738705441659173,0.9744751221009111,0.1300603231221218,0.7763548334547385,0.4806524428396133,0.6155199717156774,0.8112927626564518,0.7357083195053946,3.6706725469572126
