center_0,center_1,center_2,center_3,center_4,center_5,center_6,center_7,center_8,center_9,center_10,center_11,center_12,center_13,center_14,center_15,center_16,center_17,center_18,center_19,center_20,center_21,center_22,center_23,center_24,center_25,center_26,center_27,center_28,center_29,center_30,center_31,center_32,center_33,center_34,center_35,center_36,center_37,center_38,center_39,center_40,radius
0.6181128970467809,0.45422498328411887,0.3713956354210102,0.22791441707407267,0.22628348858444092,0.8417712771643401,0.3479598309968964,0.3217046232939812,0.34825328515744236,0.7334203329441059,0.8225233897560447,0.8298516927897226,0.476658738123131,0.9630977713258738,0.45811722373319996,0.6978619632292855,0.69349691717687,0.83127282618256,0.09111847101309645,0.4821323870895181,0.642111645116391,0.5735169447532716,0.2933489026619074,0.47275010179162613,0.8409145210723752,0.9287578590200225,0.6737064933331327,0.7220587728540138,0.09894542781625248,0.46050594429719727,0.9557384345193417,0.9404149110083452,0.8212650886220997,0.8971220627157966,0.010897573519847548,0.8078584618815132,0.23552468394466064,0.9675492536102199,0.5057207372458753,0.32185770923252055,0.9581259634284588,3.490037865374393
