center_0,center_1,center_2,center_3,center_4,center_5,center_6,center_7,center_8,center_9,center_10,center_11,center_12,center_13,center_14,center_15,center_16,center_17,center_18,center_19,center_20,center_21,center_22,center_23,center_24,center_25,center_26,center_27,center_28,center_29,center_30,center_31,center_32,center_33,center_34,center_35,center_36,center_37,center_38,center_39,center_40,radius
0.7459321659655472,0.6804983446916899,0.43959939171511997,0.15474338512923347,0.20453746218457625,0.4226730584625683,0.9625455765221567,0.923979549906864,0.6722786199907713,0.9868253774295943,0.5848557176682713,0.29929249334893315,0.3094320206841099,0.7098724552113578,0.4494699734031399,0.5692125464965347,0.8369820672710253,0.7483721336160577,0.026704082369669147,0.023457782012700323,0.25575233062753,0.20445411938458735,0.7308550481024501,0.7465238818049263,0.008149141236175161,0.4698331429731394,0.3863792425154686,0.08154544853880141,0.5770139313139528,0.9831899564890929,0.017555019578167297,0.037816751620959765,0.4304077170182531,0.03325245952888545,0.3055806239226886,0.8236950124148826,0.09076771135400019,0.7776394148643071,0.9712969638699256,0.9733328845492998,0.5094616989975179,3.4796114318660147
0.3880459564649207,0.42160025080066554,0.5556343547244321,0.8893711293711583,0.4600446192230576,0.04022127143547449,0.7081906939851611,0.6550215892776582,0.7913175878461715,0.23629923317920776,0.33424678946554975,0.9876549002440762,0.2519196068559144,0.010295840789306121,0.37225660970956775,0.7932153549711864,0.1567323640856989,0.7899547386405139,0.6680888013776152,0.9428031745560866,0.9351842144601187,0.33012977775820695,0.9706474218891499,0.21828743398949635,0.9640452338884951,0.19437596732594897,0.2798191529981312,0.7664045060210214,0.7030830692319985,0.04631662491563193,0.7731946253838952,0.9990896979257168,0.9182551415940479,0.13132120753694299,0.4802309738501416,0.0168706734268953,0.5309432363600533,0.08098284392479072,0.019394020163684078,0.002268679518983574,0.5361373088881408,3.0543641568501942
