center_0,center_1,center_2,center_3,center_4,center_5,center_6,center_7,center_8,center_9,center_10,center_11,center_12,center_13,center_14,center_15,center_16,center_17,center_18,center_19,center_20,center_21,center_22,center_23,center_24,center_25,center_26,center_27,center_28,center_29,center_30,center_31,center_32,center_33,center_34,center_35,center_36,center_37,center_38,center_39,center_40,radius
0.8829144760457491,0.15724468292825955,0.14692561456011288,0.5837076764710862,0.3853535204182914,0.7359870629087869,0.08402895645936237,0.05525011868897434,0.8752180065945749,0.4436350819912587,0.775358576376126,0.1275343906232136,0.994708741458596,0.16040773320490098,0.6167236393094191,0.4014863605967498,0.9209738068010427,0.4014151227879671,0.17867894224360203,0.9118877820332253,0.6093885773307469,0.41839168094523005,0.25402676526042334,0.3433281281545102,0.9647947374640455,0.5356346949973738,0.817363603085149,0.8552309119505468,0.3131144779268945,0.3032425012531653,0.8872419671685231,0.20952524034196918,0.11468102131779823,0.1521331822493911,0.6835527774406893,0.3709045570981364,0.5478389714882823,0.9824958062757418,0.41548486063293644,0.7191506066907715,0.7509301579866894,3.5934631887418815
