center_0,center_1,center_2,center_3,center_4,center_5,center_6,center_7,center_8,center_9,center_10,center_11,center_12,center_13,center_14,center_15,center_16,center_17,center_18,center_19,center_20,center_21,center_22,center_23,center_24,center_25,center_26,center_27,center_28,center_29,center_30,center_31,center_32,center_33,center_34,center_35,center_36,center_37,center_38,center_39,center_40,radius
0.42897380843915534,0.4642774611786499,0.1296634179152092,0.3945258322775479,0.2943580851396643,0.7688088443413371,0.4741833481533906,0.3151022979126583,0.24264312400378707,0.7433268255382993,0.34597495067803163,0.151807180992935,0.5411066617263844,0.07528581702165094,0.7244351099572622,0.43883808723479145,0.7541068698106435,0.05794378795290922,0.48154967767514756,0.8284436758933215,0.5707383132981784,0.21941442591674643,0.309636734168645,0.9912110600829732,0.18188753838599547,0.7959662221600072,0.06413040067045905,0.20646039981942987,0.5802999255171709,0.7271962951352897,0.9565728241785768,0.49429779336804036,0.16635581581185555,0.886011484353021,0.014341196662465028,0.5886788792533896,0.3487229265182561,0.5632707414057962,0.7153423584165698,0.15774081962427333,0.8643375009971236,3.212446929454194
0.9485840103235085,0.9388745874637917,0.6689147785427266,0.9497632320946127,0.7178983544284512,0.3818399186632291,0.8283721566097747,0.7905591950726857,0.7299783878499482,0.8611050978637657,0.6578077578629935,0.8319015696178497,0.39985593168869693,0.3790169419800483,0.6177588562374596,0.7988136327792245,0.5141474281899122,0.1675000254186877,0.33711007445896235,0.03692247103655244,0.22563143562422094,0.8296132997241712,0.8639156912177353,0.09784719138340259,0.9333099582234977,0.6532308138952776,0.9586581345691408,0.4515171136971806,0.6755317154685279,0.003616833926483265,0.2280828816506043,0.6599029356760054,0.9528622942981546,0.010166701042224835,0.9346605950845146,0.9072543853332333,0.8764058172446191,0.2646769602670913,0.4113872625667728,0.8540830522030796,0.1604346451252575,3.6081776347074896
