center_0,center_1,center_2,center_3,center_4,center_5,center_6,center_7,center_8,center_9,center_10,center_11,center_12,center_13,center_14,center_15,center_16,center_17,center_18,center_19,center_20,center_21,center_22,center_23,center_24,center_25,center_26,center_27,center_28,center_29,center_30,center_31,center_32,center_33,center_34,center_35,center_36,center_37,center_38,center_39,center_40,radius
0.2964157679708562,0.27755573534001,0.40856454690837574,0.13785039258587928,0.804582544959218,0.6453835471776841,0.6757878098604387,0.897904955675083,0.031174914192467873,0.0789097069518867,0.8027656832190747,0.9668245402767834,0.6310454749408355,0.45080585886139357,0.27290411497208167,0.7215501249627956,0.9816967827505587,0.7053874691200921,0.8255629609521438,0.8567975605467542,0.43088615407422115,0.3431763082520888,0.40229886280737337,0.26057411702993616,0.6495253837493753,0.1528970189313189,0.689537746677471,0.42697524479204674,0.154410219946728,0.622974471965618,0.06172901643311546,0.155974040169245,0.36200922823485526,0.6042613430179926,0.13716695142175617,0.7201411492445627,0.991622440641841,0.5435275996982936,0.5615450349812078,0.4672931535196222,0.8808302356851324,3.437128672972699
