center_0,center_1,center_2,center_3,center_4,center_5,center_6,center_7,center_8,center_9,center_10,center_11,center_12,center_13,center_14,center_15,center_16,center_17,center_18,center_19,center_20,center_21,center_22,center_23,center_24,center_25,center_26,center_27,center_28,center_29,center_30,center_31,center_32,center_33,center_34,center_35,center_36,center_37,center_38,center_39,center_40,radius
0.8298747099577134,0.21139270576366875,0.17479034469829846,0.46951416295138304,0.3147732398285905,0.3607419979354901,0.10847826041824593,0.22121191243222116,0.32232554647512957,0.7723705450204424,0.042673541290386696,0.7197883620224166,0.19605237025928446,0.9801759952511928,0.1441784902416241,0.8331219194419102,0.5707519381346091,0.9802952578672723,0.525419776274919,0.854165098981091,0.4007250082746603,0.03600583642567334,0.08135694067783239,0.9530553781026004,0.9997300428218817,0.70085788812358,0.6129015961718262,0.5955825798954832,0.5464517549703042,0.4418037097229881,0.4010823819833469,0.8343647047800081,0.8385632358942124,0.5961748027911608,0.3866892440302271,0.845794893239043,0.9896786535187373,0.6151015543430879,0.012191203151758256,0.04031158972022231,0.82518732967755,3.2932218819515597
0.13789698693808183,0.9593018830305343,0.2302817087640796,0.9404130751161636,0.18100130360478617,0.9839512911640685,0.7468206696005235,0.6719047111618144,0.5422441543432827,0.8480831564369851,0.12849944961089144,0.032134349381041316,0.12204127793532671,0.8793807611814621,0.9683207044500909,0.29798020093580635,0.20990002293535237,0.013250015564564399,0.8837439983615007,0.4362228631792756,0.8469126684231825,0.47858890313882607,0.9794771773109028,0.10956506721413584,0.45128589284779075,0.5010748130721485,0.3614868542760763,0.6593537686925861,0.8927145456001325,0.7964878711502262,0.5632007715109816,0.12923909057431127,0.014058286181309665,0.005802626034066782,0.4350454795604747,0.5494437498974879,0.5615815910906212,0.218735170571545,0.729056361828629,0.680556845098276,0.1574867420227366,3.2141343276858354
