center_0,center_1,center_2,center_3,center_4,center_5,center_6,center_7,center_8,center_9,center_10,center_11,center_12,center_13,center_14,center_15,center_16,center_17,center_18,center_19,center_20,center_21,center_22,center_23,center_24,center_25,center_26,center_27,center_28,center_29,center_30,center_31,center_32,center_33,center_34,center_35,center_36,center_37,center_38,center_39,center_40,radius
0.3104537989916266,0.3405477038149304,0.0897090470144617,0.6061670098588765,0.09109659314521767,0.5654280690559889,0.6011438633419423,0.3160961208852412,0.360404877886528,0.4717802950460904,0.6050955235459302,0.5005021883459885,0.06923779076317216,0.44950402777800935,0.22437133680847288,0.5428471414475677,0.5878637753057443,0.5868527563030506,0.4462878472560079,0.8653734178314276,0.36330881341911336,0.8154366071535926,0.6577627549232113,0.5901908006087395,0.9560491358791271,0.5889248229607084,0.6431842470358657,0.3365956364149486,0.2604616947558378,0.8761129002798967,0.23436902616208433,0.42121141436075604,0.5017342088276717,0.9545133329362442,0.8894527165138415,0.08501664562361022,0.8018671414567241,0.8093052268562756,0.03364803161369323,0.6648322268523069,0.8786281756743853,3.2296977234668627
