center_0,center_1,center_2,center_3,center_4,center_5,center_6,center_7,center_8,center_9,center_10,center_11,center_12,center_13,center_14,center_15,center_16,center_17,center_18,center_19,center_20,center_21,center_22,center_23,center_24,center_25,center_26,center_27,center_28,center_29,center_30,center_31,center_32,center_33,center_34,center_35,center_36,center_37,center_38,center_39,center_40,radius
0.6248214155666414,0.48853281325261244,0.43427371244444557,0.9225352031688725,0.013223772095048991,0.18005735408522727,0.61087444464323,0.339899937551574,0.8796656620535864,0.5233267933154381,0.5722086151009668,0.6201595613622761,0.2612783140617756,0.7837188684242457,0.3971290942266724,0.5230884330630177,0.8957643790365875,0.22412314150842327,0.16014905609580843,0.5170188696543521,0.9806351855551823,0.8576836487909599,0.1329087379365771,0.9441479488715525,0.0538231600561031,0.03304527668143864,0.898294727938137,0.27946526460811216,0.4863075866786861,0.03859171309454579,0.9440270258608061,0.0510029050739067,0.19450964589831865,0.9705760202102419,0.6384916268611391,0.1302235458572757,0.11484685554063012,0.9157721142788813,0.7801490041989473,0.5670240820982071,0.24905670094069465,3.2666011530441907
0.0831576020052659,0.03215995090524337,0.7450130918502876,0.16232559127511414,0.6279241575607775,0.9621232115465636,0.08805771663592832,0.7628674586231164,0.12495047068073328,0.10623040611431334,0.8818672109239865,0.3713907672324185,0.13457688192511696,0.21221078632253765,0.9555057070982298,0.9553921271702432,0.5091542678659661,0.271072349138228,0.3755746170808576,0.38774943590015354,0.5128320759000613,0.8792309021405889,0.14298415594871672,0.04155421127479575,0.9795156632096829,0.6137185672836815,0.19328209787462325,0.6557623448185799,0.39774585707942733,0.5387124269084603,0.7844164758257979,0.7196639731183867,0.292245475880736,0.07230305593523301,0.9818242994682371,0.8208786034605914,0.9539029144478258,0.5328198397505877,0.8574192986859172,0.8427799095509003,0.7914198648822773,3.462453616741973
