center_0,center_1,center_2,center_3,center_4,center_5,center_6,center_7,center_8,center_9,center_10,center_11,center_12,center_13,center_14,center_15,center_16,center_17,center_18,center_19,center_20,center_21,center_22,center_23,center_24,center_25,center_26,center_27,center_28,center_29,center_30,center_31,center_32,center_33,center_34,center_35,center_36,center_37,center_38,center_39,center_40,center_41,radius
0.8866904471528712,0.09010814992732141,0.5889990569651234,0.848904481432137,0.27221441145878544,0.45051917079911885,0.21096193559921805,0.4507799984279901,0.22406362888869735,0.3809849186702302,0.09653739708734488,0.36651253678699924,0.6532035411082159,0.18984201760668817,0.7725703840697679,0.8696338080603625,0.9887274326255352,0.16683654608073017,0.9557874970360378,0.2767293076211894,0.2840444322005903,0.18817471116750317,0.582271227823285,0.379128913381267,0.19613062571973106,0.22379178778505338,0.7072663839578062,0.18180001213940666,0.9484406863477881,0.07352128017549031,0.7647478661307704,0.1980903718190734,0.01170540484576521,0.28739420730075094,0.691986512478015,0.9074240770231433,0.9687038000213323,0.48402771356950225,0.5612108105698144,0.40403090062152713,0.03247477013025446,0.631461637277098,3.2776607170208547
0.5663182529019657,0.4232268903011597,0.9584371904200157,0.1423313682859788,0.4216193713966877,0.17192642035854422,0.8965699077269935,0.0310256506220703,0.1526494265897167,0.886842692169806,0.9319111239211956,0.40338512900916945,0.6946604788136209,0.9023451270737491,0.46493914074694165,0.2920763350906781,0.19496169985275313,0.047065857101821096,0.08354154473135988,0.8801260933392919,0.8893748847366093,0.4153122662504789,0.8678429496925583,0.997448908183786,0.7923122626977587,0.8840608760134534,0.9857969466060666,0.8314960598335451,0.551372990059269,0.5766785265227159,0.9365313611801275,0.7394914196495493,0.8192813554628605,0.9056493755396492,0.5098964934932315,0.6696269615361357,0.38207231992876467,0.8794718547810505,0.6534654484121585,0.8307432255796083,0.8899030626047626,0.9003757151724145,3.772294091894063
