center_0,center_1,center_2,center_3,center_4,center_5,center_6,center_7,center_8,center_9,center_10,center_11,center_12,center_13,center_14,center_15,center_16,center_17,center_18,center_19,center_20,center_21,center_22,center_23,center_24,center_25,center_26,center_27,center_28,center_29,center_30,center_31,center_32,center_33,center_34,center_35,center_36,center_37,center_38,center_39,center_40,radius
0.671389809795703,0.779494671060929,0.9751251154783255,0.4071512276825694,0.35910708339381614,0.983053766371461,0.3274110020545412,0.5775834903340457,0.9433806608487809,0.23649169417086424,0.45644114734123653,0.6867127798305508,0.26678813893744746,0.5545420981564692,0.003975486786063631,0.11201853803651574,0.8870350974541572,0.5696043577363782,0.34496279059459245,0.37713814965490233,0.9948727769443348,0.1847570449038859,0.7730352242642572,0.46149479680098915,0.059330434304921575,0.6193504642843898,0.6414039856024293,0.640002689865301,0.9945007941710535,0.7838637037444183,0.28837800794422197,0.8175885801051079,0.6785585768187402,0.9299702494009229,0.2793010228456717,0.2782938013812819,0.8959603121350641,0.14213625140484987,0.701974387748705,0.7835542680860955,0.1138103602024293,3.286971943589004
0.4359080718485978,0.2889375029695733,0.6410863542280782,0.11071298960157194,0.1452684615049985,0.014565885650440702,0.9842417210799911,0.6182261310562226,0.16125755450611423,0.8980046163425964,0.7175710997130264,0.06202844667873075,0.27446795677810987,0.4804947416996659,0.9990341031647826,0.23261164112837895,0.23934022175911407,0.013877348279782598,0.1269176663087953,0.8397419772643145,0.5691843413065243,0.7433955957103732,0.12705011885365114,0.6421141934998009,0.24063443394111683,0.25912617202035815,0.2768118686305785,0.7136344212623056,0.0025511177443102717,0.3821311746597351,0.41479485005676686,0.721309552639032,0.24303688640398846,0.3365643074733714,0.8649537100192121,0.20046866395635088,0.03745825069432329,0.9841150040321959,0.7367548743875463,0.5010999903935088,0.941444798448567,3.2413289299137125
