center_0,center_1,center_2,center_3,center_4,center_5,center_6,center_7,center_8,center_9,center_10,center_11,center_12,center_13,center_14,center_15,center_16,center_17,center_18,center_19,center_20,center_21,center_22,center_23,center_24,center_25,center_26,center_27,center_28,center_29,center_30,center_31,center_32,center_33,center_34,center_35,center_36,center_37,center_38,center_39,center_40,radius
0.9056190525248392,0.6737231641226025,0.9687953000745014,0.36930828554546624,0.977164352024515,0.25099466355890276,0.6031132637763893,0.7673652407343403,0.17820764371092657,0.6163847336510695,0.15174214735611036,0.7684771737455739,0.7698001845735819,0.98251730293261,0.8558046832300363,0.573210110629392,0.7208213366745034,0.09074720694493021,0.7794565802035993,0.3774660030020185,0.7038766891494308,0.7018975821564084,0.5800693884939907,0.9465537401635324,0.19944110482513766,0.3346460052654737,0.6018973351765877,0.4088430711199278,0.2861891990214308,0.30372385930323686,0.22024177940249456,0.5220125020494667,0.8802009465296681,0.5086681946584103,0.3131405931627177,0.7510225869878304,0.7189374277151992,0.15933254177544542,0.17481718117534917,0.45910347633030946,0.6535570267107049,3.535576631982082
