center_0,center_1,center_2,center_3,center_4,center_5,center_6,center_7,center_8,center_9,center_10,center_11,center_12,center_13,center_14,center_15,center_16,center_17,center_18,center_19,center_20,center_21,center_22,center_23,center_24,center_25,center_26,center_27,center_28,center_29,center_30,center_31,center_32,center_33,center_34,center_35,center_36,center_37,center_38,center_39,center_40,radius
0.5052714542546257,0.3915903465805106,0.34936490677810206,0.26854588711267713,0.5969261087859339,0.3442069643962823,0.41862206955554815,0.1597890558662689,0.46701815174534855,0.9610874757701956,0.725596542789816,0.9172713228233185,0.4019143508862826,0.3110282209771841,0.15442323140419323,0.18103483245028806,0.925556783405537,0.9447883411623164,0.40246829586939503,0.03198160658649307,0.6667286807436301,0.8081682614011697,0.6221034397807269,0.14508671797201655,0.76829972544438,0.722173686108398,0.35936927133077423,0.0635412322024489,0.07828745653141322,0.3372271402451581,0.22644119374568805,0.06304127950270866,0.7149077328290327,0.8668778077253403,0.8290126251889566,0.15885375601655194,0.28766508300622207,0.8841753932311806,0.8089305344540786,0.3931208268303641,0.17446759996600913,3.286853843427661
0.2095589860109055,0.9186961434966285,0.6444068149746207,0.8888083465466551,0.8453836737644116,0.6556019858333434,0.08664218613151242,0.9368450938427408,0.46711468336922024,0.08329619623895779,0.004858597022311395,0.3094437475708879,0.2650753906587814,0.9459502400686539,0.8277159877835452,0.9658558725479209,0.0647302211138241,0.252082791764624,0.5246917558964455,0.08217333265724269,0.7046941979005641,0.8993440939972566,0.06122142611694992,0.9204837847346019,0.32511741687797135,0.005160856729902519,0.9600003516967955,0.08438230472363606,0.35512800235014286,0.9774026840217744,0.7715372795407934,0.8868095553745442,0.20882695770953985,0.9014338644374609,0.874289644167552,0.31041047922179943,0.4007107822425354,0.9900671682007979,0.1904466127094958,0.2549655372562858,0.9633470877928286,3.596211542261116
