center_0,center_1,center_2,center_3,center_4,center_5,center_6,center_7,center_8,center_9,center_10,center_11,center_12,center_13,center_14,center_15,center_16,center_17,center_18,center_19,center_20,center_21,center_22,center_23,center_24,center_25,center_26,center_27,center_28,center_29,center_30,center_31,center_32,center_33,center_34,center_35,center_36,center_37,center_38,center_39,center_40,radius
0.06065877479616366,0.1914229097439909,0.8731989404769768,0.442933346532677,0.7350634592770591,0.06381696777468038,0.31225300170118486,0.27488336278045056,0.7690932259776618,0.9356001886444855,0.21010132143003757,0.27611113912638807,0.04290527659468235,0.9426103005047397,0.4659158131063408,0.03620036746363542,0.8617688474684593,0.7449139841804391,0.450553205939047,0.6109604708062112,0.8159201319274244,0.07948710934442182,0.6830750307237405,0.8118775131113874,0.784942280064506,0.4579053846626182,0.24617099241049079,0.5079432484160391,0.4154877264109872,0.8818112841896099,0.104031472581957,0.0880441282139014,0.20660888074485972,0.5176965987942928,0.01330768496395518,0.3086789028350365,0.7928356831191338,0.5490600839164287,0.9818215741294544,0.31050508874784055,0.3714559853808276,3.3936291763556157
0.8145691662325885,0.686511623597269,0.16591306100857306,0.23047192680653983,0.21038228463732656,0.6011862024641477,0.14977785028520196,0.9625555229876651,0.7002547547537761,0.8027317229364003,0.0331915653105368,0.9146011340745938,0.7308481994635655,0.3506583412828025,0.18894817515318452,0.8278048244870844,0.016143506232112692,0.12921681096511717,0.8659831660458905,0.20662090796713706,0.20083501199640563,0.9594390940620862,0.37949805477487264,0.0683077305029508,0.0363419641453846,0.09394442579907358,0.07342153421920716,0.813768609159928,0.9205523691870995,0.4282540916426264,0.9259244179606809,0.7158377484508117,0.022419009022306313,0.8185877169567227,0.7618410198714523,0.897234398960713,0.23068628121972612,0.057938234965625224,0.16562478278100767,0.6126725733671196,0.008953339852915243,2.883364033277065
