center_0,center_1,center_2,center_3,center_4,center_5,center_6,center_7,center_8,center_9,center_10,center_11,center_12,center_13,center_14,center_15,center_16,center_17,center_18,center_19,center_20,center_21,center_22,center_23,center_24,center_25,center_26,center_27,center_28,center_29,center_30,center_31,center_32,center_33,center_34,center_35,center_36,center_37,center_38,center_39,center_40,radius
0.2554062228550831,0.8547783819362654,0.272422227286383,0.2250277501832607,0.9908387118672097,0.22507247449156098,0.26816848911131663,0.5901271363470416,0.7062159575689025,0.7762717940106201,0.8586434735623206,0.15149742681644807,0.6500428739214019,0.11654990089528772,0.3785100066585604,0.0880774148098239,0.5450839551221268,0.7065056925057108,0.033474237003775276,0.18400602395404064,0.3929345628933216,0.6777463148600692,0.24058468247725096,0.14566727424046988,0.9747311237137937,0.520096712057478,0.7599364032272587,0.07351454052825912,0.012150836339096638,0.7955663751780456,0.984058771060648,0.28957363839061245,0.11332524295265278,0.8225266813937766,0.5798330762388539,0.019224356313373825,0.09048303471061403,0.9481233502370601,0.8474896097285224,0.12413266405132994,0.8978565852691106,3.3626995874122527
0.4752831171170516,0.4238703712373485,0.9743789922940002,0.9483022614716524,0.5243569921480725,0.29570670662304976,0.7182076727626885,0.6427787603332423,0.05549990430139051,0.8844312914548357,0.6766471515701871,0.7345010335136294,0.7711798996786278,0.6649780944250481,0.9357719235650396,0.5967361619150902,0.09404039931366959,0.9850197908131695,0.6411194041399276,0.9308559064094223,0.9184639426324155,0.29696853713534466,0.5378309996263702,0.800471156124058,0.32175506791687025,0.9057959996791475,0.19426940371457513,0.910765821787356,0.9239586872530201,0.5948433592921674,0.46884440234357905,0.9025973044342839,0.24183016063660534,0.15445658587202626,0.7969357710694579,0.9519341567066011,0.17430079479467042,0.31675155098565466,0.41477652101155094,0.4785096463573071,0.022907790644174475,3.3840799984093604
