center_0,center_1,center_2,center_3,center_4,center_5,center_6,center_7,center_8,center_9,center_10,center_11,center_12,center_13,center_14,center_15,center_16,center_17,center_18,center_19,center_20,center_21,center_22,center_23,center_24,center_25,center_26,center_27,center_28,center_29,center_30,center_31,center_32,center_33,center_34,center_35,center_36,center_37,center_38,center_39,center_40,radius
0.5283259291698684,0.1770350636131176,0.7431072917859489,0.9322686540807287,0.3499234394353964,0.7641506317759051,0.9862811992216252,0.9215816399942759,0.8859698889737595,0.6562138438537577,0.25546376016002303,0.6684710759832094,0.818462454462996,0.556848536419865,0.5967211996161157,0.6924059344545866,0.3179128264535023,0.5851334398728878,0.28811449878932427,0.9253026451155973,0.45440079256474386,0.49100537173387526,0.7140273967837613,0.6544121908138976,0.44476446294476335,0.635765812470491,0.5261408306897198,0.10456956030221265,0.048718147060408556,0.8263354810319324,0.22961869871230822,0.9410765113599444,0.0297836171068262,0.6137956618066406,0.6238896928554645,0.924879172144684,0.3929544561007394,0.10026819203282744,0.7442876873858661,0.5129153546476158,0.7301681054586836,3.513543139075916
