center_0,center_1,center_2,center_3,center_4,center_5,center_6,center_7,center_8,center_9,center_10,center_11,center_12,center_13,center_14,center_15,center_16,center_17,center_18,center_19,center_20,center_21,center_22,center_23,center_24,center_25,center_26,center_27,center_28,center_29,center_30,center_31,center_32,center_33,center_34,center_35,center_36,center_37,center_38,center_39,center_40,radius
0.650448695854452,0.21729820751641116,0.7114815511126509,0.9915858583356751,0.9850745671205571,0.1396433265225946,0.39901048165081454,0.0863907135131069,0.7567964863510186,0.46785744262815443,0.49084654423058105,0.011630248841955515,0.522392356726097,0.48203413271684725,0.02101482342719818,0.5791990573816082,0.40712261411627304,0.619481175287878,0.5298729194082039,0.5803842334452249,0.9823376810898777,0.19416876569037722,0.7529395485077427,0.9350790116927737,0.46688531178861725,0.5891179318989554,0.5337948608061824,0.39712702836355107,0.04439701013761266,0.43553123635075286,0.7041158984083468,0.5897666307177221,0.7768365665300382,0.5031397227767884,0.03141903323866424,0.5891524068819615,0.5581061012799955,0.5443471553951643,0.2657761108829114,0.0409197085949462,0.06568047218286066,3.1051758156117253
0.7918857490419212,0.9830961892407938,0.7724381257143166,0.9593049403034625,0.029055829670203592,0.8376935322366997,0.9882305756454406,0.9570333237376153,0.7458171912684388,0.8079758316948363,0.8029003898734575,0.5868224307325487,0.26213314647342356,0.1209460165674503,0.9417950648895209,0.8809792442063824,0.8826229479817094,0.02473438499356273,0.1008919305622008,0.6800016455694712,0.030134201025817653,0.4246973551353722,0.39014219665452843,0.878913993027792,0.8540469034608791,0.08029595846029547,0.9905464451552769,0.992959222830725,0.46053912879224834,0.4136601900471246,0.057652209891338124,0.04563012702553548,0.5559429510630589,0.8463981159924723,0.8296904319659967,0.9181238091880585,0.3311906520518457,0.6052230185962335,0.13853515767738434,0.983565986874314,0.12159354708993297,3.640215680776908
