center_0,center_1,center_2,center_3,center_4,center_5,center_6,center_7,center_8,center_9,center_10,center_11,center_12,center_13,center_14,center_15,center_16,center_17,center_18,center_19,center_20,center_21,center_22,center_23,center_24,center_25,center_26,center_27,center_28,center_29,center_30,center_31,center_32,center_33,center_34,center_35,center_36,center_37,center_38,center_39,center_40,radius
0.9342061251179847,0.688015209016512,0.6796053413064801,0.8388003463788832,0.8630087157562197,0.3598044040374283,0.23063448794507546,0.5981075038462728,0.8159333256836023,0.08112241293904554,0.8459960086542879,0.48004881285391854,0.9990498306497364,0.6390806874600384,0.668213908449262,0.17013147580492116,0.6942808404704971,0.4507293363009277,0.979700766136212,0.32444449281252996,0.7273639053987919,0.4857179323918812,0.7215780446802825,0.5620592947847337,0.9890508238222245,0.001134213370601378,0.871483203290942,0.31695939880777757,0.4524249759843628,0.9350877350054494,0.9520418789805346,0.3243010947997256,0.4094865734717137,0.7031420105772791,0.4621561796121737,0.7541930277814871,0.6566065345296858,0.5104176993908989,0.7093054209094878,0.7812401033892893,0.412600935825324,3.390848389562892
