center_0,center_1,center_2,center_3,center_4,center_5,center_6,center_7,center_8,center_9,center_10,center_11,center_12,center_13,center_14,center_15,center_16,center_17,center_18,center_19,center_20,center_21,center_22,center_23,center_24,center_25,center_26,center_27,center_28,center_29,center_30,center_31,center_32,center_33,center_34,center_35,center_36,center_37,center_38,center_39,center_40,center_41,radius
0.16348486606859947,0.8966335175080372,0.11169864290590359,0.21657828339880258,0.07719774764873277,0.8060710981458256,0.57092546905856,0.8883526650759882,0.34263155890290964,0.535218036850205,0.40263254094755674,0.6370336728536147,0.6193596859925984,0.2834210000814502,0.8635982459298377,0.8933701543153625,0.18639574092753897,0.016004888309114396,0.6275708919727035,0.7913378490567561,0.3667160718574495,0.31162651084746007,0.05817517950746476,0.037534017005145026,0.9602860341755248,0.6934406902746602,0.2748570662624956,0.5567141610054784,0.6855746496285099,0.46086567015343605,0.7732394827838088,0.34114855763834895,0.8214488954149908,0.26557285801461095,0.5907145908139917,0.4762020514977756,0.677862363584236,0.5306045366104444,0.2223448972315204,0.2478903204194386,0.10736433016379154,0.2806733217081344,3.1487916143192582
0.9280287089306721,0.14102257116554495,0.006127517182710651,0.6422599456422529,0.877192903596206,0.9592778251456959,0.2644013268903349,0.5234798860747204,0.6943117657714097,0.726791078453406,0.02913000194475801,0.07601386965396884,0.21788424650466243,0.9137440976598283,0.028915097412422597,0.13244574067979675,0.12051400454819361,0.9472468587074194,0.24461153091846455,0.2749954190408046,0.956522168260752,0.10050815728081441,0.40270589321352235,0.515040536308464,0.21489351900027764,0.9355812115034328,0.839339762118463,0.6221264097150807,0.11988653145354489,0.9863705169821895,0.8397026308215848,0.18884050777407768,0.016186154427041743,0.8031958875394734,0.418938950084487,0.8889691036620762,0.6486862767391351,0.9781283438406558,0.7461159769685024,0.7531649034988386,0.6747790952781622,0.09629219316096638,3.7443442368212265
