center_0,center_1,center_2,center_3,center_4,center_5,center_6,center_7,center_8,center_9,center_10,center_11,center_12,center_13,center_14,center_15,center_16,center_17,center_18,center_19,center_20,center_21,center_22,center_23,center_24,center_25,center_26,center_27,center_28,center_29,center_30,center_31,center_32,center_33,center_34,center_35,center_36,center_37,center_38,center_39,center_40,radius
0.23800766396310347,0.2182660588188966,0.008965414915351522,0.3931038197303037,0.02847144155900494,0.6877356753962407,0.3126931931480864,0.14659789146083413,0.8715050310154157,0.8081421742034111,0.8403196685804467,0.5371713913596561,0.07101517487287856,0.07794683553965387,0.23570409609827625,0.27099658569549057,0.15495320189708095,0.8767485386562113,0.9675328245408148,0.6657658687510566,0.5262208378309312,0.2808514369098869,0.7483520813848809,0.04051077606185338,0.13522808484163085,0.07548106207563432,0.17852841499200212,0.8876043495948254,0.37715614230118355,0.9073991040540322,0.34040944280119045,0.35297620174136124,0.9651532134884397,0.4604972830361036,0.35382008116378927,0.4609142196071472,0.5652303765520372,0.4971926622359929,0.14237197623850772,0.22882314194661113,0.3486883974236,2.8924784148132714
0.002490866891829091,0.2747377723663945,0.9587197255282368,0.44281926796873383,0.9950520233199427,0.4438114218747794,0.022475643401041023,0.9865611704792737,0.9453992331407044,0.22160041239391937,0.5036599263210441,0.9801263761240387,0.7698375094635576,0.9336642923341312,0.8123855758716669,0.48751914811657293,0.7473043789371575,0.6524967152078756,0.9025424897420941,0.007935434881769732,0.7671127376590566,0.9754015081132648,0.6924406506836872,0.5592590290808791,0.9426371037252566,0.6219022424820903,0.1134784629721407,0.8332923150359702,0.08777122104444912,0.10148401809739283,0.621948920158315,0.009875862262230695,0.9228575411370451,0.06228271809169328,0.7411924557358472,0.33652873689269314,0.11388646078339304,0.6662642286039658,0.692145702441507,0.7032235321189928,0.8680365371565069,3.781521063622596
