center_0,center_1,center_2,center_3,center_4,center_5,center_6,center_7,center_8,center_9,center_10,center_11,center_12,center_13,center_14,center_15,center_16,center_17,center_18,center_19,center_20,center_21,center_22,center_23,center_24,center_25,center_26,center_27,center_28,center_29,center_30,center_31,center_32,center_33,center_34,center_35,center_36,center_37,center_38,center_39,center_40,center_41,radius
0.6844845036650731,0.8715282841761384,0.3165997032800024,0.11526308167490051,0.20642470714451533,0.1433695479679974,0.26225992041931157,0.7392337268290196,0.8625680654637424,0.13476286407714788,0.16197404723418185,0.9579023595483658,0.6291270235231434,0.7677295781905783,0.07759511726836366,0.7723842679514245,0.4870449878076746,0.4091827896813358,0.6979554869156922,0.6997329670498003,0.6108694750705396,0.7818266480216165,0.5078485729040555,0.2076617358306293,0.1650360632128539,0.24290443259771577,0.743670312586049,0.6325089709578505,0.3319908711642614,0.45468574015241403,0.9367108502723622,0.7399885854751971,0.8883579603515658,0.3979795673776979,0.5307641477434228,0.19490188443204826,0.31977135830317704,0.11621277957950515,0.5971941818793901,0.63717487203503,0.4729261968576074,0.5189667251686375,3.0929809371593473
0.2963807431626563,0.2497820682254267,0.8690675009077369,0.059951134814765994,0.21343987722250923,0.7523588864146481,0.6548641094523455,0.00121883943048684,0.13078711806777066,0.9964353936938042,0.6331201048141131,0.14168972858367945,0.5624086978697891,0.421273337899174,0.9765423663757807,0.21145249119760534,0.8946189350657822,0.4296374795413709,0.47818843935139776,0.47386192047638265,0.3435822438808491,0.27480241525050453,0.0880322161926339,0.4160506017154162,0.9838919913659109,0.5969135934760671,0.08528127576284328,0.05192657340682083,0.5352967986236381,0.6725369442000676,0.8230892689505898,0.08274508238010747,0.13910897590649762,0.08185662198593957,0.7920417846983374,0.23576638549567852,0.9799996139264983,0.9020577439143054,0.8428074139349587,0.1913718839541645,0.535654724351745,0.21865806138656574,3.423774710035597
