center_0,center_1,center_2,center_3,center_4,center_5,center_6,center_7,center_8,center_9,center_10,center_11,center_12,center_13,center_14,center_15,center_16,center_17,center_18,center_19,center_20,center_21,center_22,center_23,center_24,center_25,center_26,center_27,center_28,center_29,center_30,center_31,center_32,center_33,center_34,center_35,center_36,center_37,center_38,center_39,center_40,radius
0.4159957425288552,0.9930624634032368,0.8564341508729221,0.7725058180024208,0.5663189270098145,0.3473322611218246,0.30896504199433206,0.5605393482578456,0.26147309183472156,0.6245045560631971,0.5780201420641293,0.777737631586245,0.6643008489168205,0.8430805023090455,0.994276186581991,0.2610265550762725,0.47521675126099217,0.8691699604261589,0.4154854037856778,0.2210562802746644,0.5826835809348636,0.5278127049716588,0.5654120937888314,0.9762296783186214,0.20415942970653478,0.901869131970388,0.031446923551712413,0.2897905978420722,0.3640766275689101,0.46713789856560606,0.9201578900010325,0.6359771944179364,0.9408558602116639,0.3034686515401954,0.46468099602199175,0.9002409999339962,0.7087098427108954,0.5278061397308952,0.6774092329867055,0.18069586122722792,0.02799803085343433,3.2212520260727273
0.2646189955713507,0.17748064845161227,0.11431453523372315,0.12336133129291071,0.11080991088017644,0.9818037039797843,0.3558173420073685,0.9497770073554294,0.9906962236685427,0.49563671274923027,0.14725363978005324,0.852152376858147,0.2074645209884557,0.9155661703439463,0.3043468410541299,0.8658881140345073,0.02661653994806601,0.4480129555233189,0.857135128765383,0.022615637123762355,0.029565428606236455,0.8652192877738376,0.9849385417543304,0.329704372423119,0.1380491407735478,0.012427591984567443,0.9234656792360479,0.8699353721757234,0.10546087424405004,0.646452910603872,0.18115647278117541,0.9788559449828365,0.616385374298596,0.9032775829673115,0.5990371704331151,0.16302400472249512,0.21598308513392983,0.05589310526412772,0.17067215258589385,0.14611278281955442,0.34924410334433964,3.147962155975713
