center_0,center_1,center_2,center_3,center_4,center_5,center_6,center_7,center_8,center_9,center_10,center_11,center_12,center_13,center_14,center_15,center_16,center_17,center_18,center_19,center_20,center_21,center_22,center_23,center_24,center_25,center_26,center_27,center_28,center_29,center_30,center_31,center_32,center_33,center_34,center_35,center_36,center_37,center_38,center_39,center_40,radius
0.15611687876552072,0.6877031561554577,0.6398192466048416,0.3703136069491556,0.47996581339105826,0.3202132427830441,0.2824489615976489,0.03510736903784384,0.6488304322782111,0.7139142659280754,0.6687958873207623,0.15128625626976555,0.9235581769645341,0.32564653257083875,0.9837297903104476,0.24640219917127915,0.8684606737070977,0.9237925067771504,0.2613114583321672,0.1752719517770127,0.7576677241870613,0.17159636029238623,0.9824687471342618,0.40117548168611294,0.8010847124488609,0.945659279387585,0.43682890596532586,0.5647978915836781,0.5168311731859052,0.3625761934258358,0.4829440778381896,0.49565464597864384,0.7187220250348322,0.07112722368069624,0.4186193657455899,0.24938079456424245,0.15859423058785038,0.7970398012640342,0.5193992146760591,0.461619313019655,0.8918060960310592,3.3153522277365552
