center_0,center_1,center_2,center_3,center_4,center_5,center_6,center_7,center_8,center_9,center_10,center_11,center_12,center_13,center_14,center_15,center_16,center_17,center_18,center_19,center_20,center_21,center_22,center_23,center_24,center_25,center_26,center_27,center_28,center_29,center_30,center_31,center_32,center_33,center_34,center_35,center_36,center_37,center_38,center_39,center_40,radius
0.9950094505038084,0.09288815014486784,0.6722408114192524,0.8044464851700284,0.2611260551903587,0.5676406914169095,0.7164485365303442,0.536604469207155,0.4409105050940376,0.17745690584120888,0.3786953670863906,0.11368628874729392,0.798443144836151,0.6204972145366175,0.01634479555153512,0.4702958135350417,0.2207981733243063,0.9066059785966255,0.5030789934338806,0.7822261183905562,0.447731282323215,0.6178941484565111,0.84967610321478,0.5083300962719391,0.961999241986399,0.9224682613789899,0.7808826063080151,0.6255738587042471,0.9129031842921796,0.6344953240489913,0.41952463285032293,0.29197356408321307,0.7162712194472034,0.9008560941093045,0.6417852006575171,0.03959174314795744,0.7049370343977861,0.7943957028286768,0.07305951341123629,0.8610348960084514,0.6936566703576846,3.3807997713912465
0.30256414700580614,0.43380237810223066,0.0035174473250544347,0.15199185552075778,0.7389663141980765,0.5849393658895964,0.015174698299238676,0.18844944193404878,0.18833174616153758,0.9363742783314696,0.9511519405181207,0.8749370498154687,0.023308352161207524,0.2207795029792885,0.9712482347026427,0.07323582312242716,0.912041320559338,0.14904880461692405,0.9425581734150743,0.5545678514270818,0.9443864755617863,0.9522130405404621,0.3025692674867049,0.5396403050605365,0.2764234771534049,0.5749828091024577,0.30824272465605596,0.6367613029700734,0.165075411143487,0.877888978199813,0.1329666436761492,0.3565538029813483,0.8510293873752383,0.5210523942380316,0.051579147768865075,0.9400478536591592,0.002574641044940984,0.480173166602725,0.39282032649494225,0.4566537858740759,0.2872855994324426,3.2527524340567373
