center_0,center_1,center_2,center_3,center_4,center_5,center_6,center_7,center_8,center_9,center_10,center_11,center_12,center_13,center_14,center_15,center_16,center_17,center_18,center_19,center_20,center_21,center_22,center_23,center_24,center_25,center_26,center_27,center_28,center_29,center_30,center_31,center_32,center_33,center_34,center_35,center_36,center_37,center_38,center_39,center_40,radius
0.8943778147068627,0.03909254212590463,0.06165701157069514,0.47806190964883477,0.7206554281540563,0.23956193120446712,0.8421264320020088,0.3297617081847931,0.6680041091999054,0.28403004694153877,0.24597980413420872,0.9261295139912091,0.8032099490285157,0.14149324688563825,0.48701361926705555,0.9747995360661199,0.4304089290842661,0.31588845437508695,0.6556956892480463,0.13198802708118762,0.6424113843176142,0.037863563864023786,0.7343596037851725,0.40035598107586645,0.4787569023342054,0.38723887845030724,0.23346403965180473,0.08431050063244938,0.27248189018700286,0.4870310185450951,0.24254779486226963,0.3290529333383311,0.8028334297673593,0.25579463477212483,0.11283351913946293,0.6060304847526927,0.631701024220862,0.005695510745412191,0.5028638299586091,0.47014079629856687,0.748009793554468,3.062293332546275
0.03015810629093063,0.622940655988513,0.7583924729567816,0.7815792483578986,0.3241008363079023,0.9721330843481836,0.13621978254441958,0.4673381717298527,0.5941258621985216,0.8068817188929529,0.8316299635961977,0.2036886622504902,0.18646360963205622,0.5361121642713392,0.5192419096908658,0.04932452639007012,0.7788567925703325,0.6970847501636086,0.1748288589082655,0.9069294677127133,0.7418736869837729,0.14862570063729819,0.18032141306092808,0.8416148162860088,0.5807929490204026,0.8687273218560827,0.995663091480333,0.8747077397480568,0.7664123237428009,0.59407879658135,0.9820172263869849,0.4488773332762761,0.3865166109484153,0.5751805914235946,0.7987882395879311,0.9777185753021639,0.39775024131575076,0.6709956758065269,0.06042834829872412,0.6327090885833481,0.4909244808082527,3.296315123770399
