center_0,center_1,center_2,center_3,center_4,center_5,center_6,center_7,center_8,center_9,center_10,center_11,center_12,center_13,center_14,center_15,center_16,center_17,center_18,center_19,center_20,center_21,center_22,center_23,center_24,center_25,center_26,center_27,center_28,center_29,center_30,center_31,center_32,center_33,center_34,center_35,center_36,center_37,center_38,center_39,center_40,radius
0.9288838761657964,0.2561133696892949,0.12337837724388279,0.25442909406005565,0.5765501177752721,0.39118267509343874,0.44038672314122884,0.8895932991344738,0.7082885933957865,0.9571769131075295,0.56937654411366,0.5296635321289196,0.5348613099779429,0.9148910246068331,0.03941286013643597,0.3563802569838689,0.7329503960688074,0.7723141905669406,0.7041498859715605,0.7230891716355433,0.236141191318463,0.05568084925878902,0.41244517297122085,0.41890923983414996,0.9795459517926679,0.37776148339925975,0.8678914053737858,0.8981430657379997,0.252891810221863,0.53443770755167,0.23204324201568982,0.7891825991390292,0.8207687591022119,0.7741341459566632,0.5070698015438516,0.08159778164340326,0.707761616334757,0.9791420299274951,0.613454288129707,0.9336015864705242,0.13718618673222105,3.5946569101870227
