center_0,center_1,center_2,center_3,center_4,center_5,center_6,center_7,center_8,center_9,center_10,center_11,center_12,center_13,center_14,center_15,center_16,center_17,center_18,center_19,center_20,center_21,center_22,center_23,center_24,center_25,center_26,center_27,center_28,center_29,center_30,center_31,center_32,center_33,center_34,center_35,center_36,center_37,center_38,center_39,center_40,radius
0.48951059584893775,0.6815451406730348,0.029853310724758053,0.35610618344063205,0.44827139345735845,0.6131076393050499,0.9821285678011348,0.169580428811556,0.25023714901302785,0.5132544819143365,0.2768763300028555,0.6900709930663089,0.4823093752671559,0.3774255461087678,0.516093158589401,0.16786715147485887,0.4511906223658563,0.33252955295445275,0.9281242295549844,0.9773860232742819,0.3747915184892705,0.6207735487230801,0.011777668017571075,0.9909806140007272,0.5058697005553101,0.21080057293688825,0.7179194298819624,0.211728477944787,0.24320258974456688,0.22155965053451765,0.8035472879681483,0.14215480642043266,0.00158807720620191,0.14851966114095638,0.6696222957334714,0.4766792829487543,0.11119449179275165,0.43818904425395144,0.36120414564215286,0.7467175185157013,0.9894435345713268,3.1294465998683636
0.7524465696568255,0.47581672145042064,0.997976179840143,0.23434207577613553,0.2088058277256718,0.7675808715510377,0.03428981326933178,0.334333972426782,0.848566463212917,0.3561612905022423,0.8268772901519935,0.35079426289093874,0.04470282940568271,0.9529919322374596,0.5749674887331687,0.16383469016917984,0.6787529708200043,0.8951255647725133,0.2659480446545973,0.25843772839942936,0.7740801734546963,0.4033286032376783,0.9730199220247111,0.16401208995603855,0.8315688065763707,0.4849053472656911,0.6406657207045057,0.5008293261541341,0.6770249735274181,0.6260345799303004,0.9399813454790394,0.6183702324983141,0.6023959020555201,0.44191926791914393,0.9512481535531299,0.3543680454568965,0.9782255427619291,0.09278655298951666,0.8860999114401303,0.2516899895223774,0.03171689449242887,3.462810033905224
