center_0,center_1,center_2,center_3,center_4,center_5,center_6,center_7,center_8,center_9,center_10,center_11,center_12,center_13,center_14,center_15,center_16,center_17,center_18,center_19,center_20,center_21,center_22,center_23,center_24,center_25,center_26,center_27,center_28,center_29,center_30,center_31,center_32,center_33,center_34,center_35,center_36,center_37,center_38,center_39,center_40,radius
0.014097201644002855,0.8588623241933024,0.21287397903455219,0.12759494618741873,0.44087654594102976,0.5523914549847464,0.9046930068514121,0.8783422081792204,0.8153866479491095,0.2591766546690324,0.4718565095009144,0.6173852996692014,0.5730312756896501,0.18769111825061124,0.2542808846372402,0.027796741894625443,0.989730557468279,0.5125049337130495,0.8207747074154452,0.7099788440520257,0.9485498173292128,0.41353465921511967,0.8183255541434457,0.948126770358198,0.42435476379579173,0.4386717695411918,0.6063367262775744,0.33287182309336505,0.9646796414071591,0.35548564112603287,0.6054609886312814,0.564885824689238,0.5687808243489613,0.09070384150893906,0.3632884311714446,0.4284939216333091,0.8400208777989827,0.9474338302936182,0.5901266249624383,0.7415920414656993,0.686169437384038,3.654423673434673
