center_0,center_1,center_2,center_3,center_4,center_5,center_6,center_7,center_8,center_9,center_10,center_11,center_12,center_13,center_14,center_15,center_16,center_17,center_18,center_19,center_20,center_21,center_22,center_23,center_24,center_25,center_26,center_27,center_28,center_29,center_30,center_31,center_32,center_33,center_34,center_35,center_36,center_37,center_38,center_39,center_40,center_41,radius
0.53047207997665,0.09185088706080435,0.1943777087878319,0.41222799340604577,0.8883800720215854,0.10364841698632854,0.3642745960880549,0.3828916627075786,0.44310498619141603,0.6160051998980637,0.023193698028990184,0.8003833606626891,0.794330164220891,0.8516911896495759,0.30101260333439717,0.647695747199937,0.6289327131938685,0.36587578176384006,0.6954772565790008,0.7379921214260392,0.6870461450576862,0.6570432755302721,0.07213882233904478,0.7592054186159702,0.40612803095023076,0.14942601191701588,0.39306095181222467,0.2425558980179734,0.4906250267633707,0.41809124887881255,0.03432359552984399,0.46695010722049624,0.016699778744271532,0.33917450779054925,0.9389473324223582,0.24236209591647961,0.6394066916640642,0.22880098041196073,0.45640702912106224,0.7299982324314704,0.8568183560717146,0.32080789002156473,3.255456591075011
0.33995874712253926,0.5871582840271228,0.8442568933942431,0.6491053488622869,0.010076806356665968,0.8928396869061376,0.19256035042991193,0.709107342570504,0.7949950941164059,0.3362694425850239,0.9548739383047566,0.6710391338474528,0.010035130543856408,0.8040085412236727,0.15077478244421827,0.35971387869890115,0.5037017142901248,0.3675504499254084,0.00853014182855405,0.6216106346072627,0.03942043394361672,0.04439294596449894,0.6416006115926498,0.04242607780657093,0.3462797313932632,0.20794828296690904,0.5984998829410798,0.8370713597174803,0.0013844891030047046,0.5738431167541609,0.32406054652041805,0.6653469139680415,0.919270444831768,0.0005163754404696741,0.02993998828461375,0.9912315057764322,0.17204085867694552,0.8986928524257823,0.84260899163101,0.7825853009545248,0.009036719186058417,0.6308232748942106,3.2314268299891205
