center_0,center_1,center_2,center_3,center_4,center_5,center_6,center_7,center_8,center_9,center_10,center_11,center_12,center_13,center_14,center_15,center_16,center_17,center_18,center_19,center_20,center_21,center_22,center_23,center_24,center_25,center_26,center_27,center_28,center_29,center_30,center_31,center_32,center_33,center_34,center_35,center_36,center_37,center_38,center_39,center_40,radius
0.6591930178191874,0.8414905165517247,0.8466554868343771,0.3427403489263774,0.4825484771478924,0.544079089968522,0.378865222873925,0.3418113233581229,0.12061507116909176,0.23281808367974222,0.2914862610004989,0.012172123693703352,0.23267827092958793,0.9413697940499808,0.3808846465793415,0.0349130716838999,0.3880586197629393,0.8370441604852256,0.6778339181513665,0.39857879346426195,0.4200872906598968,0.10126669769802155,0.8087580522214479,0.7401758102500022,0.7399836142685171,0.2701614246301668,0.8233538400513709,0.3426544239002125,0.2965795942379307,0.8319214942115603,0.34101810263921706,0.8591757093398985,0.6184625459420735,0.4835706721824027,0.45729442607515647,0.9780879559878962,0.3841283688103795,0.7595567635593621,0.1233164213570519,0.10570643283857084,0.8695302808832805,3.246128168831454
0.11549593481900267,0.5339445412439567,0.0033355736506470723,0.8210267664920923,0.16519066788693026,0.49461238200244695,0.7854520587672043,0.9308309650866655,0.9058817825628683,0.957626023303619,0.529951414692124,0.26457858168939974,0.9501490920951325,0.12274755516415148,0.5311033851435742,0.7367953393159257,0.1590017396850747,0.09129159053884928,0.012170820951419081,0.05273100112828821,0.6720360869209168,0.4456287333613076,0.636406568347171,0.9553803208633717,0.23453193864120314,0.9355709842691512,0.11140250002526708,0.8089379423255935,0.16181651007596098,0.18686943232775166,0.1144531159968093,0.8662880429848178,0.19729510472215483,0.447388789795681,0.986976382358474,0.41833115606110116,0.15060928378174543,0.14240632497543526,0.7271065242663473,0.820939680264616,0.3371575664160211,3.4757964846530185
