center_0,center_1,center_2,center_3,center_4,center_5,center_6,center_7,center_8,center_9,center_10,center_11,center_12,center_13,center_14,center_15,center_16,center_17,center_18,center_19,center_20,center_21,center_22,center_23,center_24,center_25,center_26,center_27,center_28,center_29,center_30,center_31,center_32,center_33,center_34,center_35,center_36,center_37,center_38,center_39,center_40,radius
0.3076528808027593,0.7046133981131226,0.5359612859572055,0.4700460604163157,0.6240464934957078,0.6215654493314647,0.28233665818855747,0.731070423007671,0.0075558422708977835,0.10084078094895332,0.4924955018947579,0.040216017438796436,0.6962784556584386,0.3442896355427446,0.8400068327320019,0.8932903970093483,0.5587570051225859,0.027232120744899446,0.011801547193681317,0.9694012139678476,0.8375446473769957,0.40388258917908315,0.9923941928677227,0.5702759353806146,0.8349922261020496,0.5256324928679339,0.8894825926269987,0.3073207864502344,0.2545202326918258,0.4558590854837843,0.4382458688868516,0.33347479714772144,0.8001078554602362,0.14033867073566275,0.09891865428583724,0.6106407248568726,0.0006895648661786602,0.33644090250808645,0.8807819145685687,0.5789355083930522,0.5551390645739966,3.382720864521651
