center_0,center_1,center_2,center_3,center_4,center_5,center_6,center_7,center_8,center_9,center_10,center_11,center_12,center_13,center_14,center_15,center_16,center_17,center_18,center_19,center_20,center_21,center_22,center_23,center_24,center_25,center_26,center_27,center_28,center_29,center_30,center_31,center_32,center_33,center_34,center_35,center_36,center_37,center_38,center_39,center_40,radius
0.12098477163132149,0.45616851992549623,0.11791877657836991,0.09138162679860129,0.010613483775205657,0.8193534869436234,0.8197422464527746,0.789834671721919,0.5032084692599935,0.8824696068014596,0.6857817668724996,0.14835887184356178,0.7582303164226104,0.8345333930456644,0.3658784538636164,0.6835342381180248,0.08579739114972285,0.4433972702209251,0.42101843341514944,0.8695059969608571,0.38408125579798236,0.4496703466477008,0.6520796073626024,0.9352121373215108,0.8449480195436112,0.7726430068126017,0.7024024223644919,0.8819136286399367,0.11854896137475757,0.39764762794253394,0.1169404872111679,0.5787443597553189,0.21523551949977304,0.2442500132855252,0.852014195427642,0.18651984119654708,0.23003380791466355,0.20303870845081007,0.8638270882865299,0.5834882400777759,0.011015552720918032,3.6738527428906607
