center_0,center_1,center_2,center_3,center_4,center_5,center_6,center_7,center_8,center_9,center_10,center_11,center_12,center_13,center_14,center_15,center_16,center_17,center_18,center_19,center_20,center_21,center_22,center_23,center_24,center_25,center_26,center_27,center_28,center_29,center_30,center_31,center_32,center_33,center_34,center_35,center_36,center_37,center_38,center_39,center_40,radius
0.9946685766592878,0.5063894102894837,0.7739883771404329,0.38456731701315794,0.4943790724619995,0.48743409001305016,0.4386032100773768,0.12398924352444296,0.636182514875531,0.7523068175020373,0.96181166463279,0.4950893657108878,0.10992965285130851,0.8898853307082056,0.18150320302703193,0.7450742790692159,0.5630969478113675,0.07701493911536872,0.9674102436842101,0.17173115622513058,0.1659548645464627,0.12336153999525756,0.8781826273848109,0.19443869041374506,0.423044303584154,0.4287525978435869,0.37567202581513437,0.4599013544283582,0.15606383239816068,0.008880745929402356,0.2071543017691112,0.6640510032368915,0.4807965298130472,0.3149587736896118,0.9977540700666602,0.32692434125895753,0.023063395674166487,0.6454506764406186,0.0010353435181879034,0.5344534489432361,0.4788309607389559,3.294202912630221
0.15252168901044316,0.12230499563413322,0.6984340356060431,0.10031194420879119,0.9583424847340624,0.5722271589899458,0.8153612666338561,0.811654401438495,0.8374242069872427,0.5729386378582163,0.16803724534828668,0.8603456907868331,0.053348233887014485,0.011732351338691771,0.8497870455625561,0.878162727342316,0.02963625060851982,0.9347379774843547,0.681576802386444,0.1088246113346013,0.988950814249589,0.9541835503348155,0.07182719117916503,0.9497728662851153,0.3652169830841142,0.8559283417585793,0.32652975276034457,0.20331178206819434,0.6558882340787534,0.9211760711485169,0.8337429663311839,0.7529199747238506,0.3471798987895084,0.35073559921941,0.7872105151939044,0.04332770640966721,0.19018984638116965,0.8690624441334354,0.9963044147848239,0.1368656722621372,0.9881763341446005,3.8748329715402057
