center_0,center_1,center_2,center_3,center_4,center_5,center_6,center_7,center_8,center_9,center_10,center_11,center_12,center_13,center_14,center_15,center_16,center_17,center_18,center_19,center_20,center_21,center_22,center_23,center_24,center_25,center_26,center_27,center_28,center_29,center_30,center_31,center_32,center_33,center_34,center_35,center_36,center_37,center_38,center_39,center_40,radius
0.28671406780873676,0.5484067184855576,0.5320077731501134,0.8064051788484584,0.5004706752334891,0.7095299824739831,0.42827427092427717,0.6926733058913251,0.402292825685563,0.8858373082130412,0.4359307845380871,0.3900128322301094,0.537224062797764,0.577615075776759,0.12166846021051414,0.518737494883905,0.8650169419600686,0.9507686818998078,0.8357050895565722,0.24354245746084724,0.36696168120013795,0.4816768390877999,0.15496984994419527,0.3888360993090031,0.8996282644173511,0.49328812494937824,0.12247198981337881,0.9978226498965891,0.6741280604570369,0.905844006784494,0.9716676412608735,0.029643250821957512,0.0025121426845040595,0.5663267804972367,0.3447843083017854,0.7171674137815255,0.9972400780345462,0.2741821466476536,0.9562585726284828,0.18103379076045334,0.07059082955016838,3.463587433158547
