center_0,center_1,center_2,center_3,center_4,center_5,center_6,center_7,center_8,center_9,center_10,center_11,center_12,center_13,center_14,center_15,center_16,center_17,center_18,center_19,center_20,center_21,center_22,center_23,center_24,center_25,center_26,center_27,center_28,center_29,center_30,center_31,center_32,center_33,center_34,center_35,center_36,center_37,center_38,center_39,center_40,radius
0.5591791369693248,0.4361528564528889,0.6913729829003679,0.14714585496003485,0.4642777809932158,0.7452202438628928,0.5371593200643134,0.17530765733645726,0.970652421807286,0.8965877476403876,0.9362888825531525,0.3621062897957358,0.13169514117924275,0.9257490373980346,0.06141273516459156,0.41906222226570633,0.10289416627563597,0.6292345868767911,0.9592807648796574,0.5723112737337354,0.5628469123123173,0.0037244825756198585,0.10192108935697741,0.21033297555830344,0.04579449214616427,0.0060382372740261925,0.6629424494570975,0.18248893793552246,0.5746284305916023,0.1967309291758652,0.41612626515603535,0.22064352373931917,0.023682082586302333,0.2944125143026607,0.21860803216988733,0.5056642930908659,0.7842618361027924,0.7181381752242793,0.9507596138289099,0.5220955274933328,0.7665057140379251,3.367536863393183
0.27772665911459427,0.9953054046192603,0.15530267089539707,0.8156789044300385,0.17384217061671614,0.2988951597246108,0.7461767750863233,0.9853005295979176,0.961372547060207,0.6746353459354857,0.6786756023383078,0.9237172689972334,0.8745029981668486,0.2755274431974022,0.7208541209021361,0.6254656211588678,0.7628841873143569,0.08367411772341271,0.03444353801982947,0.17555939558576283,0.876236103886327,0.7497008987415955,0.7306465383915377,0.726254455288919,0.6959990431536933,0.3437458575681125,0.1799842926424241,0.7149448502594826,0.4153462224178571,0.5421808658474769,0.934532658115072,0.04455046107349048,0.9962292941161663,0.7869394088350835,0.8832067707512243,0.41352511764178945,0.8674413713993403,0.4497676506065533,0.08232953192314019,0.1196010478602676,0.23535941800916305,3.481412857024486
