center_0,center_1,center_2,center_3,center_4,center_5,center_6,center_7,center_8,center_9,center_10,center_11,center_12,center_13,center_14,center_15,center_16,center_17,center_18,center_19,center_20,center_21,center_22,center_23,center_24,center_25,center_26,center_27,center_28,center_29,center_30,center_31,center_32,center_33,center_34,center_35,center_36,center_37,center_38,center_39,center_40,radius
0.8691385473279274,0.494934331697508,0.31729857918425064,0.950445461514331,0.9958296991838292,0.8450056321550917,0.23782581266464464,0.36666503970080866,0.6509737076132189,0.6728107987642157,0.4790044295308492,0.6411277835412422,0.5625683376691852,0.03221822455008283,0.7776607661787915,0.670093456442553,0.917490361670859,0.5538103824898845,0.39448230951048724,0.07160624199426058,0.7814196008085249,0.9994242819546618,0.5996868092589906,0.7966098811161819,0.7934212771380018,0.6297268387090516,0.37139347825274693,0.8913500992302198,0.3420716044712315,0.8461414383313939,0.9026178401898163,0.10409592774955667,0.34758023053358966,0.958951272929476,0.366008266598555,0.006890409714895629,0.009940871914349336,0.7077999836983087,0.349632392286522,0.7217030653220451,0.41235346709786935,3.5943310863922613
