center_0,center_1,center_2,center_3,center_4,center_5,center_6,center_7,center_8,center_9,center_10,center_11,center_12,center_13,center_14,center_15,center_16,center_17,center_18,center_19,center_20,center_21,center_22,center_23,center_24,center_25,center_26,center_27,center_28,center_29,center_30,center_31,center_32,center_33,center_34,center_35,center_36,center_37,center_38,center_39,center_40,center_41,radius
0.10730738812323593,0.5549734473613855,0.3748546700141109,0.4224782888762568,0.564514161055105,0.42246055216865386,0.3077556800921153,0.5131608069219453,0.2192803699151562,0.33964904356297776,0.3491667208512397,0.06386664759593308,0.0675469478600782,0.8018647715530807,0.2035096768135044,0.25265491983495103,0.8461593221830943,0.6875161918171846,0.9168045846323283,0.5929990442442356,0.8063772332496628,0.7797647779086911,0.6590222748427731,0.8013534689580784,0.7859730189617891,0.6821824562199749,0.37184668525372233,0.9413684887077397,0.4678647516131288,0.6475656377222798,0.47347704085504927,0.6569111958865217,0.6997482170870687,0.961342420583541,0.3273507198531057,0.08799381578024057,0.01629716670048642,0.17417403024008227,0.7301823168787316,0.47215442362904825,0.3690157730024738,0.8662392767032046,3.1499963728574714
0.9808633823423529,0.0013461526957729841,0.9529123364383959,0.7856311814329783,0.7156952553479087,0.4575061791723788,0.4674067271995147,0.9507224605182335,0.9598674211250213,0.5226412041188649,0.610551761870175,0.8236192015211365,0.881486044551804,0.0893996611626593,0.9755553200127893,0.7158809931169116,0.2485573157164792,0.08546969499921919,0.13980835097020794,0.8506157291973313,0.18502439441448704,0.7929728205482339,0.019398227639579102,0.7848659623047933,0.177256062424056,0.04061871841051967,0.8990982785032862,0.5128788000739853,0.5034336567573032,0.3263050547125522,0.9188549931381974,0.9833749262510076,0.07319757189525844,0.7336381055667153,0.5620994731132994,0.49789618660443147,0.8093070060688684,0.538851772127491,0.3951241083615902,0.672505149010083,0.5188766706981571,0.45075619700258474,3.9039694388862447
