center_0,center_1,center_2,center_3,center_4,center_5,center_6,center_7,center_8,center_9,center_10,center_11,center_12,center_13,center_14,center_15,center_16,center_17,center_18,center_19,center_20,center_21,center_22,center_23,center_24,center_25,center_26,center_27,center_28,center_29,center_30,center_31,center_32,center_33,center_34,center_35,center_36,center_37,center_38,center_39,center_40,radius
0.1360693937311881,0.9071150591363856,0.3008485282229354,0.8288309296843862,0.17830463674329733,0.8534272931134347,0.25789305499255666,0.5339163641806367,0.22774741522124753,0.5859117310955503,0.47921426506261544,0.6890081553257439,0.1884920865019487,0.8434924979696642,0.49602048011183686,0.6258289441421978,0.9801970593869911,0.04801928488303808,0.6076211070078469,0.993210194498797,0.06334863980167948,0.9078744167354429,0.22938289311153337,0.6069218815805437,0.2884432381016966,0.18821582134125636,0.5235855742322498,0.25459674691497525,0.34148858898798573,0.5316436910774774,0.9601316621503713,0.47079568844192743,0.7444623175674299,0.40696409658850996,0.975943864443654,0.8463913005162254,0.7800570036979259,0.7764291689964692,0.47499943290991187,0.8107288959425373,0.7742965553065828,3.302507795268038
0.8883905151909323,0.30396886860079997,0.6808689510469054,0.0071810501782298974,0.8915021170272076,0.3672746153976806,0.8489752880591621,0.8802457925474259,0.30251879935633297,0.0029752573842813934,0.22509813045309535,0.22959711362814317,0.6709428700969252,0.3805720974063874,0.44981809314702115,0.836819546871642,0.24762765705888323,0.7497985401092252,0.960089018576769,0.4285403633399266,0.6907178180979188,0.3749248335355292,0.8633765025581688,0.5256331247158783,0.4000491074518786,0.05207267064671006,0.3847056745029275,0.7031926766083741,0.8003477135749941,0.9508925576228751,0.22320651114037604,0.6605262261486181,0.016887953317255122,0.551821891803275,0.24516284631856355,0.06266440815284657,0.8401519447845108,0.032004101271777774,0.9822172605865331,0.255013863809357,0.07861862393302788,3.4693407279199784
