center_0,center_1,center_2,center_3,center_4,center_5,center_6,center_7,center_8,center_9,center_10,center_11,center_12,center_13,center_14,center_15,center_16,center_17,center_18,center_19,center_20,center_21,center_22,center_23,center_24,center_25,center_26,center_27,center_28,center_29,center_30,center_31,center_32,center_33,center_34,center_35,center_36,center_37,center_38,center_39,center_40,radius
0.04421107447278472,0.21277562425031682,0.4576895103584633,0.03027770316292744,0.9292366315502403,0.4233183840460787,0.5962045116862843,0.22201778233618408,0.6372262679034467,0.9889682896816875,0.8074090596499416,0.9646313063269739,0.0463388915915387,0.5517261639165085,0.15471210540181168,0.19256669808053373,0.9885168212523149,0.8566404633114327,0.9163784708015144,0.18571584198206148,0.6995281003723017,0.6700528507722885,0.09903797283417293,0.09359774800305132,0.3311290311398649,0.4311585446705858,0.40588157788818524,0.9115793437213747,0.7643327953167761,0.8471671358664935,0.2401483650014633,0.37289045889590633,0.1894138069008766,0.28654097531440714,0.715440767125846,0.8841748893118937,0.6966820020461189,0.07322982591532357,0.4501872941396985,0.14836059476211516,0.9952713275321008,3.2259898406289005
0.16739892793568656,0.07021738751233264,0.3344136683379264,0.9714306811641521,0.1339279357470009,0.9991832034279056,0.836546009892542,0.9188017999404959,0.5331871088571741,0.18286020422904503,0.03695300413076752,0.028578460915533954,0.9180854990702987,0.6075443500202634,0.8485151483426183,0.9568565902505395,0.5731996983318882,0.47560972252428757,0.13455638343731224,0.5165508503888719,0.11857072592684226,0.5581378660571865,0.43394317140947436,0.3148224012380153,0.7497495567910512,0.6190563976330591,0.27612586195024547,0.2854792497377757,0.18056674902890946,0.7069026627140831,0.8866980547043917,0.08619455132363274,0.6567740551662389,0.5045252113823243,0.8798356353248538,0.5394946518720883,0.13244567129237894,0.7245218713717065,0.9794672502096105,0.9521591830577131,0.4860355456917619,3.4735034472616664
