center_0,center_1,center_2,center_3,center_4,center_5,center_6,center_7,center_8,center_9,center_10,center_11,center_12,center_13,center_14,center_15,center_16,center_17,center_18,center_19,center_20,center_21,center_22,center_23,center_24,center_25,center_26,center_27,center_28,center_29,center_30,center_31,center_32,center_33,center_34,center_35,center_36,center_37,center_38,center_39,center_40,radius
0.9456470016657674,0.7718288595876824,0.9652165807640228,0.796364191382089,0.4779393493999763,0.9541250114093105,0.3752741936402839,0.5977929024307791,0.9305752735321379,0.15272004638428183,0.7558792533829232,0.25126130407333236,0.20861052703426852,0.6305523863410276,0.11818147726340633,0.4412917198385855,0.5062168191576989,0.4695173326477826,0.09060901845165492,0.8752074887619465,0.7424388995483446,0.452849223735705,0.0678332589048054,0.511144957018075,0.26175718912633616,0.05675188820022292,0.21118678504520783,0.15762606792848188,0.5082937222255668,0.3672416085886383,0.530321679394471,0.3136219522793011,0.9786241558133766,0.7407004528312017,0.466050538526787,0.2343856935748415,0.5740370213885447,0.5689883196067467,0.030032640842541647,0.28294165458046217,0.8535633454752004,3.118618851193708
0.5109961814407733,0.7392952482770198,0.6278570452183435,0.3416135835688622,0.9024242724431653,0.11662975933879893,0.4437306313242836,0.16699276436849508,0.22099067617034407,0.13346364900573526,0.10549041731917408,0.4707113384492426,0.5329931392674618,0.9598752158899253,0.8008264175314791,0.011125151639336806,0.8950299167230794,0.9149071472802156,0.9839297121252736,0.3281476154729934,0.06533075741833616,0.24999262417514356,0.795750627273658,0.04836108956237728,0.5788949409397455,0.8540636693425927,0.3091458538800317,0.6831460598371859,0.6347549620891495,0.42598412189885737,0.08364238579805794,0.1886637183812372,0.7986911284557333,0.01890972581867989,0.059853137346104535,0.921033132958885,0.37821407658983985,0.5896026848078134,0.8084903984740583,0.7004526890428857,0.00791303931979892,3.3515879961044877
