center_0,center_1,center_2,center_3,center_4,center_5,center_6,center_7,center_8,center_9,center_10,center_11,center_12,center_13,center_14,center_15,center_16,center_17,center_18,center_19,center_20,center_21,center_22,center_23,center_24,center_25,center_26,center_27,center_28,center_29,center_30,center_31,center_32,center_33,center_34,center_35,center_36,center_37,center_38,center_39,center_40,radius
0.20106231829974053,0.22839113415413181,0.7036181009842835,0.8297635072525616,0.44534406315299857,0.3980439772730784,0.9959119723740565,0.9341143457098652,0.274701174971565,0.7313128344296838,0.5080304766428312,0.8948562596360171,0.5787166544526002,0.011795517384411536,0.7426240982960819,0.4738768588068114,0.8897805058245712,0.9724085673876939,0.9712422502194656,0.6559070460081811,0.7491139348255986,0.2809442918034918,0.5028079005659193,0.6747864367305884,0.9491748440871131,0.5734719870913711,0.8837522170670693,0.8273997951579014,0.14401834448352624,0.5398191198307454,0.032666469153572075,0.035800565168348064,0.7251781048201785,0.14661875149386416,0.3009136828389747,0.2982115509006992,0.04771759748759441,0.3976921875543893,0.5860770270705167,0.9863491641394603,0.08772438795018644,3.5634352759335197
