center_0,center_1,center_2,center_3,center_4,center_5,center_6,center_7,center_8,center_9,center_10,center_11,center_12,center_13,center_14,center_15,center_16,center_17,center_18,center_19,center_20,center_21,center_22,center_23,center_24,center_25,center_26,center_27,center_28,center_29,center_30,center_31,center_32,center_33,center_34,center_35,center_36,center_37,center_38,center_39,center_40,radius
0.013893689681721,0.6840578275558136,0.5743586559596153,0.36216689402016233,0.5371322968191504,0.9218222598001035,0.9555707315070368,0.8979527313773136,0.338212881056975,0.2170194460523096,0.22030087722976355,0.7906260557959154,0.2901689624664815,0.3467382836219448,0.2618538201273398,0.8671563000432769,0.5490195423180741,0.8375697572903531,0.3618220441632328,0.8826537860446355,0.2855062673442208,0.45448134680152896,0.9854139475734507,0.1902374902368954,0.4904954819855204,0.4297989347115294,0.38367066568832175,0.5088910193786483,0.6965950326602957,0.5541509776097544,0.5346879347873743,0.5395979548932704,0.8554193179145929,0.48242904210894877,0.21827799793217617,0.2861624953946217,0.2850394995545509,0.9784243458821336,0.4025939969816533,0.20216312825832472,0.3800701244093412,3.109889432210697
0.41132568965286564,0.491263433342914,0.5785911559380328,0.9688796334700979,0.4717144449710572,0.10869520443950353,0.09910223219875747,0.12993746146156349,0.8861874318980161,0.733178464562726,0.9704577888182263,0.15233430835708994,0.2532823755553433,0.6451612724628731,0.4884720696784458,0.26608176660334415,0.11735722816609984,0.9601880866076995,0.9926086404473856,0.8442469811545537,0.15153740845184538,0.5667852210380511,0.008963818821298264,0.9997856275542427,0.7142636944201898,0.32643529488448497,0.27258733225691867,0.06875392508438671,0.8327607507097132,0.3493378099079876,0.8666416416703084,0.20876126948307538,0.005737939228381839,0.3608821525249193,0.5510376508512393,0.9979021627802134,0.37082198039811665,0.23278236743706882,0.972879686891041,0.46122439582405594,0.02652207376866189,3.2191427141706863
