center_0,center_1,center_2,center_3,center_4,center_5,center_6,center_7,center_8,center_9,center_10,center_11,center_12,center_13,center_14,center_15,center_16,center_17,center_18,center_19,center_20,center_21,center_22,center_23,center_24,center_25,center_26,center_27,center_28,center_29,center_30,center_31,center_32,center_33,center_34,center_35,center_36,center_37,center_38,center_39,center_40,radius
0.6290418964209942,0.9024054132816395,0.184390198239338,0.19385648998271465,0.6380951232936447,0.30964441109037055,0.28275446814723737,0.4511193994191708,0.6806608364363114,0.7736647574739516,0.1722367702526041,0.8549965661682867,0.02175475176044883,0.49983734374957867,0.4075777695942785,0.3667917062617837,0.4942360873209274,0.22809704249026408,0.7224804894526807,0.9146928684054456,0.872418077781215,0.0534283344808536,0.6743717719279334,0.1457806644166907,0.5161614321202826,0.7802677161386256,0.5300179012397433,0.2042609404056962,0.09607383381766976,0.9464574531310563,0.04780017452272223,0.7077704785772219,0.016539376024953367,0.6249014310342983,0.504486492367077,0.6490249124334178,0.6464514899610793,0.7068553442400001,0.5745460859152255,0.8169093498020114,0.010914878272830775,3.184424204758208
0.5115469254250766,0.130594177218879,0.9422361463945406,0.11472609875784745,0.4524958994267574,0.26077382195687093,0.04555011431896827,0.5313530437091982,0.10530106231449143,0.6523329380742799,0.35005374896862795,0.3589311001228339,0.922177965676255,0.872667646016231,0.3645845524512882,0.07338187471787183,0.9708953696833833,0.041040908852681635,0.0075190182419426765,0.0223841091513568,0.31798400937243076,0.9383846381994702,0.15410269406297228,0.9836822611251045,0.6988854629464276,0.7324249531209049,0.6397115409742667,0.519364747514547,0.9135945429095277,0.8754621189767131,0.988649501253776,0.4663578940504266,0.473128115498586,0.13474966233985908,0.729441432632954,0.04255074596310526,0.5278176900389567,0.4099031164216884,0.9502595097244645,0.5987541629945934,0.9494807951264853,3.3379432364232517
