center_0,center_1,center_2,center_3,center_4,center_5,center_6,center_7,center_8,center_9,center_10,center_11,center_12,center_13,center_14,center_15,center_16,center_17,center_18,center_19,center_20,center_21,center_22,center_23,center_24,center_25,center_26,center_27,center_28,center_29,center_30,center_31,center_32,center_33,center_34,center_35,center_36,center_37,center_38,center_39,center_40,radius
0.021300168844833434,0.3179821972771889,0.8437450230941761,0.22604754236271773,0.04594540762534527,0.4628601565932581,0.9972282028944177,0.5965319692025155,0.673243495893828,0.41865045379424526,0.7307360258576233,0.05668467928907939,0.10322915352316153,0.6289686980700571,0.7918706799822485,0.2258382641762815,0.38270250683181706,0.7191249127750252,0.5173709246040148,0.5962074696860834,0.9124500058135568,0.4898517282416891,0.5335026452647412,0.7061890404466008,0.12356848439865276,0.7104137301271666,0.44730218509931663,0.9632472468381671,0.3681590304287674,0.3465697027958592,0.7756021652061073,0.2959053970743897,0.3890575592162886,0.047303451290126475,0.6815312125936689,0.472164932458768,0.8133421316111427,0.22842235617034168,0.4215988677087229,0.9624127138313389,0.9969291913688051,3.2557083738524506
0.7967090655490137,0.18214231402752978,0.03381782005511824,0.775589422770782,0.9644804761909078,0.24456171044494435,0.05757269468931703,0.9644445349857348,0.06114793725564671,0.4064495269618561,0.3668134969239044,0.9247973190764541,0.4565868182852938,0.7065072122584869,0.1918823671671802,0.6635150797877741,0.8563653708652146,0.3430533220872103,0.05497608008088606,0.17372081895915947,0.6518883289133657,0.7315986030990012,0.7822328133672871,0.9802213149274142,0.0057560855448834936,0.904656127213898,0.7826206432718439,0.11117273891560564,0.32924043402711267,0.1629499153432904,0.2285019670558298,0.8166621647132177,0.16328128510638018,0.9679834131858666,0.4648774109367314,0.2012543309224505,0.08084851775984259,0.24247959750722559,0.20009158447259545,0.021781983677846894,0.5221553853274489,3.1537143383478203
