center_0,center_1,center_2,center_3,center_4,center_5,center_6,center_7,center_8,center_9,center_10,center_11,center_12,center_13,center_14,center_15,center_16,center_17,center_18,center_19,center_20,center_21,center_22,center_23,center_24,center_25,center_26,center_27,center_28,center_29,center_30,center_31,center_32,center_33,center_34,center_35,center_36,center_37,center_38,center_39,center_40,radius
0.15985445091473138,0.2873008484247118,0.7729260251607127,0.9206865024097171,0.6202725434178942,0.6987111384454172,0.6149634595657122,0.730801370149568,0.6301963131281854,0.6299338997388516,0.09137047602273451,0.6448717435858923,0.6758600435034208,0.7889509557655924,0.1475429754249975,0.4483292405986128,0.6417537175255343,0.7214528388925332,0.03195933406901841,0.6469287646531786,0.9030864779884337,0.2839394219800486,0.406931146894875,0.9337899659522221,0.1619752155362041,0.21443166495095622,0.0378085446044677,0.09905125931377212,0.43722056650310104,0.6778715620038902,0.6415171432049894,0.8691198290616886,0.17310798902808455,0.4979035651234006,0.37363819594728964,0.5434990731863031,0.8970160645258153,0.880365624456149,0.3961116886544439,0.656315423453413,0.9919697621883956,3.3867049200385
