center_0,center_1,center_2,center_3,center_4,center_5,center_6,center_7,center_8,center_9,center_10,center_11,center_12,center_13,center_14,center_15,center_16,center_17,center_18,center_19,center_20,center_21,center_22,center_23,center_24,center_25,center_26,center_27,center_28,center_29,center_30,center_31,center_32,center_33,center_34,center_35,center_36,center_37,center_38,center_39,center_40,radius
0.8090642783752136,0.8045270651044794,0.9819206731041674,0.3665432092134251,0.9750022655492111,0.3193048361430293,0.9325307938283401,0.41624619636791615,0.30796315916281025,0.2526421645447523,0.8852482548410623,0.6068522567430286,0.1229972089509298,0.9006476624569658,0.8483097648984655,0.1702104587949369,0.5720840290664846,0.17417963690368488,0.5611206299335717,0.6476521616906704,0.01701392276366287,0.575099733237299,0.8356643956019717,0.7013162238163582,0.43952217958887296,0.7326857827857982,0.017878551541523735,0.9483847706446251,0.6701600622475563,0.5167592693510618,0.13605977759580956,0.7278985222921325,0.14091349125387787,0.6459102878220112,0.2623487921358224,0.9671262050391407,0.1653814975869673,0.6972580908753551,0.874830863364273,0.6623912702578593,0.49235223973136766,3.314403048537626
0.25722180991206556,0.38337800079923634,0.2697297937151035,0.6826429056958428,0.038936783215503645,0.972063687124458,0.08027401101715348,0.12710220023158003,0.753302193543367,0.4290324017855973,0.24090281667800284,0.46184017502914054,0.9499187268393016,0.013381620706183539,0.2139736407525259,0.624080059698303,0.4486961200477906,0.9897207486479165,0.11285904859826956,0.79817498095156,0.8208644400535372,0.039486724504093296,0.20842035501994027,0.6611013520293973,0.014316502974058065,0.1721026643617839,0.5600564243168723,0.4730371617797311,0.21377524166462825,0.23968515206469088,0.2675445819707193,0.3331129603418239,0.988490939025256,0.7523689720482793,0.46472722191927274,0.4217131437925379,0.8115927514201807,0.8789965586240975,0.6028624764499552,0.5165543806898263,0.0738422055536958,3.117318102470048
