center_0,center_1,center_2,center_3,center_4,center_5,center_6,center_7,center_8,center_9,center_10,center_11,center_12,center_13,center_14,center_15,center_16,center_17,center_18,center_19,center_20,center_21,center_22,center_23,center_24,center_25,center_26,center_27,center_28,center_29,center_30,center_31,center_32,center_33,center_34,center_35,center_36,center_37,center_38,center_39,center_40,radius
0.30737433912610757,0.6014077409645492,0.9967068636044859,0.1741279664172265,0.8456100440556316,0.03645905972187502,0.25658656665604906,0.20909475668578548,0.0987277914333421,0.5113179838758074,0.6561757066026779,0.15122770244810357,0.5644644432378827,0.5908425795315067,0.4330977155662413,0.8224042458015802,0.19293626585386847,0.06224334945664145,0.39508382861156566,0.2808541480409322,0.9362266168309914,0.5947296646627366,0.102683051213873,0.812519138007387,0.4437401344952351,0.10091833122482874,0.40930281934075163,0.017889501777362593,0.6244640354973416,0.7098833549308675,0.7698714057158679,0.6405095383263664,0.6871622347685344,0.5271684125372493,0.1041263341178148,0.6052185208134058,0.8129618436791212,0.06831125275117345,0.689592340452459,0.3719197508332668,0.92198848087472,3.05853153271404
0.7735199489662774,0.9695152954550602,0.0008447185997902951,0.411397992334263,0.3738566043197452,0.8361209711494503,0.1853909949864544,0.9675344912777958,0.9443587649789263,0.3635343363178226,0.6899591686437777,0.6992851680243206,0.08542857712558727,0.9230057592477446,0.7304853352881147,0.9446147821089684,0.2643816718597234,0.21186099262998725,0.2476366973994658,0.9144572188745843,0.02016024861709864,0.3345746999825848,0.40327134287962285,0.320474373645961,0.8596882604568461,0.04624530456817677,0.8266093426508284,0.9412246787725487,0.7753726232954924,0.2277154354021168,0.8389419919509735,0.5912725684473087,0.3349876516447814,0.43609021717293484,0.8298291346076532,0.9741666268630883,0.811546425095114,0.8336214918654345,0.0058405238437491125,0.837667936045731,0.4553553527402522,3.4602802672651607
