center_0,center_1,center_2,center_3,center_4,center_5,center_6,center_7,center_8,center_9,center_10,center_11,center_12,center_13,center_14,center_15,center_16,center_17,center_18,center_19,center_20,center_21,center_22,center_23,center_24,center_25,center_26,center_27,center_28,center_29,center_30,center_31,center_32,center_33,center_34,center_35,center_36,center_37,center_38,center_39,center_40,radius
0.7997455841512039,0.4137969872369074,0.12013515023337995,0.4759049247857585,0.771329731008633,0.9930853153218641,0.5144454971649827,0.8873136344030776,0.5703184452315871,0.274776385562012,0.8491102722535521,0.41099346337232256,0.34035812540657306,0.7870404958075353,0.8906737502846641,0.6034175927279289,0.6933410620674888,0.7891203492742224,0.7883944282767977,0.08297956656154548,0.6923159186495895,0.88466762583409,0.11086594417487339,0.5189752847581435,0.23575766303703494,0.42897681570681523,0.6077072376664443,0.6584014219196594,0.5883397193885284,0.07778651910363876,0.23127089299062153,0.6764771386565296,0.8999085750667524,0.20622984277019119,0.1188184429657243,0.6589450262320236,0.32325087181258194,0.35110504030674217,0.30347176457990344,0.22797727519500255,0.008115137200573552,3.4963589638123365
