center_0,center_1,center_2,center_3,center_4,center_5,center_6,center_7,center_8,center_9,center_10,center_11,center_12,center_13,center_14,center_15,center_16,center_17,center_18,center_19,center_20,center_21,center_22,center_23,center_24,center_25,center_26,center_27,center_28,center_29,center_30,center_31,center_32,center_33,center_34,center_35,center_36,center_37,center_38,center_39,center_40,radius
0.7476849685034221,0.7384423105488039,0.29791690981301566,0.2191863506361561,0.8710184014796585,0.13549329393282472,0.6460361233088544,0.8527522430132966,0.13754442685696877,0.11996101204369214,0.6516672559737341,0.4810452584236735,0.38193403849852203,0.26130772031648264,0.45132669893038857,0.326824824339503,0.4177689508808333,0.46786647271943693,0.26449672830462045,0.37321045195410485,0.16177448798051253,0.8961368791460761,0.561374746988284,0.881110064721139,0.7620610989574025,0.3651678580779244,0.12481962918329048,0.6555907045318364,0.24958092082263983,0.1094742111609841,0.5404580875620869,0.9095985129134551,0.9912440754502508,0.31224043653624345,0.6569072800304229,0.7640884342545925,0.15440084894568418,0.16865557914137252,0.22366880193761296,0.27356657507874327,0.7724622297765034,3.056830998987575
0.22605505058166708,0.5636896677815969,0.963163806627599,0.9534073078004547,0.21649317343451469,0.784142156509705,0.06946923671990135,0.7733718451061087,0.6450589194023333,0.2704089945498538,0.36888989609445555,0.5598174699163802,0.3574258194772414,0.7725274412759989,0.8520905826845043,0.967298064418812,0.31398353085466835,0.05955803011590399,0.5722855290979809,0.45598285454014376,0.6491801105981028,0.9566543833405006,0.9603520465607573,0.17518541638585317,0.39604541629091283,0.9171837143974506,0.927720105294788,0.2281764688891763,0.6146209826074354,0.6519583165778867,0.002759264723865118,0.014926780948293139,0.6719953750272211,0.3722593902474627,0.5712434511825109,0.9864714991823206,0.4585558037898051,0.735929338545396,0.7964535904071443,0.7757763210397557,0.018536273663015912,3.346004366546317
