center_0,center_1,center_2,center_3,center_4,center_5,center_6,center_7,center_8,center_9,center_10,center_11,center_12,center_13,center_14,center_15,center_16,center_17,center_18,center_19,center_20,center_21,center_22,center_23,center_24,center_25,center_26,center_27,center_28,center_29,center_30,center_31,center_32,center_33,center_34,center_35,center_36,center_37,center_38,center_39,center_40,radius
0.5251413059042858,0.9915923432788071,0.21421865671643736,0.5445022573132108,0.5672400878550852,0.547956256653882,0.3273255627145286,0.045148533711489636,0.8905051890462011,0.23194893838108066,0.06190161229498192,0.899796427723587,0.17258442606903923,0.8544972750329347,0.8093166778841998,0.8331502036453573,0.18420927757779137,0.8925579732560046,0.23715406344961054,0.692087456849412,0.638176627924839,0.08312192992358136,0.45749878762578244,0.7064477142645739,0.4387917369821831,0.9178784292803118,0.29838062862266534,0.31192649129808636,0.16741230598006018,0.691573394518791,0.0143210702576404,0.24499620306520986,0.9940975455362981,0.7780510809178258,0.4781601328574583,0.03799212284235742,0.8301641194091993,0.22966558193488096,0.9457727004197398,0.3781721241074072,0.5438893029398981,3.13460726552751
0.23091364870223785,0.22906134824437763,0.7820502597547749,0.480754545248837,0.7529615852996991,0.5068340199912627,0.9875583442981625,0.7157694289874414,0.4768809987458694,0.21102342485995362,0.8359686381042654,0.1288395115977149,0.5488630758940632,0.7141494826370492,0.1003597092128039,0.718974258202705,0.2358032393312165,0.49147059143321414,0.6495923999744726,0.5420976106452273,0.685037324245438,0.983511960781433,0.7365126055748232,0.37133585515373124,0.49770894909899865,0.2930756119041503,0.24774705361396676,0.645763444439351,0.7731516884736128,0.2413233558899993,0.7307222331553986,0.8850547663194555,0.5283624783695923,0.19313546017191685,0.9376083689073785,0.9161587740119626,0.33941809323472394,0.961137671146605,0.47741915451160044,0.8520501086177062,0.6734285299568253,3.484976321017115
