center_0,center_1,center_2,center_3,center_4,center_5,center_6,center_7,center_8,center_9,center_10,center_11,center_12,center_13,center_14,center_15,center_16,center_17,center_18,center_19,center_20,center_21,center_22,center_23,center_24,center_25,center_26,center_27,center_28,center_29,center_30,center_31,center_32,center_33,center_34,center_35,center_36,center_37,center_38,center_39,center_40,radius
0.26740744125021687,0.06026196388680638,0.6577855067370088,0.4576421323190317,0.9225295467143113,0.9416525107231349,0.9677373016395598,0.47867328318516233,0.1435299193088162,0.9045144394282767,0.7113346037723737,0.015133006066297083,0.34700516606896104,0.4390642175163991,0.3847811331404052,0.26818623101867756,0.5714877534451512,0.17354805768779957,0.7976998617393655,0.7381300074985517,0.12536712094567581,0.23718346232198229,0.6486815442094002,0.6317186468344891,0.92085173214508,0.038631483681427436,0.37329876808593176,0.5866894508014819,0.8271726390585377,0.8108752020487097,0.16465622801179536,0.8807029065023675,0.6365722001948789,0.23670919794039857,0.09086264401161148,0.6728271794241123,0.20312188647670326,0.6826013043816938,0.5754716112042563,0.6430333147783656,0.48537918501150645,3.2613246854101017
0.9947899070555838,0.76185680989185,0.2679472567057901,0.8279437900023955,0.2609569640035896,0.12587881081020635,0.15922541597084605,0.9635494009967472,0.0859990823946114,0.9328680662254711,0.7914051363866704,0.7702765361539208,0.5016164376751381,0.39820459852352497,0.7445603604679296,0.988533607778563,0.5803066323616349,0.05897635529047962,0.08726852405357344,0.09401735640120179,0.5493346692795296,0.7284955833410223,0.2964229452802547,0.0924171247777632,0.08808235710919654,0.969633064888756,0.0096966164062402,0.9192283398852166,0.118859502944055,0.03456264286127719,0.18627561339078347,0.12199744357962583,0.4907400727781961,0.6358660520543835,0.5914941890677888,0.5632913883138484,0.7041785041832754,0.23809480130181704,0.9330230258766692,0.6433853439599839,0.6782210322629587,3.2668456079159904
