center_0,center_1,center_2,center_3,center_4,center_5,center_6,center_7,center_8,center_9,center_10,center_11,center_12,center_13,center_14,center_15,center_16,center_17,center_18,center_19,center_20,center_21,center_22,center_23,center_24,center_25,center_26,center_27,center_28,center_29,center_30,center_31,center_32,center_33,center_34,center_35,center_36,center_37,center_38,center_39,center_40,radius
0.6485656475315549,0.3734789188164528,0.29277018914810327,0.7063871644750315,0.769821289610039,0.7975147207096329,0.7837737052132394,0.6807590148398264,0.25672891922750896,0.10904637505437587,0.7314866601153763,0.4569202410142794,0.8897445349987179,0.9142369926129329,0.6158970334509692,0.393162766969964,0.9316803016788731,0.5163251764292291,0.4451953315098933,0.18255613968454854,0.8263935565042976,0.01233752839693747,0.4310313718428287,0.6974101624675422,0.9045845078404946,0.8839806751606409,0.18112254953213258,0.802790441051614,0.2609497086686424,0.5075383773741811,0.6000677712582991,0.1631966888947992,0.7071701706276006,0.8562272857844839,0.7853651103470548,0.0067911903246793415,0.7919739272660672,0.27259294955157565,0.3387517911835658,0.48266666294431293,0.025694764737193676,3.4719434882090177
