center_0,center_1,center_2,center_3,center_4,center_5,center_6,center_7,center_8,center_9,center_10,center_11,center_12,center_13,center_14,center_15,center_16,center_17,center_18,center_19,center_20,center_21,center_22,center_23,center_24,center_25,center_26,center_27,center_28,center_29,center_30,center_31,center_32,center_33,center_34,center_35,center_36,center_37,center_38,center_39,center_40,radius
0.3405010412967846,0.6288431487877202,0.9958724110503053,0.6295064073675141,0.5158562635412259,0.6629922337274906,0.9535662250235649,0.16171792719573708,0.1730647938944332,0.3747879527564215,0.5465864749698477,0.01531337085300033,0.585358642644761,0.10162504409989181,0.5148698877306359,0.7024262262243341,0.9743342796633787,0.523432966723944,0.4134465052132952,0.17074985329456793,0.02649809366258693,0.09863963647341822,0.6078025935516512,0.4930160787474053,0.4295675391176863,0.5209085806805435,0.80716503748818,0.08638391177370286,0.4795527740790273,0.6177485720548813,0.8866588974123112,0.7643847502567783,0.8591392392136876,0.2642925684765274,0.8533465691644466,0.3237289626588761,0.9870710139732695,0.1377982791797262,0.12794345535226503,0.5249335219410689,0.674958079423299,3.203812114830862
0.030117032700742286,0.8481114104147133,0.2741484801482357,0.8873920786763435,0.8913715293422098,0.07123253130301388,0.6091221149152377,0.9841910441151581,0.8699597663722903,0.9898766985322143,0.1456029969856325,0.955231435805997,0.2874507116707484,0.18032580500622652,0.22645261602329836,0.6918301335817053,0.2872432760652399,0.2550738337692262,0.8513231264382987,0.28725003549111217,0.9393812503766826,0.8322859757114541,0.2577559662946204,0.8508176079734348,0.42312013383733416,0.1435814466427494,0.19142319215733516,0.6419379613674177,0.24400586822597226,0.14541778033977792,0.23400730900750266,0.4281068919117247,0.9672139297375401,0.5762067570666812,0.09975092868433966,0.680458901540863,0.006821958796093597,0.639437125884002,0.397628773091638,0.3180539476164286,0.33864352366001793,3.1361482831591307
