center_0,center_1,center_2,center_3,center_4,center_5,center_6,center_7,center_8,center_9,center_10,center_11,center_12,center_13,center_14,center_15,center_16,center_17,center_18,center_19,center_20,center_21,center_22,center_23,center_24,center_25,center_26,center_27,center_28,center_29,center_30,center_31,center_32,center_33,center_34,center_35,center_36,center_37,center_38,center_39,center_40,radius
0.7279281532988148,0.3633690331821462,0.7810812237675928,0.055242548551606374,0.1656446460691542,0.4049697830422988,0.21125054726850057,0.25136057490580666,0.12044315949806517,0.5658804386232463,0.7382486597818873,0.9368436398905405,0.3819872474048086,0.7857673786872752,0.873254179717031,0.23608596173314877,0.13819012626927019,0.33661817132886895,0.8026782365375554,0.9966618782165871,0.9696855410739396,0.23090019143047402,0.4461198187931191,0.09944426040673737,0.41556134311533377,0.3430430476818572,0.5810002401988212,0.6719256526384333,0.21178061205532195,0.4198282795998798,0.005397963674761752,0.9415443895333337,0.003518062315060022,0.9957831512800995,0.24695485348173407,0.8136050713174868,0.6792190593768974,0.71464207705096,0.6590376329739641,0.3014763856752669,0.28539047634530035,3.0773161712284165
0.5177632150548717,0.37382186544296336,0.32061012110757225,0.17309059164834018,0.2772653374787851,0.015959385529873416,0.08762025553438046,0.7602697586288908,0.99565037459985,0.9358370318988,0.5501280321113592,0.05211454264859405,0.2070662945717634,0.801091233723368,0.12909746980410752,0.9498514076908151,0.30253176825555894,0.706045866749343,0.7810104302788112,0.12107346435241251,0.5344029895913892,0.4490523516211007,0.3104735577739295,0.837752090373705,0.44360582353934197,0.8613880980116035,0.2252306648897342,0.31770876150382,0.6489713633828332,0.9210696388981534,0.9894395670750367,0.13930505814135563,0.7213363356119469,0.9526415537990525,0.998544510291747,0.24761333220675097,0.9890444105180002,0.9355209199998421,0.47682835262602297,0.33225905120488897,0.778052448193912,3.5272058660864274
