center_0,center_1,center_2,center_3,center_4,center_5,center_6,center_7,center_8,center_9,center_10,center_11,center_12,center_13,center_14,center_15,center_16,center_17,center_18,center_19,center_20,center_21,center_22,center_23,center_24,center_25,center_26,center_27,center_28,center_29,center_30,center_31,center_32,center_33,center_34,center_35,center_36,center_37,center_38,center_39,center_40,radius
0.2887333951090775,0.6726238467819545,0.8606535502606932,0.6729884127284965,0.4060720409455916,0.48378157134505073,0.23227110662023465,0.8245798537959377,0.5282312863579943,0.4817139434334048,0.7380209666007761,0.4288616778272665,0.8725043037295546,0.89610305499708,0.6727448909785084,0.6883964620884594,0.25615929446737173,0.42604703401093214,0.8286759696538585,0.9794989060968932,0.4327375647233972,0.6560489274811805,0.5149793690252601,0.940136962623183,0.18374466834270575,0.10353347560510195,0.03513052788066695,0.09709526573520255,0.7833444172942198,0.992501689888278,0.3460761320248419,0.6332596067424717,0.23303069398268994,0.6490067813040084,0.18344494643462594,0.5544453577374722,0.5631254098040409,0.7748240266747825,0.7739445892790372,0.30998230348483924,0.37519833493866006,3.367174269792336
