center_0,center_1,center_2,center_3,center_4,center_5,center_6,center_7,center_8,center_9,center_10,center_11,center_12,center_13,center_14,center_15,center_16,center_17,center_18,center_19,center_20,center_21,center_22,center_23,center_24,center_25,center_26,center_27,center_28,center_29,center_30,center_31,center_32,center_33,center_34,center_35,center_36,center_37,center_38,center_39,center_40,radius
0.8745160010838242,0.7680390212450556,0.13935845165185368,0.2797522966079947,0.8786659673443185,0.296288185947729,0.910206177435639,0.47410179972303745,0.5945172882585245,0.41535290566979555,0.5874301127001644,0.14300628615929745,0.3222580530277097,0.9301048152901407,0.8585486661962665,0.5108564207062946,0.060790599044873495,0.8019551992961413,0.9194161080935841,0.1374344055404152,0.7727158701643915,0.05030210118607292,0.3281493074699474,0.4223217860081082,0.4343542009711263,0.6149510760136011,0.5022414913062537,0.6027255067972,0.8349988872168733,0.30314939353308135,0.8496940609789443,0.01917936885912208,0.7907031871076187,0.40897826788270175,0.8096492323319521,0.3059847873132626,0.909611134347468,0.9711056261585135,0.4405289103070157,0.20615700819866256,0.3197705096227661,3.336039520358561
0.14951992464691977,0.2848330480427138,0.3433976312074225,0.8255872466775784,0.10579048385066114,0.8205320295738074,0.029583284371298313,0.027383640344475935,0.5439681600014922,0.4647066689321462,0.002209103962293568,0.5720480906796555,0.9707963983799975,0.7403298217269904,0.4811823525830482,0.45162893860501696,0.9918770881145469,0.024395775896960292,0.1137679583636364,0.6818422260638635,0.26546750626018,0.7972202950293451,0.21665778074686404,0.9730454231582757,0.019542133760991343,0.5549319721894852,0.4757148829113568,0.20199344937908226,0.4356803721365293,0.9458434525343661,0.0020645087602793044,0.8851838007878079,0.4811441436703334,0.8761295422981222,0.9088364933453508,0.46743376264885816,0.3730405356990033,0.3465497763488242,0.7789311799650102,0.7215336317377471,0.6438581182451747,3.116862990575296
