center_0,center_1,center_2,center_3,center_4,center_5,center_6,center_7,center_8,center_9,center_10,center_11,center_12,center_13,center_14,center_15,center_16,center_17,center_18,center_19,center_20,center_21,center_22,center_23,center_24,center_25,center_26,center_27,center_28,center_29,center_30,center_31,center_32,center_33,center_34,center_35,center_36,center_37,center_38,center_39,center_40,radius
0.4700659031477217,0.2820184620772136,0.11107779269604534,0.6629333687374214,0.05288270053731947,0.46231544374783573,0.05340765067289566,0.7963352139202182,0.42543145689390427,0.287767252210667,0.8862703899576008,0.148589202641789,0.19223846983082749,0.13596084914435502,0.5231259233708728,0.18201176623644022,0.8607421502510239,0.5588000070875903,0.1879561470262996,0.3394879207820244,0.8903086732143208,0.30127710779714323,0.6658275126858593,0.5765061996498086,0.5325221016614481,0.638487811106954,0.2925104086901573,0.859922159054264,0.30186700362491714,0.785285823805803,0.7528581516780645,0.053851941393671,0.891555297886106,0.005720268928592009,0.9135911236640192,0.361044139003436,0.055152158656710415,0.6949330701293057,0.10792023771472359,0.0671835124341974,0.7319510112382831,2.974679352693969
0.28757335053530664,0.1077949322466234,0.35869295504094756,0.5556459201676641,0.6313981481153741,0.805453686671079,0.9204921533722672,0.39973833011695237,0.32814683949014,0.492034708860982,0.4102812338853187,0.9260846355312904,0.7943313780801029,0.9548497714027231,0.42373695976004033,0.12912070761868677,0.3026373198410338,0.7807867524421115,0.696539083374099,0.02740113102470132,0.7158692157649423,0.9618252306926304,0.1636438014510464,0.9025641003607197,0.3195056977101356,0.5376512591531961,0.7478299022992603,0.9384399506429851,0.960921164519614,0.5138549626402452,0.2724868864213499,0.6745193711034252,0.48729077587895064,0.7914272098083054,0.8251053103180047,0.11452763953364475,0.7427641128255762,0.14111600141673353,0.6840881244040488,0.9667247651358034,0.6846347977986611,3.307009078306947
