center_0,center_1,center_2,center_3,center_4,center_5,center_6,center_7,center_8,center_9,center_10,center_11,center_12,center_13,center_14,center_15,center_16,center_17,center_18,center_19,center_20,center_21,center_22,center_23,center_24,center_25,center_26,center_27,center_28,center_29,center_30,center_31,center_32,center_33,center_34,center_35,center_36,center_37,center_38,center_39,center_40,radius
0.049915645920178386,0.496110441513245,0.9428032840411813,0.8821604560541584,0.4006982971209573,0.5324091676068413,0.15538302797459835,0.2476939293779885,0.7390583791046256,0.696286989821388,0.24698197821214274,0.41332980929130614,0.7705943202160432,0.23640030966361758,0.26938487807127776,0.5944644607201438,0.8915997736143074,0.3516641387466891,0.2822080911906688,0.42146574170439066,0.1423433593746013,0.8671959827972141,0.3759048355991955,0.765878109075537,0.2190681025797676,0.9338959072405139,0.14918733677193663,0.34472450438082125,0.1448754900599486,0.9292910636465135,0.6951086950122424,0.25606240651786993,0.58646462888578,0.6625866615969294,0.18313303327825614,0.5234744932317004,0.7067858229111742,0.1318023744632021,0.19138732205697817,0.6154284035200781,0.9718269228163531,2.9532459741999633
0.8774222219861975,0.7407055662204851,0.9890529457248436,0.11749222525190228,0.049994285498623725,0.9569045357489415,0.8823091544625065,0.9872421284911812,0.9126689738737936,0.24487881305007486,0.8673780271738867,0.931379930807769,0.01637014791533098,0.19867568302707472,0.2398782178919393,0.9866895845797711,0.2744695760181598,0.6415206009964874,0.9072314689483212,0.12636216307923565,0.891663428020174,0.895641668725458,0.7895529292699291,0.8259455876809642,0.05073297064259552,0.23239257436444705,0.2366719710510038,0.7615193713370183,0.3138108624324589,0.32241108158329224,0.34875361114857006,0.9586352482478514,0.4533055382580955,0.5977702096489101,0.31011802650405074,0.11202611694707154,0.26889328487617936,0.37772128973289587,0.7302451957960643,0.05565094470648435,0.9419232386803283,3.548999100065084
