center_0,center_1,center_2,center_3,center_4,center_5,center_6,center_7,center_8,center_9,center_10,center_11,center_12,center_13,center_14,center_15,center_16,center_17,center_18,center_19,center_20,center_21,center_22,center_23,center_24,center_25,center_26,center_27,center_28,center_29,center_30,center_31,center_32,center_33,center_34,center_35,center_36,center_37,center_38,center_39,center_40,radius
0.2999995510139708,0.6063761354274921,0.7088075805608031,0.40066760237273313,0.13576193380334822,0.6646169242511863,0.06507624163929004,0.546999929545108,0.9814668931446848,0.36936796120043847,0.11189307993277942,0.781503867452947,0.7505866910802929,0.6539700056766231,0.8234873133736825,0.10328799791016263,0.20743995549726724,0.1924547375019955,0.5506354757129067,0.10553662773466843,0.19487608651118926,0.5992505721852767,0.5442398584705829,0.3072405373959779,0.0599451499116479,0.7814697823057406,0.10265962993493516,0.649608923549222,0.30416326550705775,0.6548074884932128,0.7792667247189841,0.6689834142056873,0.9181468380969212,0.333265744851971,0.9143689774641601,0.15966940738570157,0.13633267671701177,0.4813138218279137,0.7520688501376124,0.5599734936095935,0.41351797541845947,3.0468589199895972
0.9729295597891466,0.38940525550382366,0.8835906586603265,0.7630053834323595,0.5549199722218853,0.13834027572872898,0.7483456591965757,0.6040529216696852,0.5601634479730286,0.6026941240309992,0.5392255391156068,0.25075850296422175,0.0038494718676818085,0.38581270144272084,0.8573135446809736,0.8435967991628047,0.8777626760735893,0.4604637347249203,0.06291826875012452,0.8762026569057567,0.06779394572093578,0.0979630372147372,0.6387027644180507,0.07099312475080355,0.5400246360936851,0.13970837338243525,0.8897839260847628,0.1288828924355584,0.7949995643727994,0.1316855345285175,0.0061862071309166655,0.6312393516466512,0.10382200951869669,0.7979676403529411,0.8838154447500386,0.5613806355004407,0.8550826775092651,0.47124585830480303,0.6010109670291338,0.2493064385272622,0.5754103475528832,3.365880484725831
