center_0,center_1,center_2,center_3,center_4,center_5,center_6,center_7,center_8,center_9,center_10,center_11,center_12,center_13,center_14,center_15,center_16,center_17,center_18,center_19,center_20,center_21,center_22,center_23,center_24,center_25,center_26,center_27,center_28,center_29,center_30,center_31,center_32,center_33,center_34,center_35,center_36,center_37,center_38,center_39,center_40,radius
0.5218320336842817,0.8661502832866306,0.3466853585158908,0.70801451325717,0.06711078910349377,0.6721294886408115,0.073589045435135,0.961716479871577,0.14821356780997785,0.5822352477406283,0.7112470848083697,0.31263938395612356,0.00746420873553022,0.5058017590677358,0.14908854012803796,0.5307497618468037,0.3180792134648609,0.9134685790472955,0.0360840306872553,0.7390128329772947,0.8465951081304678,0.6881945566420368,0.5814128264043205,0.8506323560778296,0.7725428871087047,0.48916496053533354,0.20773515310627777,0.8355903117510483,0.3258106557746193,0.35595012530646775,0.48641454279230234,0.41848615855874916,0.9421565788273665,0.33194688858244303,0.38004362704898387,0.8167645484274422,0.5641419287606418,0.8187400860844306,0.6111803991266751,0.7869780763900184,0.9991193725911258,3.423204234053823
