center_0,center_1,center_2,center_3,center_4,center_5,center_6,center_7,center_8,center_9,center_10,center_11,center_12,center_13,center_14,center_15,center_16,center_17,center_18,center_19,center_20,center_21,center_22,center_23,center_24,center_25,center_26,center_27,center_28,center_29,center_30,center_31,center_32,center_33,center_34,center_35,center_36,center_37,center_38,center_39,center_40,radius
0.16760905038591745,0.6902976117242651,0.701552317611803,0.22610178720403007,0.07359461450166038,0.043077519665774444,0.7587478417435324,0.9504973659443631,0.1675510559974931,0.16551601406296712,0.09657332118971074,0.5881400822143874,0.7594998027150853,0.8849917342044554,0.41985001294125845,0.6203544138125674,0.0790408970456109,0.4481738396784197,0.09642336118747208,0.6287456150519386,0.6784468849610727,0.9349439227186395,0.2803669570692101,0.8536004448041294,0.5023197825624159,0.6973481285073806,0.12203069840300829,0.2934811811571091,0.1892165305115998,0.9751518100955372,0.3189530881188051,0.4830359263145795,0.45872970928180423,0.21783289803591788,0.3185772479090806,0.1624784139817953,0.3113952134094309,0.6150571566469923,0.1161279979295573,0.1252224560153541,0.9437051602193826,2.921714216406025
0.35964114292701577,0.28164504318440287,0.9529919645181378,0.6649162936154788,0.41758682788480694,0.3762399120305029,0.052049711453105996,0.6604139631086048,0.7673985687478098,0.8659481006446819,0.984230908868251,0.7066601930884222,0.9228774696491795,0.5466992141822608,0.16139680027672276,0.7099030365337536,0.8665658998599882,0.7653097644155344,0.24087874241221952,0.6729703864296633,0.6243988900720437,0.24756170724360305,0.8196402786370761,0.26481305569642777,0.6723409304425945,0.7549401303443111,0.8724238563598046,0.3872451676203106,0.7448511377286523,0.06003665090844612,0.5910681263360339,0.6635988401741126,0.5888090778552044,0.8075238078931117,0.3836666044164514,0.03259618497814132,0.6400376610332805,0.29563113377245753,0.5393670184707662,0.8402261125115317,0.014229595095186287,3.2830124739282907
