center_0,center_1,center_2,center_3,center_4,center_5,center_6,center_7,center_8,center_9,center_10,center_11,center_12,center_13,center_14,center_15,center_16,center_17,center_18,center_19,center_20,center_21,center_22,center_23,center_24,center_25,center_26,center_27,center_28,center_29,center_30,center_31,center_32,center_33,center_34,center_35,center_36,center_37,center_38,center_39,center_40,radius
0.694414066662789,0.6083591562863456,0.4262780643143579,0.4555638867490611,0.8790374904846235,0.43944054563311863,0.017701502381439527,0.12957873573734857,0.15985817241967182,0.01815665655405463,0.29239066621194987,0.9379294385207667,0.6992408448793761,0.6686359653697295,0.2181728937142564,0.6883243388866966,0.06418077441120107,0.10602308027312402,0.1272073723411299,0.8303488144538115,0.8160542779446414,0.7848492565148865,0.050067262275880986,0.3402227753447502,0.680457536946542,0.947920006408181,0.12494693482720498,0.24597368024865296,0.5586224283064177,0.16104668702391567,0.6399610450216406,0.09387758272376012,0.017428382394177655,0.0657863822810707,0.28041533845039646,0.7421122975141593,0.0474707072153886,0.5011746643499845,0.07661797729784992,0.8512346663753766,0.42674550412621204,3.124646887593958
0.6313402050217284,0.2008131958543128,0.08102445518836254,0.0719227093971605,0.32754583087760103,0.4741928277257439,0.7351202811110207,0.5271735673470564,0.13220518831601757,0.9553270232980795,0.5056904784423352,0.20518595080896418,0.6726218619702096,0.3940918895376272,0.9359505392076806,0.3786112090801965,0.4274186088763111,0.5320974778747923,0.7844773645304935,0.6973154025026288,0.27190764859308725,0.7622152776053969,0.9960733551336233,0.6536191148016866,0.10380780708148529,0.22560251223545258,0.5660869903947623,0.11102430829095966,0.038359151449188444,0.8268198955040709,0.43774430797028374,0.10748858573525166,0.5984088112843147,0.49613353089207346,0.8029449935289312,0.6635105572685858,0.3788706479635673,0.2608596121977348,0.9169210720460086,0.03974341669628423,0.9757355795090219,3.6685496965761835
