center_0,center_1,center_2,center_3,center_4,center_5,center_6,center_7,center_8,center_9,center_10,center_11,center_12,center_13,center_14,center_15,center_16,center_17,center_18,center_19,center_20,center_21,center_22,center_23,center_24,center_25,center_26,center_27,center_28,center_29,center_30,center_31,center_32,center_33,center_34,center_35,center_36,center_37,center_38,center_39,center_40,radius
0.12555072569005032,0.7093395679827348,0.4904507300275932,0.07417054308857196,0.988185385532977,0.8773668027007399,0.8859820518546286,0.6351634113222496,0.3859981191141173,0.04005802610746101,0.354577093886178,0.6772669701379109,0.20793028987029827,0.30812407521087026,0.8262111677905385,0.5406392592559073,0.6954002220731581,0.9251493247627285,0.09128857252143041,0.9203736965557497,0.660570033157917,0.9655238133790771,0.9060257486635634,0.39145494405018944,0.7584209902843428,0.9863829077315291,0.04613050747050185,0.27834322797053235,0.44731138380704283,0.5468801453064088,0.7439166350798427,0.6548895233198881,0.8069031123168193,0.5080072849404332,0.7717011488456994,0.3273318578706944,0.7542534600013149,0.575969262886658,0.38155134236161803,0.5784676805412093,0.7677487059241421,3.574678720612873
