center_0,center_1,center_2,center_3,center_4,center_5,center_6,center_7,center_8,center_9,center_10,center_11,center_12,center_13,center_14,center_15,center_16,center_17,center_18,center_19,center_20,center_21,center_22,center_23,center_24,center_25,center_26,center_27,center_28,center_29,center_30,center_31,center_32,center_33,center_34,center_35,center_36,center_37,center_38,center_39,center_40,radius
0.4179442080601091,0.16614778369719452,0.9630406892472718,0.5882516276552878,0.5957264223883015,0.9628293209753233,0.6637510160768253,0.9011167705633479,0.036638459389919276,0.7279214894044979,0.20004234447429592,0.389594058597421,0.11427992616106719,0.5650867307179727,0.6679431367262856,0.4304227216818237,0.4548275628608851,0.756173166602268,0.6315573529084466,0.792538853592475,0.19334212466663103,0.45721921850223235,0.6360703029226606,0.9473977306397032,0.38594728661266375,0.3166379889655554,0.8436062062755298,0.854195995908503,0.11729676746610729,0.03970488119493054,0.654987083476433,0.9711770776782912,0.9180453898436071,0.011806286302160629,0.3485158387612469,0.2665629667925544,0.8198536618009498,0.8700382929911846,0.8612144365439698,0.8534789917536347,0.9495400593928963,3.5765658726070364
0.925044220628893,0.8346260054957662,0.32697639994372485,0.0071582392578560805,0.9464781082973396,0.3753648608437863,0.35451658225267213,0.002511882522735709,0.9590354881161084,0.8815785120606107,0.9929480411254954,0.9124646127474186,0.8042002149195127,0.4587934851033235,0.1265408229920525,0.34353622249253934,0.4118626872305463,0.017417043464832194,0.28664436121487735,0.11689644014318967,0.9892150495036084,0.9987348241195286,0.04813615758379741,0.023856993527655135,0.2459720992603891,0.9769314063819117,0.46891827123692364,0.6518674989268566,0.6169421850152814,0.8635980853255374,0.9147355050339314,0.4105053313649272,0.2782014735334746,0.8180088724024872,0.2622126379933506,0.8874719875033285,0.6938167425423656,0.9659234085002126,0.07616622831504238,0.05619642813463621,0.5334204803668363,3.5021185487242317
