center_0,center_1,center_2,center_3,center_4,center_5,center_6,center_7,center_8,center_9,center_10,center_11,center_12,center_13,center_14,center_15,center_16,center_17,center_18,center_19,center_20,center_21,center_22,center_23,center_24,center_25,center_26,center_27,center_28,center_29,center_30,center_31,center_32,center_33,center_34,center_35,center_36,center_37,center_38,center_39,center_40,radius
0.5840467550632833,0.8455228498159613,0.2777634866979215,0.6508986880604215,0.8069541911320747,0.30370992603209157,0.7433595372855646,0.5217361298048541,0.314793071574466,0.8504199470194663,0.4641485912295443,0.13966321335965382,0.759219049567624,0.7148335000488542,0.1561621124407646,0.47224920390952985,0.3063200152870712,0.09041336738544226,0.009888357440525408,0.4660621350314923,0.42544933594912215,0.517167200733492,0.8496508344211786,0.5481706388396534,0.837117027047267,0.9522735195191862,0.023799392319045376,0.007909786346305459,0.7404295414451052,0.9206827913495748,0.5008283703952452,0.9889435259364314,0.5480810904037661,0.7626244294118582,0.6862631193845458,0.24837099168898202,0.7454175552252652,0.957308251885092,0.642963081563712,0.10476155756114724,0.8082142989008215,3.2223870190098984
0.0807991202046695,0.17637633155339305,0.08554808294479743,0.25032395441102173,0.11692431722168084,0.9247276284527006,0.004570552303866493,0.5010783412149844,0.5851189638393179,0.007617984573982328,0.3512861638569267,0.01674351088026471,0.09557084697331852,0.017958490766870172,0.43061944112372397,0.9872752381482898,0.8438461295171786,0.2974281861975172,0.9590383488450872,0.3093501991680919,0.4929440606404264,0.14921321214533434,0.9136528064231982,0.8781576953483088,0.09028864390302838,0.6135962763666815,0.27166376873864273,0.7143094580568728,0.7451068786889538,0.2899685813411217,0.7901273105855177,0.17032167781797658,0.7577657998320776,0.26837673285498354,0.18957776639159118,0.6295623034865462,0.36836786012874223,0.08126205706776957,0.44630531312980637,0.8726084031595207,0.06877314460803541,3.0599203194225564
