center_0,center_1,center_2,center_3,center_4,center_5,center_6,center_7,center_8,center_9,center_10,center_11,center_12,center_13,center_14,center_15,center_16,center_17,center_18,center_19,center_20,center_21,center_22,center_23,center_24,center_25,center_26,center_27,center_28,center_29,center_30,center_31,center_32,center_33,center_34,center_35,center_36,center_37,center_38,center_39,center_40,radius
0.4718562272041079,0.5364674436726529,0.4228444771586284,0.6611030360853971,0.17434830053017314,0.3485550388466675,0.7214860437706705,0.4623662972955177,0.6775465395419518,0.6839517544505931,0.6030932590775347,0.485138873859573,0.6420945197710511,0.09329945738110379,0.194477807649879,0.21735769265353289,0.5009399613262335,0.3082518669701899,0.695539587518595,0.7457114183542175,0.5225742483063635,0.17649094313900415,0.6355822517204174,0.7092358136427135,0.12312425694657103,0.9210896294229239,0.6088354938700132,0.9166542492472314,0.7390299901023665,0.18141448502982838,0.8334882094325978,0.5240397319438604,0.46161223166763277,0.49555903966762893,0.5838528935965415,0.10335893447361999,0.34374566925029304,0.7277770974105955,0.43922574181871454,0.6046351688299964,0.5160643333306691,3.1172003237723507
