center_0,center_1,center_2,center_3,center_4,center_5,center_6,center_7,center_8,center_9,center_10,center_11,center_12,center_13,center_14,center_15,center_16,center_17,center_18,center_19,center_20,center_21,center_22,center_23,center_24,center_25,center_26,center_27,center_28,center_29,center_30,center_31,center_32,center_33,center_34,center_35,center_36,center_37,center_38,center_39,center_40,center_41,radius
0.8059806530152107,0.4838460033526246,0.8965549998366328,0.8428097023171884,0.8087229284318747,0.6056887743253929,0.042399738783115204,0.8487291657124449,0.40746422964533136,0.013075190552801708,0.8486424705154935,0.1811070976805167,0.9794928048380286,0.755839691787055,0.8252607009074776,0.7240653132071724,0.42363932433070883,0.3756477905918576,0.3946828274365608,0.0178864886749025,0.4547511725299245,0.0023749323765074326,0.3951795823271027,0.31771378861668575,0.2581567464279404,0.4127881562617066,0.7925890733714264,0.5832044447482848,0.021391123906403076,0.2582193712529943,0.815715947511244,0.382465494769201,0.05678717443343961,0.4023135931324302,0.5140176765841715,0.19612597373289575,0.6076420181664303,0.11374927564173298,0.06351958839528637,0.9756881599566126,0.5146688800694502,0.13991718250356677,3.3658170025376752
0.069226923157378,0.7548782181493051,0.2550212441562403,0.5367669371283524,0.1606073012710052,0.39885802878131493,0.03796372494539113,0.33073068253523186,0.9533766864584327,0.9036179196990167,0.05466717655229081,0.9887323570885315,0.19126490276651487,0.017277841679327555,0.014000306397877527,0.554988643217392,0.7985690625040559,0.5648344089102807,0.7589922594856271,0.23494009345820144,0.7584944514994718,0.6591755129358678,0.5890662741193051,0.5258601817518329,0.7232996030866782,0.2832210774485273,0.7104440109009238,0.9887002455634137,0.793621575918299,0.6699419852282017,0.07040406900050655,0.17992096249461254,0.7560528900156,0.8489950347725892,0.7736647877622173,0.9805281271714239,0.3512133483127545,0.3033824597157818,0.8234479517509774,0.6918403101596121,0.3195895458882362,0.8591850342002608,3.539607480214104
