center_0,center_1,center_2,center_3,center_4,center_5,center_6,center_7,center_8,center_9,center_10,center_11,center_12,center_13,center_14,center_15,center_16,center_17,center_18,center_19,center_20,center_21,center_22,center_23,center_24,center_25,center_26,center_27,center_28,center_29,center_30,center_31,center_32,center_33,center_34,center_35,center_36,center_37,center_38,center_39,center_40,radius
0.3462011413278472,0.7491106655981989,0.9099267134015157,0.0037611160560236945,0.4258045303625898,0.15399441752906629,0.9124367145825562,0.6040138631253015,0.714042662146013,0.8805339293213985,0.34926896265786633,0.4173117402959844,0.2580896071466473,0.4281699690533677,0.773396727978132,0.2795512857620631,0.9877698169411213,0.5643495869233383,0.7524763286956431,0.8397247009046993,0.06262209842191102,0.8040460914354828,0.834970175280018,0.2558403027148721,0.26691298479962045,0.1913860185914681,0.515744431775854,0.662490492497761,0.7218803970628426,0.15895958344728855,0.3554726691634865,0.08927608316723001,0.1868286395272566,0.6606892310070932,0.8655505466091284,0.9674084007255411,0.21097660057200163,0.792872190854532,0.8677664241969516,0.006074495675651437,0.1643195545846825,3.4140360465236297
0.08352666475283577,0.19334048523306713,0.11808582939371248,0.18056053553273244,0.8644001134285513,0.6980091790808374,0.10932962201032359,0.4207082452824251,0.44538512888392645,0.5448412410749017,0.2616894440232149,0.4474396011377194,0.5953267223335741,0.9962170289631717,0.857253553815127,0.35635289724311325,0.18223640908017757,0.5080451005110855,0.22098624701770986,0.9666268241177026,0.8020582634919491,0.1845448429870482,0.09624659121421719,0.3609235101040206,0.592687852943465,0.9120538195907866,0.628720851203074,0.05750156941323192,0.8902367408668613,0.981120667107911,0.23532872171951758,0.6952533814006644,0.8069219309541397,0.13190933234119628,0.12942309391386164,0.0721918118069379,0.9528599171574599,0.19068463721208295,0.434546302912467,0.992603776727777,0.9291670681613694,3.2287891276841396
