center_0,center_1,center_2,center_3,center_4,center_5,center_6,center_7,center_8,center_9,center_10,center_11,center_12,center_13,center_14,center_15,center_16,center_17,center_18,center_19,center_20,center_21,center_22,center_23,center_24,center_25,center_26,center_27,center_28,center_29,center_30,center_31,center_32,center_33,center_34,center_35,center_36,center_37,center_38,center_39,center_40,radius
0.8659908298821685,0.9982405486747805,0.8703719281692996,0.08469488987753981,0.37965811780500824,0.8015341033638179,0.060029898401896986,0.8618393457736582,0.20430529785200469,0.989452195515305,0.9212861271074285,0.08795713126402604,0.20679214020859205,0.15631811877277357,0.6482118580444468,0.5125191386942228,0.4654423907461316,0.18487119933048202,0.5983011519223439,0.5956214942988972,0.99523701036891,0.4275398633629329,0.6140370885670562,0.5075909175954374,0.7204722160704304,0.11803907164490601,0.7105004151239456,0.20156143817769623,0.036138761278409315,0.5756534311145672,0.7087616845743197,0.9549186467976796,0.6524480091156662,0.5160970757791816,0.6389607381823263,0.8636323867509612,0.41461297558257226,0.4397228316736137,0.49988143001635243,0.26111333303278506,0.17658662533467395,3.3689949269242137
0.7268154086970735,0.1767198054104261,0.5194738511087158,0.8907543458732354,0.2396187294241907,0.49031701016586604,0.4431804743019965,0.9766781690980189,0.9422979346801496,0.031679089936536564,0.02818426666894369,0.7339206043683557,0.8677182524943708,0.8496211712700587,0.10604368538465914,0.03237036620012601,0.5653334211978518,0.9498916605796018,0.354649851702323,0.865440663375273,0.0005254603895987753,0.9338827148284744,0.5483812545271773,0.8869144694061224,0.30588608696188024,0.1506248865185782,0.2456070181622918,0.9616746220596657,0.7616071640019904,0.5033925537169116,0.42811612181326,0.06513942852217025,0.8997668347661707,0.6319079588356038,0.9008589581978446,0.0826876157897708,0.61288844099473,0.683611785117675,0.9018239839372573,0.48037588259087927,0.5261301993118057,3.5199700044752937
