center_0,center_1,center_2,center_3,center_4,center_5,center_6,center_7,center_8,center_9,center_10,center_11,center_12,center_13,center_14,center_15,center_16,center_17,center_18,center_19,center_20,center_21,center_22,center_23,center_24,center_25,center_26,center_27,center_28,center_29,center_30,center_31,center_32,center_33,center_34,center_35,center_36,center_37,center_38,center_39,center_40,radius
0.9488561750904151,0.8329193522526058,0.5495330884572112,0.6112584219049702,0.966118320689054,0.3965131125448689,0.806872323143311,0.8165568840807158,0.6149751242437179,0.7031865923880236,0.3199605389636835,0.9635646649409352,0.29461904217049706,0.470883949239865,0.6975458179193218,0.012440784298601182,0.011042753919905501,0.7958424886551625,0.35686468028168006,0.50224709942631,0.0029408167405834407,0.27610207958908206,0.6337394131476155,0.09630500005201748,0.3515155780788696,0.6636586050328958,0.8889675823949547,0.9405962798242321,0.4068463280097381,0.32853798814752333,0.2364755504550301,0.8338476791344963,0.9724665488976131,0.24946503708197476,0.9440460644917,0.25783894781445826,0.39954439257496666,0.19139277323910342,0.620933180485943,0.9465930420114836,0.12178417978608547,3.220420395933918
0.702332992180041,0.1279680733703057,0.9954255758291548,0.017989846814852273,0.1322363904671171,0.382402436390031,0.7675138811558309,0.14165678419450778,0.704901026673324,0.0034960330158799735,0.4690473364574641,0.4954000972462458,0.579690390960897,0.5889178024654179,0.8453993497404149,0.8292526190942239,0.8830771724692237,0.17363181917991222,0.9268240456823091,0.5552049553114566,0.5758766204138123,0.9699001630835905,0.2603770244427538,0.7996754096844432,0.06737034550134369,0.5261017816491012,0.7736522567360324,0.00908751044542433,0.2661761531082498,0.7258362741690704,0.8733446833344164,0.08859952168578866,0.2619038756196488,0.9077540101603185,0.33313253434360357,0.0916857163881164,0.5131330991287913,0.827422982460503,0.6787440713900109,0.4625664462620217,0.8599299350033995,3.5711607360222515
