center_0,center_1,center_2,center_3,center_4,center_5,center_6,center_7,center_8,center_9,center_10,center_11,center_12,center_13,center_14,center_15,center_16,center_17,center_18,center_19,center_20,center_21,center_22,center_23,center_24,center_25,center_26,center_27,center_28,center_29,center_30,center_31,center_32,center_33,center_34,center_35,center_36,center_37,center_38,center_39,center_40,radius
0.7843463639846913,0.31100506052837895,0.6608879510429332,0.5804837215027706,0.14926216219085697,0.45892848724330504,0.11380655821260643,0.890390279445835,0.10334752331583741,0.506842230947562,0.10687578571100054,0.47010880716506465,0.04588407036506681,0.2088683698401791,0.6623958354749371,0.8024192830505271,0.24292445180540267,0.5651836829537157,0.5824369128449943,0.7207369479602062,0.7678962381257962,0.008888504782946005,0.4872610879217557,0.8749234451811908,0.8002003807849946,0.0033142361473114113,0.03516058986707171,0.8423968649379553,0.03132988524848479,0.06013759955125231,0.04852673826414433,0.8283826005427295,0.18568422749425773,0.8438796404618732,0.15672254898143512,0.937116592941851,0.02773397915452569,0.09540636727383867,0.7454188718054603,0.44338317654488046,0.37736973779316696,3.0745080468380057
0.049926104577083574,0.7403073682820225,0.8921367310212652,0.27747311449455114,0.7539195371675811,0.5940154791405681,0.8445272616909615,0.716886069662743,0.06118687615871443,0.34477758830012384,0.2587584327164708,0.1615842317067141,0.379125397180319,0.5907795866078669,0.14192493104775517,0.6848467968680867,0.6333462392780121,0.7878927438620211,0.9269861090416773,0.33445317244125405,0.07989366902472539,0.01859715651857108,0.3689366019281307,0.1648732018041571,0.7180635938869512,0.7730035842543016,0.6112100419864669,0.6935722133701344,0.143420040128602,0.8951210674485033,0.1741125631960566,0.8552950999995462,0.8338164790180278,0.05415411891763866,0.9894889428072002,0.5155468745370304,0.8639474895456779,0.822528502354226,0.031230495280320625,0.5250738739724896,0.7694800030435491,3.3699194260411196
