center_0,center_1,center_2,center_3,center_4,center_5,center_6,center_7,center_8,center_9,center_10,center_11,center_12,center_13,center_14,center_15,center_16,center_17,center_18,center_19,center_20,center_21,center_22,center_23,center_24,center_25,center_26,center_27,center_28,center_29,center_30,center_31,center_32,center_33,center_34,center_35,center_36,center_37,center_38,center_39,center_40,radius
0.1695261081101156,0.6359303614970541,0.09076034528741628,0.6336914521688224,0.40542294032305537,0.25588919968561097,0.1095117838586045,0.7721526597386926,0.8496805034240998,0.9551554202137763,0.7484503398996268,0.3672922752826395,0.806634722039184,0.18972964621758048,0.0997947297942583,0.62006148778837,0.77635104448277,0.04408673946948183,0.7353673946548818,0.18937143733745143,0.7881288385836942,0.5361576517822483,0.025952819731717924,0.3617696971022354,0.774984249477644,0.9905264424696291,0.23898712795646593,0.11864638019290363,0.8403439352186071,0.1491891292228179,0.7051965573547131,0.8805840619469156,0.7348418576533434,0.31815060558619446,0.45723082000267934,0.8070638859027252,0.32416885936627515,0.05229310096097084,0.19823403692853192,0.05898410117769726,0.6682853097173616,3.037870760245972
0.8473222990259733,0.3635807136127652,0.7536472771923958,0.08405833541592123,0.6453055518353842,0.23550607892764586,0.47310952169853937,0.12990630994815278,0.4661523899995267,0.7992283636477342,0.5879301948295594,0.7001781022205379,0.13961459485665673,0.8737148275527179,0.8754386203431344,0.5642985870797803,0.6722602586062871,0.7992614661917742,0.28376168808576285,0.5161684719544283,0.05431123777775326,0.04752814658160531,0.6628912310478815,0.6282195221534497,0.45314987560148656,0.5462618251456623,0.45391376029543873,0.9294891948157301,0.4510876912501114,0.991404464007985,0.8588929810306626,0.5029779133477832,0.251954074269676,0.540105850653629,0.09600152503757264,0.042982570647831064,0.36973070100688743,0.061556826032752254,0.5100972406496249,0.9738223987127078,0.5890477839138387,3.1612936128027775
