center_0,center_1,center_2,center_3,center_4,center_5,center_6,center_7,center_8,center_9,center_10,center_11,center_12,center_13,center_14,center_15,center_16,center_17,center_18,center_19,center_20,center_21,center_22,center_23,center_24,center_25,center_26,center_27,center_28,center_29,center_30,center_31,center_32,center_33,center_34,center_35,center_36,center_37,center_38,center_39,center_40,radius
0.7896175987051021,0.04728320980785661,0.37408990865322544,0.5099266893124076,0.4679261457120345,0.8498987324800066,0.5604432359896389,0.24777167803436784,0.09781328973133685,0.6538918605666711,0.9197403650462728,0.9866816091814797,0.5323164299360713,0.3890722601444978,0.28379199049012604,0.09106330549039687,0.4565734933747757,0.8882720582032226,0.6908498075225291,0.826968250188624,0.2735609490610872,0.010742317336238871,0.9877015395668974,0.712132927901817,0.09907594404478526,0.20355646656297632,0.5275788855837276,0.9597791371051703,0.625801602235449,0.5071614461027372,0.6743174339587661,0.04032131851604126,0.6319288389283699,0.4050187206883915,0.29483595154723696,0.3255149670000196,0.20217001143739777,0.5156037237222757,0.9948075086871321,0.3603489716875776,0.2894007970401494,3.2274597321729557
0.9540846199806093,0.020085365490654983,0.6946057043490828,0.25136878846382826,0.6322875059227268,0.05473217205385805,0.19537971550490207,0.7345741668665201,0.661284322126059,0.1178796561609089,0.021745064776271583,0.10023301200589707,0.6234710911576773,0.891124187113626,0.5842681756917836,0.27880890825574367,0.9930069431538863,0.032468742742733814,0.858540484172564,0.30501264618592827,0.6866564299935706,0.4603422989770395,0.8752355383489334,0.003945960714655361,0.9833966197661265,0.8731137439078793,0.5977111256925803,0.1863587623374624,0.9665299041890899,0.7700631626117638,0.19579561377896904,0.9063732484234954,0.9993050409392936,0.343648098090961,0.5902709192879407,0.7593403448730123,0.0972259104244434,0.8775432740751127,0.22695198159375207,0.25700905543214003,0.8014011171555278,3.450829841742425
