center_0,center_1,center_2,center_3,center_4,center_5,center_6,center_7,center_8,center_9,center_10,center_11,center_12,center_13,center_14,center_15,center_16,center_17,center_18,center_19,center_20,center_21,center_22,center_23,center_24,center_25,center_26,center_27,center_28,center_29,center_30,center_31,center_32,center_33,center_34,center_35,center_36,center_37,center_38,center_39,center_40,radius
0.8907525232916429,0.42043855582461875,0.5990779349363791,0.09785178200468458,0.3885911534859149,0.031657077113803056,0.011355265478421472,0.37135068087760204,0.5435851467720869,0.4213440249257243,0.10154141701786445,0.11156605531027919,0.4153597322961089,0.43371526180809394,0.8543115334383743,0.6153042745862941,0.8830915349718196,0.5518844423574656,0.6248194875025604,0.4655963520509733,0.9171454940757654,0.17499660776485682,0.131201989843026,0.569799814597657,0.9465603330619153,0.5783711574992125,0.26724558187594216,0.9363623993614743,0.1373740394217423,0.5440432231647478,0.9418926943516067,0.03503465519439375,0.12525073746360127,0.39304480264654984,0.8935476025059289,0.9744508638887316,0.3266410246000906,0.1886292305982442,0.013079697605255514,0.06958768621884737,0.8725174466406773,3.4775166302313023
0.07047763378169969,0.026179519211436242,0.18082998495781233,0.6825909967185851,0.7552580007450607,0.2613078969546039,0.9548717465446993,0.9310688032156282,0.8122132090322717,0.6479032478245103,0.7361669951004913,0.7804385202597975,0.9616622481193404,0.8894391607414934,0.6416801240013132,0.20840261473248844,0.5269310353525752,0.4675640622889775,0.002723073571310519,0.05451610823356012,0.8663062721499764,0.9204744880884452,0.9601070030729341,0.09268674198853599,0.03398917280276026,0.9948948450219093,0.9252853567174211,0.7584667290329293,0.5693574203151952,0.5285372782511119,0.6699308444745768,0.8988369491206952,0.5572370748008738,0.2961311657058202,0.7985864713779022,0.09224628627142883,0.07735717109310436,0.9239346430858525,0.7520537535554936,0.8816182398721818,0.1870148302434138,3.7937083579311865
