center_0,center_1,center_2,center_3,center_4,center_5,center_6,center_7,center_8,center_9,center_10,center_11,center_12,center_13,center_14,center_15,center_16,center_17,center_18,center_19,center_20,center_21,center_22,center_23,center_24,center_25,center_26,center_27,center_28,center_29,center_30,center_31,center_32,center_33,center_34,center_35,center_36,center_37,center_38,center_39,center_40,radius
0.043485392161782155,0.9803312539422526,0.011415047347630769,0.8713380711951957,0.2123018065637401,0.0024090560716165665,0.9283728137246112,0.5774743983496627,0.5176434176744028,0.7508822628763799,0.05875329565057086,0.5109786762084937,0.8231872056913391,0.3910757149946599,0.5988343044840511,0.8463040067504672,0.7442187214308507,0.3739950935213189,0.9242582333226965,0.7545507609237407,0.21449448850583364,0.9153736833089476,0.8507069268082723,0.9684130002639006,0.6522903318074691,0.0296236416488046,0.8769384823709311,0.45886383928609453,0.47659591601773643,0.994800096101865,0.5250800038108618,0.1234750709968786,0.6085403278653415,0.3171971600080734,0.9640288069481793,0.6602897317319181,0.5288925678813164,0.4871896939054201,0.7555526978185578,0.2946071287554851,0.8401449624793356,3.6162812262217074
