center_0,center_1,center_2,center_3,center_4,center_5,center_6,center_7,center_8,center_9,center_10,center_11,center_12,center_13,center_14,center_15,center_16,center_17,center_18,center_19,center_20,center_21,center_22,center_23,center_24,center_25,center_26,center_27,center_28,center_29,center_30,center_31,center_32,center_33,center_34,center_35,center_36,center_37,center_38,center_39,center_40,center_41,radius
0.9814596678169237,0.5760908322287456,0.47812026118132434,0.30890544626596694,0.7728547203131264,0.33063548735103265,0.47054127767680076,0.15889758551502087,0.7176245308164454,0.6697374836602092,0.36171921794457473,0.10222450409858519,0.9036362141628972,0.7363306250183427,0.6097325686072125,0.40189708673768376,0.902163013187805,0.226227982474423,0.9796655351621173,0.9189114544611307,0.11393650417041956,0.7852877358988319,0.7874430471003817,0.8175663296927749,0.7086984571099014,0.7276767336785445,0.2186043832506891,0.9130565794603426,0.3848841555219654,0.21124502160806746,0.44586679565149345,0.5408690718305496,0.5476512396657699,0.4412687519807018,0.5864093875754004,0.005215653203810677,0.8819266003598334,0.3981808372495643,0.6451088357242388,0.5557489186928147,0.24343069142775908,0.8697562958919894,3.4080646637550096
