center_0,center_1,center_2,center_3,center_4,center_5,center_6,center_7,center_8,center_9,center_10,center_11,center_12,center_13,center_14,center_15,center_16,center_17,center_18,center_19,center_20,center_21,center_22,center_23,center_24,center_25,center_26,center_27,center_28,center_29,center_30,center_31,center_32,center_33,center_34,center_35,center_36,center_37,center_38,center_39,center_40,center_41,radius
0.4666193324136768,0.14904066771074398,0.8474352779520036,0.4242021877063564,0.4354809519248849,0.8224397919065746,0.7742390067444493,0.8025487770994041,0.8336276395420479,0.6069916950367621,0.09375664542521878,0.4560906199770104,0.6253178375771721,0.09595700059079171,0.2906957733588832,0.5844681054310951,0.48774953200622784,0.04319613813283407,0.4237712631756937,0.7850121638736605,0.4952553738948311,0.3203872953022331,0.2266619596458712,0.5006350054766237,0.21630535507667836,0.17912349702752095,0.01837592185221648,0.6655303087214498,0.44653410199150034,0.43388586102846527,0.7837407368926266,0.304628170813093,0.14496974368117455,0.8583528600838852,0.919608032856372,0.06364540323092849,0.004718621681204849,0.708159133673845,0.3176989872125463,0.255114403018742,0.2931113886889848,0.23265549217545367,3.0688089153430105
0.6548282856385639,0.9630376236208767,0.7890112624078993,0.7152620125614259,0.24245692203107616,0.32159831375855696,0.05092629624407696,0.6229847119651832,0.036071738621157534,0.09989913270921624,0.9302319882066973,0.7925927282037228,0.49648703016655893,0.03662589121911175,0.09633998820619827,0.8714568165895953,0.2674045219399741,0.9551113863843174,0.4273713992526894,0.2222125692002127,0.9470726302444082,0.9450784971035954,0.7887459391831206,0.9133253171082613,0.970936665033684,0.45784595386392923,0.9467128635055738,0.4915609724836355,0.968365227337465,0.05703507977408362,0.8940377870887949,0.5524750973213697,0.10358706755501079,0.47594814793295426,0.14019550472536213,0.9107843504340688,0.8455723768795902,0.3690576927300139,0.5728860735996298,0.9222148946693571,0.292470550881448,0.558961097382189,3.5252042593705
