center_0,center_1,center_2,center_3,center_4,center_5,center_6,center_7,center_8,center_9,center_10,center_11,center_12,center_13,center_14,center_15,center_16,center_17,center_18,center_19,center_20,center_21,center_22,center_23,center_24,center_25,center_26,center_27,center_28,center_29,center_30,center_31,center_32,center_33,center_34,center_35,center_36,center_37,center_38,center_39,center_40,radius
0.3405651064945283,0.4835447533122087,0.7135157823188846,0.4199764836513161,0.26636046957781334,0.0279140190781364,0.40621402627615477,0.34586727073678725,0.1589994844132322,0.7305063444104362,0.30883330476940707,0.9336031312552179,0.8781732990739504,0.7802027451727576,0.3667413339914003,0.049608565994942455,0.5330529126931268,0.061671792115824964,0.22083514512154456,0.6082754041204627,0.8955335960881029,0.5984921054579119,0.21295628824363277,0.22833922266926643,0.6170834493422457,0.7559047888087187,0.9860791974284043,0.2972748468601908,0.2840636665993146,0.2803514836493818,0.38710054263244353,0.19163990281844356,0.18599519544735899,0.5814232185357938,0.18398500940957685,0.8017661827689364,0.5865814004675396,0.1658156531177054,0.9837927970179592,0.5382706639382315,0.8621206541585488,2.962941492600561
0.9834840652925413,0.8248744289794755,0.021021056957592377,0.33309263629528696,0.5503305808257679,0.3393843294920018,0.8574623159597923,0.6122880461851546,0.1630828973978321,0.10809535585203289,0.8977466872815412,0.6325896250822901,0.9741487675897853,0.7807552444450361,0.8406910551456184,0.9583171299058587,0.13771744131382513,0.43628132599816816,0.4121603917486275,0.6332734056686163,0.9271300898595234,0.5008455113451723,0.8594817122015869,0.7876401069841555,0.023310629096659263,0.1720676827454628,0.0034494736449428576,0.8887054994173804,0.031328891645425516,0.8486396016195298,0.5978930379764491,0.5548043138948135,0.37501419311195694,0.2898717067520249,0.6039330214026797,0.960479146767024,0.9472820717378594,0.9941019875217934,0.08126679755230459,0.002325902099419408,0.7227803154018866,3.7203653170128055
