center_0,center_1,center_2,center_3,center_4,center_5,center_6,center_7,center_8,center_9,center_10,center_11,center_12,center_13,center_14,center_15,center_16,center_17,center_18,center_19,center_20,center_21,center_22,center_23,center_24,center_25,center_26,center_27,center_28,center_29,center_30,center_31,center_32,center_33,center_34,center_35,center_36,center_37,center_38,center_39,center_40,radius
0.5900233087023625,0.514508888764055,0.6399615286180933,0.7264871809814595,0.019506321708480767,0.7713079324423985,0.32017716492174053,0.30327175179673804,0.665799420720289,0.5951480325807493,0.03799586901318441,0.11085249455263158,0.6376458100776624,0.44238077480497606,0.5300158440660437,0.286919692482269,0.34406856950490017,0.6350881966319402,0.6525034133771658,0.9111623531631411,0.050741335988510494,0.34459263046051447,0.08056509481793184,0.7033026458151254,0.77935153035366,0.3556193969523287,0.15954190071497232,0.7977504932769269,0.8615010310191548,0.38193633331354804,0.5372551688964335,0.6770845906537357,0.4431088521391989,0.16900157019602502,0.7930524896530908,0.45642528037878727,0.7551299889467108,0.7191584477135337,0.6222169924571341,0.19203511139360552,0.3899287017996228,2.954963993528279
0.09935281387130224,0.35228041675027744,0.5601503825907714,0.8218963472769883,0.7906105388913479,0.0021355710916163284,0.7104572227327034,0.5950846096353928,0.00898416558883719,0.0929259434404992,0.10814774372160874,0.7026758441947417,0.45336890195610857,0.07784753489978324,0.969814564074034,0.6359580454730982,0.5902292495569675,0.8378615164270452,0.44097474763227995,0.04216765416726831,0.8055230721395107,0.5619491379332723,0.710673677948733,0.9108173098155287,0.4869334830015769,0.8994507315950461,0.9262152309828694,0.33319321196622054,0.22029051241836217,0.2762955069722648,0.8588606691248087,0.724049824433516,0.8069942862577366,0.6209701154274366,0.1829687536635548,0.12415428107816096,0.912720654575848,0.07680148708582457,0.004706364210067093,0.7139152083906192,0.5391304295052668,3.348620552293636
