center_0,center_1,center_2,center_3,center_4,center_5,center_6,center_7,center_8,center_9,center_10,center_11,center_12,center_13,center_14,center_15,center_16,center_17,center_18,center_19,center_20,center_21,center_22,center_23,center_24,center_25,center_26,center_27,center_28,center_29,center_30,center_31,center_32,center_33,center_34,center_35,center_36,center_37,center_38,center_39,center_40,center_41,radius
0.6466878272822056,0.5838585810806669,0.48331339120444516,0.020195965290644824,0.06753042731619652,0.43058322844536734,0.05244700246122791,0.7028472840879625,0.4187954693530769,0.9295136240948161,0.0020775601481333172,0.140779690565921,0.7191418905920237,0.3504821396353551,0.6124117091118981,0.6958823332674814,0.11267629393286771,0.48895726087719116,0.8644826587152055,0.26925502043257366,0.20366967134678216,0.7706020401098814,0.3124675082137477,0.7872973455195554,0.7523469778553176,0.030417922389775254,0.7028580802430019,0.10589277153949062,0.7019936461097013,0.30897982881760144,0.7416393401226017,0.5302465804022234,0.8570164599797696,0.8334585552514653,0.4559281450705748,0.9518893990386513,0.5637319039710087,0.3919814327523803,0.025027198022612773,0.5429559093351517,0.8985599321327183,0.7087872719712492,3.3298744068592305
0.07014079260200534,0.022652270608843894,0.3347656662232048,0.6140215749232338,0.5272491267998659,0.7830599183239688,0.3224806808039533,0.28335611697401053,0.3363232069159364,0.20603050902205688,0.9497264598595011,0.9533407536895221,0.09921891487901491,0.9994342359779987,0.9975306486460286,0.1763887257305271,0.6979297583849567,0.5874215745394888,0.45190343609217376,0.8462783891820854,0.6951267170719478,0.044074534110308594,0.4778134009312004,0.30506952436670154,0.03899716121110142,0.9613994874849828,0.08955939672957891,0.6698592470260633,0.05223969663859973,0.45190131729692773,0.4054179423720151,0.2593894688008481,0.11645816394988773,0.11910526719660042,0.8443748629229711,0.8129372913785543,0.06551036815127687,0.96676819800686,0.19502045763597153,0.09682159310760352,0.7569902245729754,0.632781388443919,3.3556614841187797
