center_0,center_1,center_2,center_3,center_4,center_5,center_6,center_7,center_8,center_9,center_10,center_11,center_12,center_13,center_14,center_15,center_16,center_17,center_18,center_19,center_20,center_21,center_22,center_23,center_24,center_25,center_26,center_27,center_28,center_29,center_30,center_31,center_32,center_33,center_34,center_35,center_36,center_37,center_38,center_39,center_40,radius
0.7703435198790718,0.4966789676373451,0.9011247090003922,0.11932969879931898,0.015234802407397052,0.8143076956382689,0.5946280633357384,0.5611259569373632,0.8073965963258606,0.7291302624997049,0.5820097426773359,0.7058020644952547,0.07549473496428705,0.7480678037087635,0.5814758798257849,0.5056680349676318,0.31890370202088636,0.1558461698147039,0.006766281744010949,0.6925805892584471,0.5138414141716268,0.6731974224546636,0.31852928477614684,0.12229996337463067,0.8229447406902075,0.3713895697542484,0.5738672941046999,0.03778005038335597,0.24922512680212305,0.3437652519092482,0.05364227144049316,0.26057805520919985,0.1285857238364283,0.7530532805073382,0.19412806540254057,0.833266083851911,0.5090709734830858,0.37996213328520423,0.7393508226529494,0.36194620651531006,0.7346795610747319,3.069182150136013
0.4184000719610721,0.5196514103231792,0.30039873808176465,0.8754101833623574,0.8622217594353292,0.15899294829459598,0.5016259508126538,0.9392553403431089,0.23375302828464006,0.8388772509090098,0.9952998139596999,0.5587498305997223,0.7696536644490003,0.9883446079835472,0.15425122390046664,0.377499512542656,0.894994149237791,0.7390297921167459,0.8816306035166638,0.4371663977818522,0.14857938471172938,0.7398793564293874,0.9526754476951288,0.9118055905135144,0.4199280395958541,0.6804250826649895,0.4974792272883203,0.7445616980022113,0.3210601658719281,0.9328887234969709,0.7605260315033853,0.9272123470117686,0.26922211815013697,0.046947486397160065,0.5799789592379402,0.0406840793856621,0.5327471911925703,0.1956603450664116,0.23817542682218007,0.790221566093828,0.413465016275517,3.7011732080822286
