center_0,center_1,center_2,center_3,center_4,center_5,center_6,center_7,center_8,center_9,center_10,center_11,center_12,center_13,center_14,center_15,center_16,center_17,center_18,center_19,center_20,center_21,center_22,center_23,center_24,center_25,center_26,center_27,center_28,center_29,center_30,center_31,center_32,center_33,center_34,center_35,center_36,center_37,center_38,center_39,center_40,radius
0.3720044191013192,0.0812556934336407,0.0938573242981735,0.046186842392668015,0.26362048295614604,0.38867846674429885,0.5999354998662866,0.2140322469658219,0.4210849764190907,0.09325759156668856,0.06367034038531949,0.49709124961735873,0.42002197882703907,0.3571612270065102,0.35778546759244734,0.9077244290384439,0.1568827998993595,0.4221791325094163,0.34154581010519447,0.026514085449289793,0.07214201481268445,0.3153999841643531,0.9025783184437117,0.043222302966766435,0.4628435558390698,0.04422084114481173,0.263103397964524,0.42099686789144786,0.12435290511263564,0.42069934030945,0.40805023539350194,0.07493798343827063,0.30028049288127634,0.9308915684806232,0.5237138549645987,0.8261208945098811,0.9678207059419035,0.5866257055488984,0.8448536808579823,0.07766086127656757,0.06645975283036298,2.853950986746391
0.3157622796784989,0.7257714923538282,0.2531802943353233,0.4813879420848235,0.9455663750097069,0.5387616926559082,0.8372130712428236,0.7476504409508475,0.8978922143237464,0.4691100998077359,0.5593682110516929,0.5469208419413474,0.5236684321717017,0.295575949930189,0.5070860669502707,0.5291071406982759,0.880694698675709,0.7274966533105571,0.37518140351406126,0.06170589406620708,0.2831319559516924,0.917081370154365,0.8866849887724971,0.304174250229195,0.2891174565148875,0.6768033962530682,0.9381251332968581,0.9252124805846361,0.9823490258723317,0.9659223225870657,0.7369659574486789,0.8076240264107493,0.7142438902555764,0.2916237237308039,0.17149079195278216,0.15860188820572851,0.40478892063309313,0.7988457190907037,0.4321646423478812,0.5879171015490313,0.4891286598752902,3.582669617867822
