center_0,center_1,center_2,center_3,center_4,center_5,center_6,center_7,center_8,center_9,center_10,center_11,center_12,center_13,center_14,center_15,center_16,center_17,center_18,center_19,center_20,center_21,center_22,center_23,center_24,center_25,center_26,center_27,center_28,center_29,center_30,center_31,center_32,center_33,center_34,center_35,center_36,center_37,center_38,center_39,center_40,center_41,radius
0.762128945319245,0.7902195280447669,0.6652901253104169,0.20057274388100577,0.5077870420452206,0.12307487784506366,0.9338335136006514,0.7975963552377647,0.5743495357172949,0.7597493894663314,0.32962632422457505,0.4234941781872783,0.6158921506368543,0.04834039343891261,0.9684592381117003,0.29148942111029885,0.058290057772078296,0.3348768315947085,0.456911978205054,0.26195175158049977,0.89366804341934,0.8861899202870288,0.21682486244433252,0.6241207052709212,0.048216293065046045,0.18411152397638486,0.966159735192798,0.8899500865961033,0.7014477314508263,0.12613306643730493,0.3974270132888281,0.41817877949848203,0.6518906891238396,0.853022560680124,0.5859061237292311,0.6655208252835543,0.523580625539148,0.6781421191612138,0.13189515082859282,0.8958249076116409,0.5903471990708637,0.7592718982294372,3.46245628267177
0.7473768178750693,0.33677078697147655,0.17920902760784652,0.5295043703537677,0.2303983754524489,0.8979102208754757,0.15489502472929761,0.11613514111449119,0.6798176918404744,0.11284055590961761,0.44262342368755625,0.8824540402124113,0.9944569269503257,0.9911005972123469,0.07951292444473679,0.06838399032204112,0.8448615602918479,0.08102218837038211,0.07662343750811285,0.722826682365329,0.612796818692965,0.0020466595293441303,0.9040673150271933,0.6443629800238927,0.9548219458288398,0.9215372950484896,0.006687301928247624,0.35634354104848,0.41435453220162943,0.2770576054652505,0.038728125022079674,0.7161674177605212,0.24948742587932116,0.31852352781570525,0.7315254052392732,0.4329459613890272,0.06886819587967796,0.3688335934577651,0.00289891687871191,0.2578293198792585,0.005957479366529572,0.12877136835027758,2.9476756561013824
