center_0,center_1,center_2,center_3,center_4,center_5,center_6,center_7,center_8,center_9,center_10,center_11,center_12,center_13,center_14,center_15,center_16,center_17,center_18,center_19,center_20,center_21,center_22,center_23,center_24,center_25,center_26,center_27,center_28,center_29,center_30,center_31,center_32,center_33,center_34,center_35,center_36,center_37,center_38,center_39,center_40,radius
0.9076426612948735,0.3079233324214131,0.21394144448522834,0.5418448247584339,0.3280007815003031,0.37866336807659295,0.4486982716211778,0.7247209410641661,0.12485760863767315,0.09184784690684078,0.5792933308766217,0.014233036956632916,0.15912526317821984,0.9626707110569561,0.10726146885004184,0.1680683833276898,0.27085266321548074,0.3865523728220378,0.12185085844504906,0.09975932852756253,0.7234303968932961,0.23681745943050236,0.6724567119684319,0.24318438234904105,0.5108816048634909,0.4845872782862072,0.7051391631737536,0.6862844789831493,0.7169423403319425,0.6869119822708218,0.3191971907022463,0.9869088531603107,0.45935545107467113,0.7125150458501901,0.012801183936086424,0.9798594425895827,0.707626537821627,0.09472599432252327,0.5958057598820518,0.5010590186274815,0.9996958800205858,2.8819044719418203
0.9212832988343737,0.9893687417165473,0.06584724059646063,0.6419189570515196,0.5709274775156745,0.5683212186745679,0.5861407779659175,0.22277017589322967,0.78104547423244,0.2034728267720951,0.4841068645026376,0.08430156499061059,0.17438921506482463,0.0937630860219697,0.549624476988638,0.4459678253278824,0.47015187636878153,0.15264601990706084,0.6316623145260406,0.9984712680918238,0.4067948935232206,0.9297481422335466,0.03745903389230443,0.5587189461533074,0.5937502840645024,0.14576665077969342,0.5665845119499567,0.2211315181793051,0.051147896000299786,0.7087018581437297,0.14571994470605876,0.13251810591068713,0.9730620416550322,0.5274147705570652,0.690917740461241,0.16362273864795795,0.8288757315120886,0.6555624538270417,0.5469568764889069,0.9964002964698255,0.36615889662604506,3.331254629476049
