center_0,center_1,center_2,center_3,center_4,center_5,center_6,center_7,center_8,center_9,center_10,center_11,center_12,center_13,center_14,center_15,center_16,center_17,center_18,center_19,center_20,center_21,center_22,center_23,center_24,center_25,center_26,center_27,center_28,center_29,center_30,center_31,center_32,center_33,center_34,center_35,center_36,center_37,center_38,center_39,center_40,radius
0.5115793003577188,0.7384492332292699,0.14966617926610792,0.428806696797398,0.5549562562307007,0.68428598539764,0.48484856205530746,0.8414145786930308,0.8993551398517833,0.7438756183868047,0.7777381484871834,0.5707243020540306,0.6114991141213313,0.5965101381394207,0.7452402695403039,0.8675616586917007,0.7565100916409344,0.1114126314131545,0.9845940386691703,0.7555098342614143,0.6453803928884629,0.006007772289821078,0.895203144807919,0.020659506641527936,0.349309580688536,0.625694280950128,0.16129840926213346,0.13941898523208296,0.3617112784040417,0.26823854282581705,0.845041672066842,0.9058817593710674,0.4053123931844964,0.6592561775582373,0.7723415100493163,0.929137562571719,0.9965332918366472,0.9118903802974707,0.1267743701165881,0.4297047268881834,0.9884289133498227,3.748337434356419
