center_0,center_1,center_2,center_3,center_4,center_5,center_6,center_7,center_8,center_9,center_10,center_11,center_12,center_13,center_14,center_15,center_16,center_17,center_18,center_19,center_20,center_21,center_22,center_23,center_24,center_25,center_26,center_27,center_28,center_29,center_30,center_31,center_32,center_33,center_34,center_35,center_36,center_37,center_38,center_39,center_40,radius
0.8251791579992676,0.15148073066981027,0.95875663412464,0.018649525194210703,0.499969740350224,0.25323562257593435,0.9953237595323429,0.482466558678323,0.7561645266658812,0.9080060648520936,0.5994760038654449,0.6254171521298837,0.18796565617801408,0.5045899735823892,0.7343650947332631,0.7604534984814116,0.026006514866207975,0.4227444685319882,0.8451451756495181,0.7435819984712836,0.7191707664522249,0.5993577719574376,0.04082109419961932,0.16319827729661762,0.8367141021748759,0.6691904761798355,0.7336657498624831,0.9924078920663548,0.48681998140792104,0.5181471238595217,0.9637165202150075,0.811284049765515,0.6693213962995735,0.1835738735841983,0.5400166114809195,0.25013498007045987,0.8841028432356067,0.5413289988507037,0.7817042681149927,0.08373673378902413,0.3352933173779725,3.501260620244305
