center_0,center_1,center_2,center_3,center_4,center_5,center_6,center_7,center_8,center_9,center_10,center_11,center_12,center_13,center_14,center_15,center_16,center_17,center_18,center_19,center_20,center_21,center_22,center_23,center_24,center_25,center_26,center_27,center_28,center_29,center_30,center_31,center_32,center_33,center_34,center_35,center_36,center_37,center_38,center_39,center_40,radius
0.9705652761246555,0.7332638239341723,0.4655527392769949,0.32946533872984796,0.23105605011102115,0.2693874430038211,0.8829264839381213,0.2174225890830448,0.22853671728710634,0.49532850670494677,0.6028963508596431,0.28600848953780045,0.6744267295324496,0.03434969294537937,0.647594054975446,0.009071571436945702,0.12013038316280233,0.6200550176269969,0.7228259039232834,0.22878850659941408,0.8019015672398282,0.2566847974607781,0.5755838710129235,0.22654682546282046,0.5312023558855649,0.5586112956495664,0.643834004250697,0.9921118017739257,0.17088860082472979,0.22357496607632266,0.3836503773324368,0.6814269499726856,0.5018795927308825,0.7470737454272435,0.957583678221185,0.5984395127384149,0.9721363751406971,0.7679898047660768,0.018414046540560114,0.9013420104084731,0.26492335267924416,3.200636862715024
0.05350465884199884,0.1365794405512768,0.14073760464751073,0.3106603961922396,0.4712873411917913,0.8912792933318388,0.35215267134757755,0.5873617081047487,0.9895358721116246,0.7670112385352666,0.6757231320866606,0.5599774932390661,0.6609584452831617,0.1515600836004678,0.7399095851351335,0.7878542072094787,0.8432256923884303,0.3105007898654293,0.06670923924481809,0.3544735276972717,0.09744344192741639,0.5181360453680957,0.3899909209704421,0.5437542466631026,0.16750114352373024,0.31198847399565266,0.22195212339285997,0.30300067935784003,0.8884359769693394,0.907859536620355,0.1764870178803467,0.022241760790185805,0.2732493539751849,0.8505740056264534,0.2096385166591006,0.8177104893112208,0.9131566923787644,0.06370989652360581,0.7233172489530745,0.026955333058970132,0.8798901454096669,3.1848782765983894
