center_0,center_1,center_2,center_3,center_4,center_5,center_6,center_7,center_8,center_9,center_10,center_11,center_12,center_13,center_14,center_15,center_16,center_17,center_18,center_19,center_20,center_21,center_22,center_23,center_24,center_25,center_26,center_27,center_28,center_29,center_30,center_31,center_32,center_33,center_34,center_35,center_36,center_37,center_38,center_39,center_40,radius
0.10343071311741991,0.36884746007492764,0.8278634331956012,0.014338471476208925,0.9734203579280111,0.724782886519668,0.8990026593497508,0.15725679454316754,0.5811519190760229,0.904031835121594,0.1459243433966969,0.26490773083611097,0.46280982925461567,0.4020414643328939,0.7738345791273991,0.48828382904853096,0.8696086916379716,0.15483551301314014,0.07880147336695253,0.671355065128006,0.7738480917535028,0.10469366377634426,0.11613502620993355,0.4814367043806349,0.8390973810061372,0.7825104471103083,0.6512148390021598,0.4107972890032703,0.13127513512330424,0.8898569394368037,0.2782005395788919,0.6890358760148461,0.3509476632276485,0.6921001998039662,0.42812957933099083,0.2657933708202119,0.7780667769852991,0.06331168341455917,0.9812748761815184,0.568310036417005,0.4574540168089607,3.5720774244731457
