center_0,center_1,center_2,center_3,center_4,center_5,center_6,center_7,center_8,center_9,center_10,center_11,center_12,center_13,center_14,center_15,center_16,center_17,center_18,center_19,center_20,center_21,center_22,center_23,center_24,center_25,center_26,center_27,center_28,center_29,center_30,center_31,center_32,center_33,center_34,center_35,center_36,center_37,center_38,center_39,center_40,radius
0.7316279104077547,0.5308959911007499,0.6525139240664628,0.23819396386433378,0.8512581225579747,0.9505921053462474,0.3172572866018888,0.5783629065647533,0.8782008091694194,0.5228396979213158,0.15703486925107502,0.20280539099886885,0.1327267796536743,0.6669935208345549,0.0640405421248974,0.43192095887964965,0.808048515322569,0.4921918305072229,0.45500475915535543,0.8632080132131311,0.33510461365140487,0.9016112216997697,0.5788919721700263,0.27726058732725156,0.9892206510489612,0.9506451472383626,0.9826838492902418,0.20088860092496974,0.19581197650305304,0.4752053879144478,0.38666649285531707,0.35702796340716936,0.6733166380956138,0.2874702327641513,0.04313735318366174,0.5558037523604743,0.39447138976069807,0.9727360831241558,0.7792318254433646,0.7569673979126004,0.5466584578594599,3.6821235121778515
