center_0,center_1,center_2,center_3,center_4,center_5,center_6,center_7,center_8,center_9,center_10,center_11,center_12,center_13,center_14,center_15,center_16,center_17,center_18,center_19,center_20,center_21,center_22,center_23,center_24,center_25,center_26,center_27,center_28,center_29,center_30,center_31,center_32,center_33,center_34,center_35,center_36,center_37,center_38,center_39,center_40,radius
0.31037751433556704,0.8932875591234424,0.13800688442096676,0.5463657261882419,0.9194495512192877,0.7795058890265829,0.13799038572262667,0.33712029496325835,0.8232493546654825,0.19780695505030044,0.9876039162028087,0.5371292785445888,0.8849597227810615,0.7660908105504269,0.7033798940226351,0.44008711067670836,0.6280440690221138,0.4760197431721359,0.529785926808761,0.7188658196644865,0.06106478855297148,0.0832364734713752,0.805429740733499,0.3543481524395906,0.1725491315134473,0.16642140667576344,0.7760320892431689,0.11265877152985893,0.08653871001100921,0.7088386421192622,0.07554418206204994,0.939701117735516,0.737969051786142,0.1884501102821916,0.7781176479296508,0.8665949791923334,0.03996763227403555,0.049732064239768725,0.49651160029207664,0.443139140153443,0.979242839726909,3.3067421684697047
0.8267434167627423,0.23273265524578668,0.21992583972313395,0.951534239648346,0.7676443136630107,0.558955083543779,0.8623249276651338,0.6793896151385602,0.14255600356656128,0.9682291447719501,0.08208122271461915,0.4955384095901034,0.2578917546823625,0.0030656001292280743,0.9914025821547858,0.7427887624904641,0.8481587674581174,0.7148809263920903,0.2838079131353932,0.30421311572613685,0.6169809887292772,0.6164814392995307,0.08555413452439808,0.6050523312921742,0.9136873877653588,0.36913416788086084,0.47013083481199636,0.808778317750253,0.882052614898414,0.10119152659716546,0.5924651197643522,0.8745767259520746,0.6945916164716514,0.15761377732652582,0.29696901699650513,0.22650004963840253,0.732682021163458,0.7871771002133215,0.15554159762385478,0.47674530355038114,0.04335534551454123,3.3668143057680724
