center_0,center_1,center_2,center_3,center_4,center_5,center_6,center_7,center_8,center_9,center_10,center_11,center_12,center_13,center_14,center_15,center_16,center_17,center_18,center_19,center_20,center_21,center_22,center_23,center_24,center_25,center_26,center_27,center_28,center_29,center_30,center_31,center_32,center_33,center_34,center_35,center_36,center_37,center_38,center_39,center_40,center_41,radius
0.96367989436659,0.908236232686901,0.9200332002305176,0.7671837165328994,0.35853523489179273,0.4049390868899888,0.4858882742632473,0.277808689008172,0.22872286436389921,0.04607403300316071,0.976437282636849,0.3391840442778339,0.3313592263944173,0.11261817733110246,0.4316233327984772,0.8118641715419873,0.32873288065432027,0.61291594654452,0.3206778505079192,0.7411181325165023,0.3196724636868077,0.37020599186269965,0.24589657786571228,0.7886614810092464,0.3797603672872113,0.6685453944839527,0.2832305788251098,0.7552069671120997,0.7056894399948745,0.3030026333648831,0.019365047481239683,0.8537973017387368,0.27475181018690364,0.41241091373411054,0.8583633908152173,0.9795075801730898,0.620101260369539,0.2818330063040736,0.04622278487273701,0.5493713401971201,0.5735533743897768,0.138942750451984,3.135771547934156
0.15420309447547964,0.6524908057233213,0.302349165547126,0.967766151803841,0.36160466291509086,0.9525534670016572,0.9027523382900154,0.3714948613786353,0.8605238194279942,0.06896086520500166,0.009482504754676935,0.7721138866468409,0.9133455905501582,0.06085244940902357,0.9984414592974137,0.8292827312673866,0.43728795566098255,0.10067551500502814,0.9370781043668661,0.4021585136098055,0.6913669964617039,0.4562053699704417,0.3555062155649963,0.1492804424027112,0.02908702651016859,0.020659954732585195,0.705584395368931,0.41277318899520776,0.46546280916432325,0.9602345241643173,0.4706568993118062,0.24625054202782004,0.8253601254722287,0.8358551708160055,0.24181330716600957,0.17273544263212925,0.18903385679472773,0.9555344503439309,0.8870694922980178,0.12603653333970566,0.5463290018094279,0.03923596567095833,3.5547482726649307
