center_0,center_1,center_2,center_3,center_4,center_5,center_6,center_7,center_8,center_9,center_10,center_11,center_12,center_13,center_14,center_15,center_16,center_17,center_18,center_19,center_20,center_21,center_22,center_23,center_24,center_25,center_26,center_27,center_28,center_29,center_30,center_31,center_32,center_33,center_34,center_35,center_36,center_37,center_38,center_39,center_40,radius
0.9214675939744897,0.5605949401318462,0.9195806096777603,0.07268706638223565,0.3869255161385122,0.890189673490403,0.9823482976384748,0.31625443874141335,0.6264401519190339,0.3986874938108458,0.22509051616839337,0.5769709584040836,0.8707132215429272,0.08705621448704093,0.5826949955758707,0.9059187437571434,0.6390557382762903,0.18259027307915132,0.5926723291404475,0.12935208603887094,0.6930895408674683,0.2599861698655175,0.7532281883041203,0.3809215219839678,0.5544620570015196,0.40740970203443494,0.6098546085758311,0.7173561752692891,0.3482083180412979,0.08290959172483747,0.2164150978456787,0.6663750132388145,0.9728629603537792,0.028429516109937825,0.9501923631884321,0.640116806160488,0.46398449148854914,0.05299410891626177,0.395396086722667,0.973129509677941,0.06660240764623115,3.3972093596084827
