center_0,center_1,center_2,center_3,center_4,center_5,center_6,center_7,center_8,center_9,center_10,center_11,center_12,center_13,center_14,center_15,center_16,center_17,center_18,center_19,center_20,center_21,center_22,center_23,center_24,center_25,center_26,center_27,center_28,center_29,center_30,center_31,center_32,center_33,center_34,center_35,center_36,center_37,center_38,center_39,center_40,center_41,radius
0.7034794137992095,0.06307842607029501,0.8360067935267014,0.26032860481366826,0.9555788888983303,0.48161596505586723,0.505791212906011,0.8997914708139966,0.832882984791713,0.08309660608574865,0.8572288361828355,0.30948795093436277,0.9014769601666266,0.26428298327320376,0.24006802017929663,0.08152244994427527,0.41718494750971546,0.09837098848480719,0.3992825749378709,0.27023810754179367,0.7145507580340258,0.4521489818278841,0.18894228117826728,0.2707978216777822,0.17463279235817009,0.7783324737121204,0.9087803914875268,0.30517969891853713,0.9518889816544682,0.4651611106118062,0.40982961062588397,0.9565875024601108,0.5706519397257885,0.0010053391609042839,0.7231650709682239,0.37666015480125314,0.30323569152514496,0.8892047310167962,0.017828127033394314,0.1498080180128457,0.13805046344651473,0.6644984414962549,3.4494877024789354
0.018164181917525557,0.9752746759417318,0.44442860720619715,0.4300670508670815,0.2203476471955882,0.8005143212718413,0.4344802797346261,0.13557006866659282,0.28754932352503937,0.9590193016773056,0.14048993844585145,0.004575505765294419,0.29734810632038144,0.3850333871050535,0.8749902491407064,0.7201835171775878,0.8409686253417897,0.9934675693578396,0.9217716208138321,0.9796528600762613,0.35959437766226765,0.9957890152920998,0.31685028686101147,0.7481756053037739,0.3635597429165892,0.07590081040573426,0.17333759963569928,0.9308321607561616,0.011180454458121547,0.4737059534229545,0.9984006872614346,0.5292279449552212,0.015543579258593732,0.062110920820170556,0.0034959493329955738,0.16617686832157896,0.461151722644108,0.7212120282127766,0.44482357720539356,0.995832998570907,0.14994311011832662,0.6849373496888094,3.2536532245087315
