center_0,center_1,center_2,center_3,center_4,center_5,center_6,center_7,center_8,center_9,center_10,center_11,center_12,center_13,center_14,center_15,center_16,center_17,center_18,center_19,center_20,center_21,center_22,center_23,center_24,center_25,center_26,center_27,center_28,center_29,center_30,center_31,center_32,center_33,center_34,center_35,center_36,center_37,center_38,center_39,center_40,radius
0.7983843174120361,0.716235654489667,0.7607349209477234,0.9304171348931376,0.5706779488567191,0.47012140764011745,0.1931096753126561,0.053632328524566564,0.39712089100943193,0.8920663163541664,0.5648999813528487,0.870483265698199,0.2823703957034175,0.9666753719421439,0.5373956634909408,0.918779573156733,0.13885275975664302,0.9284135873415006,0.1275811503602502,0.7557629081575938,0.9272056388602699,0.7345490534471255,0.5738661609464166,0.10401303885202695,0.15767278315199096,0.40507164904169657,0.3288701368488862,0.824795619223203,0.7930825410807045,0.4146725756253262,0.49233476199998294,0.11896746315011886,0.9841786036644616,0.09372004278364487,0.5511986917249172,0.7463735199913514,0.2667314279496633,0.026429287121281564,0.3890049229968805,0.5885571042028862,0.41815871152150985,3.1840661948981506
0.7616308411932448,0.6936979812651739,0.1616703188951749,0.9728090998617746,0.023124341425584838,0.5194954824224478,0.965100606323026,0.8995766805159896,0.09240302248333243,0.2302876889837372,0.6582317654193055,0.2748951355614164,0.5232377262633605,0.47472020625415423,0.3078136586085005,0.14989681670356958,0.38276553280769243,0.1719343655850366,0.6036510076785734,0.3707536986950334,0.9966903748105902,0.8276722194529276,0.6454580253044702,0.5736828712587717,0.7323817109323717,0.9334557204831974,0.036018803298508595,0.025284492168527795,0.5669145056194975,0.9511651831358391,0.20557013465306995,0.806114477241337,0.05260124503320607,0.42929053769529313,0.05638197661276012,0.030844409136317363,0.9725575351350688,0.7511776756509255,0.6587059668509452,0.27934172086292375,0.01951247747705387,3.234684520510894
