center_0,center_1,center_2,center_3,center_4,center_5,center_6,center_7,center_8,center_9,center_10,center_11,center_12,center_13,center_14,center_15,center_16,center_17,center_18,center_19,center_20,center_21,center_22,center_23,center_24,center_25,center_26,center_27,center_28,center_29,center_30,center_31,center_32,center_33,center_34,center_35,center_36,center_37,center_38,center_39,center_40,radius
0.25221751772333456,0.17695381753181783,0.33766151021419677,0.3703442037253538,0.7389589914855882,0.08897936231488823,0.2292280633984961,0.32855559450482197,0.7250041184567761,0.7822257635297885,0.40664851748067854,0.9923299400260591,0.5113688045690408,0.18411479789149976,0.5093950938965291,0.9511915551242539,0.1939676766476195,0.17995967233081311,0.3845868578908104,0.3720231194057486,0.64799410443733,0.44172020848175,0.7609405746633533,0.5031953641471881,0.6569476295599066,0.5790411714050705,0.5692771892910424,0.7226528969187126,0.05856963183832975,0.802621096405931,0.9488315982122298,0.23910075519513274,0.11855638405376856,0.21409205859757674,0.1290620625432335,0.9552909704905836,0.7098697473469684,0.3228638399818837,0.727476998828343,0.8541281893405995,0.7401960749735994,3.228794118041269
0.9004604338551173,0.9435925760033269,0.11559348087931942,0.4208908738484425,0.03815528960788128,0.9735816290255631,0.9845383304984163,0.6800518179779372,0.3743051319944609,0.903296412068492,0.1529763611176962,0.04221035871616863,0.6032727745584024,0.8497483420219913,0.0700169069666966,0.13521576109438682,0.8616944620820433,0.4869330434632527,0.5039136398456687,0.7538756106601907,0.2384480808556676,0.29568578054867156,0.9939756779888104,0.9980247493305732,0.19396757878059112,0.05218479470810666,0.4493198561146058,0.7862114869539888,0.2681430663537283,0.4222114363606081,0.06666715016881353,0.9015565970408381,0.7175315371823288,0.7337215715028435,0.5030931133959285,0.6364970668464577,0.2223441551139228,0.8140528167849964,0.09563717118128656,0.2648546446979234,0.7664414572578276,3.32194073284749
