center_0,center_1,center_2,center_3,center_4,center_5,center_6,center_7,center_8,center_9,center_10,center_11,center_12,center_13,center_14,center_15,center_16,center_17,center_18,center_19,center_20,center_21,center_22,center_23,center_24,center_25,center_26,center_27,center_28,center_29,center_30,center_31,center_32,center_33,center_34,center_35,center_36,center_37,center_38,center_39,center_40,radius
0.8631605241029385,0.6610257284861254,0.6008421536647681,0.2609756736113249,0.10462341364949856,0.015518938278228034,0.951732530580855,0.4923074932041339,0.6965608392647844,0.9951641359101904,0.34557630641479287,0.4307351310669043,0.5509694981815593,0.1969328730533264,0.6932667819704948,0.736578935046714,0.8246879271436567,0.886241597352559,0.8404611471322379,0.6079347492970105,0.6858913987498607,0.01904448161589367,0.27252136052544307,0.8787181548408589,0.682308608714067,0.8517082864701336,0.04684584882362863,0.7080105265070498,0.1531131411963339,0.4905571640917453,0.3376154365797419,0.6769356598780434,0.4785771393511157,0.259581093269894,0.6711223278195964,0.5393669109314383,0.1553819248892675,0.829864191748749,0.5951508922062211,0.17089354784254973,0.9484800385096095,3.570671314273114
