center_0,center_1,center_2,center_3,center_4,center_5,center_6,center_7,center_8,center_9,center_10,center_11,center_12,center_13,center_14,center_15,center_16,center_17,center_18,center_19,center_20,center_21,center_22,center_23,center_24,center_25,center_26,center_27,center_28,center_29,center_30,center_31,center_32,center_33,center_34,center_35,center_36,center_37,center_38,center_39,center_40,radius
0.7334762457646674,0.7019198625674304,0.9155824310623427,0.514923997901612,0.6789015638092768,0.6998915535124247,0.7205662403536078,0.36668015096024964,0.7078145259785391,0.08198963777900237,0.7813563955817283,0.7375337110373156,0.35968102931532764,0.28136521620165433,0.9105533217603502,0.9838947457153054,0.457867521990025,0.9434479442093596,0.332415458666825,0.2859830480835317,0.3209697221117692,0.25495554754482097,0.7924140896037114,0.8658265408548103,0.5417361953334346,0.007457561053019535,0.2061084925599992,0.41620488999005956,0.3878416220580103,0.27003770480715994,0.49928859919698276,0.6769014734716639,0.17665907992180163,0.3338720673496455,0.4522613500590471,0.5199097439959446,0.07045960475911162,0.4869915311053117,0.8548244532572014,0.22009760635608844,0.26909391611000055,3.1068818773844513
0.6786014808759813,0.015288585280570643,0.1786008616939897,0.75713821207566,0.7875036747145989,0.2951782989967542,0.67296645401102,0.7623193339857449,0.3426505950646719,0.5793279512464447,0.8800729601035232,0.018150965036600075,0.9083699865948057,0.9850743973148985,0.06563190304802713,0.5674036959940423,0.9796910094990892,0.7604776554762929,0.9147975359018864,0.5926774856585073,0.30325191295616716,0.9843138676961806,0.2967228509754305,0.2742324379746792,0.042338502084660945,0.7670203290193206,0.7915014939511013,0.09561646012757163,0.9875816445849943,0.053013752487687915,0.38605259590304497,0.016450867318453133,0.7690869468957245,0.06577977075537234,0.9052326655878086,0.49000300121163065,0.6143560272226064,0.9122698428244523,0.7965624768418932,0.9673430529385542,0.8343942309470167,3.7043769395323634
