center_0,center_1,center_2,center_3,center_4,center_5,center_6,center_7,center_8,center_9,center_10,center_11,center_12,center_13,center_14,center_15,center_16,center_17,center_18,center_19,center_20,center_21,center_22,center_23,center_24,center_25,center_26,center_27,center_28,center_29,center_30,center_31,center_32,center_33,center_34,center_35,center_36,center_37,center_38,center_39,center_40,center_41,radius
0.8496821778985524,0.15940844593242298,0.21390275891607746,0.4728860878392481,0.6199088095864952,0.22893613638964405,0.12753072597961068,0.9416096864853163,0.7908759818898586,0.2811922608048367,0.4505393065791242,0.2624808222280175,0.5585790992752443,0.7308121521668879,0.1504331364876531,0.5567288664358166,0.09767201564002292,0.4345427947276015,0.4366072861550907,0.3335907568847567,0.09796293391864419,0.41346438150901066,0.47298887693668423,0.1958803412634157,0.5379076214292773,0.9952585536268586,0.7557171575565071,0.28720598358790117,0.34882532510529796,0.1258072941728403,0.442648693712537,0.642668058575576,0.8551990461591903,0.3670889727770984,0.3302723399893619,0.06298367255770643,0.7975049632961807,0.42188732822113273,0.1492286682524646,0.741464275592178,0.9975175928140597,0.8451589697897894,3.1947730206357328
0.13837214432244505,0.9367371612722051,0.7411796594560289,0.7360286846842761,0.4702933711285894,0.37212975577847274,0.7731273173096722,0.13362943117654535,0.6010118773050049,0.9590923491659005,0.46295139640062366,0.8573643915653734,0.9835704839607229,0.001852262312199593,0.7632437350193848,0.057163103162220064,0.6457850556047671,0.6308314657038608,0.02751066697508575,0.7092083188217859,0.9347261820055195,0.7512410042609413,0.9670701212889028,0.3458597187636411,0.8761385894406738,0.06023967964443333,0.09196930635402811,0.9948297397414753,0.81464659429457,0.5901737737100252,0.2664680516579193,0.3677212419365452,0.8167051210489977,0.6615242073524393,0.7677044045248289,0.4866426926402977,0.40298794433213503,0.6024765958439912,0.696046941897275,0.8003154592597237,0.0615110446206667,0.47036258938755937,3.302314069460341
