center_0,center_1,center_2,center_3,center_4,center_5,center_6,center_7,center_8,center_9,center_10,center_11,center_12,center_13,center_14,center_15,center_16,center_17,center_18,center_19,center_20,center_21,center_22,center_23,center_24,center_25,center_26,center_27,center_28,center_29,center_30,center_31,center_32,center_33,center_34,center_35,center_36,center_37,center_38,center_39,center_40,radius
0.8847715794039456,0.1908602152392158,0.6856934385172617,0.0013684229400625636,0.13644014560023587,0.8392181532067684,0.010754070530727855,0.3982062930462452,0.24563470856810254,0.929225872530749,0.05221456358235166,0.6376886343577159,0.9999877843528443,0.4832661235494551,0.9125663791795534,0.06223277388585946,0.07352351239722021,0.9392868453175491,0.4570737860434477,0.9896387200033057,0.7157396829524869,0.7061121157043625,0.4415521388715741,0.6543255953587844,0.25164672418960277,0.12840387849808654,0.5011731957604145,0.6467707759114489,0.04423515298163905,0.8610386437182019,0.2039793234857018,0.24254883480641587,0.9953726837226026,0.31641414429388215,0.8117912496378125,0.8834584921329982,0.8372308690176493,0.449228216565682,0.8955804698805541,0.5214306616996776,0.6558661373547062,3.678141512393865
