center_0,center_1,center_2,center_3,center_4,center_5,center_6,center_7,center_8,center_9,center_10,center_11,center_12,center_13,center_14,center_15,center_16,center_17,center_18,center_19,center_20,center_21,center_22,center_23,center_24,center_25,center_26,center_27,center_28,center_29,center_30,center_31,center_32,center_33,center_34,center_35,center_36,center_37,center_38,center_39,center_40,radius
0.5129778203027618,0.46375489588829577,0.07191834495936644,0.9829854019406258,0.9259563004447617,0.7888481738885498,0.5317514626645533,0.8736209809039875,0.616796288591452,0.02953821905045584,0.07291804145342007,0.04569640299818223,0.568412315059952,0.12589599037714838,0.5542240302868837,0.6570260133261407,0.5098950244909075,0.989132648711144,0.726857864438978,0.9920107068199409,0.71960881614776,0.5221223300597679,0.636684332838561,0.923875475536419,0.8766501845403314,0.022253147441317678,0.23413605979424823,0.9483539162719872,0.47957513438250343,0.09029383101339894,0.8669981076933696,0.9235299378536382,0.4691752625783264,0.15131726601930706,0.5346334823977255,0.651124242507738,0.3608432103977932,0.26268652868753317,0.4549831677553482,0.983837971656564,0.15075130086757726,3.6452543004224163
0.15716207550027095,0.19212860701610446,0.9971825927147022,0.03551791310799479,0.07663588333644078,0.46258366722909805,0.615052753887561,0.2551648449593241,0.5166427052705183,0.9809112363311486,0.703617817247807,0.6530453206997253,0.19608741573596455,0.8777659405904881,0.2469565676795813,0.10485227254984086,0.5565104334044483,0.31067218927465534,0.16913293423591158,0.24633793766289847,0.015030264534885318,0.5617054662549724,0.1551475355373474,0.013525327647517682,0.11382692931665439,0.6770521919859153,0.8402302031208281,0.07367002081717977,0.11300343817789815,0.7406903062501085,0.15558923655967982,0.37089496540808586,0.9385017240353545,0.20221109409452132,0.7045204234892553,0.8502409229053356,0.3582709625208065,0.6344270091192212,0.641851156153926,0.1454077087761515,0.7690949831569381,3.1160421642382663
