center_0,center_1,center_2,center_3,center_4,center_5,center_6,center_7,center_8,center_9,center_10,center_11,center_12,center_13,center_14,center_15,center_16,center_17,center_18,center_19,center_20,center_21,center_22,center_23,center_24,center_25,center_26,center_27,center_28,center_29,center_30,center_31,center_32,center_33,center_34,center_35,center_36,center_37,center_38,center_39,center_40,radius
0.7405343343596612,0.3103698594386072,0.859637828279758,0.0626877365247489,0.8854641890231069,0.725320340922601,0.06435643850249317,0.8449553788550216,0.4788261114697102,0.8642208859627085,0.8426316843276558,0.799559858223155,0.9121343656258317,0.5072022145863377,0.9446556626656712,0.9355434063176505,0.18027422622449363,0.3909386173690026,0.029720639410696692,0.545581005349881,0.9274397101779446,0.5361224756802694,0.87290900809384,0.4531410110031403,0.11200285420785938,0.9490927037731116,0.9054233565385789,0.0771265527294257,0.1143561967927883,0.8329279938258464,0.9008727922013079,0.10765907878067793,0.21093298868036237,0.01927606548503069,0.6997584755548951,0.25132738873204485,0.25765768465572225,0.5462342676468918,0.5011568422890339,0.4908925862200887,0.23867863194291183,3.714176359031932
