center_0,center_1,center_2,center_3,center_4,center_5,center_6,center_7,center_8,center_9,center_10,center_11,center_12,center_13,center_14,center_15,center_16,center_17,center_18,center_19,center_20,center_21,center_22,center_23,center_24,center_25,center_26,center_27,center_28,center_29,center_30,center_31,center_32,center_33,center_34,center_35,center_36,center_37,center_38,center_39,center_40,radius
0.34517598533720284,0.7669503918446344,0.8227375196381,0.8375952585457922,0.6847448248651355,0.9624897174588678,0.7406711627349511,0.9175055823339301,0.2878576374098236,0.9161764035202575,0.5831719321038102,0.21223544481220802,0.9226551186779772,0.7165988521216852,0.39577121214224353,0.07436920630761323,0.9340653768001104,0.8469459184133328,0.7178567993551397,0.07914815313068502,0.6395183987272508,0.008049422185683053,0.2879032004393839,0.3802849751186259,0.5819789153959453,0.9105421702575165,0.9999403363647554,0.9626008322543518,0.9794239239650477,0.41219941306832864,0.4018920096729406,0.09365335396878283,0.43926391550460975,0.9311543956969469,0.8562434194196283,0.7083663418733344,0.32772035649697784,0.9787241369189279,0.6580278021827912,0.08763270491411934,0.977774192896928,3.5847469649002925
0.3629660437922583,0.17197201467874113,0.878807785795551,0.4994801906435071,0.3578693027101997,0.28067964279216173,0.6069868602494525,0.09134784917889194,0.5895838084836101,0.2105538284348598,0.5077721324454006,0.8506558536392493,0.00010681721718719395,0.6619676890459651,0.9588480448259894,0.9898193335386819,0.16852767242072075,0.060562414272322784,0.6309361369606995,0.26439812934460993,0.09240620590284299,0.9235979408815888,0.4992075591832462,0.21430798393303319,0.19701190392539214,0.5076465235705071,0.592972223946869,0.11397047614571953,0.01326313477204033,0.888666709302738,0.5794223203521813,0.024595177923454004,0.6308017463903233,0.04970793792092654,0.051680003937082386,0.02757072110273251,0.9674011892214887,0.22216648694732066,0.3979477026681999,0.17329726390618772,0.23562833058809696,2.6963146370539377
