center_0,center_1,center_2,center_3,center_4,center_5,center_6,center_7,center_8,center_9,center_10,center_11,center_12,center_13,center_14,center_15,center_16,center_17,center_18,center_19,center_20,center_21,center_22,center_23,center_24,center_25,center_26,center_27,center_28,center_29,center_30,center_31,center_32,center_33,center_34,center_35,center_36,center_37,center_38,center_39,center_40,radius
0.4535755610107671,0.38429595855869647,0.46948768593912316,0.24231074386135176,0.6044101378854639,0.4789244635244234,0.25051271520510954,0.868669928065926,0.8863261357496028,0.5747587333312261,0.19565063340172117,0.7322571491194781,0.3362307612753601,0.8240819522383969,0.8651867780137862,0.2706871699866138,0.24576671170333353,0.41734315509846576,0.7873760752090699,0.5485897323785214,0.40441847970023204,0.5692545065134313,0.8747405069455396,0.19526064404340315,0.061156976599659685,0.3148511674722184,0.8914937573995849,0.6006320624743404,0.8463630016770656,0.7922362193402487,0.9347746416945899,0.3071994063286685,0.616695891233235,0.15791163197937408,0.42351018288742204,0.6535846889739755,0.3729339748950452,0.1248137790786854,0.05693514264175892,0.0157914999048685,0.9179214870730652,3.116895625970457
0.7701943014894667,0.9229679591337139,0.40817977455714627,0.6522691513421779,0.745183855930386,0.31318655515596217,0.9896607816380593,0.014122543310033153,0.14326071947758323,0.018970729332931868,0.9820860996209018,0.009005689672666017,0.14750608279102784,0.9484058388781264,0.10090132235581895,0.6859034863297852,0.8431305235721264,0.923534542196977,0.730938236503096,0.13136970575261875,0.2879204799984132,0.25622902886640286,0.23103674406461627,0.48096331551163407,0.6850884642306455,0.8115436497416723,0.8556552957603101,0.4940688102332714,0.9974750946879867,0.6289847123366258,0.04716773432506838,0.4205985606630478,0.17574698281954315,0.20721237599337927,0.9001803866907934,0.38713817465703004,0.26584757148218197,0.6616714007729089,0.9911785524864493,0.727105314495775,0.3820353852046041,3.3704627941778504
