center_0,center_1,center_2,center_3,center_4,center_5,center_6,center_7,center_8,center_9,center_10,center_11,center_12,center_13,center_14,center_15,center_16,center_17,center_18,center_19,center_20,center_21,center_22,center_23,center_24,center_25,center_26,center_27,center_28,center_29,center_30,center_31,center_32,center_33,center_34,center_35,center_36,center_37,center_38,center_39,center_40,radius
0.3338553280201608,0.9988446495693434,0.1449937182465495,0.7926767988301604,0.81127623083437,0.8968508734460038,0.8629092475063984,0.5462121140390184,0.12871281277991908,0.9071084217349112,0.4051054667967806,0.3751610842946702,0.4263746200751717,0.5651461663296488,0.5489337030100422,0.602143441596612,0.06180751371562698,0.5326821024776512,0.9525212176114468,0.06682675848323616,0.8220342541668798,0.30319055525359107,0.41656934959464553,0.1294552109739613,0.7680513046632881,0.12249714488212571,0.6680803755461897,0.20177047886205268,0.9408183991532466,0.4793522000603705,0.5194034772615337,0.35302197557915516,0.8643670255416953,0.9612593865680579,0.11995676957517631,0.8706602609182433,0.4728766512875181,0.8780713069897442,0.9870300039188146,0.8220072652005805,0.3601628134177892,3.256463746858446
0.04208125509862126,0.47003645615305434,0.8976609544457004,0.0817425428222428,0.7483063073001216,0.14595476107787853,0.11603018562404355,0.6591531924946387,0.05143396210135198,0.05358401881938346,0.23763402855223348,0.8487840085016195,0.8277856657716322,0.8569845193543225,0.9931261331657475,0.22773079647918915,0.11294096573953816,0.7534583236466086,0.3701138480882571,0.27452090829529363,0.3660782733552429,0.8863661624802537,0.015136410476493722,0.5716116151325195,0.05473304830770587,0.6082608568906558,0.70935678479133,0.9919315973307027,0.3188061785258489,0.23064057032519136,0.7288248571892584,0.9776859873189547,0.09139638349961798,0.49425573340983164,0.9814593733731595,0.5448138580391886,0.997177739361663,0.43910294399018923,0.3910866996110487,0.9683830086268991,0.9789165218664566,3.24658288847615
