center_0,center_1,center_2,center_3,center_4,center_5,center_6,center_7,center_8,center_9,center_10,center_11,center_12,center_13,center_14,center_15,center_16,center_17,center_18,center_19,center_20,center_21,center_22,center_23,center_24,center_25,center_26,center_27,center_28,center_29,center_30,center_31,center_32,center_33,center_34,center_35,center_36,center_37,center_38,center_39,center_40,radius
0.8742966885727784,0.29603273765344085,0.8332107703889098,0.5825575787457042,0.28065536827465587,0.6577011256907435,0.574536489199189,0.6251733665189391,0.44609852933318217,0.9095863537488433,0.8757681156512022,0.06349428672135926,0.857302002727705,0.101741031398763,0.2861885376095118,0.11335852078570718,0.5711314843370352,0.8155125949791179,0.24857828448427577,0.8474844268135117,0.45539293296033523,0.3457777964755995,0.4847453778169144,0.913594211865264,0.6673542747889666,0.21631778798912682,0.6556130530130045,0.5186670952758001,0.6039505170593442,0.07368124777315765,0.1544686248120949,0.8903365839962724,0.8452473338359461,0.6643464806359558,0.7929409195830303,0.5250665908285836,0.3105461366079185,0.633977986175199,0.9787152352833935,0.1800415215505191,0.9801553332393259,3.4491722442752994
