center_0,center_1,center_2,center_3,center_4,center_5,center_6,center_7,center_8,center_9,center_10,center_11,center_12,center_13,center_14,center_15,center_16,center_17,center_18,center_19,center_20,center_21,center_22,center_23,center_24,center_25,center_26,center_27,center_28,center_29,center_30,center_31,center_32,center_33,center_34,center_35,center_36,center_37,center_38,center_39,center_40,radius
0.47207055813913135,0.21509397401271868,0.8084892090892124,0.06903136236590746,0.690903221788338,0.441176799557618,0.06900671597749852,0.39096002287823595,0.8422775881964343,0.2912468976646302,0.5807856823608321,0.2377445102704393,0.7573405806798703,0.4181207086562735,0.31024589445324935,0.934094826698519,0.43302996467465527,0.6661285340343062,0.005693775395993361,0.7748644160180685,0.1430852751999424,0.07163749379919748,0.17813566014214322,0.09503483499857657,0.44386429626544,0.20801714408568872,0.08628274021948745,0.6153675285366413,0.5497924959461634,0.6210225667331125,0.14805713292864764,0.6650965862823756,0.15559783973118269,0.5872940744821612,0.21094662046900547,0.5750044724955895,0.4297358491049865,0.3464798784485662,0.5951356597189824,0.6540813356668926,0.9418554971750798,3.1184073425753915
0.8139426362561035,0.47671777924514447,0.12777313934720447,0.8274453214448059,0.5103559413740849,0.26138569935198075,0.756613750166853,0.1871486088636688,0.1892203136026881,0.22363177632042885,0.018306621124158262,0.47065401191812184,0.32679531308485144,0.1726700374519251,0.8008719302762709,0.30753500032934733,0.9552224290942967,0.4801843805561318,0.7795311267799828,0.38358538150934396,0.9852538511489812,0.7483016808812468,0.9861590448864581,0.8494117988820088,0.6113620727320647,0.9275298887446181,0.8933278307240691,0.7191919253342508,0.6925804621345725,0.8037372008358648,0.7826990056180314,0.6193470594871346,0.8008229532927413,0.34110904505573314,0.9220165646764049,0.8078406470184415,0.06614255466701435,0.8991765775049927,0.33978805806657597,0.6385834346359432,0.6790164768197885,3.7617392642989986
