center_0,center_1,center_2,center_3,center_4,center_5,center_6,center_7,center_8,center_9,center_10,center_11,center_12,center_13,center_14,center_15,center_16,center_17,center_18,center_19,center_20,center_21,center_22,center_23,center_24,center_25,center_26,center_27,center_28,center_29,center_30,center_31,center_32,center_33,center_34,center_35,center_36,center_37,center_38,center_39,center_40,radius
0.30145226676520787,0.23421766717393022,0.17186475962876302,0.8346385714191141,0.08350717394120444,0.5146902391795963,0.3372100807692102,0.7559709436916816,0.29589765572666693,0.24078923177119604,0.5076768918325547,0.5978128173390633,0.08247806027409665,0.5553936173352277,0.20119394341319197,0.8082520763253512,0.18381081545458955,0.5768817389696703,0.16766845385402407,0.4941478690543728,0.7587121339465146,0.11478299407291537,0.5016785859000462,0.01914377954776647,0.5818421034833297,0.1942500192406148,0.9705144823180277,0.5720063087534467,0.9201624341869837,0.3923292749609578,0.7817211048530271,0.5873738577001215,0.7110670105283114,0.9549217153847156,0.015272849923405274,0.21557570179072194,0.05057478665197701,0.1493688945512246,0.20279276925242162,0.8855398041121959,0.8789814963403906,2.638198013315363
0.6529120465725972,0.43586879238509035,0.9968618049786722,0.47986897235340165,0.7012201258661046,0.33530769826105933,0.9180520882121604,0.5089858136767438,0.39815910868997695,0.13374202046352435,0.1849754142267711,0.23432559085636384,0.731705471347517,0.37163375276619526,0.5997890308493312,0.9015753416371977,0.8890084816532736,0.5195725438721885,0.6221799468841546,0.8745416060487032,0.48875915663657465,0.8008787808380577,0.6680191198721156,0.8180401920495413,0.7195442513041338,0.605903864630277,0.4822011847341613,0.45360438260940295,0.7044525142555509,0.5313265371178382,0.8256743963514276,0.8579620336358188,0.14197434987955915,0.6398430719299162,0.2589244356602812,0.4065720137156167,0.48905376577689375,0.9636964873082607,0.8066826539272657,0.10941222387037508,0.6180118761797896,3.464984073549297
