center_0,center_1,center_2,center_3,center_4,center_5,center_6,center_7,center_8,center_9,center_10,center_11,center_12,center_13,center_14,center_15,center_16,center_17,center_18,center_19,center_20,center_21,center_22,center_23,center_24,center_25,center_26,center_27,center_28,center_29,center_30,center_31,center_32,center_33,center_34,center_35,center_36,center_37,center_38,center_39,center_40,radius
0.49245860485806237,0.34365147280480457,0.3338233447756934,0.6984122668136543,0.9103822639779645,0.8447535823495579,0.28138183855586996,0.8059421515223159,0.8446666171944504,0.5873999469248636,0.5061424636163182,0.0344963671985411,0.03486148493095864,0.4492028221619335,0.797605552566266,0.43764863313864355,0.6430915743350931,0.4207123798481469,0.24605372488149946,0.048729489089637146,0.19865036080892173,0.7542421321909858,0.6365491236034498,0.23003714845231682,0.4547456092002774,0.6796314766498521,0.3919890669599705,0.8213040326724919,0.2906896200200171,0.13625007817744694,0.180071876736135,0.3698885701329472,0.6210427741279075,0.6846569278025795,0.456484963235533,0.06911648887443578,0.7161661769875277,0.7809208384776637,0.6160217455432285,0.546652275575297,0.7366781573782627,3.2272701407237903
