center_0,center_1,center_2,center_3,center_4,center_5,center_6,center_7,center_8,center_9,center_10,center_11,center_12,center_13,center_14,center_15,center_16,center_17,center_18,center_19,center_20,center_21,center_22,center_23,center_24,center_25,center_26,center_27,center_28,center_29,center_30,center_31,center_32,center_33,center_34,center_35,center_36,center_37,center_38,center_39,center_40,center_41,radius
0.25595127871620105,0.2623948817602786,0.7767183415643316,0.24124951325699184,0.6441253188540651,0.6696286170307635,0.3761974666463078,0.3497195903460458,0.7292203879676191,0.7293944004807791,0.4249481132422329,0.20220747219056545,0.6883443995975771,0.8528429618408117,0.47639961598591785,0.687728632840091,0.043923346561290155,0.08895435342127833,0.5041410626561215,0.2449961589719285,0.7417254775485546,0.8592859698610505,0.6521954684535688,0.29399149358297527,0.39665178154386405,0.45224997348268425,0.7255547403855799,0.4844862795561038,0.1709664446849487,0.8307445363420383,0.9293733023738849,0.03245741441551375,0.2667717750711064,0.6150224337060753,0.3292646776077369,0.8468788210889733,0.06032791436287388,0.0566031749665411,0.9295947402005075,0.5158405792617274,0.16598630917375712,0.7404420124903324,3.2001760114041438
0.12737080603625117,0.5388751407113502,0.16672595215067854,0.9942563227586196,0.7498646107072382,0.06666937679502483,0.8088955166825397,0.9307022522984578,0.8945186621139952,0.06465822291748236,0.7401251348274096,0.7373002978110031,0.0006157118308915965,0.9597246943735285,0.046013498482372794,0.2602283619954763,0.8127559894779371,0.6502181421303663,0.001394456819879597,0.9839657960445202,0.27039835804793,0.15041819984862193,0.9655574237223262,0.7648423675608363,0.357515183004534,0.9460698771894827,0.08135508831945337,0.4037007319432836,0.5437238931312711,0.17076674353019838,0.042353699134054845,0.561112855156028,0.6498167855989451,0.6453177226158446,0.8940464889448758,0.7837081003539315,0.8054317212292577,0.4397340539394471,0.923141045263196,0.956636421595845,0.8000712693832654,0.5040247787262064,3.592339024068547
