center_0,center_1,center_2,center_3,center_4,center_5,center_6,center_7,center_8,center_9,center_10,center_11,center_12,center_13,center_14,center_15,center_16,center_17,center_18,center_19,center_20,center_21,center_22,center_23,center_24,center_25,center_26,center_27,center_28,center_29,center_30,center_31,center_32,center_33,center_34,center_35,center_36,center_37,center_38,center_39,center_40,radius
0.4364662616338304,0.09534027631519482,0.06879205190201565,0.475253318548713,0.017273388101603282,0.6837537470963987,0.494373556470339,0.7021684786387566,0.5063834628126981,0.5964925025683204,0.4417678028251498,0.045856136997067365,0.9000005721206702,0.8073262671277741,0.28122499563549963,0.4807867048969944,0.14849808948603438,0.21546493036607461,0.025699447469904935,0.5342364151197906,0.23200379471126165,0.2962290775760068,0.8352189234036913,0.5095793147536504,0.034568328216802335,0.1246525446021175,0.30508015529769983,0.6856278277519727,0.629096043790383,0.5028881105207035,0.9140662412905471,0.14170665581874986,0.15034031022221472,0.7433375843682044,0.10159177236720374,0.6199147424570414,0.15085233442234025,0.30753852573697016,0.9283199657074886,0.08530468940569225,0.49798286580295126,3.0709204386634554
0.0031270030978745034,0.8090450232009838,0.5670268382196479,0.9447140620145724,0.9544186628376709,0.5549457013009551,0.3620604896293619,0.07144677450444248,0.1362160800152583,0.997279700827495,0.632353136350583,0.8919151325644044,0.9786649771570782,0.5611646078711507,0.29856939180085507,0.7210823940808695,0.97256137962535,0.48887553240750925,0.6868559935699707,0.1616463440722763,0.9666117193400872,0.8552488241939936,0.25436022967151994,0.4652631746722561,0.8352859943945031,0.16787235857092853,0.5665677448466736,0.06566495095687963,0.9754892011884356,0.5396394622040938,0.48985927441389765,0.2537271249793034,0.40669243154528123,0.8667735437199425,0.9378781722740295,0.12940983718171273,0.8868720400615248,0.6465622538385982,0.6727734283548783,0.8382336435858417,0.36738729486173405,3.5226577857993724
