center_0,center_1,center_2,center_3,center_4,center_5,center_6,center_7,center_8,center_9,center_10,center_11,center_12,center_13,center_14,center_15,center_16,center_17,center_18,center_19,center_20,center_21,center_22,center_23,center_24,center_25,center_26,center_27,center_28,center_29,center_30,center_31,center_32,center_33,center_34,center_35,center_36,center_37,center_38,center_39,center_40,radius
0.2552646400030447,0.26270656154381655,0.0033540423946493148,0.0769043235661856,0.8466189539408483,0.8417799641382269,0.271552206839356,0.19274186640870772,0.3742645229655216,0.3270431496094963,0.7909046855898302,0.7621980996725137,0.5334368101544619,0.7613302430212219,0.951104223827471,0.7482875260786598,0.785315154968335,0.16065584019341916,0.37301460177829826,0.9767070609621098,0.9468314340996302,0.6689299875860159,0.16288790776644402,0.8873982034584386,0.43475078538852374,0.6198112657629011,0.6221037586408842,0.41506038078283436,0.8599645421903445,0.5065808032760032,0.4431576694108138,0.5942396370867522,0.18099746202345235,0.8643573721460656,0.47711764745738683,0.7729328256018264,0.7476946316725973,0.23151213041295504,0.8549960933039509,0.8738032623425593,0.2919161775521075,3.5464994644016112
