center_0,center_1,center_2,center_3,center_4,center_5,center_6,center_7,center_8,center_9,center_10,center_11,center_12,center_13,center_14,center_15,center_16,center_17,center_18,center_19,center_20,center_21,center_22,center_23,center_24,center_25,center_26,center_27,center_28,center_29,center_30,center_31,center_32,center_33,center_34,center_35,center_36,center_37,center_38,center_39,center_40,center_41,radius
0.4700219815117883,0.2993541235871574,0.5130240052459458,0.024813610364086025,0.9485864987427209,0.6289342102516828,0.5052015013710197,0.345167233265251,0.7752365818362227,0.2405470297807767,0.8954527377701016,0.12953388330411075,0.7809408225074599,0.9160456797313699,0.7812114382873392,0.12083501879950087,0.5536697067444377,0.848652163199673,0.054845059638627625,0.9939529188303668,0.8099457730827143,0.5134897439041219,0.09813794527523778,0.05382463829336026,0.7718391379702988,0.5525000788725749,0.7222267044811689,0.9865178645417435,0.18103902965952656,0.7460248299575651,0.6308470029094377,0.28706084020212486,0.49571827392553847,0.19214227281531693,0.3435998351376828,0.3875623544579543,0.8395178506308713,0.9297807584119814,0.8385236428300038,0.4709356293529655,0.6080417365941512,0.44836697142562143,3.4588985117866122
