center_0,center_1,center_2,center_3,center_4,center_5,center_6,center_7,center_8,center_9,center_10,center_11,center_12,center_13,center_14,center_15,center_16,center_17,center_18,center_19,center_20,center_21,center_22,center_23,center_24,center_25,center_26,center_27,center_28,center_29,center_30,center_31,center_32,center_33,center_34,center_35,center_36,center_37,center_38,center_39,center_40,radius
0.7079795644494346,0.9894323583208593,0.4280047497280831,0.6494720061980483,0.7718252159137234,0.8808167454373836,0.6626285847159256,0.33173621113971574,0.9996201848654457,0.8996544262744625,0.5351523618373356,0.6281282401072614,0.7866175106960726,0.46276966381832585,0.8840858822719486,0.8207498542477896,0.986985547593912,0.6138111634417445,0.0347798304938316,0.35914260639465123,0.30430396701712226,0.8631870714224315,0.8343428019035636,0.26126920794842623,0.4562486561129595,0.44389087364922153,0.5812419749646588,0.9829313067353639,0.479902811999956,0.4912688773196112,0.8628731372376438,0.598475494715119,0.12102813160213521,0.463780909335167,0.25856328438503484,0.5772112808669091,0.3403022322467818,0.4716505882591594,0.07804613525342685,0.8237692092666349,0.982032199082639,3.5838028787225724
