center_0,center_1,center_2,center_3,center_4,center_5,center_6,center_7,center_8,center_9,center_10,center_11,center_12,center_13,center_14,center_15,center_16,center_17,center_18,center_19,center_20,center_21,center_22,center_23,center_24,center_25,center_26,center_27,center_28,center_29,center_30,center_31,center_32,center_33,center_34,center_35,center_36,center_37,center_38,center_39,center_40,radius
0.9216132870014959,0.011123907886550488,0.9677913745122467,0.7671657539107637,0.013216387257445006,0.28126938326741835,0.6618593384961765,0.33824984133411895,0.914028967371555,0.05368740220300505,0.6174749843205493,0.17302582001699474,0.6008526999688546,0.7028758035785106,0.677920642559415,0.9092746733275913,0.922255249834328,0.9351857527406131,0.35550674073382404,0.10728220230222585,0.6687817039749858,0.17911202599297238,0.10854815627039571,0.19121159763202777,0.6942646416225496,0.8521961102250715,0.9614621069696729,0.040327089526515314,0.3042444660277057,0.46447082946542784,0.8447661829797743,0.23021145747545435,0.6991659724958619,0.40425944472601794,0.6659920365952522,0.9502161867674723,0.07022369089801928,0.5977294098173485,0.3729195884075154,0.9904101835402599,0.6410667451329128,3.462813223042643
0.1145314873788329,0.9863183285806751,0.1954301727476353,0.07857761871045821,0.6935369241511893,0.07444662708965755,0.971578646288194,0.9495469452331378,0.03038311831286844,0.4075369601365758,0.41782862539521126,0.4667166331926257,0.9758322116172061,0.31332927494056595,0.6755253518351744,0.1264703575941475,0.005223121956629551,0.6245544169213304,0.16679111063804486,0.8796218666824148,0.12457901452355202,0.7949635970830086,0.8629852816752291,0.6312506683037135,0.329679672668046,0.7126026319303543,0.48437570532738905,0.8843882024449086,0.9062590675891244,0.7859626629795168,0.2615000159419225,0.8866218942057045,0.7151613310334467,0.5365191714481435,0.6383615588358307,0.3049365077118912,0.7789742177511487,0.21130247812117142,0.13769466979988698,0.7325716441120428,0.6111838156294577,3.246324461970679
