center_0,center_1,center_2,center_3,center_4,center_5,center_6,center_7,center_8,center_9,center_10,center_11,center_12,center_13,center_14,center_15,center_16,center_17,center_18,center_19,center_20,center_21,center_22,center_23,center_24,center_25,center_26,center_27,center_28,center_29,center_30,center_31,center_32,center_33,center_34,center_35,center_36,center_37,center_38,center_39,center_40,radius
0.1538902737043193,0.6921006246079844,0.3656519338620048,0.21047675818272527,0.2569046243936347,0.24164138203265828,0.6476532013273663,0.4600629228089024,0.07317748347720154,0.4240149280786123,0.4307094051946738,0.20907283615197747,0.03313304687409602,0.48129311580234224,0.4636689226750167,0.7755560257951649,0.8183112792675103,0.9825272469489934,0.7802741119027222,0.3772679643782655,0.7857196630731313,0.6972206902893966,0.7026920582667674,0.9434807817709452,0.18799172778324724,0.059039767528103804,0.4437556862866362,0.8473285504152072,0.7831215601585892,0.8435812385060459,0.10385455543687327,0.6454235368242209,0.8194726829890232,0.9242951905961083,0.215948303906768,0.5217795972836173,0.05638217437648807,0.41191382244796204,0.31676812157187595,0.9002636840899271,0.8208605385172437,2.9697409852117276
0.9845814107582705,0.01669375046484256,0.05744676008080185,0.5052842826587697,0.8473137196145697,0.6472906665232052,0.8717045673496613,0.6695385933469103,0.9225120900704645,0.4179995513355207,0.5289108487689461,0.9106591189328446,0.09386023722638859,0.45854972153064144,0.2379786610915352,0.7052740521008283,0.9056088381601318,0.01479607581312492,0.1417398515652829,0.08313927987315317,0.2916013642630726,0.6535612325617902,0.8424360454079619,0.8191934190395479,0.138348944946738,0.5185616584895222,0.514975553584566,0.6372636018071662,0.0978097834844498,0.1888873058404551,0.1756130853539678,0.0036464481745456245,0.3036127230922595,0.20915093024451414,0.15890575111257899,0.7164929254994654,0.8330713348232328,0.17304475569729771,0.9725159597775814,0.6703513999768465,0.018553221208671977,3.4758654604012706
