center_0,center_1,center_2,center_3,center_4,center_5,center_6,center_7,center_8,center_9,center_10,center_11,center_12,center_13,center_14,center_15,center_16,center_17,center_18,center_19,center_20,center_21,center_22,center_23,center_24,center_25,center_26,center_27,center_28,center_29,center_30,center_31,center_32,center_33,center_34,center_35,center_36,center_37,center_38,center_39,center_40,radius
0.8860092990008924,0.8295905912066617,0.6564905297379481,0.44996688125744544,0.4243078113805032,0.5297253632197285,0.7978635567520399,0.9567514884779611,0.640663338937265,0.05409307639295036,0.03188379828852561,0.2527436394149324,0.6153782027237512,0.9503406486650204,0.8987490808379788,0.3381467932215181,0.5639215652114928,0.5517518357225101,0.7709513725799139,0.9128760968423042,0.7249891449237028,0.18971834883035177,0.7054485372661085,0.43243515678510136,0.11340284249423971,0.685246220161911,0.8647301545864129,0.8825521495630939,0.21596391015819583,0.5286010650823515,0.7814471137273388,0.07568738792660568,0.19629058594756976,0.22837020673622865,0.22155452279817356,0.00818876159562476,0.5041068935250144,0.8537808102406486,0.961289765700354,0.06498297183710311,0.3666768587924072,3.767391512260768
