center_0,center_1,center_2,center_3,center_4,center_5,center_6,center_7,center_8,center_9,center_10,center_11,center_12,center_13,center_14,center_15,center_16,center_17,center_18,center_19,center_20,center_21,center_22,center_23,center_24,center_25,center_26,center_27,center_28,center_29,center_30,center_31,center_32,center_33,center_34,center_35,center_36,center_37,center_38,center_39,center_40,radius
0.08045995029721864,0.7866416251415599,0.8062437444325605,0.40229983951333925,0.19656874652076395,0.181718176752375,0.7316769797622164,0.8567522089515084,0.7715776543781121,0.3688010086254463,0.9127387350163898,0.05463174863129161,0.6753923208792816,0.7253177102148053,0.7421988879362407,0.5700768661720186,0.490182109856136,0.11562005080246118,0.10067199552136796,0.07816347282159841,0.6194503752902393,0.2855911355096693,0.9079549466915278,0.7367850902369595,0.8591562876409061,0.2310698871357667,0.2971364307394414,0.261285387683883,0.696366361605931,0.8656301624862958,0.22511741736478807,0.8693347463986633,0.4332918428613448,0.47319500146982674,0.9945242152610881,0.9735878198790101,0.48439141485265946,0.8250469564117417,0.008259793692595996,0.6986398443329968,0.8263166527297,3.2803021436739925
0.8657509742547582,0.9242934906223369,0.41426563302494357,0.44336165365653746,0.9914667870610907,0.9873703359611032,0.4378670597284111,0.22363394172074735,0.5676549595509809,0.36637517681998055,0.09356982437556727,0.23283342397634688,0.7881503327853082,0.3449747065053128,0.012503042039742951,0.6956088172348254,0.005831038293243718,0.8588070697434883,0.6179549963012932,0.9888086240111529,0.20553365406761814,0.6740200832679023,0.654506044990789,0.35333244333370073,0.14211935013032784,0.21287296359390329,0.031332216018378656,0.34902425261137615,0.14784941624219516,0.04785023848733416,0.9615427501846274,0.6287861006892318,0.9992311032972188,0.7439171052078564,0.06575077746202718,0.9986289770720308,0.9078474427844234,0.3346516186648494,0.9863978128335935,0.6348922351012327,0.511549313913872,3.4838952751449175
