center_0,center_1,center_2,center_3,center_4,center_5,center_6,center_7,center_8,center_9,center_10,center_11,center_12,center_13,center_14,center_15,center_16,center_17,center_18,center_19,center_20,center_21,center_22,center_23,center_24,center_25,center_26,center_27,center_28,center_29,center_30,center_31,center_32,center_33,center_34,center_35,center_36,center_37,center_38,center_39,center_40,radius
0.39922294729648156,0.11220063850377782,0.4912837853421307,0.5115389910369388,0.9301957105880249,0.22344845542412362,0.14213779727085207,0.33522631987583873,0.5817557496123766,0.6139838475997896,0.18448394465740658,0.5037018465120557,0.10149599673557319,0.36267264438002245,0.6597929923574971,0.22152107727891868,0.7409606384403081,0.742112623520689,0.2759470140799124,0.7087423908741352,0.6939198663360736,0.7677845997853425,0.705925590756408,0.1481705924083896,0.7926320909103093,0.16368726725777627,0.26079129736666584,0.53444750819999,0.7446239818388738,0.4190627998706147,0.5851583787790955,0.7724517347611066,0.24254723935350742,0.1575413157570953,0.09620818220133487,0.3044785709890879,0.8059022636909909,0.3603897126920339,0.6108228368034733,0.5535612253734465,0.8626463914668723,3.0303372172763745
0.054220656326596006,0.9820346893346653,0.1552398914437575,0.8531653906677963,0.7298116497883542,0.7830509412527438,0.8777883375560461,0.377836599446574,0.6070633694836174,0.2838618096747594,0.9771815742986195,0.16615781635278293,0.35752248505493955,0.3228006157156994,0.43864802712805506,0.47047159089944035,0.3340619111421115,0.34834854430428397,0.03400200202435999,0.19007615756020757,0.3423111300848769,0.1665401256624377,0.4968527385268817,0.6275157719047352,0.42473272352254543,0.7462605554882664,0.7784185596890565,0.8689214863374718,0.42224848973775153,0.039685605738683516,0.3864962385756261,0.05763791787234229,0.9551510190426951,0.997250315321254,0.8490176257030253,0.735478589648552,0.726391794532432,0.9719431249799042,0.9329929573791385,0.15354252419017278,0.0666575735151379,3.1278127067094217
