center_0,center_1,center_2,center_3,center_4,center_5,center_6,center_7,center_8,center_9,center_10,center_11,center_12,center_13,center_14,center_15,center_16,center_17,center_18,center_19,center_20,center_21,center_22,center_23,center_24,center_25,center_26,center_27,center_28,center_29,center_30,center_31,center_32,center_33,center_34,center_35,center_36,center_37,center_38,center_39,center_40,radius
0.3889343533284698,0.5372501223452207,0.61438078422843,0.03402272348598845,0.8710933190619278,0.6653248683183108,0.8176257846471535,0.457828192332289,0.3626616518834047,0.04753728503576071,0.46791467435170087,0.6883438030986226,0.9761949601007239,0.9810227748623511,0.5529062653667757,0.7698451995409364,0.912944698062986,0.32044942900047824,0.67379785646448,0.6047488961753008,0.7175668957373269,0.6719917301931817,0.7500125257936048,0.06773966995249148,0.6916383897814014,0.7769560721461236,0.9143990282443892,0.5081268173224762,0.08663365447593196,0.19686853018271133,0.10392812226299752,0.914644260471293,0.36172849971918974,0.026058350286099263,0.5446107567733172,0.9280467790899637,0.9635760228099811,0.866906630857892,0.13137978388504545,0.37641818817289785,0.3097230259464665,3.668582107581085
