center_0,center_1,center_2,center_3,center_4,center_5,center_6,center_7,center_8,center_9,center_10,center_11,center_12,center_13,center_14,center_15,center_16,center_17,center_18,center_19,center_20,center_21,center_22,center_23,center_24,center_25,center_26,center_27,center_28,center_29,center_30,center_31,center_32,center_33,center_34,center_35,center_36,center_37,center_38,center_39,center_40,radius
0.8845966122335417,0.7120340876716219,0.054462604825805117,0.3097380535645433,0.1032044790766683,0.6961314004983485,0.872006195161487,0.3245081131871087,0.08667886448508388,0.2821301927944625,0.43849312801491713,0.044671741337187654,0.2587600992174728,0.05756620178224714,0.05984854297386677,0.18910117121324876,0.48701569671495726,0.9046769086812452,0.12059319802039481,0.26885539596461094,0.9242280330858887,0.8225379604526954,0.6087925622475782,0.9998756224285683,0.4481624548402986,0.7354552861333261,0.48858528851248517,0.5441972287561129,0.8153475397773622,0.6320141010627561,0.09223643813650206,0.5316867833803073,0.2873526022254068,0.30487143983002407,0.013137129464083186,0.9205265990896969,0.2982443476405843,0.2274616281556594,0.7695674438283707,0.6407569423806337,0.7871063967537272,3.0460908366613433
0.736595189860338,0.2840814911672215,0.9620996293504408,0.9736578118413022,0.9767719642965099,0.21030929761320571,0.5536935890394364,0.45996531304009824,0.7880183946605643,0.8657299945522318,0.8892137717245129,0.6725741905413438,0.29166316983066,0.9137190846152796,0.6667317863489169,0.5545771396280001,0.9348110659692153,0.2938573332854779,0.8717319833581862,0.41145362361719795,0.3662142167171678,0.7992995063559815,0.65958841201838,0.10583992756238714,0.4221251301984129,0.6375169648331698,0.07609431877217099,0.7626850743491422,0.9057908185628956,0.5157709584951248,0.7918974176702996,0.9070687769088777,0.663227265119486,0.025611619148471876,0.09118714766279445,0.43158519483558644,0.2357635333203616,0.3010977459175517,0.835645251730573,0.6911370631346326,0.0467556852953962,3.251687610767283
