center_0,center_1,center_2,center_3,center_4,center_5,center_6,center_7,center_8,center_9,center_10,center_11,center_12,center_13,center_14,center_15,center_16,center_17,center_18,center_19,center_20,center_21,center_22,center_23,center_24,center_25,center_26,center_27,center_28,center_29,center_30,center_31,center_32,center_33,center_34,center_35,center_36,center_37,center_38,center_39,center_40,radius
0.3180759784886985,0.49711655376163744,0.5081558516695309,0.10053470459304426,0.757665134968256,0.1351364112699548,0.3358237370242255,0.1434543408588641,0.1390989672585945,0.34616715579265334,0.15311610411617183,0.6659507698479782,0.05334748038977677,0.613238086982355,0.9524047130999194,0.6354906256775297,0.21205617491034223,0.3705387208942148,0.3461053292522266,0.8491723856319331,0.29881429858504605,0.2840036512344064,0.14575750728005277,0.15339398399513793,0.046025536681049584,0.1635994511698996,0.9528378539882156,0.3423417247029461,0.5132101312295909,0.794889651779265,0.30418580411752094,0.7340806689438643,0.05211408919980076,0.7805586662051319,0.24174719268651146,0.15214933279948006,0.6476280117887134,0.6972409550707942,0.20153277305438033,0.0386190946408409,0.45820572069693377,2.7417588946692883
0.4632977744082505,0.9829439996398653,0.5703749325499812,0.454248873415381,0.6847981490596785,0.33143887693331364,0.9874292141114303,0.10457358036191033,0.45851295753736154,0.959950211376318,0.465099110229632,0.23536717767068183,0.6224075119343684,0.6876459115983247,0.04586196755460803,0.8352717789256288,0.8872920202862962,0.5541918833687137,0.9503445540647277,0.4999612638945642,0.91581291567904,0.6845446294561484,0.8860494046200323,0.49129482122695267,0.9535982753517598,0.660441848325943,0.6967424819070628,0.06117435168968388,0.6009048161281734,0.039648964677539755,0.3542808496795009,0.06867195419885197,0.002062251211293775,0.5077133940923726,0.1452571518772331,0.047243041952995446,0.29488177857374365,0.03244735891256889,0.9311620260690957,0.12859477100737804,0.7502764054326767,3.5552568419963695
