center_0,center_1,center_2,center_3,center_4,center_5,center_6,center_7,center_8,center_9,center_10,center_11,center_12,center_13,center_14,center_15,center_16,center_17,center_18,center_19,center_20,center_21,center_22,center_23,center_24,center_25,center_26,center_27,center_28,center_29,center_30,center_31,center_32,center_33,center_34,center_35,center_36,center_37,center_38,center_39,center_40,radius
0.7680081575218503,0.29394346850394815,0.5076885885138581,0.22207262931133065,0.4200299227853622,0.5677762482933512,0.7597561663791017,0.9381300631052982,0.801925765587582,0.6926200309370545,0.7240895924120069,0.9048279437646737,0.4449440088729515,0.7729411038130061,0.8210696569123324,0.5620630309674741,0.8078614879343635,0.06711694840732052,0.03504591374526633,0.030480787361559236,0.7682920707957165,0.5667220954645675,0.7769968553397629,0.9752707929892942,0.7766464781841415,0.8100132508362953,0.6923194335667329,0.5793196710967319,0.8468255220208735,0.8705342852883908,0.6231992164134141,0.7853859093649151,0.22923622917631137,0.039813842493923834,0.680135795675945,0.19439690111740382,0.4530438858405358,0.6237647515045207,0.33242105868851757,0.7274976004937964,0.5212876001949219,3.5264523535526546
