center_0,center_1,center_2,center_3,center_4,center_5,center_6,center_7,center_8,center_9,center_10,center_11,center_12,center_13,center_14,center_15,center_16,center_17,center_18,center_19,center_20,center_21,center_22,center_23,center_24,center_25,center_26,center_27,center_28,center_29,center_30,center_31,center_32,center_33,center_34,center_35,center_36,center_37,center_38,center_39,center_40,radius
0.8197339441883916,0.5110670775412931,0.5447285671779977,0.28279623854642433,0.7776055346441916,0.5594821896640204,0.9139207984746129,0.5514139950764062,0.30504409753966477,0.13247142570938575,0.6348196656972976,0.6968730898972662,0.4905903293302435,0.41179760767186546,0.41505300161100545,0.4720957395236701,0.10608330770464147,0.07535828525229449,0.9057766280417934,0.7924163128610457,0.13557722523446492,0.8673388331578274,0.21955087947435803,0.44769668976002697,0.29104087073421225,0.14457383171878768,0.32266569252437416,0.06639761945499778,0.1759954208693213,0.6246288855050052,0.05540131153603367,0.5147561972534447,0.05387715185290809,0.5924734644051456,0.6004146683045214,0.7730280023977764,0.7587882374793795,0.9342401259190705,0.6994201368906197,0.3058656359533657,0.5530208625545934,3.2478442048964467
0.006779338820365632,0.6660777090058405,0.5024773538344574,0.8072939148584205,0.8669296883554729,0.14080532173445703,0.3117286986740877,0.4057745049850461,0.8889658652364893,0.8338205339179646,0.6107899657732352,0.2000033215152609,0.20514061668030104,0.4324933791959127,0.8607215364503231,0.4791572954394955,0.34395743315539695,0.9035316771141176,0.048460671333579675,0.2816167040680777,0.8323994406043823,0.21074766531161826,0.9980119007425069,0.3848811035506561,0.7006380357788666,0.8008655355689236,0.45473577203077353,0.7223632499416178,0.8086887386812788,0.0537411066495207,0.6249702186387333,0.34315058810311794,0.6230950831378576,0.9147126064052445,0.003374708949138827,0.8433080931203164,0.36477725674438843,0.11810499870889257,0.15095807592729615,0.9565374323820792,0.542631755438662,3.309978470263657
