center_0,center_1,center_2,center_3,center_4,center_5,center_6,center_7,center_8,center_9,center_10,center_11,center_12,center_13,center_14,center_15,center_16,center_17,center_18,center_19,center_20,center_21,center_22,center_23,center_24,center_25,center_26,center_27,center_28,center_29,center_30,center_31,center_32,center_33,center_34,center_35,center_36,center_37,center_38,center_39,center_40,radius
0.4980875475816078,0.7778198702104343,0.03786873856164108,0.5626596009246314,0.04210959752265142,0.6214479680812531,0.5814243091509936,0.306383338704466,0.47997331357690176,0.6733137537979884,0.8220892961808557,0.3925210516244575,0.8858031221623643,0.850185078740088,0.5051861239934387,0.972759157871356,0.5543615895709036,0.9985801104450134,0.9743677954788575,0.561350200236586,0.3130960037553425,0.0028330404050483926,0.28965155793477204,0.6143418081552904,0.9067698565484322,0.0912086170515578,0.9133369432189886,0.993593369047316,0.6180148055126798,0.6445056225787464,0.1174766191129284,0.73182947957446,0.17662830771748783,0.9571282381954132,0.9806957650594947,0.0370679893663296,0.5148094655008812,0.27429061809808375,0.5942850791825783,0.7737563042358716,0.22332622205239316,3.6894002845132152
