center_0,center_1,center_2,center_3,center_4,center_5,center_6,center_7,center_8,center_9,center_10,center_11,center_12,center_13,center_14,center_15,center_16,center_17,center_18,center_19,center_20,center_21,center_22,center_23,center_24,center_25,center_26,center_27,center_28,center_29,center_30,center_31,center_32,center_33,center_34,center_35,center_36,center_37,center_38,center_39,center_40,radius
0.22990673333603084,0.9778728152018545,0.8740668899249167,0.1411368042593255,0.2075830000306781,0.36302377520230045,0.18648841972497776,0.5131394775498612,0.9578308861972425,0.9505206529809713,0.5012812217019711,0.7647784525158033,0.12313580702215199,0.6541071617107967,0.22711514156760593,0.9124537329089082,0.7994927440502412,0.17340196138789765,0.20969742439415884,0.8097671502889021,0.9605343032170316,0.6951747722830524,0.2724656957459529,0.6371707731486997,0.7724021138374013,0.25249892981295197,0.8887676570903046,0.15389293326390674,0.17794296726275194,0.5969353956678141,0.34510396261628773,0.03940213761928835,0.7129703996651201,0.4164888489764653,0.30602986997172266,0.483512361446495,0.12907795384874388,0.7419474156866864,0.9509798551938548,0.6359662115683299,0.3445681564049492,3.429177977576456
