center_0,center_1,center_2,center_3,center_4,center_5,center_6,center_7,center_8,center_9,center_10,center_11,center_12,center_13,center_14,center_15,center_16,center_17,center_18,center_19,center_20,center_21,center_22,center_23,center_24,center_25,center_26,center_27,center_28,center_29,center_30,center_31,center_32,center_33,center_34,center_35,center_36,center_37,center_38,center_39,center_40,radius
0.024592666502943894,0.013779485534674119,0.49697623067869456,0.5735130612125979,0.20984519066527318,0.3052320845950848,0.5585850270271141,0.7324567029031779,0.6773762440099961,0.10802390092375647,0.872347353200247,0.39426676101399394,0.5455191493008308,0.6018187014500314,0.6651655862620801,0.7958316630740596,0.06648199128540122,0.3836155561466399,0.45957516381340746,0.3914297849555509,0.5182495375300861,0.8567493521518611,0.4254100307758777,0.14154166552084635,0.4905426106782269,0.43537888426042093,0.8787182184941988,0.4845611253128438,0.44506278210194494,0.8143989725733994,0.9348626339864302,0.7433707903604593,0.038492344928789946,0.06008137953845516,0.7498844026559783,0.38627658395124875,0.981992022484475,0.7726498337072485,0.8961055579035146,0.3483434030312149,0.6078692847433759,3.3132820394712237
0.7746297802848561,0.8908532943598738,0.05574343122510439,0.16730129626211365,0.9950351061327483,0.9068115051207917,0.36684874537458934,0.252770606972454,0.16188751013393676,0.9307920985261986,0.062114291538577615,0.668322940711061,0.969195650195716,0.0906267969263177,0.18127103394208877,0.10988315341734689,0.26392685606954547,0.5026548202595776,0.6094601195760923,0.5501094660516296,0.1935290128903544,0.4398071166205779,0.9091980101523943,0.8671064774883279,0.14134130626154406,0.13297104562758433,0.8583911683222257,0.002590185527292843,0.287085057763678,0.8289201452602367,0.12885665040056937,0.4650005696639582,0.9670801381388676,0.9670606644399614,0.12640510250739379,0.6207147241345324,0.4758506013805984,0.948777096426299,0.32823234442267557,0.2444639386402021,0.014025392772073264,3.226351111264101
