center_0,center_1,center_2,center_3,center_4,center_5,center_6,center_7,center_8,center_9,center_10,center_11,center_12,center_13,center_14,center_15,center_16,center_17,center_18,center_19,center_20,center_21,center_22,center_23,center_24,center_25,center_26,center_27,center_28,center_29,center_30,center_31,center_32,center_33,center_34,center_35,center_36,center_37,center_38,center_39,center_40,radius
0.47390389338302463,0.8271968581552053,0.4393213479462177,0.8235085337818481,0.36130053211501056,0.8854344318547891,0.08801402654825363,0.04759606209780809,0.8282242395213164,0.34453403272453975,0.37506946869645474,0.7445710167892812,0.08664694967118414,0.21230406924207446,0.3188996963113393,0.3146555233835908,0.8374719273555041,0.5976099077342709,0.70321835036752,0.6684746481419945,0.32784816270627304,0.599152631048866,0.95407327304289,0.6268669294593113,0.09737044867209266,0.9626721012250293,0.6293872322227204,0.7520707076179085,0.9586973978424946,0.271818241371217,0.38333176147793824,0.7658940484978716,0.8996551132742904,0.4858079218622512,0.9168304608615166,0.09182662368780148,0.7251812211800581,0.5262331976106469,0.922708298589645,0.8698179756593327,0.5067522581510402,3.2610855534509366
0.6682208033530795,0.12035913732918624,0.5184936159434227,0.8094436955323843,0.9562880139802097,0.003589735849583331,0.4983004411957316,0.646870721387042,0.07313861967629565,0.6107648072047906,0.13094320567630213,0.26593870996202473,0.7821836680363361,0.8304726516829004,0.745270517633766,0.7146133168717026,0.8234679284305255,0.7998848691104847,0.3994313520841014,0.12640448824404893,0.8230059071989613,0.09917306317843677,0.803394222056195,0.20590477008686547,0.7782649429416213,0.582299571198726,0.9824562462902162,0.7986496910306665,0.0493690035602371,0.9092411161578541,0.784406773124677,0.0017520909493967673,0.060809704661699215,0.9808696479021557,0.2982466441045516,0.7928646547186918,0.4340376074655501,0.5922465510806986,0.21492390096334923,0.4418874956965042,0.3074653981645207,3.45901491013275
