center_0,center_1,center_2,center_3,center_4,center_5,center_6,center_7,center_8,center_9,center_10,center_11,center_12,center_13,center_14,center_15,center_16,center_17,center_18,center_19,center_20,center_21,center_22,center_23,center_24,center_25,center_26,center_27,center_28,center_29,center_30,center_31,center_32,center_33,center_34,center_35,center_36,center_37,center_38,center_39,center_40,radius
0.023200353549542196,0.8489210715829805,0.35349077393148276,0.617536447866873,0.2748495374257264,0.8814213451240185,0.9160536527270464,0.49056429514922695,0.9881735246955579,0.5522070385441497,0.3838811032683257,0.34873175551773583,0.3434522969273802,0.16547437792682607,0.6764473942443483,0.7356988340612174,0.009603650532816976,0.9438841143759111,0.46314920955887895,0.4716531878693101,0.6803663060579157,0.7569063190906323,0.19738635798255888,0.9791067211241805,0.4710148274086152,0.1697793865913947,0.9323757002155518,0.5009635263143614,0.2406779098462457,0.5607943516474148,0.7092808367343904,0.21008875534991223,0.45630912667772094,0.6131452350851173,0.980274926550235,0.14070980347965711,0.5605426325557975,0.21022701120208198,0.6954084249265073,0.9747104164527017,0.04872502469173612,3.414366513167468
0.9063053918352866,0.2303605323256478,0.8656120288241831,0.28186986270658543,0.08492956522210682,0.9223147216934847,0.23406072257595745,0.8855791565475525,0.04107160253025777,0.437628370930388,0.8550676053160975,0.6147520121263821,0.9462437202116751,0.6075479286424963,0.012798138500479284,0.4369279670027163,0.9153557496970178,0.2452450405134513,0.3882616639861415,0.13567753084481515,0.10777410288878042,0.42991720650755016,0.9652661400052344,0.03420344110906792,0.10688236985153499,0.982984867262928,0.343558629020252,0.5263170897083108,0.9601399810706049,0.3783382903064145,0.0016868781730301485,0.1095254134522552,0.8132533938240849,0.8753145329659083,0.956491911469833,0.6155954870199035,0.3438400695457583,0.01309146877384737,0.7974209975974116,0.04630948030491655,0.7559911123955156,3.278600050502664
