center_0,center_1,center_2,center_3,center_4,center_5,center_6,center_7,center_8,center_9,center_10,center_11,center_12,center_13,center_14,center_15,center_16,center_17,center_18,center_19,center_20,center_21,center_22,center_23,center_24,center_25,center_26,center_27,center_28,center_29,center_30,center_31,center_32,center_33,center_34,center_35,center_36,center_37,center_38,center_39,center_40,radius
0.1213686512552975,0.7322310978456493,0.735288453624187,0.8174498156969251,0.591676987024261,0.10271967069852783,0.9378811125463147,0.6295793068865319,0.6090117651860151,0.453514008586148,0.5809836561456988,0.8645747995950861,0.40130978766371084,0.11502120853804931,0.12613186729257986,0.8963250893862472,0.529858198889955,0.6619500828850222,0.06429301489257355,0.43810917703105423,0.22870843257891482,0.18436358529958552,0.5701878274609428,0.17892332311128123,0.07000150524004556,0.34237389331333246,0.6955873259725176,0.13614853185125242,0.12592360856674578,0.6205855675094443,0.10869469507249241,0.34814486156426994,0.9946907896732035,0.973704878319257,0.2643640525829771,0.1280287208703793,0.7957486495281043,0.8388101123680382,0.5065608997915511,0.373336171052832,0.7622179948785557,2.905124015081396
0.42389556011034724,0.6348953469379108,0.2682657897750045,0.0037129908309454507,0.5207553357079178,0.9677060783927786,0.06218842460326546,0.6948104863102161,0.6107317251050628,0.9732789345158527,0.7461799610744242,0.32207341924297583,0.8079144701815997,0.34625445311667113,0.2577979492994805,0.8711988247826509,0.4499413509683948,0.7838308327600824,0.7776822898087339,0.37217486857543436,0.3917795916981138,0.7830670566906027,0.9359203004078103,0.8290264158856073,0.239796236149588,0.5532669717499139,0.5315815898641432,0.5471565802980294,0.9207201834943215,0.5019043553146492,0.9888482854017133,0.6250066519129773,0.8913496725915984,0.17503176801190234,0.8883778511018358,0.016470051049026213,0.1773855471043967,0.01019646377344563,0.7901645327809248,0.6310831669089758,0.9591060065814043,3.745785046474334
