center_0,center_1,center_2,center_3,center_4,center_5,center_6,center_7,center_8,center_9,center_10,center_11,center_12,center_13,center_14,center_15,center_16,center_17,center_18,center_19,center_20,center_21,center_22,center_23,center_24,center_25,center_26,center_27,center_28,center_29,center_30,center_31,center_32,center_33,center_34,center_35,center_36,center_37,center_38,center_39,center_40,radius
0.885379716726942,0.6872570899250375,0.948270256464398,0.9288590437731896,0.659917429208978,0.6324581732704511,0.6749493233913744,0.27474824334410075,0.01223898249736699,0.2066962534867045,0.5392899045189847,0.15634047670316908,0.9285618205483607,0.2995002125024998,0.24224287438607583,0.8633245368188676,0.5305433305513922,0.27944376548550687,0.5743473910363952,0.9040505494273202,0.7759768929547061,0.6798105027615158,0.7333583374963208,0.876266974812224,0.19744755588047846,0.914441630778675,0.8398902709552623,0.8060522477646637,0.053460786582787856,0.032954699458353276,0.5364309682282532,0.2529245474774978,0.8252078223053531,0.9657210597526461,0.47853572025385194,0.966049210705109,0.5377006262859998,0.8658602846879951,0.07722363620134931,0.40742805183615405,0.11826260692165169,3.464547982873789
0.009461111927002719,0.0544708659639892,0.40448831246221817,0.12471344131390039,0.3905652232033472,0.04573130985456242,0.20076705467569922,0.3982636572317019,0.1158571179855773,0.7403023376785999,0.4269111271140702,0.7873356317852764,0.4653959499860548,0.44189425438568053,0.25950328075128104,0.7900089820863069,0.7728123103387591,0.6215641457072604,0.0055155420132243504,0.024479940751166107,0.726386374357636,0.637971676708119,0.10703428960178174,0.9156045261488589,0.9310687678391115,0.5896160760533383,0.07920330524031949,0.29266235184546174,0.9381312364719939,0.6753683860742151,0.010586787316525514,0.8377575555690151,0.6358581013690248,0.050932377534472106,0.021461955881453276,0.04985679518422104,0.9369781397664998,0.29434476631650575,0.9834560092935561,0.0704420371869432,0.42119205432143403,2.914436054810183
