center_0,center_1,center_2,center_3,center_4,center_5,center_6,center_7,center_8,center_9,center_10,center_11,center_12,center_13,center_14,center_15,center_16,center_17,center_18,center_19,center_20,center_21,center_22,center_23,center_24,center_25,center_26,center_27,center_28,center_29,center_30,center_31,center_32,center_33,center_34,center_35,center_36,center_37,center_38,center_39,center_40,radius
0.6041207354964779,0.592815436646763,0.17498735254608766,0.6391778409856514,0.549364048269564,0.4204384195389901,0.9949568349487132,0.6400983396626654,0.6418342757572809,0.8477212422875339,0.7418457087931218,0.5784805668592591,0.6369723792379305,0.7297968875711405,0.652274070963728,0.6169341833573078,0.8014887847756548,0.6889483743237524,0.3284515657397066,0.8834993506961741,0.39357491738436434,0.023457191396090038,0.6534021443477036,0.4707421836131158,0.764630407542805,0.2714858154075974,0.565250388515863,0.5409261401696779,0.10141372224360645,0.9324606218274321,0.8697275552190145,0.6801238543223819,0.11448243274774716,0.10760448055269278,0.7643028068993438,0.1650232262080732,0.9497705428135808,0.3138790830338213,0.57140108670729,0.37644936595617307,0.7702890398949205,3.541939254931449
