center_0,center_1,center_2,center_3,center_4,center_5,center_6,center_7,center_8,center_9,center_10,center_11,center_12,center_13,center_14,center_15,center_16,center_17,center_18,center_19,center_20,center_21,center_22,center_23,center_24,center_25,center_26,center_27,center_28,center_29,center_30,center_31,center_32,center_33,center_34,center_35,center_36,center_37,center_38,center_39,center_40,radius
0.7409985940903259,0.48980222817836905,0.8853297380044209,0.5930877894691651,0.16318041851705722,0.7431959155069089,0.955774579242258,0.4806348798316128,0.8993463183594903,0.8742129411428791,0.9816716791423692,0.37774706786596446,0.011335023315826698,0.6969972724241513,0.4929097327383477,0.5306125759957159,0.11248178697950606,0.17475913829823608,0.390088436945094,0.9767597118672732,0.9370994246797528,0.9000217904028588,0.2362300951663543,0.3530796071064495,0.125535127490504,0.6444430534521214,0.7539974658401455,0.9450787577515752,0.05948599974263413,0.109322826977172,0.49214056819139373,0.5500317408673293,0.9058093900126547,0.11709242163491829,0.286144542951172,0.6434122286834838,0.4998877368600404,0.6388461590750015,0.8623419230176307,0.2630775852381274,0.7488130854182823,3.53884693324436
