center_0,center_1,center_2,center_3,center_4,center_5,center_6,center_7,center_8,center_9,center_10,center_11,center_12,center_13,center_14,center_15,center_16,center_17,center_18,center_19,center_20,center_21,center_22,center_23,center_24,center_25,center_26,center_27,center_28,center_29,center_30,center_31,center_32,center_33,center_34,center_35,center_36,center_37,center_38,center_39,center_40,radius
0.7528150645946439,0.05170477759149339,0.761628279704468,0.8826876623910032,0.7625963668823866,0.5995961766396938,0.6924395350334639,0.16889728577405905,0.5020924936507326,0.8942928332559942,0.09426593659767057,0.23396567666629997,0.7666618737090187,0.2937338279612737,0.7114802090376339,0.18016668372590572,0.46989442739813503,0.7909884213776535,0.9383680349039043,0.4574420019512644,0.6691994825755585,0.809029413734898,0.10509720328880257,0.7903433181786558,0.5691050073632752,0.3011118662769794,0.6421127881984938,0.6122246857833236,0.16574223347821748,0.39093255862640597,0.896368523978983,0.5171352129953861,0.5153226124535056,0.026297547320887182,0.9871270942938992,0.5600690686941411,0.09786916026162606,0.11952235601110339,0.2330545982623311,0.5327265356368894,0.8262251189364884,3.4173128256704346
