center_0,center_1,center_2,center_3,center_4,center_5,center_6,center_7,center_8,center_9,center_10,center_11,center_12,center_13,center_14,center_15,center_16,center_17,center_18,center_19,center_20,center_21,center_22,center_23,center_24,center_25,center_26,center_27,center_28,center_29,center_30,center_31,center_32,center_33,center_34,center_35,center_36,center_37,center_38,center_39,center_40,radius
0.9996523163279578,0.01630682972598796,0.7622524722915829,0.6782879902406117,0.1452060821239779,0.23785665072745088,0.2020774000749359,0.8822759630695667,0.8915190092725205,0.7193914309241443,0.47260412538664665,0.7973873040609454,0.13370406373096555,0.906116302891401,0.18730695875619552,0.21851086100864692,0.8350610330417196,0.0005178281384657923,0.9648251893054873,0.05238075673862608,0.8356580089891854,0.6349076116416608,0.17720770735196412,0.8760067532150116,0.2990093429784818,0.7672870752522323,0.18487925072611366,0.5538984536271804,0.03376963955825063,0.3403316062069546,0.9585909574596373,0.5576759390518943,0.9826751324730859,0.24162073061905298,0.7201764294611099,0.04316820618840167,0.1570598805635275,0.8506177018011992,0.693287876388742,0.2265798822889541,0.4996109007868449,3.1327267250280846
0.11972518530450016,0.3918813553402385,0.7762566889377154,0.8849666825583085,0.9583195077846106,0.7058801308481726,0.31335995764696856,0.8876725766257906,0.06503183683417124,0.938747188145768,0.9730913546652776,0.06280001540332447,0.6956181593020029,0.7235636988471386,0.6216123903834281,0.04948188450843549,0.39833831614156756,0.8382795577848652,0.37841687529264256,0.7969122235774972,0.6420256955276148,0.9672749696951075,0.5769866195432714,0.30691533658928294,0.04413805950061711,0.29431001517772515,0.9466341216312883,0.4231525156891791,0.6553727976366067,0.645889302778422,0.40519494832920455,0.07885112551282214,0.6310056213652452,0.6820810494999852,0.9616837797419678,0.180635051098456,0.3087902407472253,0.11690553540659343,0.8133974901877016,0.9822275364403629,0.3182189452696249,3.354604523984758
