center_0,center_1,center_2,center_3,center_4,center_5,center_6,center_7,center_8,center_9,center_10,center_11,center_12,center_13,center_14,center_15,center_16,center_17,center_18,center_19,center_20,center_21,center_22,center_23,center_24,center_25,center_26,center_27,center_28,center_29,center_30,center_31,center_32,center_33,center_34,center_35,center_36,center_37,center_38,center_39,center_40,radius
0.11370297794589623,0.9184621814216246,0.4193511442259171,0.33528638918270126,0.403205222390426,0.1959406768090991,0.6836559276526851,0.8799315617407547,0.5297379055173619,0.769407979777341,0.8477872238045112,0.836217842238346,0.014978355778462182,0.8989982541471752,0.23157771339209887,0.8249490896095802,0.5508328031988692,0.8331732433746702,0.20618398408846517,0.04106692752142416,0.33402757007292494,0.8955043112095826,0.9958991139820805,0.34406729182277374,0.27182150679832406,0.1380923487550585,0.8482633618444523,0.704175310658106,0.9639598315851509,0.9315141843632032,0.04076370649530181,0.02222166301181605,0.5753224655201814,0.04238487638963839,0.3017478274251084,0.922084798451196,0.23684792794279097,0.562689191830042,0.45684281836420726,0.614220618202292,0.27626262318564765,3.273330890163351
0.8446496122746505,0.06586140695592835,0.6992235250829167,0.3391919891780254,0.9236903107029293,0.06711265646949793,0.4619283569827032,0.3956626646027279,0.9353440863211593,0.10208981532075556,0.8947469486221373,0.8277874522182597,0.5872665566620185,0.07756167422509552,0.9890255126653579,0.011120197706652624,0.9846087763846249,0.05546824857983412,0.5868955616625398,0.9786449607362325,0.40775981646987336,0.4104313081620774,0.7378285981137485,0.7463090821256929,0.39560296570835973,0.15635258625803639,0.0991619970427966,0.22004166700270955,0.38860689433242557,0.3810145809968791,0.48258740512246845,0.7119178726371799,0.46257073127120585,0.7030987273357088,0.9308948035578002,0.11566894481717682,0.5904643965893956,0.22457537884584478,0.6929593171450646,0.8361763505850891,0.3140838024283932,3.387116793762004
