center_0,center_1,center_2,center_3,center_4,center_5,center_6,center_7,center_8,center_9,center_10,center_11,center_12,center_13,center_14,center_15,center_16,center_17,center_18,center_19,center_20,center_21,center_22,center_23,center_24,center_25,center_26,center_27,center_28,center_29,center_30,center_31,center_32,center_33,center_34,center_35,center_36,center_37,center_38,center_39,center_40,radius
0.7281547615569928,0.6848986605774678,0.23504509548349828,0.33037506783108816,0.042726981742365,0.6428224552563463,0.04129307144669725,0.6349259412431517,0.0790851346230893,0.7410769452212704,0.5727059332490382,0.06274311252027287,0.7637990375143792,0.6965726319449442,0.0920224413073405,0.3364704859959021,0.7653709826463413,0.7780103319493078,0.3576876385014294,0.1405640778208368,0.26165670563941035,0.44525566081262535,0.6820889778254593,0.7578368709367859,0.44761010240979704,0.09741947956629537,0.2630350448697274,0.5431813006533418,0.5290173146314004,0.5231032544013178,0.19662210771222433,0.4566524995161646,0.11831836515770944,0.8209440521285533,0.6703495715513713,0.43539774110217644,0.8217547441597591,0.43297518205595864,0.40560820159424205,0.4150696159344752,0.8467906886210901,3.152026893106715
0.2545002859003007,0.3909544072820904,0.7792582520247315,0.8118387004839964,0.6363235145899856,0.03223721510661104,0.9626375947920236,0.1849367529519117,0.6098599138931936,0.07749385233571615,0.9960791832354461,0.8563363083649166,0.03922708114138351,0.34868618421968534,0.8613455569674098,0.10605352359369158,0.8319780697922519,0.12111392634349993,0.8423221577752629,0.4925108522228586,0.5605242587602415,0.8930710272941355,0.24797776429567742,0.7740038434664318,0.0885221953400932,0.7929561447513727,0.9461038453971713,0.05246719559168578,0.4557782105671031,0.94976578122941,0.5805146515104109,0.009884171478862447,0.9848031459859775,0.3897609331293821,0.052144330409916506,0.7834877139334421,0.7658868225314194,0.4879198981390799,0.8573791536949313,0.6897363404495007,0.9552969917549365,3.6309179834246805
