center_0,center_1,center_2,center_3,center_4,center_5,center_6,center_7,center_8,center_9,center_10,center_11,center_12,center_13,center_14,center_15,center_16,center_17,center_18,center_19,center_20,center_21,center_22,center_23,center_24,center_25,center_26,center_27,center_28,center_29,center_30,center_31,center_32,center_33,center_34,center_35,center_36,center_37,center_38,center_39,center_40,center_41,radius
0.2357972101002318,0.9204016696049285,0.9977347945509267,0.049849026754055115,0.9536016943995885,0.5896703500072458,0.4814611758103514,0.8033875563138239,0.047267295261829934,0.790656821568737,0.8754588286683387,0.35400304834493423,0.5612405498483662,0.5451591268188846,0.17328916574578834,0.3016087855321731,0.1358972452294831,0.8710533632080839,0.3832098410063075,0.6136179238592905,0.11410433470089454,0.03704575462903581,0.6789832097950513,0.17397791267121443,0.4311220030199847,0.7940176590895938,0.6297540437552464,0.7451374723196881,0.8877380108925587,0.4417706905672545,0.5845039403955874,0.7469798750376175,0.15394137032653576,0.7937472845125373,0.122564993301291,0.5903431387351277,0.9768481487800897,0.5577465746203557,0.9663290880452582,0.9373795432795246,0.9962343103364923,0.010998727769805816,3.5596211397640736
0.5220971433149709,0.17301324188579292,0.1251812799167441,0.28041195704446853,0.006368913941047105,0.123160418716308,0.8596254609623765,0.3939451776846631,0.7049971389972676,0.11929694221828013,0.037547124524578535,0.29305071617779865,0.24785327873825114,0.9716602279274996,0.705820605755924,0.05397810038385642,0.9397620056539694,0.20098758404377381,0.10153625034635627,0.328488492886187,0.9342133979413434,0.9254007880516072,0.3110882891430382,0.11652380565135434,0.6249085991933503,0.2633402304883504,0.7801888025489707,0.1611419370154692,0.1935722128295827,0.47205992604232805,0.35044398182443925,0.9252581094295952,0.5734725255866868,0.1718758867029797,0.4384605684329743,0.1388317867177966,0.005418282470575964,0.831728632927982,0.9826707675805156,0.4891752456999393,0.09472107299763566,0.9923659504327467,3.1777350114591547
