center_0,center_1,center_2,center_3,center_4,center_5,center_6,center_7,center_8,center_9,center_10,center_11,center_12,center_13,center_14,center_15,center_16,center_17,center_18,center_19,center_20,center_21,center_22,center_23,center_24,center_25,center_26,center_27,center_28,center_29,center_30,center_31,center_32,center_33,center_34,center_35,center_36,center_37,center_38,center_39,center_40,center_41,radius
0.5949818337066126,0.9720140696527514,0.27470388365136955,0.7930265491960573,0.7118151247441681,0.4581678963689405,0.08476627607049059,0.9320466890738328,0.49628594214739596,0.2218104239804305,0.7816401615247396,0.6294448358921645,0.2149553974134757,0.6397286907500449,0.8128078373099188,0.48837753144125307,0.7868177488373743,0.6995780558709099,0.9941232722917351,0.31015822610201016,0.3681437829745805,0.15412799357009876,0.15227106466011509,0.2913107756004141,0.9292640624854214,0.7448061716498012,0.819290179502145,0.950747151324811,0.23378596838418808,0.038757815955686836,0.6755673662172397,0.8992239567078317,0.07215327422013418,0.5943102732515501,0.9257289935626287,0.0710035617530752,0.9509898955519706,0.5585878847423602,0.9050086289499502,0.9397827013424495,0.8740495865682135,0.6951484536748412,4.130312137079391
