center_0,center_1,center_2,center_3,center_4,center_5,center_6,center_7,center_8,center_9,center_10,center_11,center_12,center_13,center_14,center_15,center_16,center_17,center_18,center_19,center_20,center_21,center_22,center_23,center_24,center_25,center_26,center_27,center_28,center_29,center_30,center_31,center_32,center_33,center_34,center_35,center_36,center_37,center_38,center_39,center_40,center_41,radius
0.9090492335085912,0.968607696278062,0.29870278506855397,0.24660441042093106,0.05332896756911809,0.967616854272292,0.06459741241007666,0.5152452811739615,0.15332054380565063,0.5009784183783864,0.1906368389526515,0.2668902988381935,0.38989574194955423,0.8858732693621014,0.7939102304094167,0.6412393835762994,0.3678713130759632,0.1937002328597187,0.7017991520484131,0.08521413709306136,0.1609303171537294,0.9550508910176239,0.5282995296390128,0.3829095115795774,0.06568858449070036,0.3141857964548662,0.23858942848835907,0.8917986995017526,0.677078429556302,0.3753813620470131,0.1613534564084732,0.6160602465026225,0.9871353422058975,0.4318789131485321,0.0837897961957812,0.695567505265624,0.2532695740999118,0.5924802940857568,0.27429239596860866,0.39820525177485144,0.4488706956529569,0.5014661418941511,2.9185738439185105
0.4130572506163762,0.3755535023308786,0.9752874702401262,0.339039748040584,0.876955861825177,0.3058280709190825,0.8071496676508289,0.023049439436557795,0.7234687463294924,0.5920267935358859,0.47584052838418234,0.4111582197267124,0.908947939331581,0.3856120163463326,0.88294161272899,0.860037066122427,0.67593291523708,0.09711321548579188,0.8242187272327629,0.10233353025986935,0.4408415682368606,0.04860765296316272,0.43583500509839357,0.21957084166308383,0.9783978913196616,0.6932646915767688,0.8107503870500737,0.8018509209875947,0.8450143150954587,0.9751590166066291,0.8363712487762391,0.9985642527056939,0.19376056182040768,0.9697725728053889,0.3541998800037566,0.41713372174597163,0.6364533781471394,0.010196935277177133,0.2912478923096973,0.9792381913669399,0.4467939108260526,0.9828146750550825,3.912634139788517
