center_0,center_1,center_2,center_3,center_4,center_5,center_6,center_7,center_8,center_9,center_10,center_11,center_12,center_13,center_14,center_15,center_16,center_17,center_18,center_19,center_20,center_21,center_22,center_23,center_24,center_25,center_26,center_27,center_28,center_29,center_30,center_31,center_32,center_33,center_34,center_35,center_36,center_37,center_38,center_39,center_40,radius
0.4486334979996982,0.8198491814232781,0.8581055008176613,0.6782213728455516,0.722215190026111,0.4211414197151274,0.9757465542902499,0.7140119763034223,0.5009558903280842,0.20404387944204372,0.9814687834256324,0.5206509875086263,0.6671811756893884,0.9304071136682862,0.8258745283133149,0.5201282359052207,0.4035543838372697,0.633763577083941,0.9393344554130085,0.7040657813351372,0.5863029265093033,0.2832162846843598,0.34194096346036806,0.3820443696983242,0.329423655350898,0.9553122465705568,0.9869971244844001,0.7320324988320327,0.3940757827670247,0.01340030849681595,0.7230701852000585,0.9716046981912085,0.9102212495748706,0.16704479868940791,0.17912576992939355,0.24487259629193603,0.45754586743282766,0.7408509732515033,0.9198839571594862,0.8052384946381412,0.09062824501294275,3.5460972993967528
