center_0,center_1,center_2,center_3,center_4,center_5,center_6,center_7,center_8,center_9,center_10,center_11,center_12,center_13,center_14,center_15,center_16,center_17,center_18,center_19,center_20,center_21,center_22,center_23,center_24,center_25,center_26,center_27,center_28,center_29,center_30,center_31,center_32,center_33,center_34,center_35,center_36,center_37,center_38,center_39,center_40,radius
0.41936677919558707,0.6211080678646798,0.7050320003346545,0.952508923981978,0.9308701688309458,0.6113885534840996,0.5041300189646448,0.015275658240314072,0.6906688397631742,0.8576992688849618,0.945233790858184,0.0813277434557581,0.863482739017001,0.022780819152924403,0.7752714059359768,0.24048155144662797,0.3353061795508069,0.1385420152125607,0.09108945550007719,0.30387091058217985,0.2335158730789072,0.8011535776932224,0.7905583799936912,0.5771132056753668,0.3923680797870023,0.19104914739684054,0.8156229514715208,0.029423417338937385,0.8230688174767844,0.5666782911014302,0.6819918555458976,0.38742756351605667,0.6633580398548304,0.7652366259004487,0.8792873668354932,0.5757875436472195,0.2289612623718712,0.5306937053630266,0.11241540344241108,0.11326757975046398,0.8200524533294054,3.1800924266594635
0.6006213151646745,0.46208993249364594,0.3066352772108417,0.06005821763907715,0.04000118182414458,0.8965665191519875,0.6813424269439119,0.7842028790599457,0.376107594659122,0.13634005358358214,0.34838059796875154,0.9807567204707325,0.23057579489878088,0.3560447905962487,0.16904613497944398,0.10816084661141856,0.5990301176918048,0.10985196368012584,0.9956813331335893,0.90459885787362,0.24098728214627896,0.33075573044923323,0.2939787972582556,0.7011270423197571,0.44354925809304646,0.1167505825775772,0.6753309764425335,0.5287192077164297,0.2652063485446292,0.5577196797755065,0.025885336311741947,0.3597897837592384,0.021891298308007512,0.8064323378461888,0.09886536210611319,0.8452687062002684,0.6716978166363947,0.24246531908274194,0.6319632796821408,0.8916873987109776,0.3913891526863582,3.069502219566355
