center_0,center_1,center_2,center_3,center_4,center_5,center_6,center_7,center_8,center_9,center_10,center_11,center_12,center_13,center_14,center_15,center_16,center_17,center_18,center_19,center_20,center_21,center_22,center_23,center_24,center_25,center_26,center_27,center_28,center_29,center_30,center_31,center_32,center_33,center_34,center_35,center_36,center_37,center_38,center_39,center_40,center_41,radius
0.025180332196330424,0.5320951221547032,0.39242050760024383,0.2859267142125844,0.3686043333547382,0.6309352539786969,0.4020581001689979,0.8362143635951083,0.39275453461499577,0.6379796672010574,0.25250626822552114,0.05611635503392998,0.004339685693239503,0.9359163616426921,0.4283215392961115,0.3580982201207027,0.30261445842702783,0.7437925857045448,0.04940073032909631,0.6055173904856199,0.3174873104058574,0.8980597623548947,0.7700691061883542,0.5548778079013262,0.34272619768808277,0.7444260775558352,0.00308580704669259,0.07563379768602918,0.2679706593917027,0.13019485527923336,0.512541478432458,0.20701499143957336,0.12254398905885,0.2793244647905655,0.9185623674123998,0.20911345741981513,0.4614814298122638,0.8282450437459009,0.6587649648581752,0.08681392234300234,0.6808764126799128,0.10011621147513927,2.7170966679890682
0.7506388335911984,0.4990343498572549,0.45982789032308957,0.3410866299058912,0.8750894387836936,0.6068127057773937,0.7459352228752333,0.7962167255576981,0.0637524639908148,0.4254313089255033,0.9540081738511641,0.9458324547788441,0.11124562996125431,0.6228116136313743,0.402074154057129,0.373374025890552,0.4372003418839743,0.703555583690044,0.7427570468965049,0.9145568852026676,0.9617416022953409,0.7892342980631313,0.4711423068356577,0.4496637426614979,0.9324279158151831,0.7301345598780032,0.5935387394476084,0.9020375831748676,0.7050902765733447,0.3294663883685808,0.7564997195259388,0.6690625187905642,0.6146450629026321,0.2529588307184829,0.6882007886608964,0.8635907289761188,0.7372755015151303,0.6833710544348122,0.36330301689654476,0.8411243065110611,0.25390728339679125,0.9547347760318328,3.7233163970760823
