center_0,center_1,center_2,center_3,center_4,center_5,center_6,center_7,center_8,center_9,center_10,center_11,center_12,center_13,center_14,center_15,center_16,center_17,center_18,center_19,center_20,center_21,center_22,center_23,center_24,center_25,center_26,center_27,center_28,center_29,center_30,center_31,center_32,center_33,center_34,center_35,center_36,center_37,center_38,center_39,center_40,center_41,radius
0.7396074126730715,0.25261018522377177,0.6110400456448095,0.21970076905427682,0.9562525228950294,0.19869691813364587,0.4780843240348549,0.9621425418195034,0.3583346634771394,0.13776738494219964,0.10612837375143658,0.2011646614791921,0.516464917995454,0.6682939428529138,0.2582778067005971,0.4188736976551476,0.490387341665931,0.5324386235863459,0.4986289527107961,0.8735329783912243,0.1754710651569521,0.6034763818483423,0.37892335653269626,0.2547453727422334,0.8080483244433975,0.03808376599417218,0.15768289497045507,0.1445488277724819,0.55013050023621,0.6192401152259496,0.5406125739876678,0.428228174670896,0.467380088902959,0.9120295851537258,0.6455293415012887,0.9202713991856072,0.5004047463498387,0.6787971442090381,0.6469458172966682,0.684425907865369,0.22595535544044032,0.9896068957808908,3.3430486222374767
