center_0,center_1,center_2,center_3,center_4,center_5,center_6,center_7,center_8,center_9,center_10,center_11,center_12,center_13,center_14,center_15,center_16,center_17,center_18,center_19,center_20,center_21,center_22,center_23,center_24,center_25,center_26,center_27,center_28,center_29,center_30,center_31,center_32,center_33,center_34,center_35,center_36,center_37,center_38,center_39,center_40,radius
0.3828308407235861,0.9531049105148431,0.5106136149412035,0.02569262886184398,0.8116901672642325,0.0835087466252622,0.37920892066058576,0.388779276192442,0.9201532049155838,0.11277509963916899,0.5124648939179175,0.4772362629756759,0.8900761078074424,0.19439454464720707,0.16131109413922373,0.725132521081029,0.002383820646244761,0.7421890426163728,0.3097540702138222,0.8332704586820497,0.7408914105420902,0.5239449011174665,0.15286448703598488,0.8021411084976974,0.4452078646613118,0.5596660286518813,0.2988791931308711,0.03439321247845195,0.8026284173528403,0.9615239419771208,0.4769909386108241,0.7049466202912311,0.8438880043236806,0.24881046863635292,0.8928267922459345,0.6775871549171844,0.05104569841991613,0.924922877756693,0.12414436302274678,0.5420244331097767,0.8518051944304653,3.283187348425599
0.16082275681971148,0.28980919605337196,0.7397323210334157,0.28223718874940606,0.5797047814422388,0.4877084899703429,0.12917856323785315,0.056583052773376386,0.14543667644096703,0.9776720101831013,0.8806139617695011,0.8637886556992312,0.03242864359933206,0.6306122899490034,0.9318618312311004,0.8780845859171278,0.10763948584676541,0.16936566304306377,0.4772497938593152,0.20730191337552684,0.8114136412060047,0.06983985666919978,0.30612838192046143,0.37499851015237506,0.23939726839148212,0.30732296295756845,0.7269556923268607,0.9976593045301398,0.09375072549112029,0.08602206172462412,0.6003921625526933,0.30857073648377276,0.3975655110729106,0.011156989931464967,0.2795344951926043,0.11720528829414778,0.9948042655879776,0.4193658212817014,0.3357002811160089,0.23348204734703237,0.11373392810995053,3.0037231830376303
