center_0,center_1,center_2,center_3,center_4,center_5,center_6,center_7,center_8,center_9,center_10,center_11,center_12,center_13,center_14,center_15,center_16,center_17,center_18,center_19,center_20,center_21,center_22,center_23,center_24,center_25,center_26,center_27,center_28,center_29,center_30,center_31,center_32,center_33,center_34,center_35,center_36,center_37,center_38,center_39,center_40,center_41,radius
0.7122174690192006,0.6992779228471522,0.5367488015499259,0.8498911100868581,0.6360575338978728,0.7129522510691961,0.4572154108847196,0.20556775026452034,0.46283409026794264,0.9017745977864113,0.16776211613233205,0.38306937949251574,0.7373879743720093,0.7838506465840234,0.5340108044284819,0.05426552146085373,0.6177168289991183,0.5140851063929601,0.6895511871999429,0.07084836208595613,0.7233321763268277,0.04738251411134886,0.8848443269336832,0.4699638055192622,0.3077421827939555,0.7973079812410738,0.5747870192337207,0.5797813088826732,0.9707157532777503,0.9906791557471157,0.3216867732751153,0.7782138899584918,0.20507490250289362,0.6635222482196929,0.7572336938523281,0.8231138920068611,0.3142391628447643,0.5418916907117985,0.12488028853334698,0.07982466122240262,0.8958851456197072,0.28815494422549315,3.4909379192017904
