center_0,center_1,center_2,center_3,center_4,center_5,center_6,center_7,center_8,center_9,center_10,center_11,center_12,center_13,center_14,center_15,center_16,center_17,center_18,center_19,center_20,center_21,center_22,center_23,center_24,center_25,center_26,center_27,center_28,center_29,center_30,center_31,center_32,center_33,center_34,center_35,center_36,center_37,center_38,center_39,center_40,radius
0.664704326047389,0.08537922907115014,0.12082483383226295,0.48631015064561356,0.7524200964625841,0.017091020301693294,0.04934892513807421,0.5655409168681668,0.25129479981819325,0.5435693941847061,0.17467223768298712,0.423475261655345,0.7227443279492339,0.3809294657264799,0.1972182513935684,0.8148116907891997,0.11655343854407862,0.5247082262406045,0.060408362380619196,0.4267272833860285,0.6159928884694335,0.6646591788586313,0.23041601333165473,0.5936972988651406,0.7506261625773479,0.38537263014445855,0.9686329576346655,0.7694357559236942,0.6018997800400155,0.7116110007975476,0.5100128309028141,0.5995410042484373,0.5738246704174504,0.7029353014504047,0.28246253998273696,0.12882178032151625,0.3848455836016309,0.2620824317602979,0.3797672677239513,0.21450587559964873,0.4683595548697327,2.682019412716107
0.0547902323614996,0.6937992004756198,0.6980369443392439,0.6920202212654981,0.954191487519066,0.2867516913637844,0.8137565518400544,0.41223879312602085,0.7577636436304652,0.8331645423242781,0.6097171845361748,0.5671222425056903,0.8571402192158349,0.6664667245478713,0.7060393313797153,0.23981602997810914,0.9548826091257832,0.49610164943198654,0.6945503030759572,0.76995403887871,0.07442305116591663,0.16536076608602734,0.4704922258985573,0.9037458428744068,0.09023668843843169,0.5647558319743701,0.14607833769780265,0.2119565244798146,0.9851120855329479,0.6644852731180816,0.16883780548015226,0.30161192650679214,0.7308758186046177,0.5285254296749282,0.3155844195491354,0.2838361037764098,0.7848240837609844,0.5889802144222597,0.575135503753876,0.41967450606032786,0.9093994300925661,3.28346343360631
