center_0,center_1,center_2,center_3,center_4,center_5,center_6,center_7,center_8,center_9,center_10,center_11,center_12,center_13,center_14,center_15,center_16,center_17,center_18,center_19,center_20,center_21,center_22,center_23,center_24,center_25,center_26,center_27,center_28,center_29,center_30,center_31,center_32,center_33,center_34,center_35,center_36,center_37,center_38,center_39,center_40,radius
0.6631935482184461,0.12733310962213307,0.791156179567657,0.05976239205529721,0.8856716059143516,0.2824990105856441,0.9011265738345539,0.45119964863812334,0.8051738402349669,0.5052049895058359,0.06707802679278652,0.5179983893985205,0.7109642583401298,0.28338339468094687,0.3587565213734666,0.5326509614787431,0.6665414962559617,0.6175357696761575,0.5588614538513581,0.9528904087687883,0.6374683276925288,0.029049081382578446,0.7616177451916896,0.2337322989055184,0.36857693371927247,0.4371674960031635,0.03601084778795938,0.4699967588062496,0.3773716967592252,0.7483257742631676,0.7492071319978121,0.9622067394139981,0.7439353877515689,0.8232673533118382,0.9750244649989349,0.24870947995323023,0.10851473049160343,0.0774398662388538,0.9726782844585442,0.7981581833997862,0.843640869936667,3.504276347434812
