center_0,center_1,center_2,center_3,center_4,center_5,center_6,center_7,center_8,center_9,center_10,center_11,center_12,center_13,center_14,center_15,center_16,center_17,center_18,center_19,center_20,center_21,center_22,center_23,center_24,center_25,center_26,center_27,center_28,center_29,center_30,center_31,center_32,center_33,center_34,center_35,center_36,center_37,center_38,center_39,center_40,radius
0.7369168906293109,0.051569224798639235,0.014035086727368196,0.5112392942126389,0.5253131492093613,0.6707294543802813,0.4202697355816092,0.5465516576275357,0.4320567101171964,0.9799542780347124,0.9388181777283324,0.9640093899408049,0.8456594376588266,0.346642126979293,0.9599824594349015,0.2256251024066096,0.9636487490372131,0.8573743487833569,0.43883693745507724,0.1371695062412278,0.7260308430804381,0.764780163787201,0.7996418538141696,0.43846170514117555,0.28100226877006385,0.6307955076856103,0.7747565804685109,0.5296474517555341,0.94630337282407,0.228521473206316,0.5768005795259754,0.8747821770094762,0.507358698421092,0.7565096521180095,0.8002992919159242,0.9355413406794455,0.6173236182728052,0.4477423062213234,0.8837452136159419,0.458469689721544,0.04080200028714798,3.627029939544198
