center_0,center_1,center_2,center_3,center_4,center_5,center_6,center_7,center_8,center_9,center_10,center_11,center_12,center_13,center_14,center_15,center_16,center_17,center_18,center_19,center_20,center_21,center_22,center_23,center_24,center_25,center_26,center_27,center_28,center_29,center_30,center_31,center_32,center_33,center_34,center_35,center_36,center_37,center_38,center_39,center_40,radius
0.34550909643358485,0.7892394506193642,0.8461061889488165,0.611656157935363,0.6677337914745862,0.6764137324792202,0.2577290504980714,0.7261381016324483,0.6350387272199719,0.9419775982702214,0.3680107594853723,0.5095933579341559,0.9096361143017629,0.24785936493399252,0.02219858206556391,0.9373798569961734,0.9265503574734918,0.9394189158078732,0.22757954796853386,0.7210714964502318,0.5858375534762497,0.9734662032315277,0.2927898407004542,0.8470602091140148,0.5184102711491836,0.14010135329594942,0.39229915748008737,0.9519100216130937,0.6603483025818956,0.09298044758259016,0.8059163388102495,0.533304383596346,0.9738408952580602,0.012709290021891029,0.9965937818525943,0.7371671801458366,0.6722122149909757,0.35138261851875485,0.564856792613738,0.25037063260067927,0.6761879669960584,3.607307778251238
