center_0,center_1,center_2,center_3,center_4,center_5,center_6,center_7,center_8,center_9,center_10,center_11,center_12,center_13,center_14,center_15,center_16,center_17,center_18,center_19,center_20,center_21,center_22,center_23,center_24,center_25,center_26,center_27,center_28,center_29,center_30,center_31,center_32,center_33,center_34,center_35,center_36,center_37,center_38,center_39,center_40,radius
0.46488192940503725,0.859501737536302,0.25028098842115565,0.07600902840893953,0.29321485213426546,0.5783907934943,0.9786959558048093,0.5685456010658945,0.24413842660391882,0.05357916149578745,0.3551218291330642,0.8453661418646924,0.06264080048138865,0.23688428680121776,0.7128930379495262,0.45893321284228705,0.8167506544030687,0.6341732632790188,0.8656185756964,0.22563226704843675,0.11774740933999006,0.4052085727589896,0.15528051664629738,0.987219059555086,0.44987217493225196,0.10580334950860193,0.08678520797657485,0.6192295355178253,0.9778838532596698,0.5990760664376417,0.4166479766002542,0.6076302649083257,0.17360530334804558,0.6262429112698717,0.07896226120927652,0.1426115963460729,0.5745853239645325,0.7953539551933129,0.9947882287732192,0.5862603095543394,0.9833871153946868,3.34838730353036
0.7029022576229226,0.35684048939517465,0.3210922995811576,0.4834133795066391,0.5667592781897521,0.9041380332620791,0.14618856802359126,0.9623429385340968,0.7242486757818584,0.15531634641865144,0.031221454032122065,0.03849415693445446,0.928761289722659,0.7614990225785792,0.15373534538112554,0.03373416688877773,0.14579051382182762,0.7217352400312841,0.31200149343651984,0.4450003119003454,0.8215045287574653,0.6407630695925112,0.7636865619733918,0.02534571870552449,0.6504510236785097,0.9563557010155845,0.9353684632479508,0.7714474081536996,0.6704007004329475,0.012723822963629394,0.1296663040385947,0.7119959065827098,0.8559107233812948,0.2851500535143294,0.8862276781630386,0.9514244448485469,0.40565066134008987,0.23730865159126535,0.9860069614970426,0.029498535118059555,0.0027644931848122,3.6147531724950266
