center_0,center_1,center_2,center_3,center_4,center_5,center_6,center_7,center_8,center_9,center_10,center_11,center_12,center_13,center_14,center_15,center_16,center_17,center_18,center_19,center_20,center_21,center_22,center_23,center_24,center_25,center_26,center_27,center_28,center_29,center_30,center_31,center_32,center_33,center_34,center_35,center_36,center_37,center_38,center_39,center_40,radius
0.14820345483071817,0.3039818834848975,0.8992931752751796,0.4201388197551127,0.765789559426432,0.365013707035589,0.5203679449521623,0.8181257741842147,0.13393486172964553,0.5339898062554191,0.14619326865960003,0.887649731470881,0.8092275912748214,0.3452410457029401,0.6489498952583319,0.48166891209217855,0.9464338715342008,0.2589768952764666,0.83897427129487,0.9488045739246489,0.44529267158380137,0.22145929056063485,0.683929826765045,0.16526960747344122,0.20380058990961591,0.958455126358044,0.7565078832568279,0.3652065341346652,0.6981946740622754,0.8075267632116326,0.8032657353373457,0.23176989552920468,0.530474632559535,0.01837435319445746,0.6306556897072783,0.5039310657581846,0.6251295668769924,0.7013972887599542,0.8332077176538191,0.9808140515106387,0.06224638730274068,3.3678933901195482
0.9429340748728842,0.42760795570854326,0.35307686855592335,0.427141893449252,0.19237690903459292,0.08942555365681959,0.9144592449459622,0.23077159874262543,0.04050025829105319,0.056379976913157215,0.7258820697368782,0.052052127939859694,0.028871362892160968,0.30725432986978274,0.958147441921892,0.10192852271651298,0.27763661332978473,0.5289290269112745,0.02137960214451251,0.8301491335909681,0.5199158538067565,0.7566198952876201,0.9421866004880602,0.9405638251347296,0.0900456541267104,0.12273268817841732,0.026537530407592325,0.9342262293324831,0.5570240321734632,0.9143027268098498,0.03293054458058908,0.027197369874148558,0.0055348774671527545,0.9734572769207854,0.8719373146457425,0.038364908990542346,0.8832578755432542,0.9996161017597267,0.4254930769745928,0.20363018137836364,0.8292259406313733,3.1900128177750453
