center_0,center_1,center_2,center_3,center_4,center_5,center_6,center_7,center_8,center_9,center_10,center_11,center_12,center_13,center_14,center_15,center_16,center_17,center_18,center_19,center_20,center_21,center_22,center_23,center_24,center_25,center_26,center_27,center_28,center_29,center_30,center_31,center_32,center_33,center_34,center_35,center_36,center_37,center_38,center_39,center_40,radius
0.1077234822015185,0.26577358690704667,0.5848001235087957,0.6119173322488655,0.9231587354412047,0.6492138306922333,0.011438438653757044,0.2824241859651283,0.4187161810534126,0.1268256250100941,0.4935198298436534,0.1401427820648612,0.10675005721282982,0.8785674045523985,0.8700188802643529,0.7469234215534276,0.5158046871698616,0.7663818456449633,0.0961064960051693,0.9357627027014943,0.17605479035512417,0.7770495828157017,0.8406999856942502,0.1515740697600616,0.9886765084668137,0.15152940053327102,0.7561868309666182,0.45774570203686404,0.3170024896678484,0.5142063841408162,0.8266005328118644,0.19720072028029345,0.9945007502715755,0.6651136917709416,0.32159057873742536,0.223585772505831,0.7169260740751585,0.7624573587087498,0.7506547750931559,0.17462543808028674,0.3407342516184413,3.5259583989843906
0.46855886835997973,0.6504016417155686,0.2850661941307461,0.11420186216759476,0.007928097008083945,0.7887360609364286,0.8502663302735189,0.6854976135613392,0.5407398227243239,0.9984721216988252,0.003548336909213745,0.730297525734296,0.9838340205619511,0.08058293687072882,0.11575920417861518,0.21503051751131919,0.4038805072090066,0.015819026297753336,0.2659521800563507,0.22990515555481117,0.7795507532227303,0.49396621409818353,0.24845421912324317,0.7814967019881144,0.011792932697599956,0.8709031459902463,0.027806644625728127,0.8096452723775159,0.9430053813787541,0.7326989895103729,0.8999083225400341,0.9343290025176227,0.7733565136839622,0.33584658866802264,0.9281936015216181,0.9238141470294307,0.3031801150549277,0.7296015055828613,0.24383683846383386,0.892530318965057,0.6372678017640298,3.470576839717744
