center_0,center_1,center_2,center_3,center_4,center_5,center_6,center_7,center_8,center_9,center_10,center_11,center_12,center_13,center_14,center_15,center_16,center_17,center_18,center_19,center_20,center_21,center_22,center_23,center_24,center_25,center_26,center_27,center_28,center_29,center_30,center_31,center_32,center_33,center_34,center_35,center_36,center_37,center_38,center_39,center_40,radius
0.5039678649406648,0.7569081323033282,0.49894960890304074,0.27773955281623286,0.258891062170562,0.636216219156059,0.5028092715642476,0.8263542997505442,0.7499445982119484,0.5843852433287717,0.22251034759437371,0.7728333535423436,0.25107961251690225,0.30324312606525505,0.4929232908758867,0.8425382800757558,0.1807096071087928,0.8152245059620313,0.6716333509107193,0.6983907140229513,0.6322418961389293,0.04073955134700158,0.994413534232657,0.8951654865203178,0.567978029877031,0.8546317822288574,0.8128946305249071,0.8641008175071245,0.6349178409320693,0.534054400346736,0.8771183597472075,0.4904461143141561,0.17412289587880403,0.36684817505511336,0.8689580840072465,0.7889683720088768,0.6880913273829764,0.3031235811131646,0.7504578022169958,0.46594823170917754,0.06413624585928313,3.614654716858065
