center_0,center_1,center_2,center_3,center_4,center_5,center_6,center_7,center_8,center_9,center_10,center_11,center_12,center_13,center_14,center_15,center_16,center_17,center_18,center_19,center_20,center_21,center_22,center_23,center_24,center_25,center_26,center_27,center_28,center_29,center_30,center_31,center_32,center_33,center_34,center_35,center_36,center_37,center_38,center_39,center_40,radius
0.46127272798205055,0.8475971583943229,0.19178375558839922,0.8942517150195983,0.6676594860633732,0.6097944356018224,0.9793455412168777,0.10860391640079714,0.6621024882562451,0.6062915765437373,0.2583357139251099,0.6322359316916379,0.3298293949167551,0.15085533174756383,0.8515335480233555,0.6809485485183356,0.8444318461679285,0.6527679789543913,0.9485395909469939,0.11766286417052652,0.7668938461031259,0.7866272179509276,0.7606896308273472,0.17289028445251442,0.043802634915945715,0.1087984507665053,0.7122469427774565,0.7652025749123919,0.04378027201770707,0.9929515323946134,0.018851216978769014,0.7315039316551867,0.8452433387598424,0.09500872155036966,0.6059659105106241,0.940790236020747,0.403522239191595,0.12948831360055912,0.29807200597619576,0.7489722145116832,0.8354218803539221,3.421166756372179
0.1942911223732422,0.5061425885494312,0.21521248449599317,0.1515144450332213,0.14407611306470247,0.06561863720989936,0.6358076232605417,0.8622149938464575,0.8802988418037109,0.29269861404220276,0.8194415548178524,0.4873938467939387,0.5345994734646805,0.765272969217215,0.3253986650566303,0.045464156803730504,0.6619069208199949,0.41092443694481506,0.44988998960185456,0.9229012530704898,0.7034744481765437,0.0897225202130546,0.01674360714298284,0.29541417553476246,0.5088586940276925,0.489167037929941,0.8290092587388351,0.0024958057224555574,0.49182631477187566,0.27520180676144956,0.8524404072607749,0.36380642146087017,0.0007784394461342048,0.967446259217303,0.47111467372787497,0.044875308464858654,0.8032964461579825,0.2844287376800252,0.8738773822588504,0.1595966038605925,0.01930179167251833,3.1389096271407086
