center_0,center_1,center_2,center_3,center_4,center_5,center_6,center_7,center_8,center_9,center_10,center_11,center_12,center_13,center_14,center_15,center_16,center_17,center_18,center_19,center_20,center_21,center_22,center_23,center_24,center_25,center_26,center_27,center_28,center_29,center_30,center_31,center_32,center_33,center_34,center_35,center_36,center_37,center_38,center_39,center_40,radius
0.6787893334028324,0.06098835385935275,0.7449524628883731,0.8215950841124121,0.6626814066552553,0.5848734547666622,0.4150247247161932,0.46039477210921365,0.6767981955693442,0.2632387069615557,0.47318077655366886,0.19336329746252912,0.5547175817084812,0.9582828928224356,0.08103627779663503,0.2433395716298411,0.436237577484203,0.940869742043982,0.5632050311614722,0.6784875979542503,0.3480000285708781,0.7494526489448085,0.5742243660480485,0.6123107789379078,0.6337046826611957,0.260095190963183,0.2652534511371084,0.5738789804335744,0.2826783746906635,0.32892179136362854,0.7360146529209824,0.5379606034150153,0.1624508348209297,0.2288320596526553,0.7638675154872914,0.8590037280576976,0.03083815105551202,0.9453615290480346,0.7327759501449022,0.860031108603249,0.3196468223826825,3.3799769087947285
