center_0,center_1,center_2,center_3,center_4,center_5,center_6,center_7,center_8,center_9,center_10,center_11,center_12,center_13,center_14,center_15,center_16,center_17,center_18,center_19,center_20,center_21,center_22,center_23,center_24,center_25,center_26,center_27,center_28,center_29,center_30,center_31,center_32,center_33,center_34,center_35,center_36,center_37,center_38,center_39,center_40,radius
0.7457321993769745,0.9389620568982358,0.44217955972428935,0.3980044393203024,0.6374861797167434,0.7073046033280941,0.8129366218610453,0.4602615723964901,0.7465310255160944,0.6063064180680457,0.8125124790349423,0.9769678219000438,0.8975034043739716,0.4929645117097504,0.12024635579831888,0.8607977455985841,0.8391221162334902,0.8712035797031408,0.11049283263658882,0.8320485692717485,0.7994226400923344,0.5427523168892715,0.16447067997421605,0.8151411221069155,0.9848182753359265,0.6764173353209352,0.24378605069472303,0.44480622205247156,0.11535394853848513,0.5932629468129946,0.23545873852399435,0.5018508754887092,0.7181366808024523,0.5983737330990165,0.618544564525767,0.0866490170334463,0.16991092268865426,0.6826372570501035,0.21395032388020863,0.7210478148336361,0.8311757123572682,3.6281854787446353
