center_0,center_1,center_2,center_3,center_4,center_5,center_6,center_7,center_8,center_9,center_10,center_11,center_12,center_13,center_14,center_15,center_16,center_17,center_18,center_19,center_20,center_21,center_22,center_23,center_24,center_25,center_26,center_27,center_28,center_29,center_30,center_31,center_32,center_33,center_34,center_35,center_36,center_37,center_38,center_39,center_40,radius
0.868397925646402,0.6946718505224437,0.5818618374462483,0.40485660211436847,0.8695907162945485,0.09905964852405746,0.37495230388470024,0.9490852150497554,0.2835018530230434,0.6132657884591274,0.975181640263683,0.8094963766600161,0.8131855810458791,0.1539656491380943,0.13029377609660364,0.7776137639180482,0.8147709514134608,0.654057532368848,0.5535456960533216,0.7189311743573367,0.2976534743703563,0.5812616498129546,0.10677592688138893,0.3670773730257463,0.4161078540061588,0.4665674798208955,0.6070073762482004,0.1910668124008067,0.5020873016137961,0.8222898044269906,0.25990303738619913,0.39145537166774913,0.07103352391482687,0.761357469547459,0.49663336909554157,0.9790874638273686,0.6430768173118392,0.8262706634204691,0.6280743618727799,0.7282094969641962,0.12831660653930632,3.424464363235153
