center_0,center_1,center_2,center_3,center_4,center_5,center_6,center_7,center_8,center_9,center_10,center_11,center_12,center_13,center_14,center_15,center_16,center_17,center_18,center_19,center_20,center_21,center_22,center_23,center_24,center_25,center_26,center_27,center_28,center_29,center_30,center_31,center_32,center_33,center_34,center_35,center_36,center_37,center_38,center_39,center_40,radius
0.17144357245583597,0.5785419018544082,0.37976015150904097,0.30059480349600676,0.5442172268473021,0.3598679497365309,0.5972143295038339,0.6137284305704261,0.5768176533677198,0.7355120851100718,0.567212992904181,0.012327733552129128,0.6534215224548146,0.7157014760662966,0.8884307754825888,0.5509756262573333,0.7242493892592665,0.26414536289137136,0.5902592627317319,0.31258784562258635,0.08218395218549324,0.82545258261177,0.15137296153973,0.9750580495291421,0.7958409654994935,0.04280607686409155,0.3540650648487268,0.5542984493029504,0.6690700943353041,0.5495703022610108,0.9449970143230227,0.9933358373439324,0.9210099880781117,0.5926710870596152,0.6459894691281899,0.31385493115616314,0.22785978928699757,0.171157852201545,0.39656869195953315,0.749347595819965,0.869896697859343,3.2874382595129052
