center_0,center_1,center_2,center_3,center_4,center_5,center_6,center_7,center_8,center_9,center_10,center_11,center_12,center_13,center_14,center_15,center_16,center_17,center_18,center_19,center_20,center_21,center_22,center_23,center_24,center_25,center_26,center_27,center_28,center_29,center_30,center_31,center_32,center_33,center_34,center_35,center_36,center_37,center_38,center_39,center_40,radius
0.9355185115399486,0.4364538063245207,0.8500622087862539,0.9546860814747079,0.5455721233923341,0.8494603245639185,0.7348564847010973,0.36071062012648825,0.9838184478221862,0.8445902577693452,0.5773224062978619,0.4365511018045657,0.5268528079089965,0.3780690697110084,0.8966734661617,0.2031734497014528,0.1585979430904012,0.9762783228971388,0.9830060602431746,0.8792846888366083,0.14166225766576657,0.48283695567746265,0.2176312880503498,0.15276773724482362,0.003850000060533043,0.4051888406471291,0.9632526662066788,0.7746924063860445,0.7086863736191619,0.48254830354189027,0.8390950929306382,0.27675528366508306,0.0256459412425869,0.6789884837776813,0.28283513011881667,0.1134452527870431,0.5806790516614839,0.05805338457063658,0.725960926414755,0.839202292684074,0.4544168077375581,3.395570909422491
