center_0,center_1,center_2,center_3,center_4,center_5,center_6,center_7,center_8,center_9,center_10,center_11,center_12,center_13,center_14,center_15,center_16,center_17,center_18,center_19,center_20,center_21,center_22,center_23,center_24,center_25,center_26,center_27,center_28,center_29,center_30,center_31,center_32,center_33,center_34,center_35,center_36,center_37,center_38,center_39,center_40,radius
0.6552948158331406,0.4320937443847309,0.6191871600077714,0.33631133947764624,0.7467551996749869,0.7494425772807878,0.2242585397252974,0.7007635193563768,0.7156011103725607,0.2604585385294953,0.05725673465100822,0.6058704431010524,0.9103788114673116,0.24263392310344578,0.9044300425586609,0.9801945151560548,0.05139258364558452,0.33453331451311485,0.7614420681409383,0.5211980935269269,0.43303941758840203,0.22597252977105375,0.33547488276846615,0.004299101224132684,0.8453753709305093,0.8869862073251185,0.34709362664109555,0.7048952022769894,0.3916986276478742,0.8170401723837701,0.006916888248293063,0.5080140199363892,0.008129328135207392,0.16133509460152629,0.33811040742704923,0.9059081977451517,0.5922839326049815,0.13834459459746595,0.21957646809757947,0.6013488650087511,0.0018540893684240167,3.135359240084116
0.4092978669778301,0.677048114703171,0.07931915628367525,0.15622793605186802,0.6979890151289794,0.043519465214813535,0.7490336698061435,0.4051856606759221,0.33901908047214446,0.7278317703499234,0.25822627146535615,0.00992614009902959,0.9815056229348504,0.19542151408334807,0.6450324708245379,0.02251726112752883,0.33656655983400874,0.7081983488866762,0.4988841833269163,0.8006345939417986,0.2635640811754234,0.3941806322200724,0.9130308002357853,0.4754380501102853,0.10381435837576991,0.7298966692947219,0.1261629966660296,0.7067822772448428,0.046064821934257094,0.18787088995628987,0.7312170701417934,0.8965697382686708,0.8553845271984477,0.941414806215292,0.05291041479543457,0.40864289253537844,0.032565823043629094,0.5710019044497254,0.9892264366897524,0.052646385511706306,0.9845815843128253,3.285079087521672
