center_0,center_1,center_2,center_3,center_4,center_5,center_6,center_7,center_8,center_9,center_10,center_11,center_12,center_13,center_14,center_15,center_16,center_17,center_18,center_19,center_20,center_21,center_22,center_23,center_24,center_25,center_26,center_27,center_28,center_29,center_30,center_31,center_32,center_33,center_34,center_35,center_36,center_37,center_38,center_39,center_40,radius
0.6924958710851403,0.27642829231084787,0.5146044204549676,0.06074898989098032,0.3791354805571726,0.2925832769360135,0.14214346180350557,0.26728774102465214,0.4739516378976466,0.0861579635054488,0.8491791569148249,0.027939500890276747,0.25384894359280474,0.25154832100426816,0.659089677517365,0.5411024743284687,0.5338086108964687,0.26040265915118077,0.9216449646229866,0.7736830655519699,0.2784625739896034,0.18726556347422552,0.6693969468109328,0.2841609401718157,0.6625300533933322,0.46906551714323796,0.5243703343953006,0.4728859259442817,0.15906838691235192,0.7952896164506679,0.8939911610546954,0.2886009313910277,0.8989350948581883,0.0343768283534196,0.1315418210775049,0.06725924038734088,0.3818778090256768,0.7409849769162165,0.5742383170779147,0.5230333612288216,0.028044791242195388,3.0331124546470996
0.3039366500308016,0.842036115631542,0.3781809798143382,0.10751698519945752,0.9073619321687819,0.03126745670238451,0.7145396134931824,0.8521597586208276,0.546598761846617,0.6741233022127967,0.11224151491847367,0.839120532030079,0.8564620733246525,0.14703928518058673,0.1910634179340871,0.7804401427471874,0.5890580422802885,0.812247682606686,0.3683192671866604,0.8413685310151232,0.8759668494259295,0.9931753592566503,0.43288508438771434,0.21706120020858222,0.2749204731308942,0.1498888160947195,0.24002542944654448,0.4874167046050186,0.4942965854121396,0.05990122133246756,0.035062223379544566,0.16769122257057012,0.0163705683506008,0.5712679305854101,0.7698854058460165,0.8864839432381816,0.768591691038694,0.5513770538936756,0.40401156497663937,0.8886035985392755,0.4470155832768421,3.169740383019615
