center_0,center_1,center_2,center_3,center_4,center_5,center_6,center_7,center_8,center_9,center_10,center_11,center_12,center_13,center_14,center_15,center_16,center_17,center_18,center_19,center_20,center_21,center_22,center_23,center_24,center_25,center_26,center_27,center_28,center_29,center_30,center_31,center_32,center_33,center_34,center_35,center_36,center_37,center_38,center_39,center_40,center_41,radius
0.8416232856618566,0.7670225845241382,0.44667658998721393,0.42555910194110325,0.4384946984337691,0.3910667968654532,0.3522431645399907,0.6827119009177945,0.836181105368711,0.6136207197177874,0.28817728222103034,0.5715607327484472,0.25646431608582454,0.2678738287893655,0.11598724657831405,0.16080544418495024,0.8149042586744466,0.21096610117410308,0.962638397079877,0.43742118394831275,0.04638236639995008,0.5804301194624479,0.3327280448720126,0.4752763409544194,0.8280690319884284,0.08404876349608648,0.8946938200609245,0.4994170774334613,0.6226031384959674,0.3470492899448988,0.19943597458034146,0.32720742083411425,0.8656597075334749,0.6092170133876889,0.45775363347456166,0.0706014845952676,0.784569620438541,0.6086029048617763,0.9532864746088325,0.4397752458073537,0.2420489007958454,0.8813285931161489,3.3418210112817217
0.2320512542987515,0.05879363577312058,0.13755907637253217,0.8807931557698132,0.7706441970566926,0.5697426978064226,0.7742417304295868,0.5483762319053218,0.07182556839201926,0.4195239169134344,0.3334713825615764,0.9602320797662905,0.5851926567540177,0.866721517680937,0.9773105266246609,0.536835146108679,0.0018850373140760768,0.9784390957660632,0.08966415831188745,0.756228423598258,0.9846604460025985,0.5036850208994093,0.23334186727180162,0.8538986822263607,0.05640357355372838,0.7638379557086077,0.3424087131601272,0.08127503089220156,0.7803367783272736,0.03838383047699212,0.6429518810352204,0.6839390089247814,0.3228808313141728,0.9314250089344731,0.5877284121728982,0.9777813631409212,0.5258197300980465,0.12712740138269985,0.5708137790872446,0.9530538280895926,0.12410309022535126,0.029022487998156987,3.6691871305956734
