center_0,center_1,center_2,center_3,center_4,center_5,center_6,center_7,center_8,center_9,center_10,center_11,center_12,center_13,center_14,center_15,center_16,center_17,center_18,center_19,center_20,center_21,center_22,center_23,center_24,center_25,center_26,center_27,center_28,center_29,center_30,center_31,center_32,center_33,center_34,center_35,center_36,center_37,center_38,center_39,center_40,radius
0.3681564899898143,0.616528788395337,0.6311249700974301,0.12328902283120191,0.38115526641441533,0.6801047366119425,0.6310284047496715,0.5666717467009256,0.408759810231908,0.4694035084011057,0.6537102497003654,0.06317944334327608,0.07628242525666673,0.3802369336172612,0.8720726846890638,0.052189200238963895,0.18935671787555397,0.7235789765302426,0.5086559486821081,0.6941403438483797,0.5273935694519217,0.9674915789415055,0.5641097953826374,0.020333386274969723,0.07699500194600895,0.8693891258852349,0.4737784542520054,0.7175052534953941,0.45184981613677067,0.46751263571930135,0.9280953332908176,0.8407295504460125,0.8353658954775656,0.5040907072017509,0.18977281181788097,0.22558392440416586,0.8830815861486196,0.40926103630447974,0.3160829372869649,0.7217089124494211,0.7905006239916308,3.2224232311467875
0.3228253730060693,0.7497341360623007,0.9558366730271625,0.6014194097633655,0.9004455186377714,0.28082996054671117,0.7364378027027345,0.13808067436981153,0.8475471584388935,0.01735506170639567,0.36195715861899047,0.6819732894738147,0.8685086542622,0.9952077651590203,0.10924471031712468,0.32719387570928105,0.4460083080845676,0.07137707397604343,0.5290631444857288,0.4011331221877975,0.5761194949185863,0.09682867406493745,0.5979147768522197,0.5206436540765994,0.45053244181751484,0.24532786517405514,0.2636643351260406,0.022209865058094524,0.7901960584018751,0.6378640937248763,0.0497699675670884,0.17922809676878804,0.05043654900273542,0.9994097060034942,0.7074512146640443,0.9777555243869617,0.2121648953232772,0.18856193477602767,0.6578692470795119,0.15702342622179022,0.17403258974290325,2.851100360934167
