center_0,center_1,center_2,center_3,center_4,center_5,center_6,center_7,center_8,center_9,center_10,center_11,center_12,center_13,center_14,center_15,center_16,center_17,center_18,center_19,center_20,center_21,center_22,center_23,center_24,center_25,center_26,center_27,center_28,center_29,center_30,center_31,center_32,center_33,center_34,center_35,center_36,center_37,center_38,center_39,center_40,radius
0.349273300379513,0.6279085476119162,0.1744093470443584,0.9845975815058263,0.11013180222702046,0.7016667636166428,0.7114735342183197,0.4071041165512872,0.0005777801865912702,0.08203657929535602,0.4894451796270568,0.18364228996668486,0.2888925188520609,0.6848027943984176,0.9639423364236338,0.986978062728585,0.4641621793403601,0.7695619062706457,0.9543449347723876,0.35238789573976204,0.658239352538309,0.9971533756427826,0.19319170886409798,0.2014638357423798,0.7330264916032326,0.5997137075889116,0.5572705888610505,0.5879001157685115,0.9780969086235028,0.28769473129927625,0.3154139939887627,0.9426721350824632,0.7746201851321025,0.4588094391639467,0.20329662668968163,0.559508559612636,0.33938742032768676,0.38879527938413005,0.0173416634791288,0.7190862145036869,0.857402040291882,3.210347259849702
0.9516928726673183,0.09590794550491966,0.12097828167535207,0.011775563000249178,0.5866603195285169,0.04193478389668204,0.9484664862268769,0.6463360302878317,0.46994001242111605,0.11004916725595382,0.45722100834672075,0.9682854050557117,0.6603811852508181,0.942422516725403,0.23986849074244865,0.06878000067837453,0.6414387461825739,0.26501472100496226,0.8312269595334922,0.4188049650216705,0.11213211747825047,0.02342803347886402,0.37182209568655733,0.9763536539518991,0.30753800432945955,0.23893009643897412,0.9992060509514828,0.986119160082486,0.1613742079001248,0.5652725441279961,0.5561317269547954,0.07505734598963942,0.7810719447757043,0.003914692055736357,0.8447210486357001,0.11374532975442042,0.8679374618359538,0.08553674200322547,0.2653758651090812,0.19776738835075236,0.8554585528614327,3.2606663388766983
