center_0,center_1,center_2,center_3,center_4,center_5,center_6,center_7,center_8,center_9,center_10,center_11,center_12,center_13,center_14,center_15,center_16,center_17,center_18,center_19,center_20,center_21,center_22,center_23,center_24,center_25,center_26,center_27,center_28,center_29,center_30,center_31,center_32,center_33,center_34,center_35,center_36,center_37,center_38,center_39,center_40,radius
0.34558104074022666,0.5911321250921765,0.7543795312892273,0.051947512590908906,0.2984256263767747,0.5118229570103585,0.7156616305892265,0.09140971722953273,0.7389582955959765,0.2596857942900591,0.9482126597345341,0.03246062102425307,0.7599901142793349,0.39233183106064873,0.08928428829962642,0.1343124736975142,0.18812841883639353,0.14593802886761775,0.0865888512286982,0.5326420886406076,0.3763442946861342,0.3051593514345524,0.5299130328236493,0.06500215956800193,0.042983457992320395,0.6320614760315004,0.38834666397595374,0.6442392881655045,0.8784795955681844,0.5081150535083342,0.9252299510095748,0.09695220843152752,0.6530809702400462,0.14609813489468182,0.8592639609624065,0.6132218470496433,0.31811842298071824,0.8303701794288657,0.48370783282247165,0.6922238814457731,0.9269610401136575,2.8134192407903176
0.7741869389368564,0.9724268617972768,0.041966842136624605,0.8915389757459806,0.8901780813070455,0.9137544840953856,0.3848392076622805,0.9071358677561663,0.30645958064764756,0.7607337808058149,0.13952800321044323,0.07298570388801684,0.5901314976759635,0.9192132510972182,0.4899318219902914,0.06865551988957441,0.10511732857621692,0.881312171659491,0.7709856773144492,0.5031377684925202,0.40533534134942983,0.9076003030570143,0.4058804068744998,0.8947807506536509,0.5979370643304373,0.7925471409808528,0.20238807394515934,0.08269196087704678,0.6800622865745212,0.29047692397898695,0.9177565378367887,0.16015061142061038,0.8859727736825105,0.20009685030760882,0.4395769706751397,0.8394977709013383,0.19715399585307225,0.1846737088469217,0.9092351623961643,0.2747716534777087,0.6525114442830989,3.5214855787776536
