center_0,center_1,center_2,center_3,center_4,center_5,center_6,center_7,center_8,center_9,center_10,center_11,center_12,center_13,center_14,center_15,center_16,center_17,center_18,center_19,center_20,center_21,center_22,center_23,center_24,center_25,center_26,center_27,center_28,center_29,center_30,center_31,center_32,center_33,center_34,center_35,center_36,center_37,center_38,center_39,center_40,radius
0.6582010713145509,0.8928403949107951,0.09857968729465327,0.6870405939684667,0.46252313666143907,0.7269594013469214,0.5463510523413915,0.8735567342999039,0.7878856983166124,0.03947923245249807,0.00657198700671402,0.3391370123262907,0.7466720504419145,0.9578321805242501,0.7063086606271441,0.7302051492516879,0.4876698704327258,0.18386832371881623,0.4874438958262153,0.3329093753536837,0.8067357567766105,0.7779757312431897,0.9526129296766642,0.48810700124216455,0.6074644315117539,0.38404846127366987,0.7625020995688933,0.021259419417356762,0.6168811201024531,0.5954020066088577,0.7503973740479479,0.2856629527139447,0.7872421221883074,0.06893951784240837,0.7914977953255442,0.9722065121202217,0.23329899725041825,0.4557901352235333,0.8257726995913353,0.7747022973457169,0.13737532131438812,3.565397610011178
