center_0,center_1,center_2,center_3,center_4,center_5,center_6,center_7,center_8,center_9,center_10,center_11,center_12,center_13,center_14,center_15,center_16,center_17,center_18,center_19,center_20,center_21,center_22,center_23,center_24,center_25,center_26,center_27,center_28,center_29,center_30,center_31,center_32,center_33,center_34,center_35,center_36,center_37,center_38,center_39,center_40,radius
0.2574047316436341,0.622340716804865,0.8796424739573983,0.1872024178998667,0.6142501885292077,0.11616669712008532,0.12939894706417576,0.1986244207599458,0.602866111071759,0.46482144709209217,0.9603004795742909,0.8991531063415429,0.4607782546547441,0.11100957496234853,0.9340999134049579,0.6629892454954547,0.6623121441191249,0.23466642021789375,0.03401757400018346,0.6540879091196669,0.5815524098028334,0.9558057527423887,0.6750875031630369,0.2541870667451134,0.01892291582820116,0.7431697344150479,0.9401855157722213,0.2981913092942222,0.6610886299931575,0.9482085240161141,0.11191320075181166,0.6784392178226865,0.10309688013054474,0.4329181871538059,0.9585757646626799,0.35240375268842816,0.41058661182638256,0.06506497499059005,0.10605894395510507,0.0022843587831758994,0.4418429392060941,3.101771781134379
0.8550405575509472,0.16919428579919393,0.011018062412905483,0.7825442543176883,0.7952711670928866,0.0953232229849803,0.5253708866335214,0.7319057057244381,0.7573891281851267,0.7139650785211259,0.050137650948795076,0.8513322136071504,0.6173858970754196,0.26535707869062775,0.09129222544703619,0.8684510424125628,0.8181256770155848,0.32428483670106234,0.829537908069221,0.3792480710381032,0.9054301179678664,0.01689199218298576,0.2509526375166309,0.9057549760852525,0.6036383043828963,0.6384435121288164,0.43063357165787897,0.7875399385253129,0.7037574636639398,0.5780949313620151,0.8456742270234238,0.6719370240957553,0.14602537713731034,0.11536038759385836,0.27308289044090606,0.8072384319127734,0.7938571755450812,0.9555539180985749,0.897784080179401,0.7156596344976575,0.5508699041514673,3.724508911040401
