center_0,center_1,center_2,center_3,center_4,center_5,center_6,center_7,center_8,center_9,center_10,center_11,center_12,center_13,center_14,center_15,center_16,center_17,center_18,center_19,center_20,center_21,center_22,center_23,center_24,center_25,center_26,center_27,center_28,center_29,center_30,center_31,center_32,center_33,center_34,center_35,center_36,center_37,center_38,center_39,center_40,radius
0.8954561685999393,0.3927328097463165,0.3847896131716759,0.31030090916749564,0.7493542555038811,0.4593559594690928,0.23802423830370478,0.5335905469407941,0.8475941570215012,0.9113820954718542,0.044804023769373535,0.785020550290502,0.9873648088441509,0.052565550409092165,0.5549898245408944,0.31958049404979816,0.5029024972954366,0.9150506840084007,0.42248162776409615,0.8653037987565869,0.9697412144474711,0.7837222823673436,0.8627417575210761,0.9585840029524124,0.1861285516415978,0.8715052395057856,0.3580545089459647,0.5253236327436192,0.31290833098662696,0.6384451185138107,0.2984464153057179,0.05882086161582456,0.05953353600709099,0.8093018579962257,0.514526016968351,0.2929533976888741,0.5271217940768841,0.5077427819155209,0.882515829676341,0.1814530140524595,0.6098756915169514,3.618645909704085
