center_0,center_1,center_2,center_3,center_4,center_5,center_6,center_7,center_8,center_9,center_10,center_11,center_12,center_13,center_14,center_15,center_16,center_17,center_18,center_19,center_20,center_21,center_22,center_23,center_24,center_25,center_26,center_27,center_28,center_29,center_30,center_31,center_32,center_33,center_34,center_35,center_36,center_37,center_38,center_39,center_40,radius
0.7773356194203489,0.35493613302870464,0.7238378426659341,0.6964923396817666,0.4044137210601634,0.42897702821535766,0.9294215964503507,0.5736959576811483,0.642829551407784,0.932299566538215,0.23151199025763658,0.004981333311359859,0.8354438097266292,0.8347348786190816,0.8417487016172273,0.4510383163378542,0.05925252956374594,0.7000551404456553,0.7454294769698354,0.37156826027320056,0.6759183410685208,0.8990072134796117,0.5225293733192767,0.43986034007487385,0.17736359981974004,0.8664087722483758,0.5549810137744795,0.18583438189960721,0.7142761426928069,0.1935477835325864,0.025667144379718843,0.7647329568864141,0.42589084423443335,0.7390646926149949,0.22311208741807276,0.7715180671534358,0.19246650455671455,0.37222621884909146,0.8606483297678389,0.9301624514918045,0.06950791886638141,3.334883359860941
