center_0,center_1,center_2,center_3,center_4,center_5,center_6,center_7,center_8,center_9,center_10,center_11,center_12,center_13,center_14,center_15,center_16,center_17,center_18,center_19,center_20,center_21,center_22,center_23,center_24,center_25,center_26,center_27,center_28,center_29,center_30,center_31,center_32,center_33,center_34,center_35,center_36,center_37,center_38,center_39,center_40,radius
0.9136950421505664,0.7880328757128434,0.033470520309157314,0.3474511180239088,0.5488371799902265,0.6624679127793289,0.7827976141241855,0.8617684001165795,0.29653264872483975,0.8491566097920931,0.02050725768898709,0.5177517610895467,0.35684884927005045,0.8008799476970233,0.7855703659888701,0.3131677724482954,0.13174322981435904,0.43257261745339703,0.7221258860440211,0.7888681260858478,0.3304803887380978,0.7961378309931249,0.8294274833652064,0.03708420579834715,0.06971876456398274,0.7979859931510022,0.9510631385262425,0.657712810036461,0.8585112858322757,0.005718498195745103,0.2372765931874562,0.09305117053605882,0.5658158073435434,0.8544863022920451,0.2599040524177596,0.8203090901311015,0.26016483771911025,0.17358663868051238,0.5104265540197357,0.8062253400773942,0.6902739626981471,3.352961575173498
0.22644665689952603,0.7257670570125982,0.012530673940209236,0.336219619019553,0.3130783484648467,0.8639930941022252,0.056990036550225276,0.1866579447191935,0.9389143443928697,0.49993438185623773,0.9800480156368682,0.06840036604237865,0.6371696035760576,0.10888925623680556,0.5927741515252591,0.015731375871766318,0.2714000017438194,0.4024545375658175,0.33097320350014514,0.3839518089490396,0.5769200219705365,0.11587258441192372,0.2235464351398475,0.9582976864345728,0.9525448582515871,0.21064062919446547,0.024875912021505187,0.46792793131363486,0.0322515348476734,0.7248691021904878,0.6950256032827592,0.8956007932005411,0.054899867311936634,0.7147942269074259,0.6957846295286886,0.9457974232560806,0.4587274041320031,0.3448314753614189,0.36783495462571314,0.04685326238873888,0.9495584406191163,3.3569768845099976
