center_0,center_1,center_2,center_3,center_4,center_5,center_6,center_7,center_8,center_9,center_10,center_11,center_12,center_13,center_14,center_15,center_16,center_17,center_18,center_19,center_20,center_21,center_22,center_23,center_24,center_25,center_26,center_27,center_28,center_29,center_30,center_31,center_32,center_33,center_34,center_35,center_36,center_37,center_38,center_39,center_40,radius
0.3679186730896903,0.8078044404282109,0.7599392239491541,0.9886613217321976,0.45152192450843553,0.5158112424037471,0.955380798197386,0.8702069996319052,0.4210760078737893,0.8493286519920817,0.2200257204267997,0.9933237364802535,0.9379630184641581,0.5757927054524334,0.3534108810431964,0.21637817651478575,0.9952200613671234,0.999188418985594,0.4212413363619899,0.09990113930188838,0.2127040116314085,0.2626240605990391,0.08735280694857006,0.4162206275731959,0.07805583961308826,0.597033041553922,0.41399646011351254,0.7959495272803262,0.3866824130411973,0.17284769409205536,0.590677654033373,0.33117303282573074,0.42406270316752515,0.6303733058787557,0.9816918092571908,0.09614993775207448,0.7563459970677768,0.8740286026050564,0.24381572783719851,0.23020616262551097,0.19286125917663544,3.2437671621061246
0.6646843590694834,0.17985505740694707,0.39369637466019947,0.19519989081789857,0.954274129031308,0.9617376290839994,0.5092494942383805,0.605928484838829,0.6325785218699604,0.877762969478789,0.7152671481393698,0.2475519737036348,0.517118677114142,0.019920074797480702,0.41001029792234966,0.30527224264175257,0.29213731154013045,0.27091872591212984,0.358973790221783,0.9909686515555317,0.9964193017217378,0.894399351023375,0.24428276883199285,0.9765601579747204,0.522564542413539,0.29251425030202405,0.083080030616007,0.014696637517766065,0.10778559648357189,0.1477118151838811,0.4983676764698872,0.13952177934125898,0.4610857170093433,0.16607659908819072,0.10618782971415841,0.5320513742930226,0.27581198943629637,0.012545095935980632,0.9977835102597905,0.34959480059636283,0.8273996626937621,3.5471954828411882
