center_0,center_1,center_2,center_3,center_4,center_5,center_6,center_7,center_8,center_9,center_10,center_11,center_12,center_13,center_14,center_15,center_16,center_17,center_18,center_19,center_20,center_21,center_22,center_23,center_24,center_25,center_26,center_27,center_28,center_29,center_30,center_31,center_32,center_33,center_34,center_35,center_36,center_37,center_38,center_39,center_40,radius
0.9191040952033538,0.45007339976451044,0.5597858173369105,0.44892875862516357,0.9294054404599618,0.09435231598482041,0.3165921500262272,0.03835181822428324,0.30649677933568753,0.25585274392053947,0.6390681893007996,0.5994625164807361,0.3715850136297282,0.9567991059040187,0.5674680043022672,0.9316616306993718,0.42394180026737516,0.32817426853851006,0.3433228507598737,0.8176565764881584,0.8728513627627539,0.6881518809035784,0.7156239614611811,0.10786813659874994,0.26593422190760874,0.7102408259904482,0.24768565764332262,0.9549248144746995,0.2872289633764855,0.9092942682468531,0.6323784971528259,0.5373142079550417,0.3975831011902794,0.6146979767462342,0.8861013431611905,0.9944203993558794,0.8771871594541356,0.3493327771162624,0.515144562067253,0.23351151766630251,0.704168750582882,3.447911857652034
