center_0,center_1,center_2,center_3,center_4,center_5,center_6,center_7,center_8,center_9,center_10,center_11,center_12,center_13,center_14,center_15,center_16,center_17,center_18,center_19,center_20,center_21,center_22,center_23,center_24,center_25,center_26,center_27,center_28,center_29,center_30,center_31,center_32,center_33,center_34,center_35,center_36,center_37,center_38,center_39,center_40,radius
0.1289630884618187,0.5322971916425806,0.5814788116140999,0.9362491471913381,0.3902544046001627,0.9938979311402885,0.09755863740069981,0.6418114658514261,0.7871048070661367,0.489556705903742,0.5606854429926806,0.4785757166603467,0.7927141364394441,0.3682779571955982,0.060759071187299285,0.05174409982629946,0.14463737313256375,0.7629244366232389,0.7440259367340608,0.8141217566519596,0.06329305534528429,0.544049265147419,0.7416633969485911,0.3388553013753328,0.5804523484907257,0.16947420432753457,0.8822893306903313,0.5070457879349574,0.09120953247575325,0.6398709806899954,0.5300333205054008,0.047851559300608915,0.5715721950721635,0.9545690771585004,0.7983850445609832,0.676101994056687,0.9098441611652499,0.3542358036197957,0.029559633634003823,0.6087854993487495,0.6018550063874666,3.2915503352280195
0.8637104214561415,0.7980793253961106,0.010592458845402386,0.7088325635278506,0.6455106884579546,0.8328369399044265,0.25519564377554094,0.7609881726800355,0.8210364627822292,0.7002719150738886,0.15325957120371936,0.9350692251617364,0.029322590679200178,0.9683620158984549,0.954621128935516,0.9539262936085494,0.9223631654685308,0.6382152185433286,0.10562750105222596,0.8653104371914017,0.5099385472773306,0.04050147075488997,0.061437139057581525,0.7100401469668683,0.6801321777442138,0.8698271251555729,0.341407944756428,0.75701079890334,0.14853263679769835,0.24981731671814644,0.3935513392052389,0.9713556902138315,0.13389837834691665,0.010945454070592553,0.6455238912068829,0.36431656916675137,0.16759836322235255,0.8524839708004713,0.9571150270141392,0.009139126755269289,0.5054148585199169,3.5638503150465928
