center_0,center_1,center_2,center_3,center_4,center_5,center_6,center_7,center_8,center_9,center_10,center_11,center_12,center_13,center_14,center_15,center_16,center_17,center_18,center_19,center_20,center_21,center_22,center_23,center_24,center_25,center_26,center_27,center_28,center_29,center_30,center_31,center_32,center_33,center_34,center_35,center_36,center_37,center_38,center_39,center_40,radius
0.4471222518838486,0.32629772185060757,0.4679436641497575,0.7302384885529627,0.1565601834667888,0.13401373837824204,0.23117670366702303,0.018955903794095508,0.8329419245133152,0.36857205941338034,0.8627638014794452,0.05394100391861223,0.4255825100413446,0.24220352699194392,0.9313606847330103,0.6617568051435846,0.8489338593539557,0.12525617626217822,0.12225276865299672,0.887713855450745,0.5266604628602274,0.5451132194016167,0.029584425690366234,0.8043027153098005,0.7726075777917093,0.1930659442563516,0.3535735632618008,0.10701375526343126,0.9762497008810377,0.318157449850039,0.7201782189573441,0.27949256434753955,0.6339156176510753,0.8967553300783001,0.004403492673627496,0.38723432544300385,0.1736324545677057,0.6286811924021705,0.9610006412044556,0.1757154260031243,0.4109248683474046,3.1437737266832295
0.3416585590170118,0.12837800953012524,0.7748131571213376,0.9485559200410281,0.8661256582445018,0.7153706405542752,0.08016980260821693,0.7957845606220532,0.34990767935638223,0.21138613600647105,0.8223970347262184,0.21334724816970219,0.8080671843346885,0.7747446877684755,0.02602336339199751,0.9019379518245629,0.11968804065922856,0.9150899455942643,0.9503897774645388,0.2971600686399102,0.8210235562634671,0.5111511657870751,0.9576014647619866,0.14267318645419558,0.4773938672099428,0.9310151862775755,0.060636299460890775,0.25257324502393697,0.23871672867285543,0.7078969445987807,0.9980150772972113,0.7780907144267922,0.9472589666240253,0.7718387367373398,0.9617589019823379,0.13088449228493404,0.9259945033106957,0.9592068595515998,0.4597418803612109,0.7799232731266147,0.5239035515391195,3.933932573838719
