center_0,center_1,center_2,center_3,center_4,center_5,center_6,center_7,center_8,center_9,center_10,center_11,center_12,center_13,center_14,center_15,center_16,center_17,center_18,center_19,center_20,center_21,center_22,center_23,center_24,center_25,center_26,center_27,center_28,center_29,center_30,center_31,center_32,center_33,center_34,center_35,center_36,center_37,center_38,center_39,center_40,radius
0.41843947708220597,0.370351556148117,0.8157284825937822,0.8263779153804004,0.9285581922608609,0.8121288476040285,0.9511521246927778,0.384985735251402,0.33759648745125337,0.14896047416268254,0.1621011719406884,0.6159236455387258,0.9949784912700368,0.6926306257041012,0.9589132446092049,0.34137762413742334,0.45963134536161065,0.5744765781359313,0.049579907517499966,0.7102756073044366,0.8734617908000534,0.060214414517829495,0.2086169759054124,0.3674798068242464,0.027873785242649274,0.25742485965179107,0.5262043068484581,0.31505980518874543,0.1966140893424927,0.1895088734040209,0.026173063450186773,0.7485094409184825,0.4489203533835695,0.5619470388477154,0.3226030931165893,0.11225515356782878,0.6226815522971091,0.09733266422507725,0.5639142308694809,0.29446279002653775,0.6203001880397621,3.170295959847708
0.9058984181480042,0.050603009608146565,0.2669098868873466,0.9397172333734691,0.6924346836763071,0.9377413633177157,0.08000005610998584,0.8787823197714374,0.8428416041218789,0.19679622169098188,0.4392422482824606,0.8536324998760834,0.20397028120266592,0.7055821926041433,0.2656716251237494,0.0708351301435387,0.7220514569579736,0.3906323448233562,0.9427186592954276,0.21515409390209617,0.03292003939074806,0.8575503079762655,0.9638364720245901,0.21388206066962268,0.8884268968370176,0.7378405883992402,0.23269780492597125,0.1512381291198195,0.9121518697672588,0.4364830941929808,0.9809081825834789,0.3822715759403482,0.43359501829444147,0.39168793717942985,0.09699932086803331,0.6411680100009802,0.05868036790587461,0.374220455295732,0.7881144355542185,0.27586618088969905,0.17980922238021468,3.2578690957536383
