center_0,center_1,center_2,center_3,center_4,center_5,center_6,center_7,center_8,center_9,center_10,center_11,center_12,center_13,center_14,center_15,center_16,center_17,center_18,center_19,center_20,center_21,center_22,center_23,center_24,center_25,center_26,center_27,center_28,center_29,center_30,center_31,center_32,center_33,center_34,center_35,center_36,center_37,center_38,center_39,center_40,radius
0.828798198420661,0.29817297341676874,0.2986966801246226,0.5491573214677153,0.4361564967156256,0.6292388678538212,0.6888106566653767,0.8388784928426214,0.2608717399508159,0.09880898886223388,0.6322206557044445,0.12135696262630202,0.19173685324860057,0.5215310946949883,0.19252297668515317,0.5333879263786407,0.7417498149992199,0.915081221561938,0.9731623515863956,0.6525141390281298,0.2996119380670166,0.7414758126542491,0.796041874787491,0.8888815490878827,0.8941382606768731,0.11903812776487532,0.8413713484827787,0.3181391973332185,0.6275117126798655,0.05125154937367116,0.8953263981693944,0.6448436168847949,0.6931337542585837,0.9328983873744007,0.12782713658176426,0.8070044691474969,0.9376298826627785,0.9237687252748037,0.20194743684918093,0.706368254912153,0.7783601498582712,3.4853627959722187
