center_0,center_1,center_2,center_3,center_4,center_5,center_6,center_7,center_8,center_9,center_10,center_11,center_12,center_13,center_14,center_15,center_16,center_17,center_18,center_19,center_20,center_21,center_22,center_23,center_24,center_25,center_26,center_27,center_28,center_29,center_30,center_31,center_32,center_33,center_34,center_35,center_36,center_37,center_38,center_39,center_40,radius
0.8404449532825748,0.6128358091650964,0.7066194060099011,0.6234643852400049,0.6867305652333764,0.3511003031809883,0.9152734466518879,0.8695595044172597,0.916454785130181,0.6946266017346603,0.8373176308239872,0.9215902487189227,0.3419326392579477,0.8882528508284729,0.7816396564928004,0.7625081078338932,0.2932628131570145,0.564671358195812,0.8960534432743649,0.5011217307578452,0.6061747621612584,0.0022234981080448968,0.6958932207510169,0.356396172754327,0.11804431237999313,0.3631459528657669,0.16521540424708048,0.2516108468322009,0.267806823895815,0.6731883325307797,0.712017212663627,0.3257570928321847,0.09961051125187836,0.7081550178799506,0.9949930405112049,0.6802191003289365,0.5328935728256539,0.21178741985596639,0.2736275929924158,0.30011563001048613,0.10887801156238885,3.1875301130996223
0.17956493351128222,0.2229022989422602,0.8510872310133077,0.9578665905686851,0.5283251966387624,0.24823765934888087,0.18120739680289777,0.20524379512338153,0.10962215647208273,0.5574462283592154,0.6674663477830981,0.00320329496026861,0.9931444100446618,0.246483914976251,0.9604890825095738,0.25646707705195393,0.8937175889106789,0.3211222367942175,0.724366214706651,0.03131922818632571,0.9226841784966608,0.39704276585960807,0.7338101696739555,0.4798681835979115,0.4431384337929779,0.6297292175738572,0.5898695174603351,0.6640175276378687,0.9819686586429764,0.13557699531496215,0.040747187945194274,0.47893875043603307,0.8931185694152054,0.532921829026312,0.1304260966175207,0.8606283932367701,0.18793250450786947,0.7361815507387999,0.7751999076034132,0.8390717314160415,0.9411989563558227,3.1590144991922884
