center_0,center_1,center_2,center_3,center_4,center_5,center_6,center_7,center_8,center_9,center_10,center_11,center_12,center_13,center_14,center_15,center_16,center_17,center_18,center_19,center_20,center_21,center_22,center_23,center_24,center_25,center_26,center_27,center_28,center_29,center_30,center_31,center_32,center_33,center_34,center_35,center_36,center_37,center_38,center_39,center_40,radius
0.5937756769625562,0.9380707472552285,0.9667826180803512,0.04401530273445953,0.8919592685366565,0.3733185883595772,0.540843798809159,0.6222682802128314,0.6312410841116278,0.47418449858925504,0.6305522971070457,0.5431263836266044,0.8442920234100909,0.37410303539463496,0.7003504952757366,0.30494379305848207,0.21075920180456398,0.12150601950551043,0.07062660423938305,0.06451660857166619,0.784842077026739,0.6866555888026071,0.8836357306040213,0.3720558282603429,0.6085049378389517,0.3332324592417534,0.9695790148953476,0.17706049908903665,0.8656417601084798,0.4179889784965335,0.9542772833176616,0.39738111877537075,0.23448227422210144,0.8190118020872277,0.8102333502934547,0.6930177835692599,0.14467593426084102,0.6225598697403889,0.8041193999870682,0.9862219296245017,0.18179056479733913,3.2212227738200636
0.3149278179334053,0.2958548210865185,0.6095659136349207,0.8571213530448657,0.07341885842990936,0.4606466224140493,0.990062770418096,0.006915826568572037,0.30250636157034017,0.9986346529751471,0.7809088640200166,0.13933926424586962,0.41148248839778956,0.21116788699701028,0.3515561319215329,0.7562777495345215,0.24948877969236005,0.5833514604768788,0.935797114256058,0.8497902037975739,0.7517176238869381,0.9037967514685267,0.17061936390333965,0.00808487215300191,0.16904729653873185,0.934019268261245,0.09440357727399507,0.6981740117245181,0.48414718718358973,0.9427773923669961,0.53282940693515,0.10515925143554572,0.845224986930958,0.5604405459304155,0.8189257179235172,0.7755158879615035,0.9250218351167075,0.12602819298140067,0.40679634579428803,0.43067962228354484,0.9291780028290892,3.401035476313455
