center_0,center_1,center_2,center_3,center_4,center_5,center_6,center_7,center_8,center_9,center_10,center_11,center_12,center_13,center_14,center_15,center_16,center_17,center_18,center_19,center_20,center_21,center_22,center_23,center_24,center_25,center_26,center_27,center_28,center_29,center_30,center_31,center_32,center_33,center_34,center_35,center_36,center_37,center_38,center_39,center_40,radius
0.8607756836402585,0.6447205979726713,0.23405253216017963,0.7313169984840241,0.6084757699688431,0.4851093123157979,0.07910348936500466,0.43208949471584435,0.8891258818459935,0.592062133628925,0.9894986874280075,0.08611837790720489,0.525718834848008,0.2932716996704072,0.4870484415555483,0.8964841218450988,0.9725322715037452,0.7688730772430972,0.58097071702506,0.5351810877436558,0.1902691448557693,0.9439362355787453,0.5380256691792069,0.6078480057197458,0.9016722461996289,0.1549375291384869,0.25802179871565445,0.3992507797721987,0.7443053170614397,0.2668669348902103,0.0003868806847394657,0.5124695251455423,0.777692428220772,0.5185836569710545,0.13171505123254623,0.9216531384365183,0.38740563600541056,0.7524986399805614,0.16469992773671704,0.9439983907212072,0.33400157342493964,3.3843215352964893
0.04487657125958777,0.12815735026899755,0.8335365065211945,0.008641199899266927,0.028022549360312676,0.7415364954256888,0.9060406964381132,0.6936281172851114,0.3646592704297399,0.7044146040108336,0.6039966007739953,0.9612110061389726,0.4165402934286294,0.18155971380282343,0.27351413500475497,0.056184847076300004,0.003542673553203257,0.16847423509267856,0.31181030669843923,0.04856185210316233,0.7320706602677005,0.1035022429928304,0.026076062660401966,0.8458943814622315,0.03212019764162943,0.3235866403158857,0.8164828356579967,0.31931036880983177,0.3086607656748247,0.6693711126691965,0.26258706435019874,0.46958337844875386,0.006886203604778762,0.47817625050983914,0.403461115412873,0.1789448833036037,0.8746931499292572,0.36412285363444385,0.17895829841433208,0.17051738714598164,0.5528773960639738,2.6864957360365227
