center_0,center_1,center_2,center_3,center_4,center_5,center_6,center_7,center_8,center_9,center_10,center_11,center_12,center_13,center_14,center_15,center_16,center_17,center_18,center_19,center_20,center_21,center_22,center_23,center_24,center_25,center_26,center_27,center_28,center_29,center_30,center_31,center_32,center_33,center_34,center_35,center_36,center_37,center_38,center_39,center_40,radius
0.011768631769815907,0.8192306831219323,0.20739793850285793,0.2637648862972295,0.07973606971565128,0.5947303987772404,0.8115803524563053,0.1128949484374947,0.41937023277541774,0.8270089432854846,0.7253334722277816,0.9025703601175908,0.3156718788869326,0.16132071543898407,0.8329230255831231,0.5343677444138439,0.9325053619495687,0.5743095551182965,0.9380161556054896,0.49200266390625236,0.9947530354906692,0.2543715097579786,0.8410345169040857,0.2505727152948033,0.19248965189966782,0.37029151757649803,0.5560372092832544,0.6759577192872246,0.24080158695931897,0.5651233784403834,0.6001453940871289,0.3524394697069272,0.28240826691105314,0.04607708389428988,0.7014631907839776,0.18560194043686995,0.5103531268409867,0.019561043834886993,0.27141375064313145,0.1170427227870755,0.6434393394469413,3.2604001199789536
0.8229537335228712,0.12055279827678922,0.7683360639449562,0.7215883182376324,0.5281614305448548,0.2645133330411955,0.007377956492565896,0.21854776264823605,0.1660060520268377,0.5750584617469744,0.37453751295628235,0.04527250468757704,0.39678780495751287,0.2364654528179343,0.87278453669444,0.03555452479134957,0.0334617973927791,0.1507615867106894,0.3349504250194565,0.9684617340719073,0.7316703997582383,0.7064490938266966,0.04276843214695636,0.8434649231493928,0.44150609327081614,0.13052576916878345,0.14160360715559428,0.8619201335712947,0.3017338893436047,0.43889194894945716,0.0645213505217358,0.7958981379200998,0.33548250608063457,0.5716825217985273,0.9230460092044003,0.934647559083994,0.01861523183733338,0.9876035003152523,0.8178965030492209,0.8797590639113235,0.20263860153473445,3.2653476493679694
