center_0,center_1,center_2,center_3,center_4,center_5,center_6,center_7,center_8,center_9,center_10,center_11,center_12,center_13,center_14,center_15,center_16,center_17,center_18,center_19,center_20,center_21,center_22,center_23,center_24,center_25,center_26,center_27,center_28,center_29,center_30,center_31,center_32,center_33,center_34,center_35,center_36,center_37,center_38,center_39,center_40,radius
0.7171160982227693,0.9880975717050662,0.5684077129232964,0.8063119088386614,0.059831578099711624,0.7743719946808585,0.6723319433275878,0.4321215447355711,0.9131327581635651,0.0026491543723701216,0.860773451227808,0.011434567326841338,0.8335537151932045,0.5911014125727877,0.030656603700466967,0.908200952177753,0.7318979837733871,0.4621749710457469,0.3484384679101916,0.24075709033520865,0.6692899191447979,0.2661730988075727,0.731513383790232,0.969001703547958,0.5801282143794642,0.17839737370104403,0.8324589078756751,0.46510648544114763,0.8227622719391743,0.7785339986439211,0.01696754901995945,0.26663596591099636,0.610619024922656,0.8569805007059567,0.16948015757290547,0.19109066598253643,0.048534522203243724,0.7435332629813212,0.5799634634991739,0.7306827852210017,0.1031674147432251,3.2411455826915025
0.8959702023994355,0.8246458978151903,0.017279253319821164,0.9358081664012453,0.7894081300077237,0.1360906827357835,0.8704251512016459,0.5969403785044154,0.18883460265142515,0.9683771084178879,0.0961491338003917,0.9960469268440365,0.11394163305902538,0.9841063809046134,0.9118435331264603,0.07569986604912693,0.06558216673696227,0.18601466677263234,0.6998984424892345,0.25498534813626106,0.1229210517869489,0.3298352351353695,0.7689054546209126,0.5110711879484,0.3554246966733403,0.45023759865401125,0.10193447496530406,0.11083946997082628,0.2855724696719404,0.9212013152779363,0.008452757498747632,0.33397551380338986,0.7306181908249619,0.3731647914548085,0.932019143111422,0.3225910961436008,0.6926915783336295,0.4739326204201241,0.6117246370721978,0.5082744664346505,0.9780575205652987,3.2043360487981603
