center_0,center_1,center_2,center_3,center_4,center_5,center_6,center_7,center_8,center_9,center_10,center_11,center_12,center_13,center_14,center_15,center_16,center_17,center_18,center_19,center_20,center_21,center_22,center_23,center_24,center_25,center_26,center_27,center_28,center_29,center_30,center_31,center_32,center_33,center_34,center_35,center_36,center_37,center_38,center_39,center_40,radius
0.3036149272259916,0.8862479629409836,0.7022990816330724,0.2967305759341745,0.331171527817159,0.07884986682468642,0.3372865809922474,0.7220613641270305,0.39418957577659086,0.38067688016158086,0.9533215213753733,0.4850296736305314,0.9064688922188728,0.07242462029793617,0.5844034424244287,0.3548640220458755,0.3115199331753655,0.9591937305637215,0.6133609529751776,0.7498939708548992,0.7741585918997983,0.23364519299886344,0.6225931443967303,0.3210592721358452,0.9400243030727488,0.5983005900517124,0.5267670231552093,0.5425830773285101,0.195927891952288,0.5444448465729852,0.03993579542427461,0.6954660627203799,0.406545969194236,0.06177112543756336,0.5809830218979435,0.2991922756803247,0.1970732738544182,0.8082530464378768,0.5277424342825769,0.1281313234446787,0.2656322324109007,3.1036454810348593
0.8519713631862564,0.11757149959300561,0.13194991657204325,0.9097430610385909,0.13048666067185266,0.48404658127838307,0.9277514468699148,0.06001784020389689,0.8591690786163704,0.7878082569384945,0.39305101782936125,0.92159041863478,0.5082710714282558,0.4503063791984113,0.30413101558029865,0.11520309711525967,0.7181763539699517,0.6123108523722974,0.01300799501924188,0.098188770428708,0.01902838041383126,0.9878495244744073,0.4188281502117227,0.5217254496339482,0.5469291080521806,0.04671171974121402,0.7560724239223988,0.9816961677493075,0.04679714005630309,0.952834974215656,0.49880433144865177,0.7156843430591487,0.4384557219802021,0.9774201209973993,0.6274671991486,0.591153893868547,0.6254941954024446,0.05602856278294355,0.2579658554449431,0.8578626164866346,0.7364030660048535,3.230969261068242
