center_0,center_1,center_2,center_3,center_4,center_5,center_6,center_7,center_8,center_9,center_10,center_11,center_12,center_13,center_14,center_15,center_16,center_17,center_18,center_19,center_20,center_21,center_22,center_23,center_24,center_25,center_26,center_27,center_28,center_29,center_30,center_31,center_32,center_33,center_34,center_35,center_36,center_37,center_38,center_39,center_40,radius
0.7095733251253729,0.016630413148058354,0.5375978601228707,0.2379956871603066,0.2664859286565371,0.7460602980743544,0.28371248744532784,0.5955883495447774,0.8358434102735754,0.5319374698907453,0.31784519377542475,0.5885920064978362,0.519875719055474,0.9356118850521924,0.9838937502448635,0.11468682571047972,0.4417209108998985,0.9637421217492264,0.7263775948021008,0.2950884511528462,0.25663185419154544,0.5244904435447282,0.892077561447511,0.7302197249990504,0.5771290979193487,0.840361944217487,0.36076442484302873,0.6057292771641954,0.4578162926086703,0.9822155219371864,0.10081015431517393,0.47861897601300907,0.26729540984206446,0.10135849285852228,0.8905161733332152,0.7984918595286169,0.011785175501590084,0.3203044528166261,0.6825353498509397,0.7595613469257136,0.5579448824039366,3.4312134411586577
