center_0,center_1,center_2,center_3,center_4,center_5,center_6,center_7,center_8,center_9,center_10,center_11,center_12,center_13,center_14,center_15,center_16,center_17,center_18,center_19,center_20,center_21,center_22,center_23,center_24,center_25,center_26,center_27,center_28,center_29,center_30,center_31,center_32,center_33,center_34,center_35,center_36,center_37,center_38,center_39,center_40,radius
0.8145229227060864,0.02941166960249253,0.7506646987418502,0.7786433484957993,0.9826236182649476,0.29970771746342506,0.7503639991431496,0.9467761872700295,0.6332479346050109,0.843489035007818,0.5338136862903086,0.7615295716973668,0.35518934170072314,0.7900031427114957,0.6097445897946725,0.10962536373396614,0.47674068739511444,0.5970318694581933,0.22713190085693946,0.8964097503819725,0.06079654752159258,0.5278754018498286,0.5956201357177325,0.13370471232139014,0.32612644110723144,0.6345502890731427,0.29515281036361196,0.1384138956984804,0.32119802291111244,0.8375451274864797,0.44993749733735866,0.1791428316632776,0.5055852369963499,0.47595471463655825,0.6828174353640857,0.2452944064900524,0.08528313107835583,0.33337797064374464,0.28983500693233255,0.9213364563326513,0.8918234610910963,3.4524090640689487
