center_0,center_1,center_2,center_3,center_4,center_5,center_6,center_7,center_8,center_9,center_10,center_11,center_12,center_13,center_14,center_15,center_16,center_17,center_18,center_19,center_20,center_21,center_22,center_23,center_24,center_25,center_26,center_27,center_28,center_29,center_30,center_31,center_32,center_33,center_34,center_35,center_36,center_37,center_38,center_39,center_40,radius
0.6458416694812777,0.6936580224077993,0.2715789113268888,0.3360369527593705,0.8349725162132442,0.5833068446915899,0.9525721878948865,0.430275872510265,0.8445955073898631,0.6064803400851791,0.4602343997302313,0.5744835141467516,0.10924150795909282,0.1852319975946073,0.4754328372655773,0.758998850358228,0.48668982616602285,0.3414879327325816,0.04077480198022532,0.3214181093682835,0.9866889510938179,0.4022037579219506,0.09851583289240229,0.4977297863266371,0.8134610665863742,0.5662758294586556,0.23486592902447712,0.3070701405632038,0.5075646899107081,0.1114913970565583,0.003438692579989633,0.687142330497212,0.010678448728709267,0.7426259218899882,0.982637359513071,0.333537214517016,0.2661725660125618,0.9112742168907776,0.6176658661245717,0.6910684464251468,0.20127916069446194,3.069940392154241
0.2691494363360796,0.6688765148073347,0.4538332472234481,0.5012218140559924,0.09508791519366555,0.8606364185226715,0.31351052290279646,0.7047306540043782,0.7977105927816768,0.5062951847947481,0.19804820825677216,0.0866681633185189,0.30648338063010605,0.9043522186937807,0.3304577654535803,0.061787562965584186,0.008732176330947805,0.7642952103937379,0.9973848284783855,0.7229797599479745,0.007447767276361428,0.7523961268403097,0.3797427560383644,0.02703863702580067,0.2911296271385879,0.3838916526025652,0.37253417186365534,0.6097526426813956,0.95570739692763,0.8819487145121743,0.9334343424620792,0.21043936623351345,0.6895380076809565,0.018418973254207716,0.10160956833310697,0.24435314390530305,0.7716053979251278,0.4929214458279748,0.6790790550024142,0.9830586047844669,0.5366704987894936,3.18910205335003
