center_0,center_1,center_2,center_3,center_4,center_5,center_6,center_7,center_8,center_9,center_10,center_11,center_12,center_13,center_14,center_15,center_16,center_17,center_18,center_19,center_20,center_21,center_22,center_23,center_24,center_25,center_26,center_27,center_28,center_29,center_30,center_31,center_32,center_33,center_34,center_35,center_36,center_37,center_38,center_39,center_40,center_41,radius
0.31806940519641524,0.5920998351639052,0.6515086520526526,0.2280527850447983,0.938109664422537,0.8014581044458021,0.6907651749379231,0.9372285865388372,0.020988788132561886,0.5047641289296022,0.7635762459382514,0.24552083697504412,0.20087678126601194,0.23535694695097575,0.9928855376523815,0.6442819665229481,0.8201860177600279,0.9808739784240362,0.7683695855643059,0.17641748797990997,0.07042483742022365,0.2804341294056897,0.011391315304762006,0.8414149448609627,0.10517483211635636,0.3363571687143464,0.4880449201628223,0.623164225509229,0.04158208422107179,0.5750620872764072,0.8125782468301926,0.1811663064445601,0.7300522538281276,0.29617843793681875,0.538873613170726,0.7188689573152545,0.8360664046952679,0.5251904589877829,0.510080086854307,0.7965690936114569,0.732194267282825,0.5067334495463368,3.6653281438839502
