center_0,center_1,center_2,center_3,center_4,center_5,center_6,center_7,center_8,center_9,center_10,center_11,center_12,center_13,center_14,center_15,center_16,center_17,center_18,center_19,center_20,center_21,center_22,center_23,center_24,center_25,center_26,center_27,center_28,center_29,center_30,center_31,center_32,center_33,center_34,center_35,center_36,center_37,center_38,center_39,center_40,radius
0.8129990419860903,0.222842296394409,0.4670649733402966,0.3653855151151053,0.13337293509343917,0.9578989984358018,0.5431190687724625,0.036353146880309106,0.12257512634662726,0.9994849663461157,0.8589351930599862,0.046225357186049254,0.2659710313437298,0.29547898514878934,0.9129534058786092,0.6037820088492769,0.38991912764672465,0.5016698341893021,0.673941809587657,0.1431109566996751,0.7872802445961953,0.7651050179191012,0.15523462711065783,0.6868141645630277,0.6162505211823818,0.8208347214232644,0.18061543032639382,0.7201746509707158,0.43758972459322687,0.1027308155795641,0.4982156071271733,0.2482808025215748,0.4630919187319231,0.8905870407740779,0.44578481826643324,0.7469855270178518,0.053388461284614275,0.248114997304124,0.7280980191707211,0.05438722776492866,0.6400740509705222,3.3808222370501095
0.7224756922186246,0.6773491603891106,0.8910592764413555,0.9593170067417072,0.48288931274621216,0.7362558280907932,0.9735226509099445,0.7049254620889845,0.9310487022803234,0.1783297460438008,0.020702722797309003,0.9208810641332218,0.1259675988261122,0.5433602922741378,0.08685447294578374,0.9249003466549598,0.22097128554679213,0.7064575358098756,0.26877953719364256,0.7393049678825455,0.198842477317408,0.38387302764739917,0.6097134824406693,0.5222843193714477,0.11798070839046237,0.6951848781464306,0.1921840811527994,0.09680572877029647,0.9776078769866401,0.8461767937971874,0.345685256950114,0.3693156735672882,0.785777999087079,0.399802660002581,0.8032556571782383,0.0160532470559529,0.9959240690851322,0.975114410762044,0.9765813475948455,0.9932033446878309,0.41970996890127366,3.502484158253534
