center_0,center_1,center_2,center_3,center_4,center_5,center_6,center_7,center_8,center_9,center_10,center_11,center_12,center_13,center_14,center_15,center_16,center_17,center_18,center_19,center_20,center_21,center_22,center_23,center_24,center_25,center_26,center_27,center_28,center_29,center_30,center_31,center_32,center_33,center_34,center_35,center_36,center_37,center_38,center_39,center_40,radius
0.8424802049548348,0.5665348460507319,0.6863341228983727,0.33211401621948666,0.7840514972385214,0.5402715882566238,0.2006139413259158,0.7395124773706401,0.9328546889353823,0.22547807754832527,0.44756180020360026,0.9767252731431623,0.13005336587352412,0.8766322845537118,0.30681161585710237,0.05958501170728858,0.7760720184154747,0.9892360648846261,0.5390774745473426,0.4011509169009986,0.2264856171290428,0.7473854869980299,0.7211026392700113,0.6468784306887364,0.9373867857208673,0.8739758310421457,0.19974129912664096,0.8092418828430908,0.9401890836918876,0.6509786738617185,0.14257048265393346,0.08038804683198175,0.5804364835983075,0.7372607925890221,0.8798823981076097,0.996340729647233,0.24252685838154164,0.3938869535990891,0.1223167662649427,0.008235206188969002,0.5995338317490201,3.293366966500153
0.14784801048344332,0.8819600946810705,0.24332709377105943,0.6506500681398788,0.44545918334980605,0.4797802230678323,0.08034223628371007,0.4521153360332588,0.11422583472257053,0.4298121455234265,0.6957951598644442,0.057398351061629826,0.43268795880550315,0.8520858788940542,0.9156536683905023,0.9480912431730131,0.15822659075429835,0.7318238779192328,0.8138999856718203,0.8871065831889711,0.38432159861601667,0.18504253051341923,0.6874078557436651,0.8815633322382542,0.09578216649181048,0.0861834313952422,0.5037514019713928,0.7467772212734514,0.13874779502996482,0.6649829457715408,0.8633926922110907,0.8805268146110704,0.6619761556317632,0.6249167432136082,0.047831180029507925,0.8564328288769243,0.32423912098117014,0.9865356499039224,0.9289470673914061,0.6870066761366713,0.04537366051928815,3.4232963375049006
