center_0,center_1,center_2,center_3,center_4,center_5,center_6,center_7,center_8,center_9,center_10,center_11,center_12,center_13,center_14,center_15,center_16,center_17,center_18,center_19,center_20,center_21,center_22,center_23,center_24,center_25,center_26,center_27,center_28,center_29,center_30,center_31,center_32,center_33,center_34,center_35,center_36,center_37,center_38,center_39,center_40,radius
0.09885148988015224,0.2884535875104627,0.37024328093865755,0.35611403990552104,0.5267893688713227,0.37398825356546817,0.7031940908454097,0.16082754479547845,0.306615650099356,0.47704464970012284,0.8657658117935751,0.7978177541161755,0.9664026869630999,0.9540493572621893,0.4480922963202959,0.6517067233236363,0.639779765983163,0.8391959273716132,0.44145420544746905,0.5968535196700028,0.6606540963199867,0.76306032261243,0.5065429421065265,0.9118317662732495,0.3894995133786495,0.03928358043160518,0.7616099747166635,0.7684779451934518,0.6674912223244862,0.8103175605195534,0.7241739422444325,0.19583720405299687,0.6186166948760041,0.020619175007278945,0.8249909867337116,0.7179534954887715,0.6833930636844754,0.6166015832880912,0.9103292325506315,0.5297352601101657,0.06138423331789822,3.577154442823195
