center_0,center_1,center_2,center_3,center_4,center_5,center_6,center_7,center_8,center_9,center_10,center_11,center_12,center_13,center_14,center_15,center_16,center_17,center_18,center_19,center_20,center_21,center_22,center_23,center_24,center_25,center_26,center_27,center_28,center_29,center_30,center_31,center_32,center_33,center_34,center_35,center_36,center_37,center_38,center_39,center_40,radius
0.15465075116534865,0.7792693997661837,0.44292864564059864,0.5742841922244578,0.5398370652849764,0.6236947805360742,0.2517163090016109,0.4986531170825321,0.1731768726935441,0.3040490292581829,0.4545578576953905,0.2687914840187138,0.7828677463697539,0.7685119713183425,0.8715189789343124,0.45464440025540087,0.9760174983627148,0.25521392162897083,0.30199811553527944,0.821585929869738,0.12781238443507326,0.17837406353865537,0.08955080499036783,0.9159904832455736,0.01101655678267377,0.4930365382023184,0.9790980786941524,0.9977488493756216,0.006164016682239981,0.8143013755058004,0.22707287040883972,0.6527873550153525,0.20057941965570436,0.47020448465839704,0.5959465140729096,0.08612926066469406,0.6785886995161481,0.6854437574140749,0.7649535797841213,0.8324201163069141,0.4971960045969964,3.4626429686832836
