center_0,center_1,center_2,center_3,center_4,center_5,center_6,center_7,center_8,center_9,center_10,center_11,center_12,center_13,center_14,center_15,center_16,center_17,center_18,center_19,center_20,center_21,center_22,center_23,center_24,center_25,center_26,center_27,center_28,center_29,center_30,center_31,center_32,center_33,center_34,center_35,center_36,center_37,center_38,center_39,center_40,center_41,radius
0.3729435258832463,0.8451028701661119,0.26103624780037304,0.6980549835890238,0.37287624895569615,0.9221521972938173,0.9113156101040564,0.7201884944899145,0.24956798302042915,0.8006500911773907,0.47998349939323837,0.5946768341204672,0.5207877087404336,0.012245330653886,0.5379466919253999,0.08353325633327302,0.7622500732289673,0.7922232129734578,0.8218943146938625,0.6265640802251915,0.49594434640440477,0.8016072924133937,0.978144631529811,0.6204948964720274,0.18810699289140453,0.08887678284847789,0.3650149462972968,0.38646361023462217,0.8242234214580595,0.7601560310256407,0.14790475305732687,0.525151165708374,0.5788186997724399,0.9079056225951955,0.6452196888046041,0.9093682398793207,0.33034015750903356,0.1458916708987178,0.7597322479995787,0.4997839218016624,0.20547428494184017,0.02829071683141615,3.29151420784377
0.25249960314552145,0.5209269903989389,0.6697827222420377,0.7289211138008571,0.7754334395685079,0.16576257932538874,0.1239461555050988,0.1523841140292953,0.8714109371492391,0.11284686556278412,0.7337531937215713,0.26469628224611497,0.13521456388472908,0.9571903874946303,0.4650213763871851,0.820184415268654,0.30545318372293917,0.13180183988417427,0.5532851951041502,0.9785493822897702,0.238498183413564,0.1978797227882968,0.7722508667734846,0.5634463293268814,0.7798235346474514,0.8309385667732665,0.010049013004546747,0.5955902520926505,0.22001715392865828,0.06054904598640842,0.7496650841083305,0.8882320654942906,0.18091322674726285,0.02922597065832766,0.3963526397321998,0.9199664128914258,0.8626218906094222,0.7888204230142001,0.09500847181063932,0.4041401854559077,0.9317313619085897,0.9846928976543393,3.3538446973417178
