center_0,center_1,center_2,center_3,center_4,center_5,center_6,center_7,center_8,center_9,center_10,center_11,center_12,center_13,center_14,center_15,center_16,center_17,center_18,center_19,center_20,center_21,center_22,center_23,center_24,center_25,center_26,center_27,center_28,center_29,center_30,center_31,center_32,center_33,center_34,center_35,center_36,center_37,center_38,center_39,center_40,radius
0.4406365567011822,0.3102691489095811,0.4244232399708088,0.6794022223984344,0.17649051698313245,0.7498610249221986,0.42014447843540714,0.8552254259217706,0.4541145104821127,0.5724890507770172,0.6471832354343214,0.6921031460204884,0.44960320615420146,0.23162167051231108,0.30717171575393687,0.14526348060939476,0.04148668441565062,0.9094435492656913,0.48194497748475784,0.37125174330466837,0.6322655021800603,0.4401023790109747,0.22413509230127704,0.5444003071896327,0.08683265848241606,0.4028131221559712,0.33446337925506653,0.3428825231383067,0.15063977792704863,0.8030383449807698,0.36709950090900756,0.5459631114987644,0.4791441069908634,0.49262493224423565,0.5416292677621383,0.41092267813508443,0.2999129938799552,0.7683001440496736,0.3582796596894028,0.6073246305536446,0.017309328726913376,2.895703441244132
0.001482640692640258,0.9939562852091292,0.15435214668100194,0.17425464801983814,0.9268245481144932,0.20832705863028544,0.7026495914513008,0.10517582804191927,0.9370335100277157,0.27577933591421877,0.8846069697407826,0.7945039166185706,0.7448175958047384,0.4273984323455474,0.2934981897243286,0.02119958500601482,0.8905493107188718,0.7064474823625706,0.05219874547665726,0.952431863323301,0.2230617857315309,0.36099126144818117,0.41933227072906165,0.20794924409998183,0.9803716391954266,0.8570847270889362,0.8324903857506907,0.3382400416886566,0.8921902701115529,0.5203691645072828,0.5887404918588882,0.9224836190664462,0.4927975781333901,0.9037535255820442,0.39558712783323813,0.8778967314701313,0.9330292510656546,0.4724939135227435,0.4794378690501987,0.6340057030521089,0.9652655387644745,3.6138100549149352
