center_0,center_1,center_2,center_3,center_4,center_5,center_6,center_7,center_8,center_9,center_10,center_11,center_12,center_13,center_14,center_15,center_16,center_17,center_18,center_19,center_20,center_21,center_22,center_23,center_24,center_25,center_26,center_27,center_28,center_29,center_30,center_31,center_32,center_33,center_34,center_35,center_36,center_37,center_38,center_39,center_40,radius
0.24237554220044255,0.1576789326366952,0.6175624967111033,0.048195423700206574,0.10636636222527462,0.33612417596548605,0.4394570464970019,0.16606776324563466,0.6590112952885235,0.6453372878499128,0.6477034092135032,0.39594907144704583,0.3420813983289114,0.8488375631184143,0.3500028262742154,0.6269098240960309,0.7465278066477616,0.901045586666294,0.048390703471535956,0.21019275465936338,0.43964960556185406,0.5713805038226604,0.3468755376981216,0.2827361278120597,0.7858953740277291,0.6124594933581439,0.8415243191914751,0.2802843555555201,0.6391435605431065,0.43211240197954437,0.40255628673305366,0.034207176980515674,0.07375363117660583,0.006138089727232954,0.5868532267643886,0.09889754276869323,0.9876613381373058,0.40820804644789754,0.5646067704515324,0.6569791980995388,0.45989714498722434,3.1880042034919795
0.9996383588832813,0.3716194938286812,0.05174705733232521,0.5859410012991523,0.45609048335268165,0.10425158433983528,0.2907045993716384,0.747570374683011,0.9234610782618639,0.18201101412957332,0.04566569205918902,0.8451962820225211,0.9593987039001596,0.9221046677764277,0.6540713494010935,0.9014865330365309,0.046426322639785855,0.48948441884535543,0.9451634818848009,0.007563159938372532,0.9902321198533489,0.20925889483221238,0.6514237503983376,0.6591818855363407,0.17412063715059367,0.7538596974368423,0.3172161948217329,0.9639402980528314,0.8276909571835052,0.4257382222592282,0.6896323610692191,0.6422708013373652,0.8783616312140032,0.9573114158485769,0.7863745252364039,0.9761255862630223,0.22324065316443087,0.6214050089185309,0.8333684784502557,0.02006668712007964,0.6077206297921652,3.654837904412295
