center_0,center_1,center_2,center_3,center_4,center_5,center_6,center_7,center_8,center_9,center_10,center_11,center_12,center_13,center_14,center_15,center_16,center_17,center_18,center_19,center_20,center_21,center_22,center_23,center_24,center_25,center_26,center_27,center_28,center_29,center_30,center_31,center_32,center_33,center_34,center_35,center_36,center_37,center_38,center_39,center_40,center_41,radius
0.6121191070577352,0.39182989614203945,0.4895069076655675,0.7598857148090009,0.5310010902614863,0.17243183659216366,0.5863045384077815,0.6310353951426206,0.947376307907005,0.7957769505759477,0.6454314522143424,0.8868624956064403,0.41511683916313635,0.3083007531774663,0.5222794558812326,0.009653766929238694,0.17766790684403921,0.8641105614870113,0.9594596360920153,0.8741606539124139,0.22740772292758094,0.8132148879954071,0.24558069894523493,0.2897499302176918,0.5232823752585847,0.18649750667736598,0.44400795725277864,0.17692823397412427,0.4371902858598812,0.39574496301150586,0.6681744244387062,0.8811484852344896,0.13282264271741384,0.5946514850919634,0.6114990721287733,0.590425302671677,0.4028967524474868,0.7836035320178184,0.07164159986237939,0.8526114761353405,0.9917153449688771,0.2597203511884607,3.4317339252493486
