center_0,center_1,center_2,center_3,center_4,center_5,center_6,center_7,center_8,center_9,center_10,center_11,center_12,center_13,center_14,center_15,center_16,center_17,center_18,center_19,center_20,center_21,center_22,center_23,center_24,center_25,center_26,center_27,center_28,center_29,center_30,center_31,center_32,center_33,center_34,center_35,center_36,center_37,center_38,center_39,center_40,center_41,radius
0.8245665513153645,0.15931768426227255,0.5102492733944242,0.6718897202239613,0.6649951083168808,0.0804309497996234,0.9975055019080933,0.6585643677332773,0.8271917481773711,0.10109208866304309,0.94800046718707,0.22161203364503856,0.0005276825821586284,0.995057716083122,0.6369713135571441,0.7049748837606735,0.1622020638221251,0.8193991171463937,0.08426865757211521,0.8449177925259134,0.917578241549454,0.21017189059087782,0.04591215737489596,0.4711371413247726,0.2733560588560664,0.5392366220006736,0.7366069346353884,0.8922213681819069,0.9433789200144674,0.7534886711009698,0.846540104607339,0.3384399542583566,0.5263729911673825,0.17991591597508427,0.8004034152811647,0.9333217088049415,0.7820495353738803,0.055566392631231865,0.5768939166397966,0.6082449011566774,0.7330634895253499,0.3251662432389236,3.805321825212166
