center_0,center_1,center_2,center_3,center_4,center_5,center_6,center_7,center_8,center_9,center_10,center_11,center_12,center_13,center_14,center_15,center_16,center_17,center_18,center_19,center_20,center_21,center_22,center_23,center_24,center_25,center_26,center_27,center_28,center_29,center_30,center_31,center_32,center_33,center_34,center_35,center_36,center_37,center_38,center_39,center_40,center_41,radius
0.2359724642528016,0.5605030449362433,0.7007564709941345,0.9231378161578933,0.2240167987534175,0.2462527152529319,0.21846522731690843,0.276163140787118,0.25432534147559405,0.09661826462591772,0.8159788620798444,0.7438248685189413,0.2550852549680773,0.6691982443875101,0.8745580387752293,0.5618997382137774,0.7186328414903228,0.012986856914708134,0.4969850958093919,0.8457885316903629,0.49680603260733625,0.8729725576968682,0.6012858193839065,0.4591301367469134,0.3141940775666956,0.08869380757679957,0.5698695816884344,0.40373650638876035,0.04840130741285764,0.8142828298486908,0.10855693478597173,0.3905275561322171,0.3742291062890881,0.7384136315077865,0.7996202848580475,0.8348890370673209,0.9014703374302906,0.6760396024385575,0.9170929102619811,0.5912739058754071,0.5680391673608549,0.5796335922287429,3.2447561362168456
0.7294454990634073,0.3103261337584561,0.3646110381084836,0.07736664327396714,0.5830622889520378,0.6506142510261964,0.8039706241230651,0.7528550723423376,0.7465087978126493,0.9492704696115101,0.1773434472908706,0.1566012959009665,0.5799073608027259,0.21387289264549092,0.90511164150798,0.7990163753333533,0.8810820449000174,0.8877610786976242,0.17874164302296336,0.0025500902448437612,0.7587928933188902,0.1517727851956664,0.9657920702730155,0.9963627363314256,0.6005200535557121,0.9729821844947864,0.1813771437529932,0.8753800922427665,0.9220591222927451,0.8542272157481259,0.8291201244924308,0.4527038739759469,0.7370649922711986,0.11081331031565445,0.18402759919942868,0.4225258895013819,0.5602990386857967,0.7821558217890122,0.4516241518954016,0.7384365407923501,0.35750655155915956,0.08839096202848318,3.8774225188668168
