center_0,center_1,center_2,center_3,center_4,center_5,center_6,center_7,center_8,center_9,center_10,center_11,center_12,center_13,center_14,center_15,center_16,center_17,center_18,center_19,center_20,center_21,center_22,center_23,center_24,center_25,center_26,center_27,center_28,center_29,center_30,center_31,center_32,center_33,center_34,center_35,center_36,center_37,center_38,center_39,center_40,radius
0.33602343688852865,0.3142692815415957,0.25428763081425876,0.14946068764924536,0.0407507146795314,0.56343230057218,0.949185818406276,0.06918672961338757,0.30104847716873717,0.0703592420768322,0.7602670557837725,0.6358795143654402,0.34908292964687193,0.858644283372954,0.6817045394524521,0.12227064528840825,0.3905850035874635,0.4612989703770015,0.82259362701333,0.7128396729400719,0.6609774981127382,0.4731498279736991,0.4620690997177509,0.04229195551024134,0.406595555687595,0.31149145861135863,0.7403574686304317,0.22806047444302302,0.8936304509751862,0.8512052051277023,0.23021533096704183,0.5502100028293427,0.711860501172933,0.7888058060469222,0.31903974619014464,0.3264631474308365,0.21562911324523237,0.21435911438600508,0.581377119133521,0.29818533640367595,0.3467220922164027,2.8369859089760534
0.7028761511831843,0.6216731183303348,0.9173463291051309,0.040405661458286724,0.8167476796817627,0.9791430893970169,0.2005648138473083,0.5654596977261354,0.2944927243622093,0.9070458807205813,0.10642471509427787,0.16472814585855378,0.8955609380286086,0.3504351520088185,0.7796542723441208,0.23783619277206136,0.7352249351627486,0.6269439131670393,0.6145470038238865,0.8534607335505998,0.3544091147300438,0.09217098398810841,0.8947517270259848,0.8510993409613439,0.03709371103077108,0.43174491630789724,0.9083237942261553,0.8973068978482851,0.05813733386454567,0.5766778247995529,0.6342875604468284,0.3853348089231351,0.829080954592233,0.519987597949249,0.6323098496317557,0.3365387023048969,0.1331766993371014,0.8798034740342069,0.6070295149717804,0.9291352399267301,0.6635546071780477,3.532721528277578
