center_0,center_1,center_2,center_3,center_4,center_5,center_6,center_7,center_8,center_9,center_10,center_11,center_12,center_13,center_14,center_15,center_16,center_17,center_18,center_19,center_20,center_21,center_22,center_23,center_24,center_25,center_26,center_27,center_28,center_29,center_30,center_31,center_32,center_33,center_34,center_35,center_36,center_37,center_38,center_39,center_40,radius
0.9153829019761061,0.40358980931133215,0.8446855265986863,0.9597216232071515,0.9257437103192979,0.37467504901052406,0.27373355889296314,0.883794570395885,0.648613231833445,0.188469613532819,0.5660225005865347,0.7482913769165427,0.677445643549716,0.915282810191848,0.0937496984316003,0.8385805228454485,0.2163734479773709,0.679140299797478,0.4241667814898339,0.41334950188630315,0.6098506783553213,0.31397310491173547,0.21395255220050857,0.13050058984251833,0.4114186439725841,0.3430269118223903,0.149212989538011,0.4473765728644702,0.46202258518368744,0.8730606953100314,0.537540691643444,0.6946859092312849,0.6578542231063882,0.011155680020839998,0.6116476220395729,0.8781828165481296,0.6007318763983738,0.8096832823672245,0.21740060098857727,0.3268239888824247,0.8007449595908689,3.218402527242644
0.19288450330154205,0.9429771418694424,0.2348043162304949,0.06202255739092788,0.09431567160717225,0.18011381226969436,0.15642657147407557,0.12238018162362185,0.009960434347651592,0.9927531770579545,0.6309858835742508,0.9030676692345943,0.11859334770890029,0.550954377181536,0.24261997863462925,0.035221031795529156,0.4003977375453307,0.1240717942191436,0.5126808903777256,0.8198483885395553,0.7063079774968164,0.21559731767278123,0.861144720640169,0.8221373456176083,0.03823999458765315,0.9796023074173291,0.9081221110964113,0.03887759494590248,0.5393316440519739,0.7699839545827266,0.02518906753772676,0.8027554676792561,0.5776636501920679,0.9854570431115638,0.9351842145486728,0.07808259559853892,0.272824964184025,0.4847018364492667,0.5011603797774576,0.9779990595571083,0.7784069324298645,3.1226861617564885
