center_0,center_1,center_2,center_3,center_4,center_5,center_6,center_7,center_8,center_9,center_10,center_11,center_12,center_13,center_14,center_15,center_16,center_17,center_18,center_19,center_20,center_21,center_22,center_23,center_24,center_25,center_26,center_27,center_28,center_29,center_30,center_31,center_32,center_33,center_34,center_35,center_36,center_37,center_38,center_39,center_40,radius
0.3148027057043168,0.0774696129123702,0.965939178181267,0.8006566213358597,0.3853257997437822,0.832292539329131,0.9202127931005658,0.3093508519524999,0.8897440340086805,0.6290064766011284,0.251418925992394,0.05408264618445502,0.7558996851022128,0.2910315031269586,0.03044963909004017,0.4548119386512611,0.8679547483367933,0.10701016519802042,0.3195101230548416,0.44355467938473514,0.4362499628913793,0.8163655230773831,0.8765227997970794,0.6137614085717144,0.8281672146546424,0.5739415370171997,0.17613935933192526,0.02154036415268923,0.2758915720454639,0.7462581531325942,0.8529175648791993,0.42855740014690813,0.9202273109298945,0.683958330323762,0.439198851972058,0.22313247121793744,0.2939072867409098,0.6837456626809062,0.5033150500796669,0.6547288908577458,0.8179669864528295,3.5391348912560443
