center_0,center_1,center_2,center_3,center_4,center_5,center_6,center_7,center_8,center_9,center_10,center_11,center_12,center_13,center_14,center_15,center_16,center_17,center_18,center_19,center_20,center_21,center_22,center_23,center_24,center_25,center_26,center_27,center_28,center_29,center_30,center_31,center_32,center_33,center_34,center_35,center_36,center_37,center_38,center_39,center_40,radius
0.4138240320853437,0.991638453909935,0.046984001396033315,0.8728694263833758,0.394656241209453,0.169465880970064,0.8476360313437009,0.8417669797985775,0.37783386951768005,0.6886168123510769,0.31507976581104447,0.09874059630105925,0.5666908566199975,0.9038601879312073,0.9627628581016692,0.03121918833817705,0.03584304147909989,0.55222814014477,0.11746592666225253,0.24391731911161718,0.4893708635387676,0.742739146309957,0.6362531617723645,0.6212950305118565,0.7433384716476853,0.9186712182137424,0.36520120980036697,0.09935995157698807,0.3225825638762789,0.7265990232719138,0.2531170276887901,0.3286533699353321,0.7465919322436532,0.8282045024543763,0.7190906943220531,0.9708229233280483,0.5060864120818837,0.025606449624408945,0.8815553426269219,0.5706444701831458,0.31113020044734363,3.168397442888458
0.6513067829893758,0.4002303109884533,0.6338849845471409,0.5500336596693687,0.789393318588217,0.22045851401639704,0.39216249876473963,0.05009260966902107,0.7414367956839567,0.0017986155308727936,0.8664824747546533,0.3443743394391402,0.504740576276427,0.5989315008688587,0.7541128567710578,0.7337077366784666,0.7482324029894629,0.9307540305688422,0.4018266142822049,0.9984207974014121,0.25430742442629306,0.7066986418285454,0.516818134605473,0.6275020171691473,0.4634708119722757,0.047701794418551824,0.47437746047595053,0.6214175172684123,0.06921774841830353,0.209781973787048,0.4022487945426392,0.4210601675215938,0.12745528553335916,0.004682260370092117,0.09595280713491305,0.23424670980632478,0.7845950742468294,0.9957457144101932,0.028308556378527694,0.26806094403908576,0.2383902149876056,3.2409528186244976
