center_0,center_1,center_2,center_3,center_4,center_5,center_6,center_7,center_8,center_9,center_10,center_11,center_12,center_13,center_14,center_15,center_16,center_17,center_18,center_19,center_20,center_21,center_22,center_23,center_24,center_25,center_26,center_27,center_28,center_29,center_30,center_31,center_32,center_33,center_34,center_35,center_36,center_37,center_38,center_39,center_40,radius
0.17135425050330622,0.7569645169955992,0.7723669282457033,0.8165008681423473,0.7816409924408788,0.8731003492105709,0.3844342833182106,0.5134251478705478,0.38382717400509814,0.1209494784795987,0.49306817710393913,0.3280441781481864,0.26591592290864696,0.43442371243687505,0.6104941400994551,0.228170041955299,0.5934156884991365,0.27922112605762894,0.14944757077960402,0.4328778019594939,0.26769542096869114,0.13739360860190208,0.6642192505751796,0.6420742863836648,0.3506464213675591,0.43316434405967186,0.08495705146585508,0.353567219420746,0.43932903851985317,0.3302935048119787,0.9626003215673185,0.8316836244552357,0.10262679103346362,0.4045226043388057,0.212347169427049,0.4671244509057566,0.4182830195608286,0.1759162732518763,0.9295817485297826,0.842064318451188,0.33872883208823457,2.7130271523797926
0.9496794259189828,0.9502880247346159,0.6961530919617414,0.7869253199817979,0.6896082665002512,0.31958881377180415,0.026928389018833765,0.8215037282763259,0.10430353874668707,0.9551469047923958,0.24136368369528693,0.46810746677645276,0.4024511954350031,0.7013146994114998,0.16379323758512154,0.02516955517501318,0.07376910309007667,0.40261602262587914,0.9706930118891359,0.7635123252589515,0.6194993874129145,0.587118346564371,0.39191008470803457,0.5954351442560076,0.79912838353585,0.2026133911472825,0.819358686647557,0.17771418340899736,0.2550349896677151,0.5488625319978885,0.36543170036104855,0.11198731547667962,0.6445374921148055,0.34730714189774525,0.8858269599500352,0.2537944238016848,0.11545111161581101,0.9618391279871586,0.32459782302170315,0.6878533380191103,0.6341458817381039,3.274348829918352
