center_0,center_1,center_2,center_3,center_4,center_5,center_6,center_7,center_8,center_9,center_10,center_11,center_12,center_13,center_14,center_15,center_16,center_17,center_18,center_19,center_20,center_21,center_22,center_23,center_24,center_25,center_26,center_27,center_28,center_29,center_30,center_31,center_32,center_33,center_34,center_35,center_36,center_37,center_38,center_39,center_40,radius
0.6120552014965821,0.9420173234391968,0.6330143762790055,0.396040430258236,0.323155530813523,0.48593790029951245,0.786599486638202,0.2689517440403544,0.9500306258898995,0.6621428913278236,0.32060377837874754,0.2945378339222272,0.6269916225894543,0.5588281961356593,0.9044943725711677,0.06897397323124377,0.730281697342665,0.9734664719784292,0.7485604248268631,0.4402085672056143,0.47936913136147463,0.7067545318690297,0.9374641959987765,0.04592786248869596,0.6915229777015056,0.09924382889284866,0.4190095596644483,0.8533933540333611,0.24428238923671086,0.999192404526262,0.7796527864555717,0.8603489181569771,0.6565046695433825,0.9863261050699041,0.4037770327998278,0.8442265277060382,0.3105865022699926,0.1610089724868391,0.043608527603557046,0.3155870770333361,0.11420009089430372,3.387411345786352
0.6969439570384758,0.10122696849638069,0.2280363390054183,0.9426488446572142,0.42062968496561937,0.06594319960108364,0.04475738561083409,0.1210956199187464,0.432221597621417,0.5790685176997354,0.8075428868785207,0.8133162830931451,0.08465655105570957,0.00011768713138560205,0.20777585048710634,0.11132925347219602,0.4043156539165351,0.059805826128574546,0.41371144904751134,0.12887057473962382,0.4403365445694484,0.7674675261072176,0.30098093099473355,0.586389289144917,0.6154694468043419,0.899952430667129,0.05736367929400166,0.027891598872956558,0.3208895238509871,0.7442634529989259,0.17083233780306295,0.20670333963836285,0.0018748535375685549,0.804713293270212,0.6490257871834602,0.016969799013378695,0.8589204429456182,0.8969961025908053,0.984887017076535,0.4409287353576311,0.8601991334873784,2.9077132888120816
