center_0,center_1,center_2,center_3,center_4,center_5,center_6,center_7,center_8,center_9,center_10,center_11,center_12,center_13,center_14,center_15,center_16,center_17,center_18,center_19,center_20,center_21,center_22,center_23,center_24,center_25,center_26,center_27,center_28,center_29,center_30,center_31,center_32,center_33,center_34,center_35,center_36,center_37,center_38,center_39,center_40,radius
0.4651291330508621,0.555599548293975,0.8465419753150469,0.45032306380367926,0.27831851082278825,0.7682847569373215,0.5911028939445233,0.4511855311111481,0.7960636187622199,0.6526927206076505,0.5718609003937791,0.5581943914722528,0.14530259665104994,0.8506403662190724,0.5020860283874667,0.9751839669202664,0.5275417613737933,0.03013977274508084,0.7592184628450557,0.4055416056006663,0.9605311345286489,0.27545645731732005,0.8342425053198143,0.18147484775045852,0.20613527325118874,0.4776409622577662,0.3012927446116658,0.4694670069796183,0.10246236333056125,0.14079873867588766,0.3541426344317312,0.28403401112137927,0.7748021971702849,0.1711115001447845,0.8481966915937917,0.9953434733825263,0.9816292592034187,0.319029474974577,0.22050951929446316,0.38087072055548277,0.4720299112195394,3.5841907466661684
