center_0,center_1,center_2,center_3,center_4,center_5,center_6,center_7,center_8,center_9,center_10,center_11,center_12,center_13,center_14,center_15,center_16,center_17,center_18,center_19,center_20,center_21,center_22,center_23,center_24,center_25,center_26,center_27,center_28,center_29,center_30,center_31,center_32,center_33,center_34,center_35,center_36,center_37,center_38,center_39,center_40,radius
0.05593014411129793,0.13646541971260395,0.1332840981948178,0.0679002199366816,0.9036351910524533,0.4688903305618959,0.7292739121391855,0.6175052270772887,0.4538134498503039,0.8610759862096308,0.9391620989661142,0.12665124938535577,0.5110681486256877,0.45101514608454785,0.9785814440308978,0.01122167718157474,0.4662195784579889,0.7805131208982374,0.09826750620214175,0.030001054553532525,0.5607468317503583,0.6211610585234545,0.2327162516058,0.1877052976164746,0.8959727448797118,0.5770812222963707,0.3425535925336267,0.660566344446686,0.8416300993936547,0.2173747351033669,0.30862793298954305,0.1851718866031966,0.009841385845584028,0.23105468313410438,0.4426433061853563,0.7582276041707259,0.7846787710022926,0.370063829403836,0.7042284526712832,0.14884014847113647,0.7711039970790197,3.238839906981154
0.27509860600690095,0.9462240495659712,0.6238333349653574,0.4828266418720064,0.1764950798255429,0.9243542940130184,0.22879876851043857,0.9945931861750809,0.840691149100112,0.06710544765633075,0.6025480983390339,0.7783868195140133,0.47989340228399,0.7319206790693801,0.06936110306654908,0.7619633330853034,0.166158538158244,0.10765669252122201,0.38934390010870845,0.8921916129097592,0.06240554988498548,0.10619594293155943,0.024291901321980114,0.737806705100719,0.044325267072920393,0.9035150733007662,0.5985294326016068,0.31581107520935126,0.6405732940953679,0.7125839513990463,0.23325216986586206,0.8846624525454793,0.8649396229091235,0.668278919295252,0.9624911061114825,0.3802694990932879,0.26942069721105233,0.363575183828605,0.1257540271685832,0.24924301818840022,0.18861244739431515,2.939987330202743
