center_0,center_1,center_2,center_3,center_4,center_5,center_6,center_7,center_8,center_9,center_10,center_11,center_12,center_13,center_14,center_15,center_16,center_17,center_18,center_19,center_20,center_21,center_22,center_23,center_24,center_25,center_26,center_27,center_28,center_29,center_30,center_31,center_32,center_33,center_34,center_35,center_36,center_37,center_38,center_39,center_40,radius
0.5624423161244254,0.7961281501046713,0.1415670523455641,0.3873840814041135,0.42211945230691783,0.20846954577401544,0.7190055179279089,0.1589504452912175,0.5384158041141847,0.969514451322262,0.37160345840317255,0.5040821741588087,0.04826356425251965,0.974710009963442,0.29778390377088404,0.9985412406246411,0.2029373778330157,0.08396888633763677,0.793099351281069,0.048178586813446,0.710490146392036,0.0634390548870939,0.9696369538453756,0.056875047090514275,0.2052336785622515,0.8644122588545744,0.03861935029354202,0.06469815647491561,0.6017436791538698,0.21864413556109785,0.8405487882883764,0.13874543543003492,0.1969504009471662,0.41983192727905017,0.015862572588185575,0.7427135287498488,0.8344101775666564,0.19190761819388802,0.6486892398795052,0.8383753069801763,0.3901207079949187,3.042956450537267
0.20445203358778263,0.8211667394197076,0.06289198540507712,0.7165963512859551,0.39048485648452114,0.924387849216838,0.42243113745758154,0.23568140916763425,0.5206507482467448,0.2000389370047434,0.9490446946587671,0.754975977322638,0.022023884395558024,0.001162882597932069,0.8834397949610407,0.12445919183136456,0.5965252571441869,0.10502807840524064,0.5859513477319024,0.49297246788600546,0.44863375048292853,0.9567269640195464,0.39251296564479243,0.46351362158520004,0.4192716037631795,0.29606037661575235,0.9042930592489598,0.9225501399346746,0.05792195979378756,0.5724125423098119,0.5381588274507365,0.5591753289889785,0.845520185024879,0.4320144901148989,0.46350966447569153,0.26042609699197194,0.8657015270984493,0.5049653467664867,0.8550989351347907,0.6057349288643394,0.5814760089231948,3.2874141623244038
