center_0,center_1,center_2,center_3,center_4,center_5,center_6,center_7,center_8,center_9,center_10,center_11,center_12,center_13,center_14,center_15,center_16,center_17,center_18,center_19,center_20,center_21,center_22,center_23,center_24,center_25,center_26,center_27,center_28,center_29,center_30,center_31,center_32,center_33,center_34,center_35,center_36,center_37,center_38,center_39,center_40,center_41,radius
0.7028148870364053,0.2601673535770165,0.9736175748910986,0.030092643831930554,0.7356784149784854,0.6137592582075325,0.6818685798383362,0.8160657557001022,0.3706614449652069,0.7044995831748885,0.7466127685102553,0.4424962282218492,0.4676162149939095,0.08057121004056667,0.18119771383164918,0.46553002678688804,0.04827102530849681,0.8449252661031665,0.6420990424946119,0.9941850560556018,0.8141923519242855,0.528828120688276,0.7352857732650222,0.5850267968709494,0.9156564177219025,0.09212035047226352,0.49831907209994153,0.43914442548066057,0.1551253521329734,0.6966729775122555,0.26921664779722976,0.31939268216908345,0.9895445088446594,0.5563588366454761,0.6333732794624458,0.9681787836185777,0.5014293548405135,0.528037721880683,0.853907471451007,0.15329047869090007,0.7197512980078116,0.34618189877177474,3.340124520727852
0.90758826609746,0.9763628598422789,0.2031608066864169,0.9895466086031601,0.4063762227961004,0.011936276508968113,0.010536144003511994,0.0428474228516309,0.6167416974637662,0.023945946970236665,0.5801961945865814,0.4125982442179359,0.23097516963500664,0.7504435481570233,0.9955089368989076,0.4553593004364509,0.2863588793629315,0.7093287632992232,0.05230782989867999,0.1273251578131328,0.013360979467367806,0.8979875735109135,0.45494015994330594,0.8430308467434898,0.9498033546404643,0.091584697390384,0.5246046235562638,0.6964014054380712,0.4640009193305209,0.03350416804040335,0.9572147517229318,0.7150929003573898,0.12379588868721592,0.14615147903630932,0.4521238003829946,0.031253831920223685,0.756377845139072,0.06074803140698937,0.2124379922400491,0.23769672587199953,0.557446283982761,0.15045537890799088,3.1731840559308044
