center_0,center_1,center_2,center_3,center_4,center_5,center_6,center_7,center_8,center_9,center_10,center_11,center_12,center_13,center_14,center_15,center_16,center_17,center_18,center_19,center_20,center_21,center_22,center_23,center_24,center_25,center_26,center_27,center_28,center_29,center_30,center_31,center_32,center_33,center_34,center_35,center_36,center_37,center_38,center_39,center_40,radius
0.7851552112328429,0.427688701579217,0.7629648537011697,0.4742357734788364,0.49441423882213753,0.8025134159807381,0.4833370074092831,0.12491958888747157,0.6885488902418994,0.5609771660678724,0.20843031887830743,0.6764524304962165,0.25536599984474473,0.07491886442625761,0.6686603382462151,0.18042022065095775,0.15330812668200167,0.8632051170320209,0.5046028410096838,0.21103727506861525,0.22506357638797636,0.18256366877320018,0.08626740164625524,0.42873159103585834,0.2087125949963714,0.4444794351984058,0.5768957795429784,0.7219269206882208,0.22302874316234278,0.26534697962321707,0.13114620164781043,0.8374145020347572,0.8661179320109067,0.9161337451341973,0.21311640599603665,0.08744510432309649,0.306590321705822,0.7480939009754984,0.09121407068899934,0.8321975124846263,0.3490398206901685,2.7315735330259994
0.4495090355684379,0.11215160903708232,0.25029134022595867,0.597144368113112,0.3515483336518428,0.32617573092845187,0.6296865126361765,0.4179522806714929,0.4174317098719271,0.5464404598261308,0.048914349048419514,0.7993173615199617,0.6861131255173002,0.20808704194257444,0.5910455472970116,0.914584573649725,0.915801389609669,0.882220383876644,0.6406173447453144,0.9971172706954184,0.6797457245178654,0.544109678876797,0.9002083214811727,0.9174751954247385,0.975036757931674,0.855280945148963,0.6943279821928449,0.019793571192615156,0.9004084140063819,0.42013847209048405,0.9059452139318422,0.5381659231181412,0.00312931443714326,0.45475070998806555,0.46274931267861485,0.5653896330068093,0.65858855239698,0.403477596661007,0.6422878881188177,0.46278848982414134,0.8097070202503884,3.5080294974185553
