center_0,center_1,center_2,center_3,center_4,center_5,center_6,center_7,center_8,center_9,center_10,center_11,center_12,center_13,center_14,center_15,center_16,center_17,center_18,center_19,center_20,center_21,center_22,center_23,center_24,center_25,center_26,center_27,center_28,center_29,center_30,center_31,center_32,center_33,center_34,center_35,center_36,center_37,center_38,center_39,center_40,center_41,radius
0.7513650736118486,0.303590435774726,0.355633963715285,0.7508208867910282,0.8150205611846197,0.872646338323997,0.9655052485478233,0.7394063292739856,0.5028099875245862,0.07725675205196791,0.00016070209615348663,0.8828216185226768,0.6308814950939025,0.7773116647073556,0.3950055328929728,0.35669770268971457,0.9107169346845384,0.00919795424322789,0.5541460537003011,0.7429948089350492,0.01778391105987409,0.5878761300153933,0.4724186275737563,0.9781758706648213,0.8957849433909948,0.811789508863494,0.20001141299762504,0.12315923765659165,0.04079985081745374,0.6046478449093796,0.5240501400028789,0.13159199065949423,0.8392731366333444,0.6354613323942851,0.46192535998502693,0.8708323956860337,0.06822531432875578,0.710942776738766,0.7541256482578299,0.0002189491958933809,0.5883834064446112,0.3357772861728954,3.6879658235644928
0.8410189835623222,0.2107771737499572,0.004635061790914663,0.020367001197611034,0.31702216251654824,0.6262628624880938,0.06736225849338195,0.1866590556421719,0.018028497578335023,0.48869580019063963,0.9957681648117137,0.14885639857270716,0.002559944571944417,0.5017184507984769,0.07536143771383086,0.9882773296846679,0.2748132061892732,0.9971987875560973,0.35469820620516723,0.32229518835841753,0.8775543989453275,0.5812811377846139,0.3448622522413405,0.1521046977074002,0.07912161002416418,0.056739025978228,0.3010863885519419,0.84436545784702,0.3816332952091456,0.14514692748691926,0.9194969831649145,0.8572155675582053,0.31832086318706654,0.11193882913784925,0.7219153685521982,0.2892528679383414,0.6558265800272386,0.49941092677610444,0.2144371767387374,0.9546665026818906,0.9430652802519729,0.71879679592805,3.2419544559183775
