center_0,center_1,center_2,center_3,center_4,center_5,center_6,center_7,center_8,center_9,center_10,center_11,center_12,center_13,center_14,center_15,center_16,center_17,center_18,center_19,center_20,center_21,center_22,center_23,center_24,center_25,center_26,center_27,center_28,center_29,center_30,center_31,center_32,center_33,center_34,center_35,center_36,center_37,center_38,center_39,center_40,radius
0.3338007583120466,0.8485496844538498,0.9766975520942488,0.48017847170599093,0.96926030929529,0.07488651998146212,0.7822176301468765,0.21980326299815423,0.16914057266544502,0.5118624633178207,0.34438427620935974,0.037069339039837,0.6661177630325696,0.376951783230413,0.2689765799896102,0.3557388723483923,0.7320355998051007,0.9298209034341474,0.9406561174687382,0.09243179917511768,0.5097681451742871,0.5807838453538064,0.038846752153945396,0.9311547901053218,0.4535547844957961,0.6488024007298607,0.930467780366155,0.6468831468033897,0.7018642594548499,0.7135565861125915,0.19803817710896532,0.7661590419950974,0.39423495964272426,0.04090824897275358,0.48352759114627364,0.3880065286556933,0.6679012184481544,0.1915464932976798,0.6582077325687162,0.8513935883762052,0.24539374318584095,3.347601061853624
0.315008365623497,0.8546178230539828,0.5362859944435684,0.7034337322077385,0.6076270877445292,0.6503931188007629,0.0051454820111731525,0.01192094330302751,0.9982892214516964,0.7202579830993922,0.9213228481101998,0.8534225605897627,0.6727402719899834,0.18443899422211318,0.972814796693782,0.24963079413389522,0.4788246940818689,0.18513719168053422,0.09920451223699611,0.05774368875421532,0.8285097325737732,0.031886328424238,0.6722827785745388,0.07108962150425269,0.7126684295138614,0.018233197590810324,0.9913932366976794,0.8840521185163334,0.0970758980853561,0.11779262983339434,0.8880809886549649,0.40520150434649704,0.5736323054647268,0.5916290432719598,0.971066525574994,0.39934409587125885,0.11914371563688175,0.8875429343048958,0.026086131938343526,0.11572269312708572,0.993837753254606,3.458500185319573
