center_0,center_1,center_2,center_3,center_4,center_5,center_6,center_7,center_8,center_9,center_10,center_11,center_12,center_13,center_14,center_15,center_16,center_17,center_18,center_19,center_20,center_21,center_22,center_23,center_24,center_25,center_26,center_27,center_28,center_29,center_30,center_31,center_32,center_33,center_34,center_35,center_36,center_37,center_38,center_39,center_40,radius
0.014446596281189383,0.5320244841295583,0.920624556502724,0.09940145595499061,0.7180538746958197,0.5459130129688358,0.6192479946961496,0.20651545141352434,0.4134326017160418,0.6214169737787136,0.22687818947313831,0.5921241462818345,0.8606674654930476,0.7773375210454352,0.6697979892645849,0.02467163040955067,0.8490328668195435,0.07209208434203684,0.4913466471611294,0.7272054325969904,0.09431485239877258,0.9811456043324398,0.9902162309051549,0.24921349257912706,0.08075190348527295,0.724214335159163,0.7209316653262624,0.2826207425763986,0.595859776469807,0.15480761247586838,0.605134816222744,0.4017650285574731,0.8014231098093718,0.6650690531151775,0.7773411069067189,0.9397380898728531,0.4023781506614026,0.009205327486002113,0.4771628824768678,0.9681225918657533,0.9775142578552516,3.184568768140028
0.8152830031672984,0.026390346067914572,0.9381648941877461,0.6990396004958658,0.42651888683081385,0.036202812537191154,0.7601295905491392,0.6201356733108138,0.2359235619886455,0.3909500402954189,0.7156430487987743,0.4948070648714368,0.425059179888729,0.008571264428175018,0.06376086443682194,0.930699601388125,0.1268145632352904,0.7740255538327248,0.2872480283675236,0.8459788206281404,0.6688928610120491,0.0732089165746499,0.32009652709235326,0.9825994197133799,0.8195877720016069,0.05462637415135441,0.05274181911926945,0.45512316561622734,0.9772429100731524,0.24047567221530486,0.9258410287414784,0.6776581658079389,0.07075849690527247,0.9297001556226286,0.9287514819531345,0.8063553666643408,0.4445005250796772,0.9861133221109557,0.5966428924633677,0.8949555855405386,0.8271783643010251,3.3463590527578257
