center_0,center_1,center_2,center_3,center_4,center_5,center_6,center_7,center_8,center_9,center_10,center_11,center_12,center_13,center_14,center_15,center_16,center_17,center_18,center_19,center_20,center_21,center_22,center_23,center_24,center_25,center_26,center_27,center_28,center_29,center_30,center_31,center_32,center_33,center_34,center_35,center_36,center_37,center_38,center_39,center_40,radius
0.939574743562855,0.21009029556195113,0.29440759151063056,0.8181312054718372,0.2518659931625683,0.21902634349006,0.09532178467135966,0.5850915726339192,0.4255785452323898,0.8379341768486787,0.3018013935103715,0.7595367673638754,0.40638991383204326,0.47069797987078654,0.19701298007859824,0.5710557029389198,0.15762409022089552,0.49197861248775954,0.6720212639549455,0.9338751465382682,0.6809752603625951,0.8579760695794046,0.774558314045473,0.3453785864882215,0.11858277238891113,0.7281248135794984,0.32962491435696095,0.459783440253679,0.4706634847162148,0.8216493831429558,0.001866275887735358,0.5112424881596334,0.6347483441347419,0.21480672276792867,0.23875548877328545,0.22257726839708558,0.8550465038761774,0.3469382149189303,0.7013241470649885,0.7837074248661482,0.139994887779764,3.1945527294401757
0.13500406438691126,0.8811514560790866,0.5001006731324771,0.9321792282558679,0.06487515522683196,0.0023258172108838737,0.9595132454773716,0.4354636053541374,0.17403227525447762,0.99060887526977,0.9290146540990032,0.1397723078894515,0.772765547416914,0.7871501582350351,0.9769907900860471,0.9186064640898626,0.997739540129659,0.1400770540875581,0.056726147333016064,0.7860089536289776,0.1253523604332859,0.5522035603222966,0.29161811220120193,0.21408596635571875,0.8635381933989117,0.8193303815749761,0.6655978556407426,0.9156271674201082,0.8630569807066636,0.21183022455610523,0.853587708996709,0.45611707478504593,0.9845056346988693,0.7216863239138063,0.6739571205029566,0.3065601439126404,0.00028633674334610504,0.13613311808780026,0.12300660035385791,0.4367969462441128,0.9805108505111813,3.6700402734596578
