center_0,center_1,center_2,center_3,center_4,center_5,center_6,center_7,center_8,center_9,center_10,center_11,center_12,center_13,center_14,center_15,center_16,center_17,center_18,center_19,center_20,center_21,center_22,center_23,center_24,center_25,center_26,center_27,center_28,center_29,center_30,center_31,center_32,center_33,center_34,center_35,center_36,center_37,center_38,center_39,center_40,radius
0.6680523592557963,0.18665630918759746,0.08323976683067502,0.08658049745473828,0.061567608853853706,0.18451281556573496,0.9570655222337906,0.7540688746470081,0.1283082378448288,0.35509540665419925,0.5905724488429769,0.868752461580762,0.9480041307121982,0.4482363334445122,0.4719403590529929,0.8781182468798592,0.27151644814905795,0.06330827014550111,0.9007848450837915,0.21851920058161056,0.924545010922247,0.5310410273159965,0.0803338726766577,0.04113276783907782,0.44631525150584617,0.7649816346064685,0.558459977506337,0.20311445267663764,0.14253273834427094,0.21880185042723777,0.41526603511735594,0.8067253318790923,0.47070513596777175,0.6987778658797438,0.608169480078188,0.3173754528210082,0.874462433708213,0.2868650922266587,0.07136554782209747,0.8766908988663606,0.5583692863824354,3.2928840614885844
0.11001720406492,0.9692039455902045,0.4838555112926365,0.6427043119298564,0.8042745970159749,0.952845060159584,0.7880929233575047,0.4940369711025462,0.7677942445224958,0.9925966615667149,0.6802439553319428,0.27806930284357356,0.48640879610142607,0.7717094362094052,0.09583589637146295,0.29269665039265425,0.6641568214120983,0.8955738201452965,0.4612392243498129,0.5372700400632814,0.04462224215137367,0.7011238656514284,0.8020659783717283,0.823922906076514,0.1394487156151395,0.006795709423301988,0.81409151263831,0.29304369071379577,0.9900625030831027,0.4465825812485995,0.07630821674645982,0.5465375239087967,0.005792537468171655,0.2843534382576508,0.32646636812538543,0.6594186735383827,0.2391950753267994,0.565610247022971,0.36215285133720543,0.09434792393833691,0.5364307675772811,3.2328779749429795
