center_0,center_1,center_2,center_3,center_4,center_5,center_6,center_7,center_8,center_9,center_10,center_11,center_12,center_13,center_14,center_15,center_16,center_17,center_18,center_19,center_20,center_21,center_22,center_23,center_24,center_25,center_26,center_27,center_28,center_29,center_30,center_31,center_32,center_33,center_34,center_35,center_36,center_37,center_38,center_39,center_40,radius
0.4412269769390377,0.7074816197102853,0.446588582784352,0.20714848798080043,0.7354286777897111,0.31966933236482975,0.7198461711165423,0.9769646651366495,0.8238829690990902,0.6210948628737875,0.9085035848956254,0.21512907511448132,0.6779761444941594,0.30952470406189203,0.3794930994990624,0.8999984710222638,0.9533609878343392,0.18564133437362773,0.9500869431803999,0.23560013003648916,0.2610259863169677,0.28195605442067206,0.8857016094278105,0.890541568583612,0.740116359385678,0.12259029956942002,0.6609749254916016,0.24600085081135514,0.7682466163118674,0.17836079110907954,0.09958947024424869,0.10464853240982741,0.3062891881229671,0.6088376547512124,0.9286127661132753,0.054724002914161796,0.6256179953700408,0.1327665753359999,0.16775991547894853,0.6279851622060068,0.10908576042447593,3.4254459896719567
