center_0,center_1,center_2,center_3,center_4,center_5,center_6,center_7,center_8,center_9,center_10,center_11,center_12,center_13,center_14,center_15,center_16,center_17,center_18,center_19,center_20,center_21,center_22,center_23,center_24,center_25,center_26,center_27,center_28,center_29,center_30,center_31,center_32,center_33,center_34,center_35,center_36,center_37,center_38,center_39,center_40,center_41,radius
0.28165879834081164,0.7703912768398795,0.45919006826890896,0.29347581634167663,0.06811012812437234,0.11253004694258084,0.3406559531113853,0.3676921462612387,0.8575471099787441,0.6743716334151422,0.9701235653674111,0.10041922637929568,0.2706266221964685,0.3487419644207448,0.44267794549183404,0.10169884854594091,0.8404014302274676,0.596676315991603,0.284209160801266,0.10076408814454763,0.6380305094525247,0.7192981650037057,0.8065594182603357,0.6221103055561006,0.9476573029246713,0.6258876403709435,0.8111412930575476,0.5760016162490015,0.5676726965726377,0.8470892162213512,0.7507024439111848,0.23479423871420813,0.9443050251867061,0.13158636535810564,0.8273944724497638,0.2947999017955265,0.48164885592229456,0.6630372083839962,0.6136076331978947,0.6820542929665645,0.47046102053785355,0.670768179609347,3.293128543928695
0.9449775173859802,0.18116396771926024,0.32351651403008475,0.14339105787225037,0.42296790074143276,0.37175919089166176,0.4294346672318381,0.33127737894678577,0.24197925219293048,0.054093274114559664,0.04654484801275105,0.9618773450836129,0.9134778444350677,0.47054196858924646,0.004184450506979909,0.11970309145102676,0.2372025916368684,0.6474701960800169,0.15785319598730374,0.7827914964031156,0.7251478275530147,0.049220953445073934,0.09798382451472765,0.5032125962815641,0.1763078125077927,0.2580235430424601,0.056260906522979104,0.5795160961175406,0.9165488238908196,0.4099797039225911,0.07426557349623586,0.6457696712749535,0.19053379685884264,0.7460925103052487,0.2676731729316315,0.9971668554752989,0.2914090700910831,0.035986679336487026,0.18060167644509473,0.012498772946678116,0.7945861466554182,0.7081947967162352,3.008214394636157
