center_0,center_1,center_2,center_3,center_4,center_5,center_6,center_7,center_8,center_9,center_10,center_11,center_12,center_13,center_14,center_15,center_16,center_17,center_18,center_19,center_20,center_21,center_22,center_23,center_24,center_25,center_26,center_27,center_28,center_29,center_30,center_31,center_32,center_33,center_34,center_35,center_36,center_37,center_38,center_39,center_40,center_41,radius
0.15760577617623983,0.4884268780499659,0.8132157734150648,0.9737999767810697,0.49743027295119124,0.154845723871476,0.1905671851283347,0.9070412543668428,0.2130669193499264,0.4229264939257893,0.8209929642639692,0.10554841835621442,0.9342363106548455,0.9595402029044845,0.6967717294239519,0.6202792867933233,0.13089432739180873,0.043629771684276064,0.8076710486680423,0.030271298246387857,0.6402536824700122,0.45167164330372456,0.28482292961336175,0.6040690364822872,0.27795062775933677,0.3082107666202317,0.585644710490653,0.8655514679220716,0.9913255734398791,0.005535627621411687,0.9065298601220266,0.5958133591615488,0.5270937309076384,0.9185640867256418,0.80022755039731,0.39458477748721055,0.5920330144969587,0.4125123349037858,0.8098509641169259,0.746866386766891,0.5725055559981662,0.019289272131166935,3.6744345677529098
