center_0,center_1,center_2,center_3,center_4,center_5,center_6,center_7,center_8,center_9,center_10,center_11,center_12,center_13,center_14,center_15,center_16,center_17,center_18,center_19,center_20,center_21,center_22,center_23,center_24,center_25,center_26,center_27,center_28,center_29,center_30,center_31,center_32,center_33,center_34,center_35,center_36,center_37,center_38,center_39,center_40,radius
0.6184508128910637,0.23788007629076546,0.25418710476078377,0.1587775579211459,0.929454677452388,0.9461512717389157,0.15872317269090397,0.15931896490419772,0.6732392096724874,0.2130855021560888,0.8941271017336204,0.6733224884495697,0.8290319453344537,0.6891586568862235,0.4097677864954147,0.7982639558047947,0.21303369363849656,0.15548493886843318,0.17847146036348993,0.5811880216251398,0.5031963087477861,0.7285509867883553,0.2173060130344292,0.6443031518099177,0.3139372340193224,0.6851509467400122,0.002320668874364662,0.585260501552113,0.09096644318540448,0.09759043283588376,0.40977943818448725,0.6198783018242078,0.04240094324509336,0.3094804364109831,0.5734878387747521,0.6896697741875977,0.3340987542062178,0.51221323312805,0.8518270823293909,0.6957817585666045,0.34137501026083417,3.3571291572290103
