center_0,center_1,center_2,center_3,center_4,center_5,center_6,center_7,center_8,center_9,center_10,center_11,center_12,center_13,center_14,center_15,center_16,center_17,center_18,center_19,center_20,center_21,center_22,center_23,center_24,center_25,center_26,center_27,center_28,center_29,center_30,center_31,center_32,center_33,center_34,center_35,center_36,center_37,center_38,center_39,center_40,center_41,radius
0.9400856598329325,0.31754220710697345,0.11569948568494892,0.5459604251260419,0.3739563168801605,0.004630828961123434,0.2155205529030404,0.8320505158591157,0.8054957110274806,0.4012100417457244,0.32850379666747065,0.6122316648312824,0.008608232927745041,0.8553296009958686,0.2999434909906634,0.3863466289036186,0.918434659814197,0.8675089152852354,0.43860977977695836,0.8650978928440541,0.5800204916829789,0.38837181490565365,0.4211327727594876,0.09741296836568569,0.7705881928421462,0.8782604708602422,0.9488439085594546,0.9913386585681349,0.9063551361504885,0.15614202938146804,0.8480070023101205,0.8043446334671915,0.47117975944643886,0.6607121917400517,0.8550989501393401,0.09132311161483231,0.8692373728489298,0.4998389160557357,0.35590532819574516,0.3102255834364367,0.6777362897429955,0.42609585935201455,3.6559543111795274
