center_0,center_1,center_2,center_3,center_4,center_5,center_6,center_7,center_8,center_9,center_10,center_11,center_12,center_13,center_14,center_15,center_16,center_17,center_18,center_19,center_20,center_21,center_22,center_23,center_24,center_25,center_26,center_27,center_28,center_29,center_30,center_31,center_32,center_33,center_34,center_35,center_36,center_37,center_38,center_39,center_40,radius
0.865724250441383,0.8828967996694757,0.017009051507981043,0.16023232877707716,0.9200218042379199,0.6320549822086663,0.5280981230212483,0.6764754761790805,0.5276942870284304,0.740995779532947,0.31854944838890176,0.39969472526948024,0.9500458260126547,0.41418284287384755,0.2585660204194734,0.937107466631016,0.4309598188813727,0.45801671705254643,0.14818017197685485,0.7422948936922946,0.8834595220181937,0.03763057383706836,0.9440789874594054,0.45444832799710966,0.6696167336175971,0.8388579478782902,0.6986960211171998,0.37757256990136423,0.9751670388313743,0.12762617205148474,0.36262496560731006,0.05339190028884555,0.23351427683531933,0.860356240383696,0.07952416440754195,0.5642662444445463,0.6111667396763144,0.6375497350414147,0.18909767211201967,0.4133193963345374,0.45507763425124603,3.3116126920963556
0.10698625826163233,0.2817448975964024,0.9308211534564006,0.17186374300735874,0.03166295462283664,0.8825321979636545,0.34700109137456503,0.9226817857986198,0.7721525406130344,0.061240657905393014,0.6076766477709449,0.9039550043665963,0.1423078686945345,0.04477324276769845,0.09280046754058757,0.11716570026868012,0.612896009070528,0.9960604139429509,0.07400642697003124,0.17841118399777722,0.8322309884036987,0.9556452661031205,0.6184509326105461,0.15066038317922392,0.29894429337854045,0.17157254941617672,0.07517086082869795,0.6837641785898996,0.3822994875392127,0.7343567331058428,0.8930086373709664,0.8766224489346632,0.050091260353710476,0.756023831422012,0.8776736283657799,0.008421463899197512,0.3254385932359444,0.2349126314892962,0.8335656947910223,0.6716197698429944,0.12899640641830556,3.0475097404711056
