center_0,center_1,center_2,center_3,center_4,center_5,center_6,center_7,center_8,center_9,center_10,center_11,center_12,center_13,center_14,center_15,center_16,center_17,center_18,center_19,center_20,center_21,center_22,center_23,center_24,center_25,center_26,center_27,center_28,center_29,center_30,center_31,center_32,center_33,center_34,center_35,center_36,center_37,center_38,center_39,center_40,radius
0.761152681931026,0.8088314299927613,0.4838886230364292,0.9641894814936285,0.21296429839274233,0.5928623620162659,0.6045502503701107,0.855761223930526,0.5743012147246256,0.33421549209209755,0.8945472710174626,0.9362037432785041,0.8574946114995263,0.1364904975995489,0.07233185908294626,0.590241121264985,0.39265903461118756,0.6759579371601433,0.46520459952001214,0.4641193880921113,0.44309515444582004,0.5354705328954775,0.308454604666215,0.32799103784713457,0.6944181379279626,0.6667550134404912,0.5497131603673807,0.6230751227861001,0.6113054759265307,0.5798716182047495,0.6221775052014599,0.5061487131509437,0.7071701868247264,0.07444647606893928,0.1365049445811738,0.690284132036544,0.7550821032284284,0.12292560982162104,0.996021772603304,0.46909133388751434,0.17305880921616013,3.20334663594226
