center_0,center_1,center_2,center_3,center_4,center_5,center_6,center_7,center_8,center_9,center_10,center_11,center_12,center_13,center_14,center_15,center_16,center_17,center_18,center_19,center_20,center_21,center_22,center_23,center_24,center_25,center_26,center_27,center_28,center_29,center_30,center_31,center_32,center_33,center_34,center_35,center_36,center_37,center_38,center_39,center_40,radius
0.08023796282364204,0.2563757140730145,0.9335509742565227,0.6796535802328166,0.15506438104964337,0.9411254714240703,0.018906521991914227,0.7508165428455813,0.37614209655356334,0.8347108018886824,0.5119995042557208,0.2851000299103461,0.7589346657875315,0.018930071559163597,0.6159618055493662,0.2670171350645454,0.2943092395579666,0.3325042897818229,0.5276922511511716,0.5976888959593321,0.4931169409814403,0.6015687715896373,0.2877635845625539,0.1875334107356632,0.13086928240040274,0.23207324492442638,0.789097559636184,0.5315601748841798,0.47298522303970414,0.4635164826408319,0.23405139093742922,0.4277535188934122,0.9063708739192031,0.20664298254978664,0.24028196129163204,0.8182680385630235,0.26299119497498424,0.14820687741099203,0.23198974700811525,0.7441204481513742,0.12271019107727332,2.808629728955048
0.9248724761052955,0.09943242207030933,0.7107946388672982,0.926560123108977,0.45365169102984126,0.18722869200021452,0.5632703550095458,0.023083558356412848,0.7072096620385933,0.20327181838680441,0.9575020565777655,0.6549455819056711,0.4141951729697979,0.9620724117730003,0.6720399113314764,0.9996755551774733,0.9983577545652237,0.23729176230216187,0.7922060406574355,0.9597407002849043,0.9280870929736238,0.45722561886190405,0.964281759290171,0.8190921254588456,0.5980583114605442,0.7446913778308923,0.2502541989881708,0.714233878652512,0.07478627187490383,0.18386209379374574,0.1974283608265769,0.3023217991708964,0.0002803510877993354,0.8659261481546053,0.8729691419310476,0.5156110913414104,0.27735882268934253,0.06091413158468029,0.05863591473156071,0.00942264957392358,0.6289012069769694,3.511869209061362
