center_0,center_1,center_2,center_3,center_4,center_5,center_6,center_7,center_8,center_9,center_10,center_11,center_12,center_13,center_14,center_15,center_16,center_17,center_18,center_19,center_20,center_21,center_22,center_23,center_24,center_25,center_26,center_27,center_28,center_29,center_30,center_31,center_32,center_33,center_34,center_35,center_36,center_37,center_38,center_39,center_40,radius
0.009452926483936253,0.1806969277403916,0.17595959995313515,0.6619287212573387,0.10912059838558419,0.8381403069244684,0.7292541047181704,0.7802320172828713,0.8147701937341528,0.6468722559307079,0.009494394216633228,0.5574905855453997,0.15375846098008072,0.8753907407327284,0.8034644733229063,0.4760359126602516,0.25324866960967707,0.4238890370568671,0.7610480815365065,0.15392615594518788,0.3147650203446116,0.525204971475481,0.7696740942401731,0.3865665101786947,0.9226615115821876,0.9888934114845739,0.4487027011272351,0.664058402816443,0.9986862290250252,0.050966495756696095,0.7984206103991843,0.5827363971629981,0.5143140501538253,0.054272738752874194,0.06440696907837973,0.8656084916780811,0.4711777859074564,0.30454225500326193,0.43786220585029,0.2160542688783611,0.8556350836034701,3.4226708001285377
0.9591346363062191,0.257708801641907,0.9761152948279551,0.33054640357720044,0.9907864130423835,0.2659909052690347,0.9986197350288201,0.6451006146936996,0.9506740910260777,0.22508679037594337,0.7770249451261126,0.5596811472759807,0.904322762897985,0.1651055771737292,0.854629180579376,0.19818893353896805,0.952398897574605,0.6381023467308745,0.11483509447913443,0.5342525330952398,0.9405718188064028,0.18821022737199933,0.0028992706485595487,0.8205945890778751,0.09380094903130654,0.013243228185160771,0.06459451576525044,0.8362613746183957,0.2464571580649575,0.7779838945948666,0.9176086147617141,0.3455349395114413,0.5692009591501127,0.15585105873413552,0.6202712864101169,0.025962903191711573,0.2860620899229688,0.263443734682124,0.9101602980050125,0.8720180382967315,0.7178744733305289,3.8596554944828627
