center_0,center_1,center_2,center_3,center_4,center_5,center_6,center_7,center_8,center_9,center_10,center_11,center_12,center_13,center_14,center_15,center_16,center_17,center_18,center_19,center_20,center_21,center_22,center_23,center_24,center_25,center_26,center_27,center_28,center_29,center_30,center_31,center_32,center_33,center_34,center_35,center_36,center_37,center_38,center_39,center_40,radius
0.7843254388331867,0.587594704035103,0.2745819121702283,0.5854470723556141,0.3927127442466122,0.1955969354350361,0.8177371220164449,0.014735484698406687,0.572590229578915,0.2938879287412499,0.9069706526427677,0.7738041703621864,0.5111315859939017,0.20426706336513456,0.21975057407492882,0.891791595325002,0.6337334090845888,0.6865735100422918,0.15456014226709613,0.6381254109777645,0.8793700562382507,0.8157666813071099,0.638962157794249,0.7439651505758775,0.11050506414123862,0.8159490576812503,0.8403797755425878,0.01853277500158612,0.2633402877636274,0.9537742831406193,0.8280879861736589,0.7352393012525573,0.035701579849515386,0.3414844598233665,0.793611934662353,0.6666829591656946,0.05541732288409551,0.46568201728287617,0.12709380603678888,0.8735055021747223,0.7673819204186579,3.409634934357198
