center_0,center_1,center_2,center_3,center_4,center_5,center_6,center_7,center_8,center_9,center_10,center_11,center_12,center_13,center_14,center_15,center_16,center_17,center_18,center_19,center_20,center_21,center_22,center_23,center_24,center_25,center_26,center_27,center_28,center_29,center_30,center_31,center_32,center_33,center_34,center_35,center_36,center_37,center_38,center_39,center_40,center_41,radius
0.7923066600252617,0.09331644163734565,0.4514249361588146,0.46048077039126845,0.6304896089790146,0.690871972464261,0.33385314536696276,0.48557622914068943,0.40048282651229905,0.6794339878744757,0.5961740714844781,0.9978308103582451,0.6619912647332933,0.48806829406147245,0.011311537975627006,0.4264011823066841,0.4973694743405276,0.9844321957200386,0.6022417339472474,0.840114372933384,0.9664453277202443,0.2025855873983572,0.7142329151504829,0.5703321760376271,0.8750604381913869,0.14103127445813368,0.00942119917923201,0.5473079847450601,0.47549788067858,0.9071032520798713,0.12221188477910694,0.39350034948326784,0.36160875624386657,0.5297959409227506,0.9117334808626774,0.13385232799310087,0.12612901579046742,0.36071628361969577,0.9757001216206125,0.14077483103465327,0.904498288360112,0.9437990738806752,3.3962276605036354
0.023538023558104526,0.871923271417498,0.8960229121653395,0.06940184996614274,0.6668089542253389,0.06711750874764899,0.9072967288239864,0.6701747621128525,0.26948593296731493,0.0473817460992475,0.07135759928085639,0.16838406538119843,0.6274442977369523,0.25100566461803353,0.8956060313981874,0.34607931839384065,0.7907608348963484,0.0961182793312706,0.9047828505593335,0.15708150323729408,0.6665885071499039,0.8839379112111121,0.27299535930697816,0.4017987815364701,0.49557601654309624,0.886406825732355,0.016958422239502502,0.5640307427040135,0.5612687914870719,0.06524151226999608,0.47294601279037773,0.8783467509528154,0.22769396846458834,0.4021321161586797,0.6761550324535206,0.9942450554786798,0.9223227306692959,0.542402747942869,0.26405118913995707,0.2567931546931811,0.31767955964441774,0.08435367511983105,3.3586212448204225
