center_0,center_1,center_2,center_3,center_4,center_5,center_6,center_7,center_8,center_9,center_10,center_11,center_12,center_13,center_14,center_15,center_16,center_17,center_18,center_19,center_20,center_21,center_22,center_23,center_24,center_25,center_26,center_27,center_28,center_29,center_30,center_31,center_32,center_33,center_34,center_35,center_36,center_37,center_38,center_39,center_40,radius
0.9853921222642559,0.5085113278268482,0.7227023313238133,0.06532082972994824,0.8116503706798626,0.6699241181228316,0.8469967044347912,0.2496219736748273,0.3565599681763785,0.6383762282826425,0.07821102292968352,0.7616737815718753,0.35459051835831334,0.3390159305055279,0.4281021387608308,0.8609316098626679,0.9247063800511024,0.7185657479971974,0.29932977718115694,0.7669897646808789,0.6009819374881988,0.2063057915297848,0.004712770688019008,0.7693129995254357,0.15219621344799794,0.3186905372554901,0.4287010253073351,0.7040418164538383,0.5173356662304532,0.41298429821989346,0.9421105591109269,0.7617374714847425,0.6783152872766988,0.3201114023341566,0.9086845280659088,0.7021454927721521,0.6376044543794884,0.1318272989715934,0.04292066702740882,0.9232981108101417,0.7493355305063159,3.3868071227722227
