center_0,center_1,center_2,center_3,center_4,center_5,center_6,center_7,center_8,center_9,center_10,center_11,center_12,center_13,center_14,center_15,center_16,center_17,center_18,center_19,center_20,center_21,center_22,center_23,center_24,center_25,center_26,center_27,center_28,center_29,center_30,center_31,center_32,center_33,center_34,center_35,center_36,center_37,center_38,center_39,center_40,radius
0.6979538657222635,0.6712649513018761,0.40818493791822685,0.6494165533882115,0.4458810351320468,0.8754644405252572,0.7344850916865954,0.574349997055775,0.1932586050896825,0.3225527878578235,0.9062955297660107,0.13890069249365722,0.7634047080338222,0.14877432389766942,0.8660767306739365,0.4192828341211048,0.037986544436800274,0.20361863154818072,0.732766328625211,0.1327269838232763,0.6774094878453966,0.929869140005053,0.6868836195785041,0.18675032483581677,0.1585019190323309,0.1179952574718256,0.6713406853973747,0.14125735487057633,0.08386023638906992,0.9265489193800138,0.07790811462478209,0.1740087989308412,0.8776711241782583,0.38464631660199544,0.10847580314498106,0.15409848263562964,0.6590962214282189,0.6066923262583241,0.28619876292468616,0.22672881611349605,0.9934778796862531,3.436838526429772
0.7808364303317016,0.16328981735514225,0.5268885704181235,0.37866945563551746,0.02584817820805918,0.0319636684288378,0.2211999751881859,0.16149361688549624,0.9693125914232793,0.3512230210138618,0.2088624167798394,0.7295312801248113,0.4166891148745586,0.43582586076827023,0.5397691860194502,0.8717371214223417,0.9613993778339633,0.4680703435558541,0.9831943710939688,0.28284719591195606,0.6449359484149366,0.34158525073205237,0.5294303618892202,0.44009344771753856,0.7342824480834659,0.7632905907592378,0.24569600604676156,0.41114738381579186,0.9977523930794651,0.025014350732783797,0.06423931836969499,0.7575982416868782,0.017320896840333333,0.6025896010069299,0.7594473779167058,0.980585031497624,0.04847886407744462,0.13062420665709862,0.08604681103782807,0.95599048822423,0.04494787793885324,3.1284545953222183
