center_0,center_1,center_2,center_3,center_4,center_5,center_6,center_7,center_8,center_9,center_10,center_11,center_12,center_13,center_14,center_15,center_16,center_17,center_18,center_19,center_20,center_21,center_22,center_23,center_24,center_25,center_26,center_27,center_28,center_29,center_30,center_31,center_32,center_33,center_34,center_35,center_36,center_37,center_38,center_39,center_40,radius
0.010318291141581115,0.4979971422504593,0.5774012292197142,0.878595141292805,0.8472441696167536,0.5018376982992827,0.5218932387458355,0.13276565961197517,0.5701212884173241,0.7362202541100844,0.9842081987770457,0.9971522585969452,0.8026947065823179,0.34511024597553475,0.4857626116710331,0.1326445140893735,0.9904399630033027,0.5813758002108449,0.7928212639577216,0.5076154181564225,0.29609201657079454,0.4904343426599681,0.24139086791874653,0.6580615701216647,0.23077507358152838,0.23180341816526484,0.9845574673935932,0.5110057440251154,0.48128658033133687,0.09858959725398797,0.7517294769603615,0.25440077117572124,0.2776047085743589,0.5910579378067715,0.6769799355562172,0.7798290298845538,0.9772542602288713,0.9592796849537827,0.8169284099550974,0.7275827139312413,0.09506601831716543,3.425323491250987
0.7134224353871245,0.7721961872781185,0.9519280660797113,0.12206197636666116,0.14180544947068663,0.9049194373941736,0.08439270513084551,0.7961726516324954,0.1648550259516065,0.1737107961690414,0.4232891503655666,0.9998256038433332,0.019956345055533786,0.30397529244478116,0.49585047032615925,0.8595518793403046,0.44603972341562503,0.8608837080642061,0.33505639043707136,0.0022527487387575817,0.09361761217732723,0.12673339783707605,0.71994128178308,0.03197757606115281,0.640886210931275,0.005912949485416097,0.03718244101530099,0.45275058183811334,0.008904804150769663,0.2788237086016999,0.1152902380020785,0.3028772273109981,0.9295543412751265,0.05694831288267088,0.39277342188782627,0.039208034789602664,0.28543868593502164,0.022535362711935236,0.13962446343077517,0.010552200584132643,0.914130127654262,2.9228096948825
