center_0,center_1,center_2,center_3,center_4,center_5,center_6,center_7,center_8,center_9,center_10,center_11,center_12,center_13,center_14,center_15,center_16,center_17,center_18,center_19,center_20,center_21,center_22,center_23,center_24,center_25,center_26,center_27,center_28,center_29,center_30,center_31,center_32,center_33,center_34,center_35,center_36,center_37,center_38,center_39,center_40,center_41,radius
0.8216642405639285,0.6649907753814658,0.4795141565731057,0.5178602892915694,0.42902534375382306,0.9824217554284393,0.5039180216904261,0.013309906103094682,0.893457835035383,0.47395860537160817,0.8976235370424422,0.09506089381047156,0.1637923470939704,0.659507804761273,0.9641584378449686,0.6394413071967187,0.7188694012263854,0.3678265500861577,0.1517968622071214,0.7741420812138479,0.8768237907288978,0.8829762566764492,0.7027495770049071,0.3528595945028056,0.12380788794200304,0.48927245879570214,0.6751980317694042,0.7754461770445238,0.019982359796001048,0.4342010231366159,0.21116907396877094,0.5220635439534513,0.7785963705182949,0.7057522825051884,0.7280571796500168,0.6151492711881281,0.913938280231358,0.09791894919889699,0.8793090762516119,0.69985308750891,0.302875736829453,0.832582310498341,3.3952486141185965
0.3542828455208048,0.18106025681096138,0.2744437590252472,0.05888234950668614,0.9668561930950933,0.1346214031359697,0.17929016891745442,0.8466578758468174,0.2718485166902961,0.42417110106436373,0.2059875024550445,0.7669960051772753,0.7634389773409256,0.07705787981253709,0.07412313330834952,0.30890245865691734,0.12214156001115883,0.7341658507104107,0.8633937899231374,0.826603218951863,0.08517682673857385,0.8947998064195527,0.10003727163198883,0.11539468343591064,0.785331455244062,0.423326495145962,0.021833792115853012,0.5585576555575376,0.6794805539191978,0.6713133046361693,0.8813234708096408,0.7520130695259585,0.40770049281557064,0.17194363432795834,0.05687490249177385,0.954582947574738,0.5578912518764774,0.3950771754199157,0.04568263885920387,0.921953812394138,0.2213029686613036,0.008704163119684694,3.2584206483856843
