center_0,center_1,center_2,center_3,center_4,center_5,center_6,center_7,center_8,center_9,center_10,center_11,center_12,center_13,center_14,center_15,center_16,center_17,center_18,center_19,center_20,center_21,center_22,center_23,center_24,center_25,center_26,center_27,center_28,center_29,center_30,center_31,center_32,center_33,center_34,center_35,center_36,center_37,center_38,center_39,center_40,radius
0.4160929303781141,0.2585883023138539,0.5265964798091308,0.4900268802151473,0.9408831398600315,0.04520502648255964,0.5212090683186248,0.14233290828137413,0.9766971315579677,0.7864060973773719,0.3845335489146561,0.5804361488738926,0.0413129088291283,0.9265474470734221,0.7795841655163248,0.9819125335530468,0.6164598786525124,0.7795785830954067,0.17219809670112973,0.7209708025135791,0.440157166532702,0.7831483244199368,0.9854445194847364,0.7224095274799803,0.4600086522471887,0.7656932326572756,0.009868059688667996,0.7286258133003058,0.39454023218311973,0.7189781744822911,0.4845919593776036,0.32075178352715883,0.6296320831514719,0.04374796394326608,0.11336547260047702,0.9171213282526696,0.20281388645733456,0.6364030610424777,0.08985300619976577,0.9341238157555041,0.7517758040776504,3.663055355382711
