center_0,center_1,center_2,center_3,center_4,center_5,center_6,center_7,center_8,center_9,center_10,center_11,center_12,center_13,center_14,center_15,center_16,center_17,center_18,center_19,center_20,center_21,center_22,center_23,center_24,center_25,center_26,center_27,center_28,center_29,center_30,center_31,center_32,center_33,center_34,center_35,center_36,center_37,center_38,center_39,center_40,radius
0.5295969196993104,0.8205923159818479,0.010185853268824041,0.7331431526503424,0.9185493827318397,0.44240626469496835,0.8661891664548091,0.5854584168382122,0.9164652093148742,0.964083782372672,0.40506813802495145,0.5152249134917595,0.23529974276212617,0.6244051590530985,0.4347738277655777,0.3972885624694743,0.40391803209134136,0.5620654592016329,0.9569613880406982,0.909428044897687,0.8170899827417424,0.33425820884511204,0.09615891237875607,0.584189691219951,0.3041710598534306,0.773663434845475,0.7617997134240269,0.7642487354551891,0.16195860450302202,0.8466815284209754,0.5143324047607024,0.5409924535206103,0.34044293572806916,0.36833695337290484,0.25415174220126324,0.8423452435633071,0.9648001883654941,0.7690937240291963,0.5774281987692703,0.9595808104387994,0.43003750671929475,3.652506482256722
