center_0,center_1,center_2,center_3,center_4,center_5,center_6,center_7,center_8,center_9,center_10,center_11,center_12,center_13,center_14,center_15,center_16,center_17,center_18,center_19,center_20,center_21,center_22,center_23,center_24,center_25,center_26,center_27,center_28,center_29,center_30,center_31,center_32,center_33,center_34,center_35,center_36,center_37,center_38,center_39,center_40,radius
0.6033817178936306,0.9645591753991429,0.1951054508978688,0.0042552016394438175,0.6920258600206068,0.3296338903629661,0.9673195342033908,0.21605361482380314,0.5775799869307691,0.37937718075850557,0.6480643892922093,0.84129038588915,0.4592738601088029,0.24945744255232682,0.49799728412266264,0.6362928261379843,0.2921885089376953,0.835267903341412,0.5647428620724876,0.2662814000941637,0.9333584660346285,0.8735685913591957,0.15076791042413396,0.7123313369264769,0.23229573119991842,0.9581939111960367,0.5997849802687648,0.9008606003332594,0.31611772919580006,0.5147486923426909,0.14235063558450567,0.38470270076966073,0.7457509654925898,0.6033427327283786,0.5195038128836262,0.8158248576442999,0.8819112319098871,0.7995608871191153,0.4075829112625241,0.694869812542041,0.030608590430512006,3.4135472172949033
