center_0,center_1,center_2,center_3,center_4,center_5,center_6,center_7,center_8,center_9,center_10,center_11,center_12,center_13,center_14,center_15,center_16,center_17,center_18,center_19,center_20,center_21,center_22,center_23,center_24,center_25,center_26,center_27,center_28,center_29,center_30,center_31,center_32,center_33,center_34,center_35,center_36,center_37,center_38,center_39,center_40,radius
0.927849528278843,0.49572956824834913,0.37516601960139007,0.016317262121567477,0.606648789119639,0.9176719216193269,0.924873554955645,0.23924328974822395,0.7161249138588984,0.34509100418005145,0.9911957251107977,0.30083953071660596,0.403047624258726,0.7032807205691306,0.5939564469063753,0.9566505573516287,0.320572891907558,0.32933596200522297,0.4785967880435782,0.24034547106483484,0.6071884465673657,0.6450825479576279,0.6901645026663761,0.793207089176225,0.4816826610900279,0.11230018660161833,0.11467383606997317,0.6501563373060227,0.6040835427494807,0.9881736425147003,0.9585482134035495,0.825490644942348,0.79584339110033,0.3659617085153385,0.28590935823794705,0.8575134533896965,0.2780963209663144,0.3160933658753551,0.35875423835785303,0.8813584191414497,0.07673795375113235,3.5975728570423238
