center_0,center_1,center_2,center_3,center_4,center_5,center_6,center_7,center_8,center_9,center_10,center_11,center_12,center_13,center_14,center_15,center_16,center_17,center_18,center_19,center_20,center_21,center_22,center_23,center_24,center_25,center_26,center_27,center_28,center_29,center_30,center_31,center_32,center_33,center_34,center_35,center_36,center_37,center_38,center_39,center_40,radius
0.37831753322211137,0.6152997369423593,0.32200620524165846,0.7468851210776561,0.8794958279853823,0.8800241100493573,0.8694633140856339,0.8098580056392062,0.4083995914487393,0.043485507543330915,0.9895640539043915,0.002733132267405569,0.21242720450334618,0.2975842439835842,0.26636975082578884,0.4069387524091953,0.7322743929685794,0.19980879403556284,0.4250514727829784,0.3817719032731608,0.2574031987938148,0.4033588605652412,0.30586526269897574,0.00644258304678369,0.8616578934813774,0.04006522173607263,0.9292996925416483,0.5484572381391186,0.7954480355200055,0.8625058506991516,0.01316661012274456,0.10065962868910239,0.10590485327776344,0.7429751254679483,0.681119663567786,0.48762354142166076,0.5452716884123242,0.23685443229724312,0.8550787092583526,0.8123877900430386,0.5161771369429968,3.256527220864718
0.6814623558974743,0.024060936536333788,0.39652931971358074,0.6024238963909372,0.4458250401715288,0.9641923012624732,0.1548670319782104,0.3985797898037705,0.7206455045557497,0.4507302139223359,0.18090656356411994,0.8947682065112836,0.530815540910154,0.6593479029955523,0.12052240367708567,0.17096821161681663,0.7023266839459638,0.7169482993386453,0.04463098303596402,0.41452719311731856,0.2124405781558596,0.991374630861089,0.2888141551097171,0.724224421764312,0.07982685853884897,0.9512559799191276,0.4346411612055866,0.872461258825799,0.23633343784762273,0.10203075252840099,0.9194525311692401,0.11308080118438313,0.9630258562087677,0.04096235552136429,0.25161511309543005,0.06507001941770785,0.9015989048182252,0.8321453635093297,0.35863330264781823,0.2529278992921733,0.18601062918066258,3.2840763582107844
