center_0,center_1,center_2,center_3,center_4,center_5,center_6,center_7,center_8,center_9,center_10,center_11,center_12,center_13,center_14,center_15,center_16,center_17,center_18,center_19,center_20,center_21,center_22,center_23,center_24,center_25,center_26,center_27,center_28,center_29,center_30,center_31,center_32,center_33,center_34,center_35,center_36,center_37,center_38,center_39,center_40,radius
0.1726065511230812,0.3632802872530948,0.8597140461693907,0.16277540014846348,0.5975570071204614,0.31406481490212146,0.8594519873724465,0.40896223702944134,0.7901901023809016,0.696946770122294,0.34322772720948846,0.9762947113171535,0.6893667798059591,0.6972182605757932,0.003146712432045229,0.6044230795273077,0.23646961340800388,0.828536765733298,0.9019136156713895,0.34774916808411416,0.1838502167395556,0.2855985756399938,0.556928026124481,0.6678491397482621,0.8562373750872663,0.47370736275977565,0.643537770754035,0.6663391885020565,0.5888621313965305,0.7669467243593422,0.16781290592828968,0.34466835249024463,0.41151167114024934,0.9533181272895555,0.15758362559495231,0.6156027417145405,0.38237251775251146,0.08559834399692157,0.660957227301542,0.8117571662837757,0.8772593410354641,3.2093213369925992
