center_0,center_1,center_2,center_3,center_4,center_5,center_6,center_7,center_8,center_9,center_10,center_11,center_12,center_13,center_14,center_15,center_16,center_17,center_18,center_19,center_20,center_21,center_22,center_23,center_24,center_25,center_26,center_27,center_28,center_29,center_30,center_31,center_32,center_33,center_34,center_35,center_36,center_37,center_38,center_39,center_40,radius
0.7713963217548142,0.40116521067050703,0.8530884625506584,0.061166609474321065,0.8356163776349691,0.4365231194506778,0.0221953527158798,0.1796226392442637,0.6736182508793385,0.9087576421776772,0.28641975739442627,0.933149322230404,0.6070367014639033,0.29468984869602777,0.5995646420478978,0.7787109187901539,0.14018137345671067,0.5539140782396267,0.04185455495774271,0.45337926141971685,0.5650704324269764,0.6857080390478986,0.06593896295261037,0.6885559966277112,0.18359652865190712,0.5406271571914365,0.33187911946782966,0.0033478711697580987,0.27492911492712613,0.4490005059093849,0.046450091851135356,0.23064062770221372,0.9033216287026051,0.5382154626452894,0.7829792902131345,0.18515039899323393,0.09758984507995672,0.791280381768665,0.9015398485433254,0.9399469624012289,0.24249221383164543,3.1316115168982566
0.037132477611838244,0.2973053893833181,0.6960382504521643,0.41278502575248543,0.6124540435357196,0.9003470729629836,0.58893652808205,0.9995655471844472,0.6781152913208243,0.29307868116772917,0.9483610808566896,0.7386390750834003,0.9933654140776058,0.8258836565897507,0.6784061631563005,0.7933703121116495,0.6522595694723433,0.28258183073098064,0.027213924129798617,0.17907030833576942,0.991453979788424,0.05048768878654575,0.9619701276071778,0.30462560884586054,0.6507745314605533,0.35806608071562274,0.5958786427737826,0.9353136664941055,0.3081683035000222,0.0400156539904325,0.8277476945508984,0.8519415298150795,0.3671357407829645,0.6751443537187416,0.33497241441594705,0.29428307264525355,0.8003640774073628,0.0764752073013164,0.5013556832531852,0.06416967524079142,0.8023394536793402,3.583885760233768
