center_0,center_1,center_2,center_3,center_4,center_5,center_6,center_7,center_8,center_9,center_10,center_11,center_12,center_13,center_14,center_15,center_16,center_17,center_18,center_19,center_20,center_21,center_22,center_23,center_24,center_25,center_26,center_27,center_28,center_29,center_30,center_31,center_32,center_33,center_34,center_35,center_36,center_37,center_38,center_39,center_40,radius
0.3382356650163998,0.7957829043575272,0.7613376190210078,0.1298250124669088,0.3437699917511293,0.5816086525118326,0.09821376169078122,0.047966132647444426,0.842341670564164,0.2317047549305652,0.8195572363959382,0.8835422344518052,0.3168185826119754,0.5068889930295676,0.9760215366839463,0.8065463518923083,0.8251441789561698,0.4451714435935412,0.3737722375809027,0.6977803606835133,0.38641970351997,0.7530386690606992,0.9271312783337959,0.37664040308940294,0.25534613448413646,0.7120256582806782,0.3665112826903546,0.4161838170179747,0.5501621565289984,0.6488138417188992,0.8007919005003447,0.5689179649756378,0.8070636220569126,0.6070306998733349,0.7883649708141244,0.6867380933852071,0.4997942337740986,0.7400768464362194,0.4339671642176449,0.2902235733406574,0.0934316565331701,3.1636926792177467
0.4454885421943403,0.11122977984596638,0.10926584190740063,0.6880294984139355,0.9407338502904954,0.7000800756598998,0.7556437407553888,0.8139876540604668,0.09177790088423865,0.8921559241731207,0.9377290346764527,0.11468137269059953,0.041464225614239125,0.6559688204746127,0.01222074057533884,0.20968224542185154,0.1598894126754754,0.9691448422000377,0.5999722977018495,0.649481161423254,0.7400851402583811,0.8744844775288573,0.2789743611588099,0.19328150530985944,0.4212835301222788,0.8368779197456379,0.8744009134504392,0.9592887381899501,0.3332736360076646,0.6079436550842656,0.017324478128294962,0.6745882379761877,0.19819262561839768,0.5611208707796416,0.006075629213188494,0.6600853163975213,0.5728741527695573,0.16639494047004877,0.9284396876910815,0.4165511369231324,0.6908752272505448,3.5578513121474296
