center_0,center_1,center_2,center_3,center_4,center_5,center_6,center_7,center_8,center_9,center_10,center_11,center_12,center_13,center_14,center_15,center_16,center_17,center_18,center_19,center_20,center_21,center_22,center_23,center_24,center_25,center_26,center_27,center_28,center_29,center_30,center_31,center_32,center_33,center_34,center_35,center_36,center_37,center_38,center_39,center_40,radius
0.49015364825544416,0.6142629929924752,0.3082820406726209,0.355045262954117,0.19616561944884325,0.1726706430105217,0.650275116731902,0.8472782273393866,0.9473262418417949,0.9490280814560541,0.4646287981838082,0.4963352589497395,0.8899170083546734,0.5845848213876321,0.42374520206261224,0.10553684116257878,0.6673518461408111,0.3320206314582522,0.30902554346346534,0.41822975188718403,0.8543084804555967,0.5338832686444254,0.9264635805482415,0.8256336545885576,0.02221548091342118,0.34906791741475374,0.621767393770588,0.9363177426665155,0.11688209937240834,0.9646673950019347,0.6351256285972445,0.5214541904761639,0.4402019166047043,0.2932822657336476,0.23719046551740475,0.2790562100782613,0.05851988229502869,0.16608081003498298,0.009703769423366149,0.7096751601230515,0.80157808626924,3.112604712799502
0.9815643112980524,0.4221283920292176,0.3252673271553447,0.6557222489910242,0.5013869280219004,0.8489459883277175,0.41681591678182217,0.9835758882447967,0.28885995154861244,0.0002577273996107188,0.5992225875746442,0.17622251470252492,0.5712365233798994,0.742156028052517,0.696605192838351,0.7627393549248208,0.9571121662126416,0.903844129853329,0.9823656625392954,0.709626483965816,0.014959672976984084,0.005845366322981382,0.2449989012625282,0.30698448092780195,0.7719415078892747,0.5495741256537983,0.31379860634098333,0.953579414284932,0.9548749087727221,0.7108985314538967,0.8001863389458649,0.3454470999131105,0.6466604963541172,0.20697476280094496,0.771309051817555,0.9831381851847658,0.6236174942258955,0.9971284196769405,0.9569399326682068,0.5657062719020173,0.6185814956773564,3.7503884747962357
