center_0,center_1,center_2,center_3,center_4,center_5,center_6,center_7,center_8,center_9,center_10,center_11,center_12,center_13,center_14,center_15,center_16,center_17,center_18,center_19,center_20,center_21,center_22,center_23,center_24,center_25,center_26,center_27,center_28,center_29,center_30,center_31,center_32,center_33,center_34,center_35,center_36,center_37,center_38,center_39,center_40,radius
0.7639801910437997,0.4607486884771196,0.402847433998596,0.4151433377059687,0.048150630034523356,0.9942338759960433,0.7543787824645733,0.6409981766271572,0.07460694256816602,0.4123195923177394,0.016260789236253848,0.8622830765338058,0.4937439232192872,0.5702125091506568,0.2781095172957897,0.3241225060910071,0.935396313373508,0.5364607985090731,0.551840360680281,0.1784672140724365,0.561446429024468,0.42962596185542656,0.669029625242392,0.2695256417282177,0.08607532135763607,0.722850660865021,0.44743060250088185,0.43026466987716405,0.9338845743620972,0.9694964694511952,0.3623354409499222,0.3305939707184806,0.5443410487147283,0.3717103482221249,0.4964085634546356,0.7516899775643294,0.7051119429884605,0.5607072346528732,0.7389740527541503,0.8432394372988516,0.9255063502710892,3.0339844924694312
0.5050281761509471,0.7606857807702117,0.8451251547535722,0.2046527469137306,0.3183061694138063,0.04053089906624163,0.9260023893501165,0.11295126964244218,0.7126317977539597,0.6763285347802888,0.8157126857379763,0.8713854202785818,0.8170288425277886,0.23449421649899205,0.9619142587277515,0.20933485417684317,0.05028015801442953,0.3811327455419846,0.506685352729953,0.25164017719988796,0.39947308035177087,0.8446784341286532,0.11326228115035908,0.8787371997123634,0.7789581109049528,0.5032162875260217,0.19258729861625878,0.46190302548274786,0.009149611322805007,0.29839854505931984,0.6389919496059849,0.46394573819448637,0.5405924041498845,0.6940149560319064,0.975351899604895,0.25993895092392894,0.21302573571286998,0.5667087305010114,0.04062240520748339,0.24741752258238636,0.16921497381245176,2.969825707343636
