center_0,center_1,center_2,center_3,center_4,center_5,center_6,center_7,center_8,center_9,center_10,center_11,center_12,center_13,center_14,center_15,center_16,center_17,center_18,center_19,center_20,center_21,center_22,center_23,center_24,center_25,center_26,center_27,center_28,center_29,center_30,center_31,center_32,center_33,center_34,center_35,center_36,center_37,center_38,center_39,center_40,center_41,radius
0.6336104247223647,0.021371899269887473,0.3403281907971656,0.9262441465908297,0.3770562472028236,0.442867833968297,0.5398269342631592,0.19940533673844874,0.8894570513906446,0.8679689822629579,0.8975617109135974,0.5347667605291496,0.37760928257301596,0.868969036229213,0.31112820687581,0.6120847758409792,0.5871803426418762,0.1384744653673322,0.8290671764112154,0.3339763037623842,0.5907706421316852,0.538214637537553,0.1121299933349742,0.35384760159843154,0.9602330113649524,0.08521026199390636,0.6302578676543134,0.19691127531555153,0.8815289554715625,0.5840944426801963,0.8190894610144952,0.8682885684340851,0.01986184106669686,0.807749021389285,0.31196810092447524,0.6179808223577414,0.32630216324171946,0.11806893858663992,0.6344224252132958,0.4739463000213008,0.24456229265088592,0.9618244417605123,3.4613849917401955
0.9708330803996466,0.7760917575497198,0.13291786359900126,0.02419657190898783,0.13653970128385495,0.5123572490180284,0.3952263640116773,0.9104718955498671,0.21585634160175038,0.177081115692464,0.12111699352640704,0.9175736181766371,0.68434474005291,0.2608011139426858,0.933943460795402,0.7186672610293885,0.02257470861896771,0.8929507548944872,0.12701575590046266,0.7791943950791882,0.7432474734367758,0.8557547172889268,0.6099742783280483,0.23249137423325228,0.04547088407351607,0.9818233809055864,0.9566615139285389,0.5124696887746621,0.1087590935075492,0.6658501054406933,0.2113476592923378,0.525402611695499,0.990215093622017,0.5491823651456034,0.8654011620024387,0.5616746230979038,0.9121227509588061,0.8128920609631686,0.9937928037971439,0.7351329406263273,0.507555800789763,0.9517968402912198,3.766610128115221
