center_0,center_1,center_2,center_3,center_4,center_5,center_6,center_7,center_8,center_9,center_10,center_11,center_12,center_13,center_14,center_15,center_16,center_17,center_18,center_19,center_20,center_21,center_22,center_23,center_24,center_25,center_26,center_27,center_28,center_29,center_30,center_31,center_32,center_33,center_34,center_35,center_36,center_37,center_38,center_39,center_40,radius
0.7038550026520568,0.18628688328144194,0.12301124773535721,0.4637782755499761,0.5593687699250618,0.3395313198655622,0.5253995760647374,0.29752636534125776,0.3519236112626202,0.3338906354090925,0.8331873773049441,0.13085960375302952,0.6528740624746344,0.6886601602118706,0.11730187028305461,0.35979423434366753,0.47527170970345234,0.7039708287719354,0.619966284409479,0.4336633541023136,0.8792332045011365,0.8498909539032498,0.607167044018168,0.35643677677101226,0.13056801967581155,0.23197398964595373,0.9864549615870644,0.9225330492956407,0.7436361003670234,0.1063015633226092,0.16967999063951733,0.8590763951829272,0.08380406016737618,0.8772275134133634,0.660064729747003,0.8933280118724999,0.10993093790429265,0.6574381017624621,0.6138164428598157,0.2670779921407441,0.3795738171981242,3.0122457443290425
0.8799984403646425,0.7957698308892984,0.6430816574110275,0.12100389777129761,0.6300056780402378,0.8517068252150828,0.5013203530337637,0.7678341791551767,0.018926531356446508,0.44850823707369636,0.23428094882340655,0.8421270741839297,0.283546880211216,0.8460611556563871,0.5384458676793638,0.9476162285015808,0.16369992149212897,0.47330616709967877,0.95089872801102,0.07620243844987973,0.6761290478596633,0.05458948406024,0.8890176135444341,0.4089206572618689,0.5151375831088174,0.6821799710501047,0.27010517372058396,0.011634554706938305,0.734933049002691,0.8747825199459253,0.9481127511592022,0.3833994156741649,0.5845253537541548,0.5974224583445322,0.3578222607686403,0.2190207183040862,0.30649634962925965,0.08165212430908209,0.4435583857478521,0.8907109686864441,0.9099668979502621,3.0857673309324998
