center_0,center_1,center_2,center_3,center_4,center_5,center_6,center_7,center_8,center_9,center_10,center_11,center_12,center_13,center_14,center_15,center_16,center_17,center_18,center_19,center_20,center_21,center_22,center_23,center_24,center_25,center_26,center_27,center_28,center_29,center_30,center_31,center_32,center_33,center_34,center_35,center_36,center_37,center_38,center_39,center_40,center_41,radius
0.9999162168911353,0.4223829495886078,0.787619046993248,0.6525644772526245,0.05876026278807045,0.45479357606472504,0.8235444059899936,0.8887013596134564,0.6890819266810312,0.732079906256958,0.8926693438018302,0.789925279623996,0.5986844459895231,0.41570092454260077,0.8230137243534331,0.8485005107979218,0.5668166083999352,0.4106586909065858,0.9958312525645394,0.5349299640581829,0.41890193536637577,0.1831417386791644,0.8738727497504505,0.5424717217978584,0.5586828541860902,0.5960137133951163,0.629805279983839,0.2882281495996416,0.1906843319171525,0.1912062319049872,0.34544201048791745,0.09375200766719105,0.4146032664360564,0.38116938663264044,0.2644004605595066,0.2549103171699537,0.07133141631217299,0.5454434833315321,0.4046369563690325,0.43385625659698557,0.7124138193086069,0.6506498278702474,3.3180975129639863
