center_0,center_1,center_2,center_3,center_4,center_5,center_6,center_7,center_8,center_9,center_10,center_11,center_12,center_13,center_14,center_15,center_16,center_17,center_18,center_19,center_20,center_21,center_22,center_23,center_24,center_25,center_26,center_27,center_28,center_29,center_30,center_31,center_32,center_33,center_34,center_35,center_36,center_37,center_38,center_39,center_40,radius
0.35408817223497646,0.8836991761732446,0.47973851327583306,0.25841477250710665,0.5730515720877795,0.09259755443309126,0.6163434500638195,0.8777623402639653,0.6266612838103713,0.8139528361549125,0.37919492073236727,0.5248572261929456,0.3841584072065404,0.7556647351349131,0.6233247783717929,0.9610906173173579,0.0049381712550296,0.9582658279837811,0.19034274581298327,0.14174949783326174,0.6115322788281714,0.36029331758206673,0.8953057431073256,0.4010597393744466,0.8856044923813959,0.85089113992727,0.7339882699984411,0.49713610159695854,0.7343192329530799,0.1564966845660838,0.45320628677638763,0.5741637377467913,0.9489548169201542,0.43040375276076637,0.7631184200847102,0.3492209777072044,0.9746942822550498,0.24680717091533133,0.42489169075967026,0.5038334195872133,0.9619380977237292,3.348218149996356
