center_0,center_1,center_2,center_3,center_4,center_5,center_6,center_7,center_8,center_9,center_10,center_11,center_12,center_13,center_14,center_15,center_16,center_17,center_18,center_19,center_20,center_21,center_22,center_23,center_24,center_25,center_26,center_27,center_28,center_29,center_30,center_31,center_32,center_33,center_34,center_35,center_36,center_37,center_38,center_39,center_40,center_41,radius
0.30789248789996904,0.5890661198654596,0.6016865091074574,0.9720653319957862,0.6712722925677064,0.400560913186784,0.9895311390063408,0.15266671311735858,0.16286911371689006,0.3411084656629775,0.35213249631506294,0.38448231696697854,0.16192917029354803,0.9702308604882875,0.6402736125611883,0.7231382081091788,0.06648521456935974,0.17645465335664545,0.6711109878902077,0.35085388984450405,0.477482201665962,0.8438096240056354,0.7855016327033522,0.6500059766556131,0.7699338707421934,0.6104141227897298,0.05254060525590143,0.7348415787079675,0.331553789034689,0.1385651445052769,0.2092835070007769,0.21429567286059692,0.7401694873580174,0.35846809125773516,0.6136469162542467,0.16473540002630738,0.7593722664616361,0.20452583805207558,0.8646792594598414,0.7519028791147524,0.07042836817499565,0.8978981540534792,3.2346678547613665
0.573749089416142,0.9837167559673963,0.9482765450314707,0.06831318163106481,0.9496159327754238,0.10702738842531478,0.23391830638428457,0.9119776904655252,0.9583053510202024,0.8303736559611737,0.7217111854554148,0.2420589572540195,0.8354712216776665,0.6311672210631596,0.9210156686937178,0.21313484717456754,0.9432221811913484,0.8039981890713956,0.6448558072865834,0.9298287610327626,0.30313399000735486,0.33565307746190587,0.12264481492035284,0.18864307416641835,0.9138522269489397,0.06866364554171589,0.9991776353497632,0.3121184372983169,0.49409661064003063,0.16492842249177375,0.06232267629405641,0.5117994496252551,0.35300137532863984,0.09376591992457972,0.2958803680054004,0.7918780402163735,0.3174759365056683,0.3367143958371871,0.14789749180451373,0.04177636075646651,0.1666367028277126,0.5264212946712342,3.3949475688900135
