center_0,center_1,center_2,center_3,center_4,center_5,center_6,center_7,center_8,center_9,center_10,center_11,center_12,center_13,center_14,center_15,center_16,center_17,center_18,center_19,center_20,center_21,center_22,center_23,center_24,center_25,center_26,center_27,center_28,center_29,center_30,center_31,center_32,center_33,center_34,center_35,center_36,center_37,center_38,center_39,center_40,radius
0.1754226208694546,0.4090718812352999,0.7980301345483106,0.23863438887846145,0.10880954734811499,0.47616584917728355,0.5121487782408467,0.9544921952023027,0.2517866937312616,0.18833197009934155,0.2600798606159175,0.005085299233936302,0.6359376343201749,0.9979401217525359,0.4288847327219756,0.7139802174200123,0.42436814207012064,0.31999275251679893,0.7594211873366445,0.5818604403503735,0.07510012610675854,0.4245373735129121,0.8178306710053275,0.6624200365822591,0.5964368741993047,0.39826435150554074,0.3690947907764851,0.6696483293916878,0.7229854837774957,0.5483511804550977,0.6284138018365435,0.381213228407831,0.42232196325651716,0.25911703015293464,0.8279546962539345,0.13805633075070545,0.5619799503431249,0.08539577815519683,0.06273021466367268,0.6409853447950451,0.6836888507071281,3.128897564542859
0.8611892777527691,0.051753041207687756,0.6761663017631301,0.5658545841643221,0.7263827038706879,0.14493755413761988,0.5249523958773543,0.26278888201846473,0.7491640416043545,0.8885957331462867,0.06961019914597455,0.9529891046085743,0.9682613161751331,0.09958347411672097,0.9830166800255294,0.23654209579906493,0.9050069148684078,0.7835537432248831,0.4677874577651825,0.023728272899385283,0.7268583629423335,0.9357972048854297,0.5160005017893579,0.0746622397950546,0.20978718095190296,0.9601669827323983,0.3635410814234066,0.20148075983100133,0.9787788654157227,0.4302924637716279,0.48502260407312836,0.9210839485777103,0.5064534890126052,0.7499157010490777,0.13190107822781705,0.8176293420383005,0.22911624579390766,0.6469734821142872,0.8634206711922442,0.3909631297624848,0.518967864943241,3.4020683522358577
