center_0,center_1,center_2,center_3,center_4,center_5,center_6,center_7,center_8,center_9,center_10,center_11,center_12,center_13,center_14,center_15,center_16,center_17,center_18,center_19,center_20,center_21,center_22,center_23,center_24,center_25,center_26,center_27,center_28,center_29,center_30,center_31,center_32,center_33,center_34,center_35,center_36,center_37,center_38,center_39,center_40,radius
0.4574957234615974,0.9424336233474307,0.6819079189816745,0.29027593269101926,0.5084460116825105,0.2989629691604546,0.32068517129243856,0.585034750775206,0.5310936143176931,0.06047186250255754,0.8009020631346859,0.44447970381250956,0.56766880228238,0.3264015841167571,0.5225885479931267,0.7544736870826189,0.32627831993481715,0.11626801928987007,0.44713746134836985,0.7716775319272666,0.7043171879960956,0.8493481535930538,0.7814487475793703,0.6709957944392184,0.8505166773601467,0.8929458265175503,0.3881859740802729,0.8112453212489389,0.6964845584724637,0.4991509174275036,0.224493611156104,0.20400280255139358,0.9297938889763729,0.805398513514743,0.404266708976867,0.543120935642261,0.23360282818788214,0.10139703802098077,0.5597675869888468,0.7751442255373575,0.35459351628097757,3.132799651103014
