center_0,center_1,center_2,center_3,center_4,center_5,center_6,center_7,center_8,center_9,center_10,center_11,center_12,center_13,center_14,center_15,center_16,center_17,center_18,center_19,center_20,center_21,center_22,center_23,center_24,center_25,center_26,center_27,center_28,center_29,center_30,center_31,center_32,center_33,center_34,center_35,center_36,center_37,center_38,center_39,center_40,radius
0.18870637794138434,0.4978452001157633,0.33305833537239304,0.6750092458471604,0.22152720399608028,0.4232257956791682,0.3480174203437062,0.1802629046549884,0.12917393890410633,0.6053349772015816,0.7990631093157916,0.6585605158788066,0.06026354311664539,0.38084482303084854,0.9894266487769257,0.9910352730912835,0.9867097518734571,0.5467370462553448,0.0564130264873931,0.07647934602835926,0.2378835394060529,0.6877630732843288,0.822782532544694,0.23611009101383984,0.5448571918725017,0.5842551621331706,0.8516802136777691,0.5985256347634063,0.8058237547230679,0.9835106473007799,0.7380287844373951,0.4037683346093919,0.5921302495060755,0.9526422695810087,0.8343155989722417,0.7587109193343896,0.268496385622903,0.013305397649671646,0.7101780109219635,0.4638726256357524,0.33385735712638,3.220987652264405
0.13877343466552516,0.6748054717670949,0.9437093806114137,0.16013057880005277,0.8549817170977144,0.8002340683824077,0.7426814181163902,0.577248188057886,0.8872724075623506,0.9492933973593617,0.031653636775348604,0.4820768178367918,0.5294822156456299,0.28866244875861125,0.7474688002093192,0.06552506995172702,0.8710894541959259,0.1350274965300905,0.8278638061768749,0.6619490404432424,0.6841769640228693,0.875712695794073,0.830612360032178,0.9915691062980759,0.994669678057361,0.2212708857818414,0.34468530940736386,0.314633175462916,0.29379511041792583,0.014980341230074412,0.3623318592636625,0.9643152846956791,0.3545579102006342,0.6948128878233094,0.060599002485641984,0.3287277702222845,0.39224712270619255,0.9467446312073078,0.19411087546839045,0.5195348113683809,0.022717399283609607,3.563642362118962
