center_0,center_1,center_2,center_3,center_4,center_5,center_6,center_7,center_8,center_9,center_10,center_11,center_12,center_13,center_14,center_15,center_16,center_17,center_18,center_19,center_20,center_21,center_22,center_23,center_24,center_25,center_26,center_27,center_28,center_29,center_30,center_31,center_32,center_33,center_34,center_35,center_36,center_37,center_38,center_39,center_40,radius
0.9161005768911177,0.3900832250712202,0.7780427229814891,0.9878121728769819,0.7385097598916569,0.1412718683296934,0.35821723621264356,0.783017091531497,0.39290977461033927,0.8937792560506169,0.46341058105409216,0.31777028161713283,0.2824456301760554,0.6716999159874282,0.7815799479104417,0.10633259697910202,0.2575808787302595,0.4519854032876782,0.6705646924621206,0.12207878173235631,0.21619995670956615,0.2384647111087128,0.8582001874944456,0.41276749881886987,0.41114661966790544,0.955341934349395,0.9485745447565976,0.915953052693469,0.5066218580605878,0.9253036424517026,0.6120523753632298,0.8896764952921338,0.622871167814346,0.9594235435813864,0.5907945581626706,0.02704541624241541,0.7814170147408335,0.6231563959805996,0.2558731435362638,0.9657818097199709,0.6161240076983717,3.36963391327624
0.8706577924504169,0.624822798209055,0.8149359961693503,0.10194431586244379,0.03302228294926912,0.9540563984091821,0.9354592375858628,0.13121712472527303,0.025564738528087716,0.6228913029665742,0.23108537877793467,0.6449957190350165,0.40524246598990776,0.42885152365401646,0.5259773178065256,0.6461312197847333,0.8638775930310324,0.11384140252266217,0.053112604677036934,0.7100292152985317,0.877150317095972,0.9880806832829903,0.1813048674156842,0.6309931887436658,0.8774509551128236,0.2778756669576483,0.05219817230952539,0.7522942072169341,0.7235490565441922,0.04133513003548739,0.716070256837297,0.6332959085065861,0.9477249291682819,0.28827163404135403,0.7692945218436054,0.887063221236419,0.29854392299567645,0.9288903878379027,0.3952560082895408,0.07053791078978444,0.034515794059616245,3.3163879495741138
