center_0,center_1,center_2,center_3,center_4,center_5,center_6,center_7,center_8,center_9,center_10,center_11,center_12,center_13,center_14,center_15,center_16,center_17,center_18,center_19,center_20,center_21,center_22,center_23,center_24,center_25,center_26,center_27,center_28,center_29,center_30,center_31,center_32,center_33,center_34,center_35,center_36,center_37,center_38,center_39,center_40,radius
0.7529324951317945,0.4879280815545447,0.9820145303209818,0.26285648622124624,0.15360041189187046,0.2923040374060776,0.09759325955864284,0.5022676826932997,0.2563158244673793,0.2128036407029661,0.4341375826160442,0.7288629146370109,0.9851806526633269,0.8480429243982223,0.6032030849644657,0.15406171005476288,0.5996924472658064,0.7853488614178807,0.735531708610238,0.6717746027175763,0.4484492664230496,0.9216421448031384,0.17180697442339132,0.3577257382465031,0.9129949385252999,0.2987016652609612,0.9428521651918729,0.8710191053892805,0.07248735126580375,0.6082227049831891,0.1739697498259951,0.23692691276310607,0.7729620565202159,0.5459197090811676,0.7188998891183641,0.804459930137623,0.4350987422834647,0.3851780457957451,0.8026275641726787,0.8214301691994421,0.45149575403549547,3.2808599346272276
