center_0,center_1,center_2,center_3,center_4,center_5,center_6,center_7,center_8,center_9,center_10,center_11,center_12,center_13,center_14,center_15,center_16,center_17,center_18,center_19,center_20,center_21,center_22,center_23,center_24,center_25,center_26,center_27,center_28,center_29,center_30,center_31,center_32,center_33,center_34,center_35,center_36,center_37,center_38,center_39,center_40,radius
0.1718932926608473,0.5616404764126179,0.2937597241865092,0.3972681905171356,0.6477795644458761,0.5119660664128165,0.3448267128802517,0.6379379993723701,0.981845533573049,0.22426090851610225,0.671915368183358,0.06451809578260126,0.2392667552328419,0.7690444981301071,0.18664239589620935,0.31209775081590896,0.28939513278170104,0.1121666729653833,0.7267102043142586,0.2611792819320624,0.5430392501794595,0.7292231226449363,0.7436640592740145,0.21905221502387306,0.4207438238372573,0.6290167785733634,0.2935387381470588,0.4014992883293632,0.8857220119663372,0.6926097545412626,0.10842161799106964,0.4888588312783032,0.5817109761553492,0.2821703654594705,0.3114486454116804,0.8008274861185233,0.3697137573139766,0.46707964225119336,0.2793917153129317,0.28254613883595336,0.4748272950535556,2.801887978112071
0.994263317814348,0.9511728521138467,0.8162735987931617,0.418103589567031,0.6930432345044074,0.9981911496999303,0.8031143081080787,0.22588321275842504,0.17227653202084292,0.06757875168663519,0.8995233387545687,0.8324952244737598,0.5198279908250133,0.4566069220855482,0.9790100557655202,0.9871773922288885,0.9281896209371325,0.718688705029695,0.1436989457089104,0.18988064690712125,0.6806059435357728,0.6661888858628287,0.0783665824781038,0.041021023428734926,0.6541250019853344,0.32511234547131207,0.9810231127448096,0.7772245431884869,0.2365964075468623,0.8609185943067817,0.9853050045001909,0.6653533177898596,0.170457550884059,0.3691643343127141,0.40176239960827564,0.6673554611020025,0.7537510796398037,0.654318118741871,0.8087197671533023,0.5393807398311853,0.4406842153284998,3.674148454301951
