center_0,center_1,center_2,center_3,center_4,center_5,center_6,center_7,center_8,center_9,center_10,center_11,center_12,center_13,center_14,center_15,center_16,center_17,center_18,center_19,center_20,center_21,center_22,center_23,center_24,center_25,center_26,center_27,center_28,center_29,center_30,center_31,center_32,center_33,center_34,center_35,center_36,center_37,center_38,center_39,center_40,radius
0.561395685847747,0.9649840229556433,0.8519903135951534,0.5090364139780255,0.9755887656280265,0.9579901689455816,0.37522900670954984,0.21066976970547435,0.4431985316545223,0.0123471532153403,0.09653509296769702,0.9789444247136081,0.893639478395615,0.8380568370613756,0.66699138904465,0.7588552555254617,0.24445477570743712,0.6628093567826945,0.3472813778240659,0.6826274985895482,0.9711718786283567,0.52088625930146,0.1792320256884874,0.6684137619173425,0.4667683712614582,0.4876074450237835,0.8830628014369226,0.555180188658177,0.9289240622059994,0.7015327936459932,0.10019578060459677,0.8331603927290073,0.04865577428052548,0.7426319590891872,0.377723484209344,0.43357871676703374,0.620031758592138,0.10555253461510627,0.9113999710803924,0.8462991513421015,0.08121240925765405,3.55920806029829
0.1322923663564025,0.07208621459774522,0.012261611081304524,0.40050917259854135,0.4849328629527978,0.15585309697232952,0.8924683899312772,0.9845008496264754,0.5185495047901392,0.3689573011533849,0.9240662255725378,0.9041354306157112,0.23112265385778985,0.8366713444019599,0.2830357550604373,0.7041033059279458,0.6157384673910709,0.05734460846665124,0.6581279929397429,0.05289304142094342,0.01082755623823295,0.6332511955711345,0.9886630591324906,0.6192499348692752,0.520573280250913,0.14292431750532797,0.007228556810181974,0.10451274412169775,0.5701665138710796,0.28098209084704084,0.5971102561490303,0.47069365107546646,0.8593735654835324,0.028339842468656617,0.7640777663570716,0.47112350688670024,0.11992647882047391,0.6797306256335384,0.17049333329380056,0.10792418502757728,0.8997101972856462,3.3868664201750502
