center_0,center_1,center_2,center_3,center_4,center_5,center_6,center_7,center_8,center_9,center_10,center_11,center_12,center_13,center_14,center_15,center_16,center_17,center_18,center_19,center_20,center_21,center_22,center_23,center_24,center_25,center_26,center_27,center_28,center_29,center_30,center_31,center_32,center_33,center_34,center_35,center_36,center_37,center_38,center_39,center_40,radius
0.5546506948619918,0.05537218942639144,0.9647070125341132,0.26359525979286835,0.5239395696720263,0.17259541705928128,0.13091655664638935,0.09782534705023127,0.9432816711606142,0.809324065328103,0.6078589413126182,0.9193445971268116,0.5073212181819178,0.7592830359548873,0.1534837276193043,0.4166249904843272,0.8876637452601603,0.1453716070091573,0.641209389416869,0.2513567284788032,0.7541358638049774,0.007750424550453383,0.2965514188656744,0.38064029739665106,0.5147255038302703,0.5779887323111856,0.5349775052767547,0.29057049621809183,0.13647920163696348,0.401413586640196,0.47603316055651324,0.6393874457735363,0.6025087584629726,0.48813453959044106,0.256094504542583,0.6218855470504924,0.0038306301675714582,0.00019026822683743116,0.7935880655019333,0.3261552017198224,0.11118695760353348,2.907684513583644
0.6513286163395823,0.8312634632520366,0.510288863913001,0.9754995634153246,0.034529848376001704,0.4721027332922153,0.4009714514784406,0.9157321424597646,0.6684472198326685,0.2002687623700875,0.3254488346048938,0.018408878297503484,0.17298389348176357,0.6277727576295121,0.3664388566686134,0.6977380477538625,0.39902234867593966,0.924554562012017,0.26910585154131517,0.7497021125965396,0.790727195022809,0.4466985004800107,0.5197321807628404,0.7044867784876964,0.30372546966229774,0.8704408470592572,0.061016018246746184,0.8299139413807797,0.7298330785053817,0.5079508015555488,0.039822118125642736,0.7623715450269084,0.9218216573203714,0.5616120896478328,0.3993208670528757,0.8152340906631509,0.7762899879349124,0.7367873102702989,0.2698501463155849,0.8692391691652092,0.07001516215990045,3.171728077424649
