center_0,center_1,center_2,center_3,center_4,center_5,center_6,center_7,center_8,center_9,center_10,center_11,center_12,center_13,center_14,center_15,center_16,center_17,center_18,center_19,center_20,center_21,center_22,center_23,center_24,center_25,center_26,center_27,center_28,center_29,center_30,center_31,center_32,center_33,center_34,center_35,center_36,center_37,center_38,center_39,center_40,radius
0.5949919944839339,0.682516150845623,0.19656376272903364,0.46665173616043953,0.7907609324201995,0.8572269996828353,0.04524123692730386,0.17999334989869165,0.1668897353572656,0.31820450320496596,0.878248899175292,0.7765878565875404,0.12312966986991214,0.992622010053176,0.5313488001339792,0.9787018242034364,0.7204714294300562,0.7739386414752225,0.018730143953879952,0.959390518711289,0.1429852349140055,0.046868199342633976,0.09369298867620013,0.9764140500785711,0.7644822909905159,0.5615966030424536,0.5341879518840965,0.47986206966796807,0.9902972464648758,0.8657695073244854,0.7118481439317996,0.6309226988157388,0.20739128022241748,0.4518096696665471,0.6251316245667597,0.4224708164649613,0.427255910995715,0.9565070644160029,0.9925834603626096,0.7539472956697867,0.511882744852518,3.5288240831832494
