center_0,center_1,center_2,center_3,center_4,center_5,center_6,center_7,center_8,center_9,center_10,center_11,center_12,center_13,center_14,center_15,center_16,center_17,center_18,center_19,center_20,center_21,center_22,center_23,center_24,center_25,center_26,center_27,center_28,center_29,center_30,center_31,center_32,center_33,center_34,center_35,center_36,center_37,center_38,center_39,center_40,radius
0.6690274411274895,0.84305945635804,0.6929402604403233,0.016582767184566083,0.13692608587567157,0.876032107400286,0.7973953770769759,0.09425367489994763,0.18589476279619854,0.2810686901305929,0.5439957412226978,0.1377392596760354,0.8851587225082564,0.28043989791246704,0.7763187566779732,0.4978951730777027,0.794801203674229,0.5506764286334364,0.3448784605536097,0.9333677126809823,0.5358921323320278,0.14228406417633155,0.1053476002232916,0.08860162381613779,0.3340807425893316,0.9733359788973897,0.8714616195571494,0.12560165076781848,0.3874971766788504,0.7432547279101999,0.5298684594342319,0.6920285432864179,0.5704532330015377,0.11479616729737563,0.19759749722432585,0.24023705313494825,0.5638756272935485,0.09961724487236612,0.8611252287634071,0.5819990667975904,0.36534223961388956,3.2891219868330346
0.7265670203459661,0.4279986228568776,0.05099095164057277,0.8525832202069293,0.012132972506304185,0.9398717992234664,0.013466346206907343,0.9875804803396961,0.9377172321403334,0.36135750197453054,0.9788017742047355,0.9040039471876679,0.3779117420080329,0.6327393688433833,0.15779537815464373,0.7038854903277275,0.07753621627099316,0.39131252302033226,0.8761923614950108,0.47960252676169235,0.026820826410753562,0.6409189839593292,0.5175052346424246,0.455654754416699,0.6867628283148122,0.1972989553476907,0.010339658573872756,0.8937054303874314,0.7514597522139943,0.23884620421838765,0.2741092485926626,0.9897403054289522,0.840414595800795,0.9201819549803212,0.8161010273344682,0.869985182592052,0.2772274136849986,0.13990054006164343,0.8234922913302528,0.6917488087271353,0.4128765680930261,3.3255534801129074
