center_0,center_1,center_2,center_3,center_4,center_5,center_6,center_7,center_8,center_9,center_10,center_11,center_12,center_13,center_14,center_15,center_16,center_17,center_18,center_19,center_20,center_21,center_22,center_23,center_24,center_25,center_26,center_27,center_28,center_29,center_30,center_31,center_32,center_33,center_34,center_35,center_36,center_37,center_38,center_39,center_40,radius
0.6077949333674024,0.6836690885232127,0.1732322292365127,0.6843903752023044,0.17756154631529186,0.2813572695362767,0.3427083398712246,0.10044133918389075,0.5125740791149563,0.5836011344621458,0.11762626803324838,0.7111554448539696,0.9553759625420829,0.6359915551746911,0.5736083825239306,0.5639057028750117,0.7724190693312394,0.9063979514884604,0.09628706951285715,0.42686282680823917,0.8610289026054695,0.21359970054816946,0.4942619724294818,0.6422542281310638,0.3566526068615339,0.9065915289498218,0.7612075821856144,0.9516071645807576,0.5077321901789098,0.3142018405128736,0.30169830553336996,0.33633704716884727,0.21616464704870242,0.832792905119456,0.20730965639276377,0.2747988484958813,0.617413893439095,0.42524542420966227,0.3164524379873672,0.3461090899725643,0.10174074057798144,2.9998859389027883
0.036469141177299824,0.28970813416994234,0.8913175418420384,0.470629544243893,0.857029696473111,0.95985960047351,0.9461637605514681,0.9391365014624621,0.43527329990110186,0.9015041340719046,0.5616799572306864,0.5541260625166191,0.07730587069766526,0.988156564288111,0.5637462884715555,0.21731108285142742,0.21604776299245332,0.35495498907153333,0.3855437271101796,0.11609739204385061,0.0427304849893535,0.7664548776806633,0.6352990377016567,0.6136794545990049,0.8523938643768613,0.10954314116395614,0.5052249047571151,0.01434105754627768,0.07030680141695245,0.18327774581296652,0.6014093648075872,0.9291601757862313,0.8546077897008711,0.3892811460474783,0.19680835152016674,0.06283644175805259,0.40268748257019094,0.4361533614745089,0.4522492113600227,0.9070205885397088,0.20358471489249952,3.3445624090657344
