center_0,center_1,center_2,center_3,center_4,center_5,center_6,center_7,center_8,center_9,center_10,center_11,center_12,center_13,center_14,center_15,center_16,center_17,center_18,center_19,center_20,center_21,center_22,center_23,center_24,center_25,center_26,center_27,center_28,center_29,center_30,center_31,center_32,center_33,center_34,center_35,center_36,center_37,center_38,center_39,center_40,radius
0.5153874698057139,0.17687829060934535,0.14716066630650204,0.8066716046110362,0.8268558148847428,0.09947055080867118,0.9590108606829049,0.6065650762530492,0.9768113419765037,0.1521365392003745,0.13938402999036148,0.3789603886161469,0.5957137610835487,0.3944022833361197,0.6234684782858537,0.6661329855016663,0.34172458692807917,0.6682014358763713,0.2075202783578003,0.008723204327582113,0.7156122750016659,0.7734673340655596,0.8170876280805078,0.2584507890214848,0.30989397036496624,0.0675453573715401,0.3329811941606594,0.04235208887148634,0.6634932628435083,0.8008570573240625,0.8116627461131424,0.16983332192808764,0.6433157141257806,0.18217290082676085,0.7305050428065833,0.36011083837950075,0.08829160507225842,0.29727164368776904,0.3728260135714637,0.6985109786117376,0.738769672071669,3.1073035659603843
0.7149454911979396,0.6086907877345927,0.9046040287355313,0.3328779906589455,0.3833700354779763,0.9675218721828172,0.008891420172588704,0.6985364230854131,0.535689725706984,0.9785745419744422,0.4699124675729771,0.2647691719398805,0.2894525018265288,0.5008792344184958,0.98201374744686,0.040499417229113766,0.0024684875874642076,0.4580996748601813,0.28760873601434744,0.9549786540536059,0.49830101125177717,0.5226522004013259,0.3287255384634997,0.6747725226075336,0.9487212687874306,0.9047364852645787,0.7372321839961219,0.28508408321612944,0.7695322261731542,0.24814946984148312,0.4705935135490087,0.46912631010306227,0.2258756978340446,0.6861493768342912,0.17411582333000708,0.5262860971607135,0.8606861897785121,0.47881065111915755,0.23048301383913272,0.0846379424120054,0.07300334379027873,3.1795268623231574
