center_0,center_1,center_2,center_3,center_4,center_5,center_6,center_7,center_8,center_9,center_10,center_11,center_12,center_13,center_14,center_15,center_16,center_17,center_18,center_19,center_20,center_21,center_22,center_23,center_24,center_25,center_26,center_27,center_28,center_29,center_30,center_31,center_32,center_33,center_34,center_35,center_36,center_37,center_38,center_39,center_40,radius
0.3254808224976824,0.9171975854561522,0.09650291410135092,0.9146964193239212,0.6066532672336887,0.1677590724122121,0.7239618024505975,0.1784242084175648,0.8929777118293578,0.25754778914220056,0.634347257928341,0.6445676780908262,0.13747260881468903,0.9448567194499361,0.6571341356595369,0.437491677792087,0.4032123325383322,0.8237923025912952,0.40943745306621904,0.8472358735778451,0.7634743573621473,0.014918413922965779,0.6042785817743572,0.8847630360400758,0.9212766715595483,0.2473214417555436,0.01877016556950295,0.4818544304157917,0.4034759899399071,0.9855779354844973,0.158860385015545,0.04751878369708129,0.9516499913495374,0.5928846000706831,0.9628530552170177,0.29501842674686707,0.27392709217698896,0.8208483546874813,0.6395436064071526,0.5357196048763206,0.8565649025103066,3.3979109155303093
0.5579509309051321,0.00743003093174055,0.7507171380659802,0.4302641054750772,0.7245961650239015,0.6486270178017678,0.7184013453284581,0.9873213933536483,0.14621961800241068,0.9824380562615784,0.09304946425257099,0.19417701205947147,0.44212701906619134,0.12080172223850338,0.54785467600998,0.1598666074609335,0.9382962318462683,0.23419778850220974,0.030690479414734684,0.003855124915342123,0.31131519030219634,0.9944072246205611,0.5701994860467194,0.32784709106523313,0.39036397216496976,0.4490828756656785,0.899040619883333,0.19146919653456618,0.7684965034407818,0.7149370508306889,0.282934766851728,0.9240014578080654,0.46525160427380685,0.16931323911259266,0.13968791540168812,0.7495640303111094,0.9809240470071625,0.4459895905736124,0.7678098632125809,0.944029208993535,0.3953776525905385,3.3408201091807204
