center_0,center_1,center_2,center_3,center_4,center_5,center_6,center_7,center_8,center_9,center_10,center_11,center_12,center_13,center_14,center_15,center_16,center_17,center_18,center_19,center_20,center_21,center_22,center_23,center_24,center_25,center_26,center_27,center_28,center_29,center_30,center_31,center_32,center_33,center_34,center_35,center_36,center_37,center_38,center_39,center_40,radius
0.24154926768798568,0.08939274545943565,0.22024053431281365,0.19803985042975436,0.21016446025812296,0.16954673464875925,0.9067215852757728,0.539542539543657,0.31852940837653954,0.8076332737626746,0.8667372147306026,0.005104811144047483,0.17855876117053604,0.702473254851869,0.3851839628122734,0.1450746922992805,0.270133048275356,0.10671103590778064,0.16658141171137053,0.8273926028309115,0.46878946389210896,0.6054877788417926,0.8740948186023705,0.7882417695794406,0.9213239925833263,0.9127365266464067,0.12392626331551304,0.7205115732381429,0.43972757042976496,0.25361011209346884,0.8105074723382087,0.3766247213308709,0.33039249599277154,0.6577699826136243,0.773132416635523,0.7314615829032212,0.8140122322797622,0.34206469453960875,0.6288161280623048,0.7525605823374848,0.24022099932928564,3.0341260293728145
0.22659681267666276,0.9125955161385065,0.5943137086879908,0.9425970014903025,0.9603486055742961,0.7981254201767448,0.8405136277950925,0.9015348106042248,0.9395952613782448,0.5738166865799773,0.6485331564114907,0.8928225552324915,0.5421493860880598,0.014542269041127875,0.44894357205453495,0.8711148342209393,0.3779850676891009,0.817660345170864,0.39792601035564545,0.9415926741081827,0.20576092145905034,0.36027615948579894,0.13365883536664924,0.8370304702252633,0.7859861759479527,0.29256616579565,0.45905752010975764,0.8489966094364731,0.4173110972325188,0.7322637133479526,0.30678279541202214,0.674044512978148,0.805384982195825,0.9772167462141472,0.4781069100174802,0.2581879836516102,0.03174911281865678,0.7874135830193627,0.6524116414063759,0.5494432449916858,0.9512298939091873,3.5447440319887087
