center_0,center_1,center_2,center_3,center_4,center_5,center_6,center_7,center_8,center_9,center_10,center_11,center_12,center_13,center_14,center_15,center_16,center_17,center_18,center_19,center_20,center_21,center_22,center_23,center_24,center_25,center_26,center_27,center_28,center_29,center_30,center_31,center_32,center_33,center_34,center_35,center_36,center_37,center_38,center_39,center_40,radius
0.9235580237336076,0.1839076850809559,0.10236049267638903,0.872010597066926,0.8813676872925308,0.933683030543359,0.6988466747215171,0.6842481845476849,0.7860939436552193,0.5162526869911609,0.1216644358206086,0.9402852300585616,0.32393334045062927,0.6509202328507161,0.03665801102606958,0.1287841563939578,0.7625190657910623,0.046401040193073895,0.7094339176797595,0.7484821945511612,0.19651689086307544,0.029849726496762208,0.8502436334930208,0.6362765649802429,0.5754319869471081,0.766837707452184,0.0430803767514778,0.13956154786129538,0.45187490610885983,0.16213882304527893,0.6642533651150949,0.7009116498854541,0.734507540376535,0.13172804459621634,0.2310300948788795,0.409097563639251,0.6971885746746145,0.6521979566337612,0.5226904500726108,0.48846784585914504,0.9981261402533523,3.330777785407643
0.10973042862250293,0.4039476494097125,0.6310881729906298,0.15001815261588647,0.9106096620012972,0.0065015149030115404,0.5938409807643616,0.5828587317690289,0.33372837970948477,0.8546817441532799,0.9273670540005037,0.056297262985024354,0.9814224932319361,0.8135654690799258,0.47402403154419026,0.02082609987983841,0.1918181935436709,0.9039149759462701,0.6025776741738184,0.23654002129680518,0.890937249280264,0.8323694023447235,0.638981339070961,0.8096998495078433,0.27000926858864704,0.9299667287332076,0.8224375988503156,0.8461507992098654,0.23502372637260083,0.561414422616501,0.0541748530335151,0.012576247277753971,0.1734044066189725,0.4219154034824899,0.9668091405243449,0.9061149124585502,0.7712308209313284,0.21416695228197435,0.8653428577865034,0.7225137199933542,0.3291585658200902,3.5918207964158797
