center_0,center_1,center_2,center_3,center_4,center_5,center_6,center_7,center_8,center_9,center_10,center_11,center_12,center_13,center_14,center_15,center_16,center_17,center_18,center_19,center_20,center_21,center_22,center_23,center_24,center_25,center_26,center_27,center_28,center_29,center_30,center_31,center_32,center_33,center_34,center_35,center_36,center_37,center_38,center_39,center_40,center_41,radius
0.7580116065262853,0.41790702347977404,0.26507519368547194,0.25816282437814386,0.02011731293230934,0.6111660004469543,0.8327142779325266,0.506078032306926,0.6760837818076666,0.18983856221431217,0.8709763952542915,0.14191356768362584,0.29964744089569606,0.8676329002296448,0.43842721775758253,0.49986653799604763,0.8232556165963605,0.600632869146274,0.32420937236023417,0.6951930223633096,0.9895874565591288,0.4552813320374105,0.08069304056295723,0.09419862583346861,0.4447082891761749,0.5427636759561776,0.35549835871977287,0.45796789250306535,0.9696877701872071,0.48221808671638733,0.9936006824980038,0.3389338420872482,0.1098570158297193,0.5162116025435524,0.7008902265273182,0.8344920221609988,0.11269052544258684,0.4208761103381884,0.13474343428364666,0.6999595033474079,0.189265207132845,0.219437910582719,3.4071968729115265
