center_0,center_1,center_2,center_3,center_4,center_5,center_6,center_7,center_8,center_9,center_10,center_11,center_12,center_13,center_14,center_15,center_16,center_17,center_18,center_19,center_20,center_21,center_22,center_23,center_24,center_25,center_26,center_27,center_28,center_29,center_30,center_31,center_32,center_33,center_34,center_35,center_36,center_37,center_38,center_39,center_40,center_41,radius
0.10228895523302628,0.9673282879700841,0.4169705355566936,0.21730801137324007,0.8856246546252404,0.8383500426888838,0.7513712682347551,0.12585066143391388,0.8962271124456089,0.770598811604146,0.9805907708374448,0.6156180400844257,0.34105142798449595,0.3463263394204047,0.12504472544944956,0.24997431683798654,0.2626566798786728,0.9969455943356024,0.8598019069991784,0.39563327066712184,0.6737300502470054,0.5895976945645064,0.25037662903957025,0.717464961886933,0.2593901022822276,0.6739160123765725,0.280041497093255,0.6693042485935607,0.19456505401462432,0.9176185053887734,0.9450500868640659,0.7823046831950405,0.008662223887349718,0.7314086208850591,0.5112284370925335,0.133602275627543,0.924124031753026,0.05405124516998305,0.034853268069015675,0.10499146481315935,0.6832592426092774,0.467865406987237,3.4301243404823225
0.7862886723731008,0.755630441980049,0.9753070154343157,0.1217792377335496,0.812161381910143,0.23377165643180975,0.26744456001316763,0.07662560580863131,0.09953713461781444,0.5449444541914127,0.6675247274093754,0.7305291780750175,0.5748931776172967,0.7613694756535502,0.7480165986271933,0.697433501976132,0.9934107676233092,0.037198734457583926,0.5883952098007318,0.7005036726446024,0.8666038176283395,0.17584316364050634,0.41245849380686284,0.8362599854572689,0.19476971719093716,0.2207880899721495,0.8725756608308971,0.21602285516828967,0.9765420877466717,0.027766501448281966,0.10770633959574305,0.05958488545485541,0.9495541217021449,0.8283534672526195,0.4160933649275722,0.798323039716307,0.12009457109045063,0.830225228281275,0.4265286890730471,0.8227544694066428,0.047314532984177204,0.32539149755470376,3.416400627656528
