center_0,center_1,center_2,center_3,center_4,center_5,center_6,center_7,center_8,center_9,center_10,center_11,center_12,center_13,center_14,center_15,center_16,center_17,center_18,center_19,center_20,center_21,center_22,center_23,center_24,center_25,center_26,center_27,center_28,center_29,center_30,center_31,center_32,center_33,center_34,center_35,center_36,center_37,center_38,center_39,center_40,radius
0.31984335943405817,0.04621929196078156,0.5109114335082385,0.5950751831194896,0.1689894610843149,0.6313585615308579,0.12415816660404777,0.9376720837405715,0.03532084904889998,0.6906655456576074,0.4605417620691379,0.06059849817096585,0.16577459466236233,0.43369995646471216,0.37006427911857476,0.9230919786590196,0.6577877288399514,0.49486596441793784,0.31956275088261,0.745293910148656,0.6053133042030463,0.8466317473922449,0.8233594716019228,0.4435423131787962,0.6077569019060554,0.9942853761263261,0.15494321948664092,0.1271374018855257,0.5432960693966974,0.08320994338799248,0.4880363371070411,0.5817577984997885,0.9514832352094833,0.7092669533410331,0.01995058863838639,0.9784299680356834,0.2975515023652514,0.04912761205415572,0.6085848568155758,0.29181702159197476,0.9119338581297667,3.3011726301176183
0.34316398060403264,0.84487473377452,0.7736313174817157,0.5359633761556749,0.5008287793979638,0.6226067667515905,0.8024939482234796,0.20458254215960026,0.857722331272685,0.9694700042600818,0.025190945882857974,0.9684821697552046,0.34222458444638315,0.027916416353758966,0.768416602537819,0.08898778592373124,0.09965340003386369,0.27752808107017546,0.9056056661889215,0.30800976825892046,0.4333128004677028,0.3881307569089171,0.3795450414663545,0.18224560864247163,0.2529543378921266,0.22414680273488263,0.9882206586908248,0.5174278203705526,0.13562940902901932,0.9910498363532788,0.8645520109476768,0.8180457728059323,0.1077547369668378,0.965707903999438,0.4953308741680025,0.6330245594521042,0.811096583461055,0.6332588783910786,0.6788304730450059,0.8965535579779148,0.6105220276789762,3.373964819052377
