center_0,center_1,center_2,center_3,center_4,center_5,center_6,center_7,center_8,center_9,center_10,center_11,center_12,center_13,center_14,center_15,center_16,center_17,center_18,center_19,center_20,center_21,center_22,center_23,center_24,center_25,center_26,center_27,center_28,center_29,center_30,center_31,center_32,center_33,center_34,center_35,center_36,center_37,center_38,center_39,center_40,radius
0.998214004643209,0.6159691521087228,0.7617858595982019,0.3637150570988392,0.8616937558452076,0.9908883172862719,0.9847327636267381,0.4982495838805072,0.4584693032281374,0.9716398386202374,0.6423344553069334,0.2618544812387774,0.49833008182922833,0.36758679295592767,0.6334587618586044,0.8280387531482987,0.807057747141609,0.8802593204575138,0.6063518486253867,0.8463588377450597,0.1645719868629818,0.5080543992054508,0.647292299954977,0.18944844573072794,0.5554476520999265,0.5283265898415427,0.7059981714738821,0.6881740428245664,0.5809509442231221,0.8426133240583145,0.9920352559256371,0.958588579368735,0.7590879786515559,0.6138509811588037,0.8174061173993123,0.25310115200020633,0.35147431471885715,0.14828436567551084,0.9609215867468227,0.20341246575589256,0.26479456361305675,3.8054013558616013
