center_0,center_1,center_2,center_3,center_4,center_5,center_6,center_7,center_8,center_9,center_10,center_11,center_12,center_13,center_14,center_15,center_16,center_17,center_18,center_19,center_20,center_21,center_22,center_23,center_24,center_25,center_26,center_27,center_28,center_29,center_30,center_31,center_32,center_33,center_34,center_35,center_36,center_37,center_38,center_39,center_40,radius
0.43779373134057464,0.44715332209759506,0.7546624510658463,0.21695607951134932,0.8536722039578638,0.7398377412119796,0.29808821148621967,0.9702659603519647,0.9510836904413744,0.1785113327031267,0.776121832346791,0.9231067485271411,0.32037698426267713,0.0010271847807052925,0.32535167637696105,0.738833164072854,0.5045475488711718,0.919935518653314,0.501188079783063,0.5995050949904762,0.512581996207415,0.8385532641821398,0.2428777516134013,0.9892378899130497,0.6688370847240972,0.8547432756512322,0.1463337632108721,0.4364026673189111,0.4248376187528864,0.8104547821839051,0.1528823246012544,0.11373223224646678,0.2475823701322103,0.968570435113419,0.6273225937064736,0.24788505520923854,0.38808142648630084,0.5064348265866215,0.893122410185243,0.11925080828405565,0.00202173049118759,3.435863364514063
0.364424226960246,0.580580459204638,0.5601320027833001,0.4897307596767415,0.4620560507731266,0.48484538977126246,0.9434226089945994,0.10422488714625744,0.6146307475082358,0.9463843431100579,0.1070951270903393,0.8003794028471382,0.8798676035409451,0.5577726583951124,0.32994722631059326,0.873687526392977,0.06245079929750874,0.06027370496032913,0.19307552055971589,0.8656388570615083,0.46923577022186624,0.19740310871142608,0.17316466939798947,0.06887268253437373,0.8765669482353384,0.5344134080449068,0.9283008286244732,0.9176182014422632,0.7762671843184215,0.026541226179935262,0.2738936623832018,0.7039523247173236,0.973960395142155,0.09214563851399404,0.08009542491736121,0.9504715447836998,0.08048918979789377,0.48184340785324087,0.07431925813982843,0.9211345956832564,0.8555773357617297,3.341774906558353
