center_0,center_1,center_2,center_3,center_4,center_5,center_6,center_7,center_8,center_9,center_10,center_11,center_12,center_13,center_14,center_15,center_16,center_17,center_18,center_19,center_20,center_21,center_22,center_23,center_24,center_25,center_26,center_27,center_28,center_29,center_30,center_31,center_32,center_33,center_34,center_35,center_36,center_37,center_38,center_39,center_40,radius
0.40266599327515407,0.5200192912207929,0.18900973996249282,0.16134888302379014,0.3284377328403747,0.17121913697534963,0.6792018027253651,0.5431414623392997,0.08462746553451439,0.012315759312343855,0.7266980035899637,0.4832768442934019,0.6185683578473936,0.40516940447957284,0.4419465703610199,0.5492419200399833,0.1036900764690476,0.7902166717094635,0.7750796709259814,0.13030571002644475,0.319186217529683,0.12217474996588029,0.09162736466628907,0.660552144397182,0.9552173787677097,0.09419875899112418,0.6540145123130294,0.20221181085945816,0.5094846052526086,0.9918585537670821,0.3064778596066985,0.8812432110008303,0.8040738799901308,0.4305939588619746,0.3388049315122905,0.2390936247459512,0.832995808175338,0.5827311447266988,0.9440296275433349,0.912321200021801,0.3507207659887942,3.1568834625131688
0.7101222472221042,0.9233727379275415,0.7871350168663084,0.12903164980823334,0.8593509546823276,0.4354810994160494,0.6296093942461071,0.9182701081253303,0.936112946327592,0.3184803700659059,0.13479463461819519,0.8373715519798955,0.1727087018141944,0.9241786013048986,0.8620575938074645,0.7205832477859605,0.9894055821667903,0.7228973138766214,0.7310211608477396,0.926465285562642,0.4983720115259038,0.9178395315552843,0.2463703006417508,0.721608559940542,0.05397655485079755,0.6147123596123109,0.37871482058293493,0.3887964629713886,0.8768274792142896,0.12270643815199345,0.9443728491609126,0.7990317579122571,0.19428450214101778,0.625406498343856,0.25782461922999833,0.7731903465828377,0.06284110638058815,0.11163181011864243,0.14463392001743713,0.03284167630291479,0.32613948373413226,3.350561580373694
