center_0,center_1,center_2,center_3,center_4,center_5,center_6,center_7,center_8,center_9,center_10,center_11,center_12,center_13,center_14,center_15,center_16,center_17,center_18,center_19,center_20,center_21,center_22,center_23,center_24,center_25,center_26,center_27,center_28,center_29,center_30,center_31,center_32,center_33,center_34,center_35,center_36,center_37,center_38,center_39,center_40,center_41,radius
0.3324404215104382,0.7472594740109701,0.8593436829617196,0.4488337734595179,0.07792581182622449,0.9002525940179608,0.7496994719400789,0.8536276664384771,0.5901140012631554,0.5400800385721739,0.9813983837413722,0.3095727771935969,0.8472471720068129,0.8640212069220183,0.30704504853201753,0.6174141931256387,0.08092439882485214,0.7810271139893015,0.7750622518243513,0.255038472873354,0.04537008979118351,0.8158622793594166,0.6146461253972042,0.42862454699903896,0.630406449534169,0.8048334823432662,0.6537746241362878,0.724987566237778,0.20878991969944338,0.3508355878771232,0.12973584843126862,0.845917076636991,0.7683380199682419,0.32919702534984063,0.8849893642573597,0.5728578103083055,0.11270407946086947,0.7619260610496482,0.7746252421658101,0.02087418625516768,0.11085388754661163,0.3397420473003865,3.60500241784072
