center_0,center_1,center_2,center_3,center_4,center_5,center_6,center_7,center_8,center_9,center_10,center_11,center_12,center_13,center_14,center_15,center_16,center_17,center_18,center_19,center_20,center_21,center_22,center_23,center_24,center_25,center_26,center_27,center_28,center_29,center_30,center_31,center_32,center_33,center_34,center_35,center_36,center_37,center_38,center_39,center_40,radius
0.3561552789161009,0.9261979483111625,0.6814710543960748,0.662167416331919,0.6566875701021575,0.9377630474880407,0.387730483386889,0.2760574524156526,0.40427958403978304,0.49619631339146475,0.8152742967085177,0.17230956996022573,0.5242959912049951,0.5894458519671659,0.6041829985514805,0.5781261172507335,0.5357131530293417,0.04908828287845868,0.5299325080935627,0.1996196755490658,0.7409513595182232,0.6509057778537627,0.41071075085597886,0.9207037456984728,0.11892263755220489,0.4188875040248228,0.20017332770969354,0.8015473074615396,0.7478520996548633,0.4158726365856589,0.6197921479642954,0.8081972128877749,0.3660981800591966,0.029059604570005892,0.6824584196841316,0.05253876522455447,0.4473885701481305,0.24588456589996888,0.9356106008116443,0.2419426887130226,0.7057094018067266,3.0158942689214085
0.6272049705054117,0.2958529373963328,0.9032612773926115,0.871037026218289,0.24603441238578572,0.06938125044536891,0.8954970831182307,0.20802949281746685,0.7324877080292279,0.9653122809007382,0.08731924048519957,0.5025211179451342,0.9708865447573878,0.4882706840054549,0.4152600976665132,0.6286526924247726,0.08485557641166341,0.9862428407039223,0.044220892917244514,0.5272309632822149,0.5465285779188376,0.9516789471221611,0.10296387376282545,0.04842701105950953,0.25367418685623044,0.8099933437045759,0.9104089071974021,0.04984424494029671,0.6132840625712466,0.5799474096665468,0.3059926466961661,0.1354946454711805,0.29962552048038127,0.9615343318430332,0.37154382422364907,0.23924477361865104,0.20073125166527472,0.13757329381775008,0.1552685831290057,0.3836484929316618,0.11237463895928224,2.912256465185679
