center_0,center_1,center_2,center_3,center_4,center_5,center_6,center_7,center_8,center_9,center_10,center_11,center_12,center_13,center_14,center_15,center_16,center_17,center_18,center_19,center_20,center_21,center_22,center_23,center_24,center_25,center_26,center_27,center_28,center_29,center_30,center_31,center_32,center_33,center_34,center_35,center_36,center_37,center_38,center_39,center_40,radius
0.28076109379757186,0.8378368362896651,0.9750591701940764,0.9099891406678796,0.04878816537621855,0.5181538419902064,0.4304856460153338,0.026068301903597657,0.5340298415189979,0.11859305167438017,0.4260988078699651,0.17655035548445452,0.9003966524818083,0.22149139695515607,0.7154201201124567,0.8638640752979949,0.08218861034647962,0.6120560952030455,0.4945715601861743,0.42763531648604325,0.6887952728042903,0.41820482294133654,0.46572271236611185,0.8378691282877178,0.2115434146374623,0.819074190591998,0.11172721425840304,0.21486524243097793,0.7841051852359628,0.5774687655805846,0.7078796694722277,0.7946644043673284,0.8857743769152053,0.3264104157820562,0.3861953004583789,0.7866130102997843,0.287607783194862,0.5378390352764916,0.9877732434140193,0.39616732654622344,0.303129139492172,2.951064444793135
0.7824295726797341,0.28566964302746867,0.08233022145655267,0.189547438657528,0.5436125134294941,0.5286260059633461,0.2582954301278523,0.6614733920706688,0.6673906771898145,0.9370358906217312,0.9305802580864703,0.6999159539081746,0.422270986364352,0.00199520702374123,0.35129344951232544,0.008218178664466058,0.38133101147209125,0.019144073491782154,0.7965952121464297,0.7926524660176878,0.9845418925421796,0.7569013592404316,0.9303528675337462,0.2692656690144284,0.6252812334617143,0.3509590399467405,0.5200742138436771,0.7011353357922148,0.5581246626196059,0.5508914209754671,0.6933870715677625,0.33179127855496726,0.7050065207520735,0.7517111034774421,0.4173338699205742,0.24234089196495845,0.8146540023571577,0.6995460796756577,0.05300742164910055,0.2486734945569823,0.2635262401833153,3.320424190791512
