center_0,center_1,center_2,center_3,center_4,center_5,center_6,center_7,center_8,center_9,center_10,center_11,center_12,center_13,center_14,center_15,center_16,center_17,center_18,center_19,center_20,center_21,center_22,center_23,center_24,center_25,center_26,center_27,center_28,center_29,center_30,center_31,center_32,center_33,center_34,center_35,center_36,center_37,center_38,center_39,center_40,center_41,radius
0.4490655850426629,0.1484097244479563,0.4721110037826761,0.3187162433591244,0.6285838448736404,0.3554156565467109,0.9172923186478414,0.23596355622119514,0.2503876632537779,0.11987129552249132,0.6753646841090667,0.06139302092405663,0.8198189256758139,0.3895895762849657,0.6794427771007143,0.9252077064569069,0.7637883331903574,0.2377351962752534,0.22226583380120568,0.48832876549873505,0.4869852657656194,0.7240520575607413,0.6304446772360399,0.85245772555713,0.2744242441028649,0.4889228276176272,0.0793804030355052,0.3789887915658352,0.31447879897156383,0.1299623220219106,0.5419893917707052,0.3049075081333197,0.5331818002625589,0.04819810698989746,0.29027254084931187,0.5927071328609331,0.7046667764950526,0.9538221017078832,0.42673161767271983,0.43370761847855754,0.6152456063740503,0.119125585938745,3.020420953995764
0.8985712484627032,0.7029073395038051,0.41713128325239823,0.9567808680839179,0.4266390660350158,0.46059610981425336,0.09853154676783904,0.36831092908250285,0.9317001056827307,0.7403899479898403,0.41326189117347834,0.8556624901164268,0.019404258003224872,0.010974634608818312,0.6075057841246736,0.6499983523373234,0.8143958213025089,0.9342180051529031,0.9525777946184765,0.9301274725610521,0.2692053760311981,0.8370172910088811,0.7168842001702932,0.4476601617536615,0.156655138144705,0.24624804862760263,0.648804064194418,0.039278490598350646,0.8403524096707412,0.8986937545520564,0.25646531782835147,0.022657139804785342,0.7808385222824937,0.48023654603350163,0.47057535959095,0.2316452570648726,0.3531502748747555,0.01905091919147317,0.8248280832815534,0.20348465734101218,0.21690211474134524,0.7647106719014478,3.3510818616968407
