center_0,center_1,center_2,center_3,center_4,center_5,center_6,center_7,center_8,center_9,center_10,center_11,center_12,center_13,center_14,center_15,center_16,center_17,center_18,center_19,center_20,center_21,center_22,center_23,center_24,center_25,center_26,center_27,center_28,center_29,center_30,center_31,center_32,center_33,center_34,center_35,center_36,center_37,center_38,center_39,center_40,center_41,radius
0.37545882512477524,0.06530415399859069,0.824151483052921,0.4865285091695608,0.7003199604081394,0.1439448067427781,0.42115776751213196,0.7425313080518264,0.5117712858628574,0.3188137856754162,0.768688796716058,0.46775942347210153,0.12391018151232602,0.9864920836298571,0.5608726884085611,0.3254727286402167,0.9024817544342424,0.29655925336691735,0.545611727271468,0.13712964830455554,0.8347443550571219,0.4535853988601757,0.8915090020326961,0.5344670488711187,0.36467861058221185,0.7182785777681859,0.15705937956699445,0.6265046692079854,0.6673057102082046,0.3397787691277607,0.8803257365161361,0.7789757981830046,0.3600454721304006,0.7131076507084799,0.09261469704358094,0.7752804119827774,0.17844724758391217,0.7200863759494885,0.10804567904554951,0.06791476896998594,0.042403115876712305,0.1136810371215714,3.22986043884009
0.8476710769564758,0.856695204912934,0.20560513285604232,0.03491441212658708,0.46241101472105806,0.352966366203208,0.6870897357313095,0.24995623142681,0.0662712988483587,0.8100594922226972,0.8273280524283211,0.921271912762892,0.8585146125988945,0.4244821057483209,0.9272904480717588,0.2489902990202968,0.18597341087779107,0.8890336896942868,0.40428247859938526,0.8364300172287983,0.04884981168485847,0.8038025217765744,0.02374459762094816,0.41618512925546647,0.7269281391771308,0.5834731806729481,0.5657271676533581,0.9248326608456792,0.31814749761051153,0.15549055058630412,0.14973590523985736,0.06346103191332064,0.39573879872524353,0.03079867725326979,0.5810825645918554,0.005369469081093592,0.8347062410962003,0.8215347491333107,0.2831957628616011,0.4842018194624097,0.655078327174064,0.6165744451755819,3.3189438026151836
