center_0,center_1,center_2,center_3,center_4,center_5,center_6,center_7,center_8,center_9,center_10,center_11,center_12,center_13,center_14,center_15,center_16,center_17,center_18,center_19,center_20,center_21,center_22,center_23,center_24,center_25,center_26,center_27,center_28,center_29,center_30,center_31,center_32,center_33,center_34,center_35,center_36,center_37,center_38,center_39,center_40,radius
0.76371084809184,0.9874409409986544,0.9822494975537752,0.05281295615044268,0.06698049548781615,0.14354702076450143,0.08030741700079469,0.15057710240612066,0.6849235798601211,0.8623370674776082,0.7759782073782078,0.4918421868376881,0.23623484641393644,0.40034049297127117,0.920915023727683,0.9259753439440882,0.2495655536958351,0.15165108893036383,0.718757906983133,0.8230599436585068,0.4235768135710637,0.24798519487829185,0.20384663812385861,0.444577749977799,0.2704144724301568,0.6005832032831068,0.7015949344095995,0.9108218955125845,0.9181824829380444,0.8814653083547181,0.46904023350055624,0.5381749933095487,0.9495280704541247,0.5585337250297018,0.11112155392879308,0.6792360915749575,0.026575821288891133,0.7699562927446848,0.5396145720933263,0.5056164138274478,0.5690097068124498,3.178844704609137
0.043132399898966,0.12047265184875833,0.0659671532215017,0.7734053008088403,0.5777850806300823,0.6710223145225874,0.16335072393467187,0.873552907733153,0.551656734612639,0.07462394152565233,0.08197770676812666,0.043960240593136524,0.887072006437298,0.9940762142220324,0.12562575669012366,0.13495641016983995,0.28100180890965487,0.769915478523373,0.8561804800061491,0.24482317953092048,0.8774480613938772,0.8977143407464552,0.492006164670559,0.9009337212642212,0.5357294522305467,0.4553315598560417,0.8342650181699591,0.3808758370397832,0.5222770732727802,0.8461415253137962,0.7348542976233537,0.7541602888159359,0.6023304632949327,0.972954801783097,0.3742784899083742,0.40608145842618326,0.7525766435540931,0.24019590487174547,0.46085260434693354,0.5662253610684795,0.8555448436890967,3.375374614960577
