center_0,center_1,center_2,center_3,center_4,center_5,center_6,center_7,center_8,center_9,center_10,center_11,center_12,center_13,center_14,center_15,center_16,center_17,center_18,center_19,center_20,center_21,center_22,center_23,center_24,center_25,center_26,center_27,center_28,center_29,center_30,center_31,center_32,center_33,center_34,center_35,center_36,center_37,center_38,center_39,center_40,radius
0.08597741658143188,0.10044373942670981,0.05712864913030358,0.7125905275270644,0.6471785089265228,0.7980505734263296,0.6235799699447613,0.1179346500284445,0.4783335416170845,0.8193233773338774,0.6696476124882245,0.41028560073026765,0.6279809239337707,0.9778482420620623,0.5989458578008348,0.972498285168925,0.4756896564178148,0.49713756766197825,0.45924508902976147,0.6708000633024049,0.654618788172279,0.35346298468902404,0.9935037935277394,0.8400965582623485,0.5345183060216058,0.931559063929264,0.7705060577989759,0.914518922221116,0.7503604347680134,0.4318517582420981,0.153088622694731,0.24616276678029936,0.22791227485713816,0.9667263400969611,0.8311328674212288,0.09549479789765924,0.8192155443183273,0.5828914886535367,0.06599194711424361,0.3354798589554888,0.16905231254880115,3.647608958696025
