center_0,center_1,center_2,center_3,center_4,center_5,center_6,center_7,center_8,center_9,center_10,center_11,center_12,center_13,center_14,center_15,center_16,center_17,center_18,center_19,center_20,center_21,center_22,center_23,center_24,center_25,center_26,center_27,center_28,center_29,center_30,center_31,center_32,center_33,center_34,center_35,center_36,center_37,center_38,center_39,center_40,radius
0.9037278323474721,0.03574968601877415,0.5155139004614298,0.8270251163558421,0.9924019755029414,0.3176069625546637,0.6263818649691326,0.9047192225924976,0.5905184921476335,0.5659113091867988,0.3639190512342251,0.012375997476382183,0.5716847635546854,0.20752837572765415,0.44965155436876425,0.5029413949429461,0.8973837716805102,0.7793989832723126,0.38122585505488626,0.7578942189897124,0.5470631333103179,0.8036585677629879,0.42875089717108605,0.004150252932069609,0.9868807233905097,0.9117727496918245,0.09402265235380125,0.5988887113834929,0.4348287199281613,0.8387621299556962,0.014751707689526161,0.9835012910726334,0.8039999916079268,0.201824356156303,0.7831889209616494,0.18151485959856806,0.08254641836808851,0.352978234838605,0.14279410080430244,0.7399760540062585,0.3992981527262116,3.445925580538059
0.4172756529626356,0.9679672504653734,0.03503007128464475,0.7202446834856456,0.1264808561356866,0.05933371850342395,0.8865044632164353,0.8912863795021191,0.1606652549509221,0.11739595418706261,0.8447674052582377,0.9521293635905395,0.30087750958957005,0.6824505646199198,0.7809512120338277,0.2329536140959535,0.3320025339925855,0.07384106045722139,0.4920064314224204,0.053019064231664914,0.17786404780418252,0.10361899982674871,0.061555982518715635,0.37371627843607247,0.5726948919487377,0.7986068793035636,0.7730977391120717,0.6874307424370987,0.638039030036471,0.1410820781012868,0.9207334227254487,0.7386074860760653,0.3784363737627592,0.9457308486376582,0.3204186299633166,0.9764730472355722,0.7720553588384791,0.9515802387774599,0.9494614233051895,0.13901862787736086,0.7602017193033107,2.913972881443827
