center_0,center_1,center_2,center_3,center_4,center_5,center_6,center_7,center_8,center_9,center_10,center_11,center_12,center_13,center_14,center_15,center_16,center_17,center_18,center_19,center_20,center_21,center_22,center_23,center_24,center_25,center_26,center_27,center_28,center_29,center_30,center_31,center_32,center_33,center_34,center_35,center_36,center_37,center_38,center_39,center_40,radius
0.8327690254079618,0.7362630422396959,0.034819859241955076,0.7153688974223633,0.9738674715188497,0.4251551024006359,0.47549176673922877,0.08652287298920536,0.37229833913366983,0.6254387584341229,0.7078429763626516,0.7761100330813339,0.10421315838995882,0.06479851909273948,0.018911000243921783,0.6652737908783252,0.9430894585704639,0.04885006074323672,0.904781015948967,0.686079264190428,0.2496856483338905,0.24659738623257776,0.6099216413706324,0.7415882291573063,0.2250429795548997,0.6838137995860266,0.6783859420887312,0.7673251511522299,0.5818787447388033,0.5162504885190903,0.07943535064412488,0.47193557911697215,0.008570998474558333,0.9104223923265511,0.36614211806023034,0.7500165775117189,0.7640796870455621,0.6806821269279115,0.9752105445164165,0.7518182775751084,0.29485904503209415,3.33916005708989
0.2636920147917895,0.0353759436909713,0.7831950948505766,0.1461917258946901,0.276662619840513,0.9421787457324373,0.3166858527917592,0.912700593173794,0.9122240570945203,0.04040227834050636,0.14561243485081898,0.03292076734312188,0.8627311212310902,0.8274363253287846,0.9021830179024735,0.6669688183515405,0.3463179817474137,0.5518885714902784,0.3083722869138198,0.6282635886704018,0.8976689096927375,0.6323415813177039,0.55566062750318,0.7230205603492968,0.8164153640583713,0.47636192015232215,0.1364946206611003,0.22718818643657523,0.44207680389884263,0.5595734952481634,0.9018732482756739,0.23187575105536284,0.4287276997292243,0.45051076106513854,0.6838419616299194,0.5304427452101967,0.0522468774839836,0.759989493767466,0.37345177096674553,0.5139490515019693,0.48720202787902966,3.5979909937381356
