center_0,center_1,center_2,center_3,center_4,center_5,center_6,center_7,center_8,center_9,center_10,center_11,center_12,center_13,center_14,center_15,center_16,center_17,center_18,center_19,center_20,center_21,center_22,center_23,center_24,center_25,center_26,center_27,center_28,center_29,center_30,center_31,center_32,center_33,center_34,center_35,center_36,center_37,center_38,center_39,center_40,radius
0.5527920835181226,0.6543521341982604,0.883675907106026,0.05208020989580098,0.5864759370635982,0.7682419540971857,0.8320412760520901,0.2178796023588837,0.8331766658881136,0.956742481139012,0.42066984202051083,0.1761935845379312,0.02075453334443811,0.38738908310191333,0.09344419605437881,0.4391796045709204,0.14615308457325038,0.12006651759294307,0.5643038891652364,0.11006106554372364,0.30715615781307704,0.0018495530098470159,0.23741834327271316,0.7669123421090467,0.8283375352334263,0.4390069126919405,0.37040496792310207,0.9703759501074946,0.3732567495578851,0.47502913340751096,0.8726486468643008,0.15459281092018107,0.6829983089622995,0.3831755212967267,0.3367408819242822,0.9176724075795758,0.4995325631129859,0.533796037245292,0.915684033685597,0.699435037339297,0.7362411630769967,3.072525397118946
0.2660673644372069,0.6962478336406338,0.0598117376228785,0.5488734767446364,0.2519507184011265,0.39823346643167734,0.5144401550767222,0.42390529321275483,0.057454343900559146,0.1731606049703589,0.20684431336646303,0.26916915435733835,0.8759369409118987,0.6097812321914604,0.7887070607994262,0.9433721724112111,0.802225075037477,0.9004246810180296,0.023177175890184643,0.5308162648844762,0.9165644713725369,0.9935762061416937,0.5524435975625203,0.16448650897073902,0.5831628065116945,0.8065635850668728,0.9617089666344444,0.20349376968270594,0.6781359595335046,0.9840998199289912,0.7377738896212342,0.23887326543274767,0.16952036927786296,0.505075599224026,0.44458153611239426,0.3752164060894414,0.28948316068047186,0.31920003319178225,0.42502200044802785,0.9201940856477003,0.7830905862585334,3.2103915107030008
