center_0,center_1,center_2,center_3,center_4,center_5,center_6,center_7,center_8,center_9,center_10,center_11,center_12,center_13,center_14,center_15,center_16,center_17,center_18,center_19,center_20,center_21,center_22,center_23,center_24,center_25,center_26,center_27,center_28,center_29,center_30,center_31,center_32,center_33,center_34,center_35,center_36,center_37,center_38,center_39,center_40,radius
0.7354867082244485,0.8958930853549951,0.36753800738796516,0.049626542264496365,0.41394656719157463,0.08209846667531906,0.3243711678824873,0.6422414694536738,0.21532509436783487,0.28300516545360643,0.5683775952619048,0.25973062314554796,0.039350640264091186,0.7962578742252652,0.3667073546017253,0.6530935918436074,0.37122643616265616,0.29080612327342825,0.6265048580544703,0.601348770210981,0.43793267897032206,0.3398724583025112,0.26292824118025404,0.08727878314416926,0.35889796498344906,0.9299146624346762,0.7204624038917251,0.8196848441941239,0.17993625286034165,0.1760816755182566,0.5526895360876553,0.9259833179570515,0.0191955516184088,0.8595891773952169,0.2971091104209024,0.10461811947543087,0.9633230111778841,0.9168278097099,0.5720067580038947,0.23206379378830122,0.08623524975684438,3.0264811563504526
0.8121649242960437,0.7922998543638919,0.24941063657110274,0.9924975547709262,0.9759194213699259,0.7735128252267952,0.9799915924201847,0.08113719063354385,0.9516441860038518,0.7287890870059206,0.8570376437745103,0.8615963223249041,0.5913206171867196,0.9563348946679606,0.4746866091294982,0.6061130500961242,0.8634973422860791,0.6207896835677273,0.7399540290445791,0.7773224533425777,0.161771115389985,0.8843722128150496,0.10034751916031137,0.8752140259293142,0.2116846158602751,0.3893752104175401,0.6151939929105434,0.7945156599443286,0.5546030722323982,0.15245001877051823,0.5527166263321845,0.4718079009433438,0.166225809803071,0.1544054208837573,0.38737649304542987,0.875377282240171,0.7774908210578048,0.2069640831598346,0.1770245451132758,0.9935820365716446,0.9342477217876776,3.6841277861627537
