center_0,center_1,center_2,center_3,center_4,center_5,center_6,center_7,center_8,center_9,center_10,center_11,center_12,center_13,center_14,center_15,center_16,center_17,center_18,center_19,center_20,center_21,center_22,center_23,center_24,center_25,center_26,center_27,center_28,center_29,center_30,center_31,center_32,center_33,center_34,center_35,center_36,center_37,center_38,center_39,center_40,radius
0.03324867779091323,0.8417859241091168,0.9848313622560211,0.27932274422174463,0.9624893663944828,0.7783507121579115,0.43424760732373635,0.9102339253833017,0.594772414603511,0.10267894309637626,0.5224045472393939,0.3810619497034047,0.5212228952155251,0.868385184204301,0.8222028095485459,0.44758261572189684,0.790194436403917,0.07333754132552073,0.4503102699448225,0.9366907625536137,0.07754954300233219,0.7575722829655595,0.49664897431215294,0.3561797908305626,0.7530428197376074,0.5441278583895836,0.17802773380224224,0.06257096677603302,0.9136031215678645,0.6156852596793724,0.7533260381381363,0.711088017327357,0.47289488611027897,0.3097964402592974,0.11811175388255635,0.7026930859261595,0.35761765177334803,0.8510630674091577,0.21331500861919128,0.9626160704111975,0.919703312090165,3.4552020281018083
