center_0,center_1,center_2,center_3,center_4,center_5,center_6,center_7,center_8,center_9,center_10,center_11,center_12,center_13,center_14,center_15,center_16,center_17,center_18,center_19,center_20,center_21,center_22,center_23,center_24,center_25,center_26,center_27,center_28,center_29,center_30,center_31,center_32,center_33,center_34,center_35,center_36,center_37,center_38,center_39,center_40,radius
0.47123910250615075,0.41622841337972016,0.7641885033726685,0.7875664215087488,0.5319850709191343,0.0026852211068830734,0.18549419910309095,0.9984822980592625,0.9486275429802743,0.6549566656739997,0.5070026220749512,0.3053311233225309,0.691400303386275,0.8410847890664552,0.6169087771781233,0.06499591877417232,0.9948473939491841,0.6694553256173607,0.9664960123261357,0.9100045216577863,0.7748340543297129,0.18838609544859297,0.5887871250880408,0.13635413129225515,0.8164661852295259,0.8028533976800719,0.4469443110645368,0.32750245411046874,0.40460725522450225,0.9947308547479522,0.3194829218345022,0.2429173846045949,0.5984927729561181,0.1543841228617283,0.9678368007618972,0.819690527252562,0.6108378509505725,0.43564278562902026,0.4510301604531701,0.37015370165883166,0.5483350068619822,3.565962067250709
