center_0,center_1,center_2,center_3,center_4,center_5,center_6,center_7,center_8,center_9,center_10,center_11,center_12,center_13,center_14,center_15,center_16,center_17,center_18,center_19,center_20,center_21,center_22,center_23,center_24,center_25,center_26,center_27,center_28,center_29,center_30,center_31,center_32,center_33,center_34,center_35,center_36,center_37,center_38,center_39,center_40,radius
0.6025227624989264,0.335495527358212,0.6993872523780057,0.9711297921566333,0.7918953516910618,0.6179024168994637,0.3277490441552514,0.9563564835519165,0.5626765633601688,0.2442684443074814,0.03913288164457296,0.5684076384829122,0.7153378595953064,0.1267422812080875,0.015433812159355798,0.1537667207087352,0.009883010835965322,0.22258274082742913,0.7645949119731845,0.4363495073104291,0.6701571905658532,0.6759433191551437,0.3989942053791705,0.14944816271596106,0.5511201513706171,0.5463880157726139,0.3796418318381244,0.7376246421177628,0.7875151287014714,0.1165070376664924,0.8311756275331689,0.09179239594835054,0.5349334089263317,0.5880700149580417,0.9486761413441538,0.06153986971475267,0.7368408755564273,0.8523354704999064,0.5934167177796738,0.597962267985665,0.3087661631351556,3.0130179734035143
0.4058365059149277,0.986595244066292,0.623867124536428,0.03163897626938794,0.39555935959939503,0.9784470084611374,0.9126911986015187,0.06039459795139146,0.03131482139361008,0.8066224630130319,0.8218756063732338,0.3852614965925756,0.7404560636274248,0.9611220055590468,0.3406095700991417,0.6515879280421764,0.16810805351729963,0.543437220996161,0.30824170821368757,0.26041939764986144,0.748727354974297,0.6407021866399338,0.3031895882434664,0.9038459515750082,0.09108978043847715,0.7113749455315037,0.34022988024192435,0.3206942719742033,0.1677095260292758,0.9272887894850399,0.5844577263925469,0.9843388772310461,0.4298323502097604,0.5397703230975235,0.6750206038193771,0.03356132879020479,0.6418090188764356,0.06275080838264435,0.8883757914160302,0.440102954603497,0.4367403141406163,3.4660497431313706
