center_0,center_1,center_2,center_3,center_4,center_5,center_6,center_7,center_8,center_9,center_10,center_11,center_12,center_13,center_14,center_15,center_16,center_17,center_18,center_19,center_20,center_21,center_22,center_23,center_24,center_25,center_26,center_27,center_28,center_29,center_30,center_31,center_32,center_33,center_34,center_35,center_36,center_37,center_38,center_39,center_40,radius
0.3303522570781251,0.14557142568593862,0.7431866464985881,0.4351866765216408,0.9576821242092828,0.9474732449383149,0.5332359061079311,0.6828564349047184,0.14721784777980362,0.07963366311398223,0.510316569325269,0.533517836156304,0.22741578608404167,0.7478551068176682,0.07414930460305857,0.3249087127159056,0.9882631425337891,0.01878873889454613,0.5437324821831081,0.5779145693157381,0.8234809967318181,0.5678043874695913,0.42789749551505085,0.7432078970999131,0.4817223100198268,0.15811321864335937,0.3707247514957165,0.8505511281468269,0.025208179850833123,0.3130784674526137,0.6768104038111449,0.08108563495557142,0.6668656497975203,0.4649288768748763,0.7712618428383285,0.5456928511925498,0.05030780043884864,0.14469210179426129,0.431234387129126,0.36948695519500807,0.18105961376553859,3.29633559330189
0.16262776848974203,0.9547734741216177,0.21065312577168915,0.8842542930002911,0.05424043324740624,0.10616322319016602,0.9438979562576938,0.04794478374560285,0.19337309673096748,0.801772708311649,0.10282757988236613,0.6560238786606953,0.9626385516037663,0.8736101682829919,0.8994455783664363,0.7037607596670691,0.07049268371321782,0.5380510782071938,0.9367473102867165,0.05198210204512255,0.5995554026483667,0.9279857711147761,0.9672416192173147,0.8828438057476018,0.09136048178097456,0.5865230828339971,0.41578508323506314,0.5181871626576121,0.8682998808162719,0.9925571626338925,0.11107990774807253,0.9686955150186826,0.28116048917699954,0.3637742406009824,0.9380630177915295,0.5561542246763931,0.3885708218218197,0.6903605268907436,0.09835500874342118,0.048737364871696665,0.4117028749990106,3.463718341795387
