center_0,center_1,center_2,center_3,center_4,center_5,center_6,center_7,center_8,center_9,center_10,center_11,center_12,center_13,center_14,center_15,center_16,center_17,center_18,center_19,center_20,center_21,center_22,center_23,center_24,center_25,center_26,center_27,center_28,center_29,center_30,center_31,center_32,center_33,center_34,center_35,center_36,center_37,center_38,center_39,center_40,radius
0.2927830800835831,0.10557031879466638,0.010244565269157402,0.6501443695358778,0.4254703123974266,0.24788174971985788,0.8397847578052162,0.1541064273621221,0.30725458222516455,0.8128675150444187,0.9400874790168496,0.32081319290327504,0.7612419082713483,0.22425981516281168,0.8057248031951839,0.8732584163029489,0.9364431124093112,0.6251162431571852,0.9890386580232766,0.6625456787080827,0.533384295831454,0.671147058605533,0.7039250419500818,0.17081340042333737,0.8797441071203174,0.0193063815257013,0.7798874958335028,0.04836180355024455,0.8759249862530545,0.06970780569400903,0.3193614408458585,0.2594129389707187,0.6860524831583972,0.6698305041150716,0.28586809838630733,0.8770299024142173,0.002939766722434789,0.24370372044116118,0.9250565497017611,0.996230979902875,0.3492664842753215,3.4928552837149525
0.689613834237283,0.8898309199222494,0.5127967700995502,0.3507139862288603,0.16874408454134648,0.928478192450925,0.6222395531431439,0.7381323438705796,0.09379170542229398,0.7165362487722627,0.21014351873934267,0.8538895717092656,0.7886828224892495,0.8237377230082936,0.986975034706027,0.1751675150398131,0.4317576312264678,0.42424430727409135,0.46500321882091245,0.08277789170204086,0.46599357389095664,0.20049995260385078,0.1557825235914686,0.9692572680723992,0.3639278791124706,0.9268688712628401,0.5061207122218688,0.30286289575571324,0.16011047316112426,0.8263190992231249,0.9974527649891926,0.9836300123351513,0.902142007505612,0.09498175991611568,0.04122354349776547,0.14921236456984333,0.9984324539494543,0.5896759728215962,0.05906992199909511,0.356962815188099,0.8209566767869914,3.3946382776444044
