center_0,center_1,center_2,center_3,center_4,center_5,center_6,center_7,center_8,center_9,center_10,center_11,center_12,center_13,center_14,center_15,center_16,center_17,center_18,center_19,center_20,center_21,center_22,center_23,center_24,center_25,center_26,center_27,center_28,center_29,center_30,center_31,center_32,center_33,center_34,center_35,center_36,center_37,center_38,center_39,center_40,radius
0.4381492324580767,0.1569274103535624,0.32923545032671775,0.4885429875007432,0.22122224206881314,0.3242347630463329,0.09966704622205536,0.7115756640307772,0.6678960740385209,0.3054892589124403,0.11824588590802632,0.2543392574068043,0.6848182604255392,0.8693895600823617,0.8902465628079803,0.6605516017984048,0.6423877161259658,0.034422132404273054,0.5099193516713865,0.6474951328424013,0.32765777407547814,0.6691257297067494,0.7872862553765826,0.2735388891295265,0.5216419876594438,0.24836498055450884,0.3805264891073452,0.14009874632619512,0.20939393702578635,0.08938756140476622,0.8766873927618871,0.5071182280320354,0.5783617356678757,0.39404917587338917,0.9647255062523638,0.4622882784350548,0.748530735956227,0.7576227067633101,0.09866765927266508,0.013983460927466829,0.7461015041765383,3.0928727534542864
0.028204785102113106,0.3997599346294035,0.9511008850724233,0.7968312763108863,0.8611258433379945,0.8709800641607216,0.9160148056177835,0.7156530492310139,0.8818132883710115,0.8318232655019834,0.9185663187420294,0.89755928681432,0.4335192055572221,0.4752240396780161,0.1790790863277466,0.8143643263562639,0.13753328439432178,0.3074358666266196,0.12267256576407592,0.7863725034634981,0.764356983978467,0.16713049651096656,0.22828874704178082,0.9167080151222751,0.8790746049715642,0.6997379065960887,0.9845292923198435,0.4109168997286128,0.046853328113979575,0.9923093657635818,0.2122482340772155,0.12970043290588007,0.36497592893533415,0.9627631290678449,0.2537855321149318,0.5118765850138205,0.8365059040372881,0.030686616183686066,0.4449406479851885,0.9005627365222939,0.8858871744631156,3.740497010700544
