center_0,center_1,center_2,center_3,center_4,center_5,center_6,center_7,center_8,center_9,center_10,center_11,center_12,center_13,center_14,center_15,center_16,center_17,center_18,center_19,center_20,center_21,center_22,center_23,center_24,center_25,center_26,center_27,center_28,center_29,center_30,center_31,center_32,center_33,center_34,center_35,center_36,center_37,center_38,center_39,center_40,radius
0.5496033401294929,0.8153071809049122,0.7940867319399217,0.6515261298806845,0.9959038380430428,0.42623094091846847,0.22758558678913787,0.5679119906638156,0.6771426584421307,0.8156839409189536,0.8445395936826747,0.748890805166246,0.38457647834709985,0.6665306624787557,0.8781948099760698,0.30301105405477535,0.5783235796968337,0.12777759805237598,0.9285795651761986,0.18057261589434837,0.3368208364724191,0.7135996020336832,0.11946304280926967,0.8771244950054028,0.543790758788766,0.5870713819795649,0.07647627871921836,0.023690387355333575,0.9480499851901271,0.6544191150455718,0.7833477779729306,0.33393568668483686,0.5514052496857668,0.13835816661695377,0.9343630060749907,0.8649074962498758,0.7682527589187407,0.3820040021147225,0.7848375665606476,0.5760112577421195,0.19478183357159784,3.27538278082765
0.4290788453119153,0.13511952331242216,0.6123853914362019,0.3820101389336257,0.2310778837790387,0.10164387923081442,0.9269363036079366,0.6880921688859787,0.18293479663412826,0.2960095215185664,0.2560219943792277,0.057371713767955024,0.8194229050136387,0.6375479896929381,0.34575332608408704,0.7134272317997546,0.60769739284578,0.7847944346642713,0.3706323152680677,0.9200306129885994,0.9964130239474492,0.5626863393572368,0.4709699377667462,0.08649803104224996,0.6404047351126139,0.6937889191135543,0.7005107902409642,0.5891296842014906,0.32344711449896246,0.861151971933049,0.16690995913427542,0.742048690582624,0.5617333031485607,0.8415108394055818,0.4303568911427522,0.04468617475172898,0.004079024129595155,0.35571084829790045,0.5600264680850028,0.062478695899084946,0.8979357101679166,3.166861300181342
