center_0,center_1,center_2,center_3,center_4,center_5,center_6,center_7,center_8,center_9,center_10,center_11,center_12,center_13,center_14,center_15,center_16,center_17,center_18,center_19,center_20,center_21,center_22,center_23,center_24,center_25,center_26,center_27,center_28,center_29,center_30,center_31,center_32,center_33,center_34,center_35,center_36,center_37,center_38,center_39,center_40,radius
0.8176713577207253,0.02476873463140783,0.9516071931134991,0.11649245981646494,0.18700045524174558,0.5015233237854703,0.6852212172926793,0.45610650633408323,0.4704969346392919,0.8732976949115911,0.6028975632066917,0.43517251062857953,0.29522855775060897,0.6744685998260993,0.6991738654981481,0.12413747975683898,0.5688563956614695,0.5656176957891205,0.007824136388244307,0.6587078232960693,0.03402277875697257,0.88013511011036,0.7092751099552407,0.059483012321170925,0.7400275374775754,0.9181415459867935,0.659744687421131,0.6154672825179262,0.6477874509434777,0.5899291403929239,0.3548867187008109,0.7403748395806855,0.2979301194348727,0.8506875785938015,0.04170634517271221,0.9231572263707245,0.5511343865839875,0.7436991704476908,0.28671766180200287,0.5489072982585752,0.5237765188681214,3.4265937315401067
