center_0,center_1,center_2,center_3,center_4,center_5,center_6,center_7,center_8,center_9,center_10,center_11,center_12,center_13,center_14,center_15,center_16,center_17,center_18,center_19,center_20,center_21,center_22,center_23,center_24,center_25,center_26,center_27,center_28,center_29,center_30,center_31,center_32,center_33,center_34,center_35,center_36,center_37,center_38,center_39,center_40,radius
0.49743400896179946,0.12789915593797108,0.022579238103295762,0.4992242914094791,0.8547992844707375,0.3139681159475016,0.8022968046029032,0.8593677283871163,0.8534656530018113,0.7675700906859579,0.5970130568297527,0.17930228690414018,0.9671830167925245,0.7353421323922213,0.7437543162712282,0.7167173963786357,0.5277427306811678,0.824622270621647,0.6396873474280628,0.18190653316216987,0.44251162713666226,0.49377552055907603,0.4725161820424647,0.21257997057853306,0.6057249729590057,0.15459888985254588,0.902712324217529,0.2933939197128562,0.5741962509959161,0.8431230305255529,0.15799523012176941,0.5498602961515817,0.09559242855922911,0.16012603517904878,0.6420228066275454,0.9642694203481532,0.3749302096179148,0.580268709223079,0.5116109084837671,0.5512157531010657,0.4004701657876958,3.611970532499318
