center_0,center_1,center_2,center_3,center_4,center_5,center_6,center_7,center_8,center_9,center_10,center_11,center_12,center_13,center_14,center_15,center_16,center_17,center_18,center_19,center_20,center_21,center_22,center_23,center_24,center_25,center_26,center_27,center_28,center_29,center_30,center_31,center_32,center_33,center_34,center_35,center_36,center_37,center_38,center_39,center_40,radius
0.7811753261228297,0.811023741196754,0.8238685071429515,0.8790154016612172,0.2734465795241604,0.9285565708856619,0.09466254011510222,0.42046371273400396,0.46848783866637533,0.7017126628073345,0.6752998894816061,0.002375363331159064,0.5212817723698799,0.12604662883169215,0.4704783464264085,0.9535903295349463,0.17615085487264726,0.0065623742412900254,0.45110564906613637,0.6500927823186142,0.7251895935785942,0.5604962235400602,0.490379123329045,0.6914972991132649,0.7302371306530696,0.8182897007083952,0.21427369653634354,0.6909257030682837,0.23229323506544475,0.05994950726956594,0.8215632556410775,0.24379453677897311,0.8284374631373752,0.5689486297708913,0.6944901802807025,0.31705528772513214,0.7751494072471447,0.8857782073979837,0.08640246992800238,0.9348771247234989,0.35519967508958983,3.561290898852837
