center_0,center_1,center_2,center_3,center_4,center_5,center_6,center_7,center_8,center_9,center_10,center_11,center_12,center_13,center_14,center_15,center_16,center_17,center_18,center_19,center_20,center_21,center_22,center_23,center_24,center_25,center_26,center_27,center_28,center_29,center_30,center_31,center_32,center_33,center_34,center_35,center_36,center_37,center_38,center_39,center_40,radius
0.6685090954028613,0.04530597401377545,0.7199681915115197,0.14593239619251475,0.7935890475046137,0.3600606886916573,0.2712128786348512,0.8260166513668082,0.7505388363771006,0.5315823487439473,0.12688625100358408,0.6723440249027529,0.281331774477674,0.47598157825890164,0.21885858310106276,0.9819744967126255,0.4463173043909815,0.9918299917320967,0.9319009940006685,0.6292865005002103,0.9436973214604568,0.7292261202695962,0.12024333256182296,0.528797186244938,0.5554369240230743,0.5955752558621843,0.2932704630423726,0.31813004088723196,0.36996553052368175,0.4136832000830787,0.1800969990268978,0.042519530378355874,0.21558562085037714,0.6863980673049229,0.7646569766238058,0.6592443404998716,0.49609757139543553,0.04898265929557921,0.9153372662887688,0.995304886520708,0.4738095649006071,3.6316029888651697
