center_0,center_1,center_2,center_3,center_4,center_5,center_6,center_7,center_8,center_9,center_10,center_11,center_12,center_13,center_14,center_15,center_16,center_17,center_18,center_19,center_20,center_21,center_22,center_23,center_24,center_25,center_26,center_27,center_28,center_29,center_30,center_31,center_32,center_33,center_34,center_35,center_36,center_37,center_38,center_39,center_40,radius
0.8909214599143078,0.9988390763156518,0.24385704337575032,0.8864029949094456,0.805767124656999,0.7014925366248314,0.8616948256566341,0.4943924831093839,0.5042207423195053,0.6343138046027693,0.15721133462076364,0.8941330604995062,0.7726717025409355,0.2249771154274195,0.11774116622673558,0.05253742403598283,0.11899411501529178,0.40990379897819784,0.2692270801671066,0.2706119409270116,0.290218482081503,0.914786917309354,0.1918094923731286,0.019930014759348413,0.7708665947873465,0.7595121984912189,0.15630746745245716,0.1136979217318762,0.33507580855337227,0.4588255149923205,0.7633674102522443,0.3427264274730031,0.4400446749246897,0.6554162984532304,0.9894023327124973,0.6985262611792113,0.5294427217730403,0.40190455730617414,0.44670861616984014,0.13211281022873667,0.5322914566962438,2.9721930937748846
0.6000725990809233,0.02780837150894888,0.7292396692535191,0.051477827817680066,0.09003525607658147,0.3483864073903259,0.5616873816717315,0.8768151263159853,0.5228775772253696,0.5862666262794817,0.674144466986427,0.34016470931278764,0.3577055755988289,0.08285578980282449,0.8890082798140136,0.40706435549470843,0.9489442051239206,0.8499446459573171,0.9117478901213147,0.8145670337449379,0.08386342777453326,0.9816161270518518,0.039343808877984054,0.9888195759799141,0.9366539660187293,0.7097408506811208,0.23486943579259212,0.4399373067596175,0.551573933209171,0.6884005482362369,0.07927515502777294,0.1161407952514496,0.07626346317409793,0.9173734993768851,0.24021739612152104,0.31495293927823187,0.9305858544763093,0.9182455669536436,0.0162699552642932,0.6213334402807908,0.3081957177413712,3.561253530928327
