center_0,center_1,center_2,center_3,center_4,center_5,center_6,center_7,center_8,center_9,center_10,center_11,center_12,center_13,center_14,center_15,center_16,center_17,center_18,center_19,center_20,center_21,center_22,center_23,center_24,center_25,center_26,center_27,center_28,center_29,center_30,center_31,center_32,center_33,center_34,center_35,center_36,center_37,center_38,center_39,center_40,radius
0.551279737617915,0.9291086941693686,0.15518317483395705,0.9533618993503178,0.946794189796012,0.34595352481151986,0.03882027028834745,0.6252342717903051,0.16819653332204276,0.7437555605613413,0.5931203974323274,0.43631409821422806,0.16072746351437384,0.891215752234915,0.4738869517508385,0.42392441732846264,0.5124113948446464,0.44477179796760713,0.6809821429873597,0.5385778627104643,0.5409817674161352,0.4791498598320887,0.28487745880932525,0.9474810180156787,0.5276524466668386,0.5866327156063117,0.8577089978335485,0.8276249871956357,0.42320013152533265,0.5146899205605019,0.5552287094363608,0.5865717746750163,0.04541084406517548,0.5098086626878463,0.21459107677872669,0.9933908529358922,0.772509088075324,0.5001951697011201,0.42617356545222407,0.45171919018188944,0.6135773990759091,3.440470682106187
