center_0,center_1,center_2,center_3,center_4,center_5,center_6,center_7,center_8,center_9,center_10,center_11,center_12,center_13,center_14,center_15,center_16,center_17,center_18,center_19,center_20,center_21,center_22,center_23,center_24,center_25,center_26,center_27,center_28,center_29,center_30,center_31,center_32,center_33,center_34,center_35,center_36,center_37,center_38,center_39,center_40,radius
0.96376044839647,0.06966846958161599,0.7470914380277024,0.25625655131308334,0.48041140332201615,0.10540685704417951,0.3695736997519975,0.00522415579978508,0.3503588737192592,0.7549383385393875,0.3831934524189411,0.19911332520411595,0.20222457773747027,0.715977732235131,0.2048872014478873,0.43641318079014857,0.8797867568525086,0.4115954874260618,0.7864371338454433,0.2951794696457316,0.9748719764766516,0.42885687435261044,0.08263134507051995,0.02384313549381112,0.6015182834945788,0.708961945449233,0.7182868294764015,0.8118695504333893,0.7844311442397894,0.14253035070390985,0.5985583732453933,0.1890282591481386,0.3352284446119891,0.2760607726059129,0.9164479486172205,0.24205752801107483,0.46937268605232607,0.967808669913169,0.8684392148699484,0.7802315456035925,0.4934295678568379,3.2144733332579913
0.04855683927369003,0.7535313466112574,0.01315842843071835,0.4781976479292236,0.9379924905385312,0.9342264027274385,0.2597623161080158,0.9172606327949391,0.35855291486131025,0.11484440358233239,0.9680365340726084,0.9174608624558881,0.605600928087026,0.9519230327978065,0.3782260271363791,0.8202702266182895,0.29108070877189085,0.0751005691460952,0.9038199716204772,0.8467432222424837,0.6500212904666979,0.3609794212616477,0.8290873616054212,0.5136359109180193,0.42138129497246224,0.7747091164961336,0.07747754705799559,0.1904777866659645,0.0942801114675138,0.5695574311053537,0.27039976773839114,0.8378888019391059,0.4625745856575353,0.9617352579419202,0.32612956921804215,0.4223908667185151,0.5857743993978979,0.3788239206459201,0.8752795756625013,0.4369663980285988,0.2704514505655321,3.2568349460875137
