center_0,center_1,center_2,center_3,center_4,center_5,center_6,center_7,center_8,center_9,center_10,center_11,center_12,center_13,center_14,center_15,center_16,center_17,center_18,center_19,center_20,center_21,center_22,center_23,center_24,center_25,center_26,center_27,center_28,center_29,center_30,center_31,center_32,center_33,center_34,center_35,center_36,center_37,center_38,center_39,center_40,radius
0.6507156650372344,0.5212738740265352,0.10942643692672382,0.5835101961432088,0.21872029222365386,0.8063631767718074,0.5979071383263265,0.059832618470138654,0.33336666305091534,0.35217865364971124,0.27424128689937055,0.906094247412295,0.08640202518283802,0.449878195826222,0.37730840140040056,0.5673642910477831,0.42690285296422514,0.6972133175644621,0.11822102136505008,0.8675704911184935,0.3700786410018748,0.17224486446700493,0.5315433786831586,0.7904135442944271,0.8638909363352645,0.3095838915849618,0.679745512062157,0.545582524476113,0.6679346173871074,0.563121677688075,0.431019510056033,0.06494449742649466,0.7460052048461432,0.5092001454177514,0.20216367423878467,0.9723613895853742,0.7469213436505451,0.16397318142850936,0.5785602299113364,0.3778641170574577,0.14676073481373741,2.8948686981588407
0.017575921650408777,0.5787596189925132,0.9524936934157618,0.6916876504097725,0.015419422292721308,0.44444724123535684,0.7841781460213307,0.8531533474165397,0.8233889633165762,0.23125926720293855,0.9035753045924709,0.12319703002840754,0.8058728558802128,0.19310665245085623,0.11704857648989608,0.6497945077470911,0.585718900875406,0.2620759316628559,0.80537345044996,0.2441853443576012,0.9620959858858363,0.3360103343342733,0.23255874818590194,0.0065420535779457945,0.38419643277828575,0.42902996779790403,0.04539031049829456,0.9276729570927806,0.014258897453562791,0.8432796071271097,0.8120736987695836,0.670102877056428,0.13066820911593302,0.5430537268059024,0.36883660920976424,0.42213496642237014,0.8318575644696173,0.6998161930858211,0.27964145450631495,0.20365400216806206,0.7721441518811948,3.2865404276392254
