center_0,center_1,center_2,center_3,center_4,center_5,center_6,center_7,center_8,center_9,center_10,center_11,center_12,center_13,center_14,center_15,center_16,center_17,center_18,center_19,center_20,center_21,center_22,center_23,center_24,center_25,center_26,center_27,center_28,center_29,center_30,center_31,center_32,center_33,center_34,center_35,center_36,center_37,center_38,center_39,center_40,radius
0.37512368947202523,0.4071227251143922,0.49698968465912985,0.00875166133572014,0.7610501724947868,0.6606040892745364,0.6313014620647025,0.23123187984405602,0.07775311097582494,0.12353649810346479,0.7918922532163314,0.637467658298303,0.9768818916193799,0.18270608368511032,0.9705862991099173,0.5164822169337832,0.21812916380737235,0.9389943087231005,0.33143956282649323,0.8501639407520998,0.3819907987275618,0.9569218743553884,0.4925836391526831,0.07098503686966351,0.12931567197981841,0.5078184933065298,0.04226031411363762,0.930850490955547,0.858823304503301,0.3760051344155233,0.6464900384976454,0.09509630679842007,0.5434453765647939,0.10721203060075168,0.31054690465596657,0.5297375203027712,0.5205606758014998,0.9167893930606666,0.6727469821777853,0.050566761061113685,0.18371833943338378,3.3449654699919895
0.7825592383780909,0.43282538468838294,0.7047351179021258,0.6563313897095305,0.320901010367341,0.04898099572037751,0.25996854522268653,0.06994462701136783,0.9629129348597952,0.9479807280155419,0.0022652123994592044,0.4344051496091199,0.06748726215945522,0.8805603886081621,0.5153842529078407,0.7166580104663723,0.315974432961853,0.06746777705685014,0.7338095273824708,0.30762257777335056,0.1419085616864848,0.7385811324459722,0.017103050027618028,0.9100657850377203,0.9469747789305987,0.05919961702208165,0.9231696912340016,0.8882173680369001,0.2579745593830831,0.8850864067605329,0.3457985202385738,0.9226147600043498,0.918833317128491,0.5214467778687928,0.17420691439105063,0.8234939411038182,0.11191048201678211,0.13125490659767336,0.9904889890118689,0.20261944087095196,0.8768330664349446,3.3100840258791844
