center_0,center_1,center_2,center_3,center_4,center_5,center_6,center_7,center_8,center_9,center_10,center_11,center_12,center_13,center_14,center_15,center_16,center_17,center_18,center_19,center_20,center_21,center_22,center_23,center_24,center_25,center_26,center_27,center_28,center_29,center_30,center_31,center_32,center_33,center_34,center_35,center_36,center_37,center_38,center_39,center_40,radius
0.9567285807938448,0.5485355441029701,0.16597689047052255,0.49326678638789523,0.8322345295579993,0.750427429334674,0.029149757164864343,0.2990436043285726,0.15605934123278276,0.0031090436426378654,0.5349980138012382,0.827037942329813,0.3274845663408954,0.6063824406301023,0.47824496393273785,0.38838253337254147,0.9720971226185058,0.14899950986960508,0.49213946915820983,0.4449990692411585,0.5658411906011397,0.8510122688001898,0.013409443037538105,0.0341565096056351,0.734712194220876,0.7350099321241685,0.10901817576087636,0.41917605454808904,0.78158944859346,0.37911642535552537,0.6750434739481592,0.22063931352730137,0.2571909135432442,0.2484508616291612,0.87618531856081,0.19145758961364068,0.9375306934304798,0.08110605623627987,0.5371018787156479,0.8495943971240196,0.4358297445543007,2.898345172282516
0.04112956145777347,0.7042792789009381,0.5603888442004149,0.1429073410429368,0.9145726504329498,0.7558991111458296,0.7852606881242973,0.8789925616152876,0.7388070845498341,0.8269088964616836,0.24922818320715334,0.04474889047323105,0.1161409108149799,0.27564534992679834,0.5783689236018655,0.10561506334415738,0.44739732757257156,0.5510902442152439,0.10461352435999827,0.8761028474442065,0.9154587351364954,0.2818511323607631,0.8555379704067154,0.21147101981800887,0.3133047282915711,0.7507799534739379,0.22603114231932886,0.791008861370606,0.16172361353127318,0.5342180875434969,0.5111744587914545,0.13287943339253572,0.3747140677344485,0.8317085779133045,0.11908747837908584,0.1718717243243495,0.7073491491113392,0.8284878479139388,0.7154389912134915,0.37612692690209215,0.3507533026681603,3.3585308604126243
