center_0,center_1,center_2,center_3,center_4,center_5,center_6,center_7,center_8,center_9,center_10,center_11,center_12,center_13,center_14,center_15,center_16,center_17,center_18,center_19,center_20,center_21,center_22,center_23,center_24,center_25,center_26,center_27,center_28,center_29,center_30,center_31,center_32,center_33,center_34,center_35,center_36,center_37,center_38,center_39,center_40,radius
0.3546521216524826,0.8251919946395955,0.40721257770509034,0.5229092184442082,0.6441738982227674,0.46209315045619515,0.5502554466472901,0.7847129351480613,0.9228150211909508,0.20127315381622946,0.5717608750621597,0.9709439291702301,0.15766807272023375,0.26908774241256916,0.6440494115468776,0.21423452842157853,0.7159501897196692,0.8199030321988698,0.25427229615645985,0.27079563274913576,0.07243995898539946,0.9255561699412141,0.8964946468841145,0.5043226938005012,0.4168714308809237,0.7507726306742148,0.595121709877656,0.5551712206432193,0.21070621823613644,0.3391440517865797,0.5062415873072825,0.8193712391026147,0.4135862653585436,0.8838539758967191,0.7297050351014012,0.6007991556321168,0.9284053388196647,0.14283113939356873,0.3225527224290101,0.005170987562944429,0.645136569392465,3.2205225426223407
0.04379733299799948,0.3698110814123039,0.152157841883795,0.9644443722866736,0.42002645348244727,0.8442905656872777,0.8673432281225779,0.3256341301051522,0.29049514094333573,0.9578127175697467,0.07214294149730527,0.6521752016762005,0.0924971381100419,0.7850466632112026,0.21313612760829848,0.7295628097257018,0.020560153704801243,0.1097519322171292,0.9222934880300216,0.4384605568999935,0.9416506187844933,0.4322342035389003,0.05244936380807197,0.43493709705484895,0.8845151896714712,0.6354153144882551,0.7831160417496035,0.04053589835756999,0.9502792801613807,0.8255593555315808,0.4459702214129869,0.4421576684145857,0.8117128466294075,0.7867801642631728,0.22169659280849163,0.3713276333583282,0.2694761460101949,0.9897264995495445,0.5169792634156075,0.9915965945007597,0.30230239706191875,3.15401850966055
