center_0,center_1,center_2,center_3,center_4,center_5,center_6,center_7,center_8,center_9,center_10,center_11,center_12,center_13,center_14,center_15,center_16,center_17,center_18,center_19,center_20,center_21,center_22,center_23,center_24,center_25,center_26,center_27,center_28,center_29,center_30,center_31,center_32,center_33,center_34,center_35,center_36,center_37,center_38,center_39,center_40,center_41,radius
0.1583856401527619,0.3274867412805742,0.17015264405836328,0.6933247373969104,0.7626019364635745,0.9048928822215027,0.930238122932318,0.39822128645569865,0.005736853313193846,0.8367632742912384,0.6410946553395673,0.2605200387728289,0.3890978593049873,0.13733007605049907,0.2520122166309434,0.43383005339040837,0.3052722376328414,0.41311362025138754,0.20843953093352585,0.15323063995327724,0.9645794411283225,0.22413638487966658,0.7746290438543977,0.5625600589452021,0.7469158979350176,0.6308541258174807,0.5275327608095007,0.6797477759783969,0.1257741148367143,0.4155422881985167,0.30198889451360855,0.4122052063401779,0.2167354583045087,0.5135940499107576,0.7110463932094969,0.9721543061470902,0.3733306056696366,0.4888953611321829,0.985804655869812,0.1534092687414753,0.17429221644741566,0.9351827332237793,3.1764599534710745
0.6774065466219933,0.9066571150970323,0.3942067523173457,0.49933290190051505,0.3318574758638746,0.18111155782105937,0.7214580187169961,0.6071381845091518,0.607351962417909,0.02559841936185503,0.4814213367347643,0.9981021570697621,0.4462162431057082,0.14790732773526305,0.9338649100385118,0.749625764944586,0.09112770464494446,0.9747658149005838,0.37533633683624823,0.7733953513111164,0.08093496059397554,0.7700819246306588,0.09508396840889566,0.18168678028211527,0.1192079375439502,0.12026182766708782,0.19214084708808932,0.6973979967136483,0.8505000740024525,0.9960800532477085,0.9734036082223189,0.7088746279034046,0.003684492490034774,0.6973614947744387,0.5316219347121369,0.05781437379257226,0.42058066135521577,0.31314522478177753,0.9753466374626995,0.19601740793464184,0.8236599570263886,0.18366553469723867,3.4544316533717367
