center_0,center_1,center_2,center_3,center_4,center_5,center_6,center_7,center_8,center_9,center_10,center_11,center_12,center_13,center_14,center_15,center_16,center_17,center_18,center_19,center_20,center_21,center_22,center_23,center_24,center_25,center_26,center_27,center_28,center_29,center_30,center_31,center_32,center_33,center_34,center_35,center_36,center_37,center_38,center_39,center_40,radius
0.7868221284620837,0.39476703787614664,0.0395581712974884,0.14180048852367955,0.13575299953460596,0.5590426122899927,0.24651636303124347,0.7401220540873547,0.3210603576737837,0.8559255651651129,0.42742054711765354,0.6466954931462064,0.25449181900246176,0.5322693815697624,0.5618599748134823,0.8398554759456961,0.2560456032585724,0.016825797800855802,0.7978493237417955,0.3796947067276276,0.23004911139082618,0.12947260023072948,0.27758320419837723,0.12585879701096692,0.930440891602806,0.8809043904164238,0.05187497734859081,0.7822832047755959,0.7052333369697983,0.8609784945836352,0.518357868362398,0.5638981849779976,0.9498621456559351,0.7554212858648535,0.2349791741750381,0.780750988080543,0.08893726035440319,0.3349685412360933,0.6664943757400249,0.24720368885647404,0.16159432400109364,2.9334020177692133
0.7022590455540881,0.5880497274581511,0.8389540561579982,0.8970554635853348,0.4439681784304348,0.9551634007439355,0.7203288433912016,0.6188079809641144,0.31439625544946814,0.6441569817288993,0.41303931048475906,0.6286441662719314,0.9229965375538828,0.14813823341699484,0.4251260658902297,0.20027963475568755,0.8652476391513201,0.8693359069888495,0.1619476483169746,0.9649415087172595,0.1802718252447003,0.9276020610356749,0.7019262289498084,0.9132015039839837,0.30054471846383335,0.1431208755274026,0.15918308024415628,0.30180911515799425,0.2762444635886139,0.11314497852525884,0.8316102662597802,0.09650436334287804,0.7835371782759359,0.3060646290629827,0.9345404454938476,0.9251655423842338,0.20388412440642645,0.7745659695599384,0.33236875514578845,0.6504003070981765,0.7052485486988662,3.473205476428519
