center_0,center_1,center_2,center_3,center_4,center_5,center_6,center_7,center_8,center_9,center_10,center_11,center_12,center_13,center_14,center_15,center_16,center_17,center_18,center_19,center_20,center_21,center_22,center_23,center_24,center_25,center_26,center_27,center_28,center_29,center_30,center_31,center_32,center_33,center_34,center_35,center_36,center_37,center_38,center_39,center_40,radius
0.5101600859930396,0.6233685760209643,0.25861854000666196,0.07425922389722017,0.6100564462389649,0.322573035222127,0.8744089092405521,0.9615134468365587,0.14017774075069345,0.6878138439834651,0.46913267938997605,0.024393313019967056,0.27460778955075404,0.32686947573417735,0.7255490235163922,0.40084246566852266,0.9629128315358664,0.6338496391694124,0.5572101800754199,0.2252221711222746,0.7227462640997789,0.8377358545739118,0.7624284779334256,0.29007603684949224,0.7880871176195247,0.11866666528957814,0.2952786293661067,0.03086338107639297,0.5006058453669127,0.6610837999149918,0.6656825558314072,0.15938021451133744,0.8300378923688977,0.9874987240247006,0.4559657311759421,0.8487989555508175,0.4345226099274624,0.8318394492910921,0.13389864066981072,0.2707079104086513,0.017005233756348215,3.4656688905311093
0.9228693136181846,0.4677274265303152,0.8150772615051822,0.985477527102394,0.9376079418645905,0.8563504737809028,0.15291873082757013,0.769352499794163,0.8552784918079409,0.33393694850371336,0.9451062627439477,0.6721676027449133,0.8471697635213742,0.52931870252141,0.5659367603578003,0.8116856983060219,0.10595784370181982,0.07460888585176062,0.8193939628820134,0.850423202298771,0.9950671091181325,0.7897893252727302,0.7596357774187709,0.11612577450584938,0.3438250172123076,0.2463106016243951,0.1274331172087656,0.6941844142539292,0.6422694694103765,0.08655309781103993,0.47513397998985374,0.9432730540447846,0.09330348902985086,0.10733253328945502,0.9263505430599869,0.025251023025185004,0.9777262622009398,0.05241412416414393,0.841299849830717,0.8797693064028868,0.8441881510388972,3.807079680151215
