center_0,center_1,center_2,center_3,center_4,center_5,center_6,center_7,center_8,center_9,center_10,center_11,center_12,center_13,center_14,center_15,center_16,center_17,center_18,center_19,center_20,center_21,center_22,center_23,center_24,center_25,center_26,center_27,center_28,center_29,center_30,center_31,center_32,center_33,center_34,center_35,center_36,center_37,center_38,center_39,center_40,center_41,radius
0.09966209223657307,0.8135966128524469,0.3673049333714492,0.7288401659666475,0.27780693631343767,0.9516414333975041,0.7794792119271675,0.3067713461691668,0.07971151408078547,0.5329726181908151,0.9363645424685353,0.23190584397519376,0.10533878269202157,0.5554391175237028,0.5307209730003324,0.1507292790499577,0.9165384666511884,0.5410529649783634,0.6726815053732875,0.42715027717293497,0.8368113009976443,0.6363881626181856,0.5494270720919588,0.62653536475287,0.23817834312663833,0.33751097995778534,0.7707362265598855,0.01726353526435198,0.0497795440708968,0.9877002458825612,0.5707008986193047,0.938384560393337,0.10142217606188353,0.40635255282190486,0.6956675790338037,0.8859563798673653,0.6208387586168186,0.3629889061680097,0.18074589778916805,0.1655024074504985,0.45392581164141954,0.6419928840848246,2.7468600306972393
0.6240389376649488,0.0551073431997281,0.6112516550939818,0.34874745547996866,0.07679645857990158,0.6742056865396648,0.7757535967030598,0.8025780868321895,0.9293977279787828,0.6483089787221381,0.9982693477985416,0.14660158791134892,0.7449117721856147,0.9456610297129477,0.9507644259965932,0.8621879081637315,0.03608717419233631,0.965255986720437,0.6907519333934401,0.2614321976390426,0.29756764424980686,0.8433899797405696,0.49840519112706727,0.8043324893574803,0.7772569088915522,0.9747008400304017,0.961172117796426,0.36840424548890527,0.638244970773774,0.6360843217437384,0.20645131740246891,0.554607173707444,0.8799816428195049,0.8162080062759369,0.8967546024356302,0.33771365048796576,0.8674533385643157,0.9004825217473277,0.8397426365651046,0.7503093876050595,0.8640130399129632,0.03367668607929286,3.8601936144926614
