center_0,center_1,center_2,center_3,center_4,center_5,center_6,center_7,center_8,center_9,center_10,center_11,center_12,center_13,center_14,center_15,center_16,center_17,center_18,center_19,center_20,center_21,center_22,center_23,center_24,center_25,center_26,center_27,center_28,center_29,center_30,center_31,center_32,center_33,center_34,center_35,center_36,center_37,center_38,center_39,center_40,radius
0.4964383385517015,0.28930640414569,0.4189847556445797,0.5709337281380217,0.7189099440064078,0.9305669472795843,0.2984066220955298,0.5237745228228307,0.9855745295579815,0.16301199021949642,0.5821619152320703,0.281817644343652,0.9301010375440563,0.6310054200985373,0.5066251929165108,0.29447181150757373,0.5936924295330608,0.09348324092324112,0.4566361241045024,0.18811155426105208,0.7756094464839338,0.41030658640493956,0.9757097056949192,0.9149249612720629,0.3660820561231082,0.6341550843233236,0.9754062665352974,0.04529619759129422,0.6779663543479991,0.4997422183887944,0.20118768592985126,0.7766398338262193,0.28568135178596843,0.3241185620977012,0.1675050827198028,0.1618148924139058,0.33546888661250995,0.00019345828844030688,0.25279380391710604,0.06933529616440248,0.6005212143488659,3.1749392285579763
0.38804995327062297,0.9398685325161171,0.5547308020004752,0.6795128185372177,0.44110478336608105,0.03932048171690106,0.9699319091555246,0.3927386104235887,0.9132129967563635,0.633886826665415,0.8478163264852724,0.9237523172145364,0.33351483401018756,0.7675639204078887,0.0759546135394975,0.8272795266424474,0.022393493562677058,0.13236195240186244,0.039821805883057615,0.8099230907413382,0.19374223811110536,0.7556485195104654,0.17295265496855472,0.06950749993927952,0.312486344298641,0.3490025658611744,0.7663662001703132,0.5731573456617381,0.1703399509289968,0.4945359367525811,0.8647738840603749,0.16025652038284055,0.783689004818338,0.7976138811409541,0.7506736328414993,0.1794265589203855,0.9366944478447811,0.9851034847842238,0.7932604757156533,0.9756896882604986,0.8500050581987226,3.3914837558945403
