center_0,center_1,center_2,center_3,center_4,center_5,center_6,center_7,center_8,center_9,center_10,center_11,center_12,center_13,center_14,center_15,center_16,center_17,center_18,center_19,center_20,center_21,center_22,center_23,center_24,center_25,center_26,center_27,center_28,center_29,center_30,center_31,center_32,center_33,center_34,center_35,center_36,center_37,center_38,center_39,center_40,radius
0.7139516404258525,0.5900582182642597,0.430061403523715,0.3200588701280904,0.9641439705279332,0.38678591245609506,0.10337526039273404,0.39407679082981917,0.6474734795834615,0.009097007075438479,0.6114940842969598,0.549360526191055,0.8142987678334768,0.38864834720811525,0.3567497160935914,0.8808243324094215,0.33049965084050226,0.7729173399444557,0.29170214350748136,0.6101627908917931,0.3886513305707844,0.5626339200932934,0.32080491183000814,0.24682661188318988,0.5086045331970146,0.7052175008356514,0.3096097292636548,0.11978103135093321,0.18849052873474692,0.3267936063532373,0.005790217634917605,0.9683658085778148,0.3788719839461001,0.9732650751281036,0.6061896302543132,0.3819461650298951,0.06475051002907672,0.9979757751762396,0.45397186011358925,0.6045530129069916,0.45211749087507436,3.159304734733358
0.8522213364002725,0.07008833135788894,0.9881396875426871,0.8193846010516005,0.04515620978298607,0.4684664912898471,0.9237638820720971,0.9315366381877511,0.9131825098106732,0.7466093024817685,0.9563603724065944,0.958693045540668,0.3302456130321493,0.8558926762364595,0.7950997458034444,0.308030306076031,0.0613386889667481,0.1935727222575171,0.25144803815558203,0.14698631609961132,0.8919185295854104,0.3311208012138076,0.004157194482306448,0.8595162549373442,0.7608308058726563,0.2213204051297012,0.9518675361008216,0.7607304183259682,0.7888237456991534,0.3872903110624055,0.8392515497760544,0.08566293952632786,0.016901961647585284,0.37245534775635813,0.596060230336321,0.9147172534398188,0.6928732110435789,0.1186293713626888,0.47142042255196304,0.07377875833499692,0.20655975629885037,3.6384832433511587
