center_0,center_1,center_2,center_3,center_4,center_5,center_6,center_7,center_8,center_9,center_10,center_11,center_12,center_13,center_14,center_15,center_16,center_17,center_18,center_19,center_20,center_21,center_22,center_23,center_24,center_25,center_26,center_27,center_28,center_29,center_30,center_31,center_32,center_33,center_34,center_35,center_36,center_37,center_38,center_39,center_40,radius
0.5326457511915433,0.44770858269336833,0.35497483863905976,0.331368907799915,0.12904656369446232,0.06741749019133525,0.9498958004305442,0.14044491238956613,0.8574031790985607,0.8286089402350569,0.6544789129282602,0.8855976233161861,0.09502328862308629,0.9893693339023513,0.5470185935823416,0.6488690237338566,0.8567415030230587,0.03865307132157847,0.2731568564467657,0.5316121114193447,0.6090064807513161,0.9606612487140708,0.02701261527307297,0.10590780803419031,0.8438976699519931,0.777298724455112,0.011686149317490457,0.3396048294352182,0.786662391313849,0.8316263809217748,0.3692984779372752,0.40191847053562624,0.4958583123383472,0.3978613244505228,0.6881789819997433,0.645467281415638,0.8989051801332292,0.95408526037413,0.03682836150810631,0.48151637146427617,0.2626505550615633,3.22346071222221
0.737696291037177,0.38289093076822756,0.49678858800803594,0.9704591656573501,0.7515717968527243,0.7908686032084207,0.036035667109040714,0.8040690856453617,0.02311509763065467,0.23403919391043115,0.49155517234780266,0.4255220285725595,0.41764277925832916,0.7126739153293762,0.045414401688324335,0.416194544250046,0.8842835208830461,0.31812697485251096,0.894511615842986,0.45595589040258777,0.05224263660423001,0.449801677242763,0.9101006686965677,0.9494384595182562,0.21148677770789992,0.1597803841226244,0.10774257673517718,0.41154956049869396,0.07267533426280703,0.4076001748774619,0.5876762717449235,0.7865390780084172,0.08787014143144956,0.9539122152281064,0.8019441040603256,0.8014235411789836,0.7662556083952671,0.07443055097802864,0.24131233500615723,0.9423249435156746,0.8922065668048327,3.366319326351932
