center_0,center_1,center_2,center_3,center_4,center_5,center_6,center_7,center_8,center_9,center_10,center_11,center_12,center_13,center_14,center_15,center_16,center_17,center_18,center_19,center_20,center_21,center_22,center_23,center_24,center_25,center_26,center_27,center_28,center_29,center_30,center_31,center_32,center_33,center_34,center_35,center_36,center_37,center_38,center_39,center_40,radius
0.2467643397823811,0.39777935366669215,0.6379296189680767,0.048493875131294883,0.8114839223134419,0.4307609532692791,0.13221367177525445,0.7858443337605016,0.17149437939898282,0.9763366287497557,0.7969977404381667,0.696874752227963,0.3049449677495619,0.3496035294865357,0.9388440283946113,0.9977917890543573,0.9254313120295101,0.23281615347421059,0.41661142207411206,0.5663452436283857,0.5803808851121427,0.8923145697536672,0.8298955383261882,0.9918763044119852,0.7966860339388449,0.17694702007513463,0.8154268115182631,0.9770248721006998,0.295917822967788,0.9755108858263702,0.035833908979607476,0.7134425252353096,0.7081173201580786,0.5485574515948963,0.19266498542116584,0.7269371844350494,0.12084406699178385,0.8778686167361763,0.2429218412220122,0.9790376703192878,0.4057925014517978,3.6915996049353588
