center_0,center_1,center_2,center_3,center_4,center_5,center_6,center_7,center_8,center_9,center_10,center_11,center_12,center_13,center_14,center_15,center_16,center_17,center_18,center_19,center_20,center_21,center_22,center_23,center_24,center_25,center_26,center_27,center_28,center_29,center_30,center_31,center_32,center_33,center_34,center_35,center_36,center_37,center_38,center_39,center_40,radius
0.5216929515679596,0.12280836786258875,0.12939304621394887,0.7085932857655878,0.20081004792463808,0.04971608537184935,0.8062102602284461,0.14222650756151833,0.06672683978790528,0.998925992854213,0.4423981300285774,0.4186624039693321,0.7902088102626769,0.5219006127019193,0.4174797406762234,0.9211073042208361,0.12947566547882772,0.799364769852271,0.09740126319000075,0.2910298738858683,0.5982089993710072,0.5141955913815586,0.2607829217916994,0.12306909825255485,0.541016156280758,0.6950638496084837,0.32614529997825725,0.09046920589201168,0.7373208857428225,0.5494693395185639,0.6641772922753572,0.42308158092235215,0.7261792696289028,0.32754801896707764,0.6441746741195394,0.9070345866984298,0.6822386529135811,0.9314283847109606,0.6597055015879134,0.7204458589409656,0.6345880010179052,3.0177697228852307
0.24485733898595918,0.6363524025977322,0.861417907687144,0.9010263099950819,0.5348002507227888,0.9628711791631951,0.11159183833757425,0.9116995596794041,0.03111294614384774,0.14149509311858066,0.7375672478730169,0.3023503084552355,0.5598087714739096,0.8319757617597818,0.023830856555889346,0.35047385652770935,0.1837783098289537,0.42559398396224224,0.7842062428317148,0.6113187685576399,0.11566930613669946,0.7252137987395417,0.9704415609482875,0.28792897884652435,0.6602693134617795,0.873477850095567,0.8224754973111089,0.9459469648766221,0.47952903101659716,0.23757213514472697,0.2412939346189198,0.4116117231147869,0.019995957821724808,0.75716328418826,0.8191304817831605,0.7083592116845697,0.2962324929499246,4.756686131390797e-05,0.06993468275774628,0.7370730858923196,0.050611269048907115,3.1953057821589845
