center_0,center_1,center_2,center_3,center_4,center_5,center_6,center_7,center_8,center_9,center_10,center_11,center_12,center_13,center_14,center_15,center_16,center_17,center_18,center_19,center_20,center_21,center_22,center_23,center_24,center_25,center_26,center_27,center_28,center_29,center_30,center_31,center_32,center_33,center_34,center_35,center_36,center_37,center_38,center_39,center_40,center_41,radius
0.7348069344249447,0.6218889456778091,0.0981738921093982,0.03615061571940059,0.5132663656788541,0.3279567216935293,0.4976251950720063,0.5176667772530106,0.3607042600292929,0.28001739107261225,0.2513189665892497,0.7612330466442752,0.2769202463206978,0.2693380624529501,0.2053783728536347,0.382495215377637,0.64383989610868,0.5581396770248271,0.770886910989625,0.6341897052041122,0.8524722531239941,0.7154591811627385,0.6802056856544263,0.9928632824987604,0.7312060156646988,0.6014542793040925,0.4207780130862394,0.637880575897277,0.1713050640502194,0.48152355949817105,0.695378672765389,0.24613256314885856,0.9821167445762686,0.5178926036332607,0.06556529234974051,0.5919961118863798,0.1534907317386367,0.7582598833575582,0.20801284937821773,0.3174393750165524,0.7938341347814656,0.892667449719068,3.096978087573839
0.8014369224184693,0.7935204891267331,0.791498964686992,0.9208127436567582,0.9705120187257855,0.6455106753241004,0.2955646457716419,0.7007540594303557,0.03262975504697574,0.8874195576455213,0.8534550834462835,0.22509539831613623,0.13190593718877364,0.7921556026555707,0.42135861834322186,0.8761350668948794,0.07149965304515127,0.22788682042846775,0.08715883554325365,0.6034300516832922,0.1297859105668453,0.1540131853234329,0.9171040465189798,0.33899253405218266,0.5448068073241716,0.08498908672116467,0.9233065384676494,0.14630439063631395,0.1380548021132374,0.2557076384000323,0.24500040824440594,0.3452914013155872,0.17403082278537918,0.637168137662271,0.9718157685353855,0.9417920073667871,0.5638718715155081,0.3795686106632091,0.9920748090351208,0.8538557548271165,0.6396622087176936,0.31056490926144364,3.342833806231389
