center_0,center_1,center_2,center_3,center_4,center_5,center_6,center_7,center_8,center_9,center_10,center_11,center_12,center_13,center_14,center_15,center_16,center_17,center_18,center_19,center_20,center_21,center_22,center_23,center_24,center_25,center_26,center_27,center_28,center_29,center_30,center_31,center_32,center_33,center_34,center_35,center_36,center_37,center_38,center_39,center_40,radius
0.8329262321238774,0.05524458594352111,0.38058864504374557,0.2773127408594851,0.8708292583422582,0.6655993778778894,0.7142422220255747,0.7737454978958771,0.9202364718982144,0.8973148884856607,0.8825847023348894,0.24363880878457,0.6817867432927225,0.17665854840362838,0.056581702900096564,0.7699668640830847,0.40413683536933076,0.5470715155435343,0.16773496008414202,0.9063316722867014,0.16640195318086448,0.741291574114213,0.9912369650044509,0.243798142355936,0.49749617393366863,0.9876257481155419,0.5886910466315424,0.5150263363200744,0.04580468414893968,0.5262152611725835,0.9485213076741921,0.7926184582249584,0.6515127531355699,0.9978459946081465,0.5062460447758851,0.1934418216969217,0.7778270928507093,0.6270475976925135,0.4187882186943762,0.1229519828366431,0.12541971306295996,3.709014616530704
