center_0,center_1,center_2,center_3,center_4,center_5,center_6,center_7,center_8,center_9,center_10,center_11,center_12,center_13,center_14,center_15,center_16,center_17,center_18,center_19,center_20,center_21,center_22,center_23,center_24,center_25,center_26,center_27,center_28,center_29,center_30,center_31,center_32,center_33,center_34,center_35,center_36,center_37,center_38,center_39,center_40,radius
0.24301247901522838,0.6225141932767982,0.462791296931393,0.4008299685136484,0.4374086265797823,0.6854466063744213,0.7801066231273249,0.518530383804101,0.8680917780219731,0.0029103209128699126,0.4583626407519631,0.8149294699941438,0.8130222424569783,0.12076389014036704,0.8975019993573236,0.2363340426633096,0.026298281212928876,0.208696053497884,0.06937388543873535,0.3045009530771986,0.47170444162474034,0.4596254696313373,0.05593617738150025,0.2956035086553277,0.34773664837867047,0.4666484945576673,0.05190549767717201,0.4636088953624712,0.9255273644520958,0.6377874402683716,0.008992491139519943,0.17135799514951866,0.42021418241217545,0.6844169726244755,0.01532463833026887,0.14733250272404708,0.15096008478669354,0.20119995337719698,0.21455956213596628,0.6880208045136085,0.6505110371795044,2.6611969624312732
0.033295430736989706,0.4733608209303455,0.7528404215794314,0.03241135150817698,0.7923461889874501,0.6486271584615656,0.5683030334606045,0.2973358154774193,0.3816601140982514,0.6063914147463063,0.3510379203070394,0.2314628548199119,0.4706732549782632,0.12060611940867849,0.5750723248847565,0.4294661889956758,0.826522084234203,0.9334680482778759,0.7970385927927095,0.06301820631161603,0.7835019113434256,0.002252745397934186,0.7592937066155782,0.9984303265605448,0.863815840553573,0.4211707366283828,0.8381370640160917,0.9962886848164308,0.6329575859492643,0.4364106622188645,0.10553348688666153,0.4571937479428674,0.21394072896019456,0.1988024460868747,0.2932940530743987,0.7943633352299292,0.28243605392733906,0.24794475888952228,0.44520114306439207,0.15770415047083697,0.8093556330276419,3.5726931426408477
