center_0,center_1,center_2,center_3,center_4,center_5,center_6,center_7,center_8,center_9,center_10,center_11,center_12,center_13,center_14,center_15,center_16,center_17,center_18,center_19,center_20,center_21,center_22,center_23,center_24,center_25,center_26,center_27,center_28,center_29,center_30,center_31,center_32,center_33,center_34,center_35,center_36,center_37,center_38,center_39,center_40,radius
0.7249621427348839,0.6930688505157814,0.37641241105344336,0.34798259323917946,0.3026826822030654,0.6634662780945494,0.02578000635840172,0.49281986080126683,0.10658528414069446,0.021599240754250792,0.49856647635748996,0.23802952047925485,0.38918943826103514,0.3148070106637866,0.09664939080912716,0.5292245344613925,0.19909562349228205,0.3961388964201158,0.9968895773368902,0.32661323099786166,0.24943746310990844,0.8523348067514704,0.37382811052166576,0.00595081946555609,0.3024287803561928,0.5053671575842625,0.1872962045037877,0.9092384929773754,0.9079263317591906,0.26847897757367334,0.8461711054888706,0.6204952416547104,0.597375297882292,0.3854169992068709,0.30536938240981826,0.20477938771162274,0.8311618932990367,0.9044899923117113,0.9079849808786692,0.8643772420654625,0.6904148750820405,2.9188773023386396
0.8140908378372683,0.13285394653505467,0.09795496201145293,0.6106174467346865,0.8714811999228659,0.8378786229705099,0.6185648340549148,0.4597550497379259,0.12251559695934944,0.65884622331816,0.620002000364287,0.7905283169928203,0.28377620591156427,0.38306731601871935,0.7629849585511563,0.36069430574989125,0.8221756835380619,0.3722512035377895,0.008786304646712706,0.4916466240261185,0.6165206172456686,0.2918371276242191,0.8199810165288711,0.9599023456864049,0.40646559044862296,0.937164409125822,0.46139199390312013,0.9779086082477362,0.5511161762989126,0.9261632178019433,0.5105590926281814,0.9830025021759512,0.6538191938287199,0.0781958141606025,0.7151651159730716,0.7314757661112481,0.3273355685052005,0.0037307013447329673,0.11460753280285552,0.434956766409195,0.1846821944132575,3.360844647918019
