center_0,center_1,center_2,center_3,center_4,center_5,center_6,center_7,center_8,center_9,center_10,center_11,center_12,center_13,center_14,center_15,center_16,center_17,center_18,center_19,center_20,center_21,center_22,center_23,center_24,center_25,center_26,center_27,center_28,center_29,center_30,center_31,center_32,center_33,center_34,center_35,center_36,center_37,center_38,center_39,center_40,radius
0.4014034740819984,0.44795553918882725,0.8735604287142006,0.6621926383569192,0.5636323709252996,0.7029659058178785,0.419826801696507,0.14080806839349913,0.7469749299294656,0.8421285567001249,0.8019019151549207,0.923044219685855,0.16912533410167663,0.10069937440224008,0.20632187629885346,0.09288178906956768,0.9381633895596211,0.7690095365193935,0.9589714479092151,0.6705786632540909,0.8987578500689648,0.11406635488276329,0.9784722060627435,0.7948435851117176,0.8626291100026628,0.06078691325145136,0.08050388648665818,0.6770573348444191,0.3904238048766865,0.28834689926059376,0.6685411456633739,0.2678455745427042,0.05473705688071906,0.5317956300362536,0.6933034600095381,0.5380446707538333,0.619178230113114,0.41242875342143637,0.6239966891301268,0.270948999313532,0.7301514819703351,3.474594420269544
