center_0,center_1,center_2,center_3,center_4,center_5,center_6,center_7,center_8,center_9,center_10,center_11,center_12,center_13,center_14,center_15,center_16,center_17,center_18,center_19,center_20,center_21,center_22,center_23,center_24,center_25,center_26,center_27,center_28,center_29,center_30,center_31,center_32,center_33,center_34,center_35,center_36,center_37,center_38,center_39,center_40,center_41,radius
0.8875785739404045,0.7358815357616824,0.04740575020889837,0.1414031125695674,0.01805758466132701,0.02102270087852487,0.058341666275094295,0.9236047154647548,0.8557121194025253,0.38390059438305846,0.6605227412118047,0.8421533619433628,0.9447224465291567,0.8307499691391712,0.9017326442714833,0.40174804483096715,0.9698032989969527,0.0749789897134936,0.5802498095104991,0.019515467870377723,0.6679889454030978,0.19186451736740673,0.9248351488447224,0.8437962495735812,0.6525199173041195,0.6406292695966989,0.6318930389026265,0.3226040462764641,0.46010218425702754,0.9864698261240074,0.6818531521190011,0.07278974316846576,0.009548883131884955,0.346224709325327,0.1110971904196495,0.05024649525863112,0.671113543166455,0.4801927877112224,0.05797745889137673,0.7259660283189031,0.4543521878872314,0.25844867558396767,3.4763739545332553
0.9194774556061478,0.3529986757775838,0.5939656251190183,0.8819371844351267,0.8726132984869954,0.9732767917252483,0.9303427999519922,0.19378373100691137,0.8060774902663899,0.9022385074995443,0.16529606223626292,0.1293642560909104,0.16372857270273722,0.03184050956518092,0.08605849743028093,0.19127597712258881,0.16868981026407515,0.8784012364813463,0.568429482090189,0.8888808745530958,0.6789487486186037,0.583455339441705,0.0049621878510696105,0.1700444248237314,0.1784378062098224,0.822750662672988,0.7051829430323998,0.9886318460762376,0.6258503105045428,0.8894098657547483,0.3370227078148744,0.9781979342978275,0.795709778852454,0.7836357774121389,0.2863904185013253,0.5969172856191733,0.7311259016124029,0.9518692752894853,0.8671808065419034,0.058073837468959666,0.7200235554362794,0.28868252571129027,3.8443647231422076
