center_0,center_1,center_2,center_3,center_4,center_5,center_6,center_7,center_8,center_9,center_10,center_11,center_12,center_13,center_14,center_15,center_16,center_17,center_18,center_19,center_20,center_21,center_22,center_23,center_24,center_25,center_26,center_27,center_28,center_29,center_30,center_31,center_32,center_33,center_34,center_35,center_36,center_37,center_38,center_39,center_40,radius
0.8825585361999732,0.22384240098393038,0.2974869599679867,0.3338810243782979,0.8983686322313257,0.9681774363879486,0.17130294414360003,0.39232388974586574,0.12663071507248846,0.3247296227949332,0.7588815448758227,0.1270490657067237,0.9146099801740215,0.843948781970617,0.1981240298980086,0.08690648810441282,0.4286010086382822,0.1594017250142108,0.4510960794348263,0.8166838674230522,0.20927478603239624,0.9754810812524283,0.43666543228283083,0.4100312067336218,0.742351267513123,0.7871343368707313,0.26510759938403694,0.47697288642224833,0.6131389387493551,0.626038120722593,0.4271656024472482,0.060732319657832434,0.6544587436702419,0.9990131386614025,0.03762801357117451,0.8249014987699357,0.6969903469298411,0.7830314072948384,0.5054333151549023,0.03638661596111603,0.6968324938584655,3.2020281795199734
0.5064884871644696,0.8323582235822145,0.6213021158120723,0.9881243765433745,0.9655188751939102,0.34735893820808894,0.9415329098677051,0.03107806844353489,0.6821673065558742,0.7972380181494407,0.9960354400510549,0.8694517234143871,0.11455247227075405,0.02758122029927912,0.5062783042937445,0.962776285534145,0.07643467703617945,0.9909474978773569,0.7987402992166357,0.7920457631937133,0.9788639480543924,0.7384894687077302,0.8481155510101784,0.6440509512302204,0.7485406080303233,0.6835647878542076,0.8274978075034105,0.6028698721000926,0.299182795595601,0.11421032948461285,0.04809849664913424,0.6791560031735357,0.7768758408045263,0.029251391839907215,0.11284573191989267,0.16874601410173717,0.4780522096989882,0.018807576489392464,0.6561025240504005,0.6969535659579076,0.35677887627917193,3.6796060305120797
