center_0,center_1,center_2,center_3,center_4,center_5,center_6,center_7,center_8,center_9,center_10,center_11,center_12,center_13,center_14,center_15,center_16,center_17,center_18,center_19,center_20,center_21,center_22,center_23,center_24,center_25,center_26,center_27,center_28,center_29,center_30,center_31,center_32,center_33,center_34,center_35,center_36,center_37,center_38,center_39,center_40,radius
0.26118306002391567,0.7964361443049294,0.03860583747548674,0.19976936699089887,0.6914544904263106,0.9171387654272559,0.6436410014960398,0.9067350046855368,0.09246088105052364,0.6092311547563282,0.32576330042284085,0.7618134781409489,0.5264131449759222,0.7979273989975738,0.693820816509293,0.2874058685745008,0.2604939048637057,0.843251580440224,0.4466330139368716,0.8544754188010469,0.2780919012257519,0.488605394943019,0.8809144788388402,0.8995128174686428,0.6261674331175427,0.2511237452361311,0.9483788337471196,0.9416599410736555,0.49595524161816806,0.49599887080515737,0.24666101102747895,0.6149769706017596,0.11105760290443556,0.8336030840178265,0.10779049293052578,0.16572611049837793,0.29264795958461776,0.8737918497674952,0.46483935697453516,0.545343841516082,0.6460973725048338,3.439934360445515
