center_0,center_1,center_2,center_3,center_4,center_5,center_6,center_7,center_8,center_9,center_10,center_11,center_12,center_13,center_14,center_15,center_16,center_17,center_18,center_19,center_20,center_21,center_22,center_23,center_24,center_25,center_26,center_27,center_28,center_29,center_30,center_31,center_32,center_33,center_34,center_35,center_36,center_37,center_38,center_39,center_40,radius
0.770649171040958,0.1945035301784347,0.5319911600746383,0.9374233491753549,0.1168254149249851,0.680874786000927,0.915857203990503,0.9552520019144473,0.9055105505006749,0.9578290406698298,0.18664153795004346,0.8765547866539569,0.5609659129918207,0.7357643991900947,0.446419172869159,0.4436939559617603,0.6760891588796976,0.8155250989070703,0.513107471305824,0.37035597448084223,0.03839703009662743,0.8287313463184968,0.5614213018331312,0.7578623320428329,0.9017150042113651,0.8697052584442349,0.2716047975190917,0.7411261197276992,0.3217206612528367,0.27215037209413406,0.8218443771048354,0.24762997976177925,0.7541660166782534,0.45759212308390207,0.6078203607002324,0.43425330677519625,0.6759060598557615,0.21887730443516373,0.1583386532797173,0.00217122773912648,0.2272488742981691,3.4398489196346898
