center_0,center_1,center_2,center_3,center_4,center_5,center_6,center_7,center_8,center_9,center_10,center_11,center_12,center_13,center_14,center_15,center_16,center_17,center_18,center_19,center_20,center_21,center_22,center_23,center_24,center_25,center_26,center_27,center_28,center_29,center_30,center_31,center_32,center_33,center_34,center_35,center_36,center_37,center_38,center_39,center_40,radius
0.5973609510611516,0.6926722829038391,0.2837160559032458,0.03927834772999084,0.09846036377118017,0.2949822390223792,0.048499815771586796,0.7991220908278276,0.8823719731320381,0.3838319071485795,0.6835507883468819,0.5492483346456406,0.0127100970528784,0.36626961988071716,0.652178481593212,0.36606576053612094,0.5715368094299179,0.6713634349197192,0.37623476839855663,0.8106732692684441,0.9660798334220528,0.977856427942948,0.029032494686988874,0.9639363806730006,0.7517086010902053,0.8005252205738161,0.09928037832901304,0.016383384314727523,0.7424594633672043,0.937821150595727,0.029016107626335774,0.515871212453486,0.7769118621248392,0.09686441830019166,0.0662983113222867,0.6026752564783473,0.5307378598775553,0.6865725201307429,0.8403275472960965,0.006140137227445885,0.4089282807732256,3.525224896417645
0.8292665104677219,0.061343721819288044,0.8553082627552943,0.9408523849158004,0.8752326535717604,0.4575853085392173,0.9716173598481379,0.7028389187754,0.056424134009974924,0.9668956766091524,0.2030702662288998,0.9165540804762644,0.6203032324173973,0.23361761907202971,0.7648578185158278,0.47413334997737744,0.9732284822714417,0.3928656400938352,0.5507399875974179,0.7246533081706057,0.03863202453301562,0.3202503096833147,0.7819758057129673,0.7448838985333749,0.2523028888543246,0.6214049188373173,0.8603981430773012,0.9492580840629372,0.08169117702742856,0.7367407877991683,0.9649867280683754,0.5664194498297003,0.138073309252584,0.9004454471621075,0.5975441423934048,0.6744327980491203,0.6204325471355593,0.17216551059792773,0.14200445038803533,0.7466368408698876,0.6170658328920677,3.7372795278015793
