center_0,center_1,center_2,center_3,center_4,center_5,center_6,center_7,center_8,center_9,center_10,center_11,center_12,center_13,center_14,center_15,center_16,center_17,center_18,center_19,center_20,center_21,center_22,center_23,center_24,center_25,center_26,center_27,center_28,center_29,center_30,center_31,center_32,center_33,center_34,center_35,center_36,center_37,center_38,center_39,center_40,radius
0.15407580579710378,0.022769758421224306,0.04711914333760525,0.8868213124371661,0.37224223389744837,0.07594124686525339,0.5869763892095381,0.9694541456359531,0.9889077617683031,0.5409935793737538,0.48909803379242167,0.7161062857128644,0.004061295938912357,0.13652887102373168,0.20173086287277775,0.25227042895736906,0.1775176711124533,0.046734742439876076,0.9444574067415104,0.43811810590832934,0.47576460004636045,0.85018005623961,0.27746822432041574,0.3968277344850455,0.974599749694754,0.21009158636556102,0.42278871940054685,0.006904010339636724,0.4892253057099172,0.25064622298712325,0.0951358667827582,0.2562915761802338,0.553582861943339,0.04936103757641819,0.7745657535681351,0.9903674386623458,0.7917478227701538,0.2283641706010634,0.830250024480619,0.2766426244960226,0.8984037721229168,3.032005056417774
0.5069597658355742,0.7833710605700827,0.4048709304664099,0.6475831919756732,0.6998202449143116,0.44200220245595834,0.7394535490023968,0.5936566862130305,0.9230006978678545,0.6984238495005064,0.334980479530409,0.7039106961938556,0.5325956250290835,0.9905453417408412,0.12022419570725162,0.822886570696038,0.5135679257315572,0.9972144630916902,0.10038833837429373,0.8003812328691318,0.9422734774902407,0.787971196761432,0.8021661224614297,0.3745160818141319,0.004190663001623296,0.35169918471867234,0.849886412157498,0.6347600237899771,0.6343671211975883,0.5865548681539701,0.19690394234782294,0.95532953288956,0.7716577579087197,0.2983210051157609,0.6900242477363039,0.3055569379748897,0.11152454088201624,0.9711906916871667,0.12696119422102947,0.9213451653269736,0.8020962462969288,3.5792926866439685
