center_0,center_1,center_2,center_3,center_4,center_5,center_6,center_7,center_8,center_9,center_10,center_11,center_12,center_13,center_14,center_15,center_16,center_17,center_18,center_19,center_20,center_21,center_22,center_23,center_24,center_25,center_26,center_27,center_28,center_29,center_30,center_31,center_32,center_33,center_34,center_35,center_36,center_37,center_38,center_39,center_40,radius
0.960783230912398,0.46218668788974104,0.09525959813626383,0.7383086098541516,0.6416849973207736,0.18358841812348026,0.1469358706199556,0.3446196354169552,0.5569216502186073,0.3311501589700113,0.6453645547036038,0.97198926245741,0.0396046052605985,0.38136806049422844,0.6835043318447808,0.8330164747734338,0.49965768515505704,0.33305243264627027,0.21001661391790183,0.9541056267780573,0.796657222280727,0.5878898379389201,0.12538224139032894,0.17498866246225897,0.103494387109336,0.866675925661957,0.3696922612245055,0.32000032379456367,0.721615120368656,0.7048526791555183,0.9414964159915973,0.7997444532475161,0.5789192702789282,0.6049319320734452,0.8506473145985245,0.891632213333719,0.8885420453713223,0.9888678647310885,0.31436501522507687,0.36817430060116274,0.05269584969318919,3.214762117232286
0.2745929650954888,0.016396123723304568,0.8660575410537326,0.14238344815291049,0.5621843334639204,0.816408471099752,0.7546146131022196,0.9156863345474004,0.030419123313352503,0.9488848298026754,0.7689567034447845,0.14711447146695278,0.924947929259905,0.6555264964152672,0.7058523752181411,0.7998933903887911,0.7529634364134535,0.0817012983193598,0.5678853335365711,0.1149441612607276,0.07597550213269222,0.8265252622564523,0.5924852999577752,0.03602156713528648,0.7610391005536289,0.4696955059791561,0.6733688128272008,0.2918711645016695,0.051970854004398936,0.48614461245723695,0.17690738237677583,0.16605888524577606,0.4846082489775402,0.4639816594485917,0.5035377644364433,0.13610046093879924,0.920307373021217,0.7208909327567494,0.003116219472463655,0.5510740999819449,0.8908742583033489,3.5337480037730358
