center_0,center_1,center_2,center_3,center_4,center_5,center_6,center_7,center_8,center_9,center_10,center_11,center_12,center_13,center_14,center_15,center_16,center_17,center_18,center_19,center_20,center_21,center_22,center_23,center_24,center_25,center_26,center_27,center_28,center_29,center_30,center_31,center_32,center_33,center_34,center_35,center_36,center_37,center_38,center_39,center_40,radius
0.5449975549132114,0.8073276982998991,0.677555467677086,0.2924349368514997,0.7622099004622455,0.4554338681806006,0.9398355501840081,0.2766586851517413,0.6695245829699885,0.5683318660694258,0.1584065422090809,0.5188957463090251,0.6833386055495759,0.7651319754506789,0.33080996261178064,0.3977915546469942,0.9834341060107805,0.04767159445442115,0.3368774948296732,0.017106273581543152,0.04399389197232506,0.5745181815658803,0.37611491331251024,0.9102551586239337,0.41435745512367705,0.19669705418447658,0.10104373458788041,0.1740290666577885,0.9472004619583038,0.8326568677422929,0.3032036778103022,0.013996404748974345,0.2925211016910856,0.5600996476205806,0.5092211878428792,0.4789949541249049,0.21289473143398996,0.5348753324871355,0.7254931288156515,0.7246746345225622,0.4562954108119862,3.0806308555680384
0.8401668039811261,0.08032644479756457,0.32950624769783277,0.9874738182140432,0.9034425420069526,0.1007043277174714,0.011872271196117778,0.5878757972998465,0.23761427047759853,0.6180211946974301,0.9374743360184105,0.004458160114910625,0.9083235621205877,0.18646359360244846,0.8067241130845961,0.8676522415818986,0.014871340890241891,0.9210677701268584,0.2409022707299565,0.7810634325183201,0.9888888775092568,0.5966779912881779,0.14769177274440448,0.7011633963536981,0.7776175547555589,0.9685375362192675,0.23962986777852102,0.026003951966638517,0.11542596909594727,0.23957051247303873,0.29318986540317415,0.8898948134521333,0.7307729968868352,0.6893046647378193,0.47123839103198684,0.12149785903995847,0.7879178706296405,0.9611382517560211,0.7158871375953934,0.5601769347590004,0.7918288872132502,3.723023310998341
