center_0,center_1,center_2,center_3,center_4,center_5,center_6,center_7,center_8,center_9,center_10,center_11,center_12,center_13,center_14,center_15,center_16,center_17,center_18,center_19,center_20,center_21,center_22,center_23,center_24,center_25,center_26,center_27,center_28,center_29,center_30,center_31,center_32,center_33,center_34,center_35,center_36,center_37,center_38,center_39,center_40,radius
0.6391785909552876,0.27062794385824385,0.1913418993934548,0.1676354013838901,0.36973367489616904,0.8324921778369428,0.341611106892716,0.21524584681157322,0.027667268148264923,0.6793558288188585,0.8115359390465732,0.8987416397765993,0.5317331964261721,0.15620183847950153,0.8117173771526515,0.8829526203289604,0.5953048745982398,0.7903837705953265,0.15667224269893365,0.37697214794460054,0.09069586036853694,0.6531659524859748,0.6510092997070417,0.6920675601901718,0.8493467216042578,0.07313379448398849,0.7882995738722711,0.2785520050268877,0.47143400378785405,0.7605520026154523,0.8235398804803133,0.7442615542232642,0.3167707517729945,0.3575878268290086,0.49392497137226243,0.2938151780338212,0.8493053484513188,0.18577278078928394,0.3604755695106233,0.3735180448614095,0.14992949124317,3.2290558002683176
