center_0,center_1,center_2,center_3,center_4,center_5,center_6,center_7,center_8,center_9,center_10,center_11,center_12,center_13,center_14,center_15,center_16,center_17,center_18,center_19,center_20,center_21,center_22,center_23,center_24,center_25,center_26,center_27,center_28,center_29,center_30,center_31,center_32,center_33,center_34,center_35,center_36,center_37,center_38,center_39,center_40,radius
0.9904583078704885,0.9857279376542536,0.5052219886756316,0.33366469310245284,0.8255448356722,0.7169388807583966,0.056582765902296495,0.9542141545787505,0.007371134867429241,0.3562834194970017,0.8921942997672927,0.63077354680802,0.003220395995060854,0.889436211783737,0.8058161735614873,0.7619644200633372,0.3198226466464513,0.733856866525012,0.7918582774391135,0.6338604817677231,0.6384666125118342,0.729382279685995,0.6747779638786098,0.34793485252763334,0.9873217726978822,0.7373542673999535,0.4441308148379334,0.6227555362022821,0.23369213137242495,0.3910440256856428,0.40025505712474074,0.0005409377056204701,0.49976185670114925,0.2844651402255417,0.2308705226008052,0.9916970274527724,0.986269189209616,0.21727508802222117,0.7181752792334751,0.5810404074348771,0.344078779900832,3.5511030626041453
