center_0,center_1,center_2,center_3,center_4,center_5,center_6,center_7,center_8,center_9,center_10,center_11,center_12,center_13,center_14,center_15,center_16,center_17,center_18,center_19,center_20,center_21,center_22,center_23,center_24,center_25,center_26,center_27,center_28,center_29,center_30,center_31,center_32,center_33,center_34,center_35,center_36,center_37,center_38,center_39,center_40,radius
0.04864095885673847,0.5079755918200705,0.6548677361196381,0.7379537780929961,0.46976643473698254,0.37761668841927765,0.8173103890269983,0.7098576228021457,0.654490230108269,0.13227458909708611,0.1338666897343337,0.3711696016599926,0.7896009559233019,0.9371426368828788,0.45584676174472527,0.1689205145937971,0.24274260406958104,0.2603993092446317,0.3807627032053451,0.9191338409251812,0.44880041715330754,0.732075052425524,0.7197999587415085,0.4851448595075535,0.46862088021832304,0.7925092604712624,0.7065382875011598,0.7365188007057998,0.21094784503510788,0.5052067253942546,0.3351454521352004,0.6566613449339395,0.957148289392033,0.6045459683201831,0.3273623136867574,0.7880998672278079,0.5220956079833554,0.7686548890639889,0.31806354953954474,0.10846664067240319,0.17299152602717027,3.2203218012768984
