center_0,center_1,center_2,center_3,center_4,center_5,center_6,center_7,center_8,center_9,center_10,center_11,center_12,center_13,center_14,center_15,center_16,center_17,center_18,center_19,center_20,center_21,center_22,center_23,center_24,center_25,center_26,center_27,center_28,center_29,center_30,center_31,center_32,center_33,center_34,center_35,center_36,center_37,center_38,center_39,center_40,radius
0.8795214855794438,0.9581115689004,0.05083922277803421,0.7312830290669661,0.8910455524636287,0.9307935645629913,0.014280324162635472,0.40860862034443923,0.3168642009653323,0.045261988217239035,0.4363479284884805,0.29197936168810623,0.8272735047908096,0.5597031567550135,0.8938858697601878,0.23525967277308668,0.6280383990224186,0.9855218054920081,0.7182930955086185,0.4810239223396733,0.8517099340938001,0.4644488562815885,0.7326989487406439,0.7065555572886808,0.6352719978076831,0.952873713641189,0.45565915387953726,0.10818998158046211,0.7537961634250798,0.8148301427091695,0.5416916534477049,0.8308515202490443,0.25403878719806217,0.5569725320574694,0.15008248921438716,0.7889802374427454,0.9068133702195252,0.5242083862707978,0.47320681390648855,0.9589601616114335,0.7713844661264874,3.6907903722886615
