center_0,center_1,center_2,center_3,center_4,center_5,center_6,center_7,center_8,center_9,center_10,center_11,center_12,center_13,center_14,center_15,center_16,center_17,center_18,center_19,center_20,center_21,center_22,center_23,center_24,center_25,center_26,center_27,center_28,center_29,center_30,center_31,center_32,center_33,center_34,center_35,center_36,center_37,center_38,center_39,center_40,radius
0.3515542065897225,0.7731191621302167,0.014297815946310077,0.7579905312631147,0.25492666322796387,0.9016538162672357,0.21252990232568136,0.728143190621886,0.2017227412266943,0.6626081653057326,0.40156433327011487,0.25935234699736887,0.3333910848847679,0.635577053655947,0.9691718594245692,0.21302950535618825,0.6427500577043114,0.10547652814831021,0.7627391565707592,0.9554372433318181,0.047807288008023474,0.9747206626007655,0.8418496852657452,0.5062702945690378,0.3722817246596012,0.6719541577730153,0.539046352114421,0.948473899349167,0.2689999526180151,0.050372215596069525,0.8352669858286387,0.5105575908727961,0.9546454629115353,0.5753259180047873,0.5260233563767412,0.8700196935222376,0.2462327840954348,0.5768778294427056,0.03198303233492705,0.12687642129288235,0.33613456563695543,3.41581365816729
0.4947547480516058,0.8820226673505195,0.8798145306703707,0.5208083538417556,0.24618515031313948,0.21567124799132364,0.9838652275558929,0.04531335352202637,0.7554139583031946,0.5836569728841482,0.04714248177565594,0.9583224427067571,0.8776804006452734,0.0596458233801731,0.2771592472150103,0.7370008187011224,0.9324950208987909,0.9534452000928784,0.8392186027626107,0.15937874987291278,0.7406048745936528,0.11345991882607132,0.14394657489317564,0.8237229416692253,0.13164493361301388,0.726433229501969,0.26993484427513303,0.030785689880943434,0.47676336964173127,0.9994014535117891,0.15020952461945114,0.8509887775652865,0.012239208434223658,0.727198692860862,0.31235413373742815,0.22595825840104278,0.9524525004749251,0.229130461411179,0.44770125843473985,0.37848711080580655,0.8022906706269739,3.2903510789954185
