center_0,center_1,center_2,center_3,center_4,center_5,center_6,center_7,center_8,center_9,center_10,center_11,center_12,center_13,center_14,center_15,center_16,center_17,center_18,center_19,center_20,center_21,center_22,center_23,center_24,center_25,center_26,center_27,center_28,center_29,center_30,center_31,center_32,center_33,center_34,center_35,center_36,center_37,center_38,center_39,center_40,radius
0.03636216718403762,0.2924776691833655,0.337265366839234,0.8814738432550087,0.11201323405046726,0.6102830688668754,0.2949209889236776,0.6513390440917075,0.4096066419637495,0.9755815196227389,0.9956350811958148,0.21148061876686874,0.46333741342991974,0.1352796596710254,0.7521677711286318,0.6990901675699005,0.9590135928912701,0.1270445684570588,0.3956373208671339,0.014098887760668255,0.49016745211984236,0.06730694151365813,0.39448513200767843,0.0699920722623425,0.6768692081764593,0.30936303370785523,0.7904951792433288,0.5194470716011076,0.6122912710464415,0.02554172289939849,0.17632384823000724,0.680869285948684,0.915113001315736,0.025072105649442955,0.7743752554274504,0.9409148202087343,0.26995519293207426,0.39452218730170097,0.9362635785520175,0.5707142277821368,0.07092017170434939,3.2230102921516846
0.7987265821642798,0.9450081692269305,0.7321464149605831,0.42719172114821835,0.9570301667493349,0.4795664166414446,0.9682081918065382,0.08261752322740223,0.7599259517955396,0.1533495150042139,0.4769129493724492,0.9820435152040898,0.9924447604415155,0.9487737197474568,0.9538079675465665,0.6013264207401661,0.640297608152442,0.5489329620840019,0.7660576461771033,0.9100560487194053,0.3211654740968348,0.9198697489447915,0.6406867365750998,0.3525869040735128,0.2522867771727412,0.6822068525357609,0.5737083008809836,0.09463957196616413,0.06443961068145498,0.46388401260146783,0.7864669133971696,0.7887299728775065,0.06130754586062637,0.3237283033493128,0.27137229111599537,0.04307446141130544,0.21101139737826824,0.44585555566117685,0.9404147058737713,0.2503077813176874,0.9543943725734492,3.82294983821885
