center_0,center_1,center_2,center_3,center_4,center_5,center_6,center_7,center_8,center_9,center_10,center_11,center_12,center_13,center_14,center_15,center_16,center_17,center_18,center_19,center_20,center_21,center_22,center_23,center_24,center_25,center_26,center_27,center_28,center_29,center_30,center_31,center_32,center_33,center_34,center_35,center_36,center_37,center_38,center_39,center_40,radius
0.010830253149589075,0.28927116788821017,0.70866729826674,0.4274615879817313,0.025620684638917424,0.4914401865490623,0.7276272422612178,0.8220212349333982,0.7847932525570896,0.18699928327682946,0.17426289817616147,0.43600086132068394,0.9475361013908661,0.908022498671742,0.9608460323788186,0.718533781594284,0.43821950210447125,0.6781112726761503,0.9203989135133178,0.17084769591199844,0.24186552469181632,0.6810611286603835,0.060560460291963714,0.9326913995278318,0.7604922974785203,0.1349931369065669,0.5829539104352445,0.37650471472671676,0.7910874126573898,0.06408297937851226,0.3435643934738526,0.45266173070357596,0.23815231726434916,0.4533761750328229,0.0741369295677502,0.4207371900257839,0.21798595953328115,0.24113286072530793,0.6104957997580247,0.7098192494372804,0.4121486257551302,3.344768290174797
