center_0,center_1,center_2,center_3,center_4,center_5,center_6,center_7,center_8,center_9,center_10,center_11,center_12,center_13,center_14,center_15,center_16,center_17,center_18,center_19,center_20,center_21,center_22,center_23,center_24,center_25,center_26,center_27,center_28,center_29,center_30,center_31,center_32,center_33,center_34,center_35,center_36,center_37,center_38,center_39,center_40,center_41,radius
0.11407136503620874,0.7429738663140589,0.9490185397346883,0.2035638622886421,0.30388297982601864,0.38373063859723633,0.3910979664912665,0.4993385204552977,0.6805240358097797,0.8450752915323733,0.7367154848199576,0.05233517898836082,0.25441943968779157,0.4249761516135204,0.8011272934197422,0.558570575948118,0.1915487974910215,0.6493271242765286,0.5958986945720125,0.25332657141720627,0.666713212423062,0.7162870939366653,0.4422045791537972,0.1856222314327004,0.46154212726356825,0.3998176244459326,0.5649344349501111,0.3658766514918397,0.1412456147280441,0.3706277298932368,0.622526584334808,0.6854838405567478,0.28547465689918494,0.5973316832622223,0.8345455164192552,0.8076124861120494,0.9079810367927225,0.17508590871421092,0.7655497751647481,0.5011593070358638,0.7438112865197777,0.6131455668922201,3.1638982112690464
