center_0,center_1,center_2,center_3,center_4,center_5,center_6,center_7,center_8,center_9,center_10,center_11,center_12,center_13,center_14,center_15,center_16,center_17,center_18,center_19,center_20,center_21,center_22,center_23,center_24,center_25,center_26,center_27,center_28,center_29,center_30,center_31,center_32,center_33,center_34,center_35,center_36,center_37,center_38,center_39,center_40,radius
0.6604236079936349,0.6697693130609494,0.4047410622230323,0.964971221884986,0.3689250978411318,0.12617310828542738,0.08982868797778842,0.4925561658998996,0.15592726827561698,0.5686538366087944,0.5572322487702893,0.6825108872970257,0.7781954610173801,0.5890799516596733,0.667235894161947,0.964776045482921,0.989199983588358,0.9943968926106871,0.8554720923974451,0.7377868337096565,0.9970317042292858,0.5269346019543106,0.1945300765181065,0.6997110100717657,0.900403974617234,0.7888890690978189,0.40981571839319675,0.9366504637706111,0.5983429546718083,0.5534388012420832,0.12465387144981743,0.6207593361972387,0.06715112702335113,0.17128061871535794,0.36366995686457115,0.915778996824898,0.7864486547727756,0.30530152261853316,0.96839733593675,0.30410513982672116,0.00910774205642395,3.5403239950871397
