center_0,center_1,center_2,center_3,center_4,center_5,center_6,center_7,center_8,center_9,center_10,center_11,center_12,center_13,center_14,center_15,center_16,center_17,center_18,center_19,center_20,center_21,center_22,center_23,center_24,center_25,center_26,center_27,center_28,center_29,center_30,center_31,center_32,center_33,center_34,center_35,center_36,center_37,center_38,center_39,center_40,radius
0.5797437652539035,0.49857220280539005,0.935928886015964,0.6465299361561214,0.23386323289598165,0.6010116170307479,0.3910161516250782,0.8819218949293346,0.15614493088740267,0.6720186800957593,0.9024386769254789,0.020303736829227814,0.9578330614181008,0.7395056105535855,0.740698815707345,0.06365672438492842,0.950003047019692,0.6971349876443103,0.33939670428209945,0.6779179492356863,0.026949512358198757,0.6569529457677751,0.0953732480165258,0.5868565302039106,0.7718185194289755,0.5068304936529,0.7546853301197182,0.8177337775916984,0.9707719341247188,0.681235527440548,0.1355102397329958,0.6525680377362348,0.16534229039266768,0.9256390169502583,0.2048539849977553,0.49863086464533335,0.004951443531927779,0.022570344581009594,0.9856600596004645,0.5543873487514539,0.4426394429677434,3.391964243779118
0.3088651054203616,0.7489696891952686,0.11684789730404221,0.8913442157634779,0.8932683606858867,0.5004737588749839,0.9387586835096455,0.3592082168884754,0.8917788240873351,0.40983056912030913,0.03314604464520099,0.8883547481850648,0.04449409042700392,0.33829846421871845,0.18755260590270828,0.6063168003485204,0.38947012265091485,0.23385882111258305,0.25792630341095746,0.08863008328546618,0.7147582953394837,0.8197878925779843,0.8019714336295314,0.5429812318347955,0.43890826404980465,0.17389819819818597,0.637027877633687,0.4219506499345892,0.3015848027812985,0.37282332785832484,0.7742727653114787,0.005316273314306286,0.1324423639980271,0.06329004564311158,0.320540484377252,0.8484424336246156,0.3075182206259074,0.6276635961479066,0.011900313785668137,0.02881904165938909,0.3212711008492768,2.913656736174598
