center_0,center_1,center_2,center_3,center_4,center_5,center_6,center_7,center_8,center_9,center_10,center_11,center_12,center_13,center_14,center_15,center_16,center_17,center_18,center_19,center_20,center_21,center_22,center_23,center_24,center_25,center_26,center_27,center_28,center_29,center_30,center_31,center_32,center_33,center_34,center_35,center_36,center_37,center_38,center_39,center_40,center_41,radius
0.5944937852551572,0.3045949178018472,0.33869451109230875,0.04979104530399703,0.3610711127982733,0.8971879939059911,0.47512013399268893,0.190419305301461,0.7954114531358119,0.633995278752844,0.6477970225050298,0.8781813021289158,0.4250562384040014,0.8313793058806476,0.19392646897088428,0.27494424815947494,0.2145674988005064,0.23606583946335502,0.3752006107357818,0.1547545880264778,0.6292683626166728,0.08307066302599386,0.03614756468484259,0.5289725874078537,0.3188953444940459,0.10718614499626777,0.4696130362624632,0.6724919859523631,0.6666224059422466,0.19166685793402327,0.022791596298824546,0.9307858468427499,0.2177365419323115,0.9446545494814598,0.734982898883161,0.92389375424212,0.6619898718512495,0.7251689207517048,0.28060148369077986,0.3032753359461655,0.5304019086444629,0.4449398217834266,3.3395207262968514
0.6751202947500463,0.6904796514554881,0.20284317609762692,0.9753571606097853,0.9666403027343518,0.2032746330461408,0.05032727231598855,0.03812505169254987,0.30724648333787874,0.08644434732759376,0.017661813653333414,0.3295940298237614,0.0280963431239053,0.3167689901411225,0.3479643902060753,0.9800291382632916,0.20019025351795317,0.4534671066965277,0.2923664024840791,0.9947548907096391,0.7339392445601983,0.301696704131313,0.5198439209999499,0.1468849234421683,0.650146812409436,0.8137185314232394,0.9971709112920789,0.22700964022045378,0.14736940679540744,0.9749366463716401,0.8770897080625095,0.3236588144037764,0.9008023977751064,0.04369563101751994,0.2020749985310646,0.05753158371681388,0.11264388537564651,0.921272919099317,0.956408749527931,0.024793590337422233,0.896021663389655,0.8194581698020347,3.289899902966475
