center_0,center_1,center_2,center_3,center_4,center_5,center_6,center_7,center_8,center_9,center_10,center_11,center_12,center_13,center_14,center_15,center_16,center_17,center_18,center_19,center_20,center_21,center_22,center_23,center_24,center_25,center_26,center_27,center_28,center_29,center_30,center_31,center_32,center_33,center_34,center_35,center_36,center_37,center_38,center_39,center_40,radius
0.48885692027140737,0.6099196437265323,0.6742659934022626,0.4371638113776486,0.3361788137113101,0.0779968979225697,0.27910844336428464,0.21896537396365245,0.9255282192243441,0.6761129788949813,0.08894497963610615,0.6379851495010674,0.09210957110670792,0.424370467428659,0.34088220075305864,0.5263345010354228,0.2675341078507947,0.8842944972339195,0.9302123694030161,0.3165862417819094,0.6234033407682005,0.9492376592593196,0.6199669677617143,0.00017132170738420882,0.7697016824373594,0.894333784370792,0.3979735443236978,0.49369170144087415,0.3744309587541901,0.6435240820021244,0.5457293084875544,0.4078752203881778,0.9055346626132429,0.7440787876592778,0.353701977406367,0.8161590092458026,0.26147093599253357,0.02907826204497721,0.1650885281469734,0.6657578411657382,0.4767757345194439,3.011428972351269
0.7803565928258174,0.5936917458640044,0.36577916971206015,0.4762077413432919,0.6607857101053641,0.580171835803905,0.947095941104948,0.6140693639899201,0.010491057503796197,0.5494061787194969,0.981679571768344,0.9801230218199654,0.8725863838589177,0.061871339174076945,0.6160395588615406,0.5501711169607506,0.9190925140931283,0.5631009267894552,0.05873757534699009,0.7127791088181586,0.6655239014567511,0.33335518031105604,0.00465053030683249,0.9594622803679261,0.5366109103441172,0.1840248382483376,0.3186104602182177,0.36127960804964077,0.37092417338306316,0.30226767578847136,0.9423553734734366,0.5194981616019785,0.41953487434079195,0.19906543555149847,0.6322491793646842,0.5991007854863218,0.5784792859022032,0.8324929157185036,0.04060064673009456,0.6601116638461193,0.428963971551521,3.432851176763707
