center_0,center_1,center_2,center_3,center_4,center_5,center_6,center_7,center_8,center_9,center_10,center_11,center_12,center_13,center_14,center_15,center_16,center_17,center_18,center_19,center_20,center_21,center_22,center_23,center_24,center_25,center_26,center_27,center_28,center_29,center_30,center_31,center_32,center_33,center_34,center_35,center_36,center_37,center_38,center_39,center_40,radius
0.09832961419836783,0.3132793289412794,0.727976958581822,0.9078040399620088,0.37617260440647826,0.12630686180274842,0.10968371097709495,0.21003608615691072,0.2204270130504956,0.496534211024831,0.9312573857217054,0.5265052478100167,0.7727691577631453,0.9352665845214447,0.06702052976752626,0.8095802813521522,0.028482066447923615,0.6582889087384285,0.9071674095636554,0.8753398302685981,0.37177398371225556,0.8611326746181565,0.6758271860275302,0.8734448926359649,0.19085861345257638,0.13076812734467702,0.630114707143915,0.604996802190564,0.8691402245545636,0.5308486497231506,0.5818021884659388,0.3409006543799582,0.8463262011816484,0.2699009113841415,0.09992578350755055,0.6719818219046999,0.8898277986082997,0.9786426416831678,0.11382946158760687,0.21398715971948734,0.3565427291409129,3.2781433804821694
0.781589921748727,0.7659922123496273,0.1585379875031545,0.033414795799818875,0.09447328305548586,0.6563517699214316,0.5525105149124291,0.7100286724421375,0.7972909593290871,0.8815483377476024,0.2132450637270572,0.9390825431169759,0.3878500693288265,0.1073691027271989,0.7660695865071709,0.8655968895287974,0.15525862225257359,0.85322157389533,0.3721042874975732,0.8353231464466652,0.10203674051251155,0.05622031769874103,0.3862346359505795,0.15894763675102774,0.2562525261603257,0.10366004885944757,0.5307453985988982,0.5100068080609451,0.128117981440928,0.9715653561141794,0.10328552461164275,0.9619408379351532,0.17236304748444697,0.35832264056250973,0.7952377761556226,0.5617827833337699,0.5638985923399434,0.009908529656687759,0.7598063426503695,0.8798929817480343,0.9517920055359421,3.219249300058822
