center_0,center_1,center_2,center_3,center_4,center_5,center_6,center_7,center_8,center_9,center_10,center_11,center_12,center_13,center_14,center_15,center_16,center_17,center_18,center_19,center_20,center_21,center_22,center_23,center_24,center_25,center_26,center_27,center_28,center_29,center_30,center_31,center_32,center_33,center_34,center_35,center_36,center_37,center_38,center_39,center_40,radius
0.080514050212526,0.80382122878718,0.24014525223450223,0.7025842956751491,0.826512095692316,0.06911524387292178,0.08145804863089123,0.6239342785678055,0.7278625265104263,0.9824042636338987,0.6085200733446177,0.5702981820731817,0.29080411085819935,0.4693325017274458,0.9375671667163775,0.027106649838201435,0.3090300683446392,0.62045913632107,0.6440089630698975,0.7453429887532617,0.42495665617022016,0.44235376969742135,0.6580085684658611,0.6322761824548865,0.6366353312941979,0.18713842817468385,0.4928388722541259,0.7898061238093441,0.5079325359515465,0.2207277067064608,0.40561200319788726,0.3480806914600202,0.58373399273188,0.05742944128661176,0.45923658769201336,0.6276393536841958,0.1657270858357489,0.24425946235443796,0.19427962135697896,0.572527105730704,0.026917640709244517,2.997217744057301
0.9439944138181464,0.4870185363502726,0.7970119133134933,0.14423669780733406,0.39325382695691447,0.9532521992213866,0.8853163960507991,0.8965918459852905,0.8651143025538135,0.30823459124125685,0.32085762561492015,0.9724568332240581,0.9688268783273669,0.4267464262069941,0.930115321989632,0.11422788155189212,0.9015637353383529,0.3769010999775908,0.11014885759712101,0.12212457801727794,0.6238565296252702,0.6711387091983266,0.07481198229955832,0.6581879048702541,0.7738977765405709,0.9989919065592009,0.8606447420672169,0.10125499181153286,0.7140941233013081,0.11465961072559827,0.7637410216801411,0.6838398871409286,0.1603700267961894,0.8282584462154989,0.0669214523627607,0.5618289640604838,0.843652883882964,0.05323743809850057,0.6101712777955145,0.006481651121892029,0.11537276221728654,3.5045692619689954
