center_0,center_1,center_2,center_3,center_4,center_5,center_6,center_7,center_8,center_9,center_10,center_11,center_12,center_13,center_14,center_15,center_16,center_17,center_18,center_19,center_20,center_21,center_22,center_23,center_24,center_25,center_26,center_27,center_28,center_29,center_30,center_31,center_32,center_33,center_34,center_35,center_36,center_37,center_38,center_39,center_40,radius
0.12838125824131208,0.8759045731608414,0.954241948241876,0.2714856315934574,0.5490869020752853,0.5235127238817907,0.5976215495457274,0.04778547883316708,0.3018265210474871,0.8446353883647276,0.3431362214970767,0.1481834866651287,0.1306400757876457,0.7097350774569596,0.3315364544729651,0.3434166880992673,0.20394414624166834,0.29524722645878876,0.6016625798749061,0.5114611669778035,0.04243377943454574,0.2283176511804449,0.6258550237981159,0.9052504029177124,0.6825455473373245,0.6802016976149686,0.1397481671607258,0.6064334572293885,0.7282538058448057,0.7980587081419837,0.8308514117378434,0.831862876086396,0.49227289255792916,0.7426925657338237,0.8028658544408511,0.18554074612327243,0.4679339447362636,0.6721831268063079,0.707377145802433,0.04291102557240589,0.16645619539158196,2.7505639114005733
0.44401619045369567,0.434727207155721,0.44682364118766105,0.18493485982316782,0.4278928842510151,0.28840336558672997,0.8069382901116186,0.7694112198107405,0.40164984001564064,0.34104559695111225,0.7560518459759529,0.19871543571504957,0.2816947406238155,0.17674047845729368,0.8365232988220734,0.4800821462833813,0.43901081116275065,0.6512628324624534,0.4360513375392834,0.8153917200052564,0.7815898102631775,0.7186209608368913,0.5058183612799533,0.5135032251712378,0.02258574928617396,0.40797844981583176,0.9035361133332016,0.9097464017636816,0.2589178352527167,0.47146956479350266,0.5782780419870396,0.28330777028997745,0.9489245947029387,0.053957039751584834,0.11594068515909972,0.3341598223811002,0.10159962728447847,0.4666040855071386,0.34390352915456646,0.6145717035313978,0.8894441399132118,3.1907163886493692
