center_0,center_1,center_2,center_3,center_4,center_5,center_6,center_7,center_8,center_9,center_10,center_11,center_12,center_13,center_14,center_15,center_16,center_17,center_18,center_19,center_20,center_21,center_22,center_23,center_24,center_25,center_26,center_27,center_28,center_29,center_30,center_31,center_32,center_33,center_34,center_35,center_36,center_37,center_38,center_39,center_40,radius
0.7432424220895878,0.6466817187511512,0.628255528459973,0.38669105093966216,0.1457687202764979,0.7949706554894013,0.3799669277584703,0.8939888306406929,0.8128211209341966,0.3738782358006383,0.8601037295349292,0.661055921095734,0.062256863179143695,0.3594308122360993,0.042695197247135,0.10643023956446018,0.6522770746435107,0.9671551465388424,0.931208244896781,0.8215418625543693,0.6961337959197803,0.3630534849453909,0.9383832628175843,0.8964316570000195,0.8655541497466795,0.5574761313615595,0.9151129824861611,0.03729940321183256,0.8217629733532474,0.943392577264571,0.1921242474043402,0.9940109800953494,0.1396073300578181,0.4782803728107313,0.4514965179598258,0.786933465491172,0.4671207610244569,0.6902146266247474,0.27383630967272,0.09684011218093913,0.5462471943368202,3.5443449557440654
0.04663852423056547,0.35758886110093635,0.07183920807046684,0.8270140912910898,0.9974314302175286,0.6672419231983223,0.10481506857510425,0.2956903288064153,0.18217772295726753,0.31236022154154164,0.062023048326161234,0.9372856559914648,0.4350791337353185,0.9053081546901314,0.9829451526926786,0.10713921223229894,0.4406818504851163,0.05615429668362293,0.03737898454889976,0.4623288800266092,0.7185567914279178,0.9453812567596536,0.24678444151377277,0.32915102918325845,0.17218393833433154,0.1443686652949131,0.14407244489966486,0.8036039702838448,0.19115488920626467,0.9270653779185699,0.8020554167371173,0.9949023828754548,0.9487978279969739,0.9627707212416043,0.7712400511040011,0.04268294597261424,0.9413975797475633,0.42295818984056566,0.9961449593793048,0.020976740796812665,0.39804968552854214,3.1526160279566136
