center_0,center_1,center_2,center_3,center_4,center_5,center_6,center_7,center_8,center_9,center_10,center_11,center_12,center_13,center_14,center_15,center_16,center_17,center_18,center_19,center_20,center_21,center_22,center_23,center_24,center_25,center_26,center_27,center_28,center_29,center_30,center_31,center_32,center_33,center_34,center_35,center_36,center_37,center_38,center_39,center_40,center_41,radius
0.6129081153228865,0.10126840119753044,0.4188902790008239,0.75661964327958,0.9184387042534332,0.23269258542689164,0.8357824773959057,0.9009929190482647,0.578262940440077,0.7766333403501545,0.35934634602761273,0.3278123240161306,0.48252107354637463,0.25084701551873456,0.7890248523253492,0.32083858244188423,0.8952728327236633,0.4209155668317004,0.15161070990301417,0.41825012420101204,0.6925678066481643,0.4254785500065116,0.19316772554824757,0.6286000616092614,0.02777640666672021,0.3318279317640954,0.6242903209298911,0.8966768531107205,0.4195160619120185,0.5202378552769052,0.16376881298486545,0.7258627464623781,0.8703466856078103,0.7722543685226071,0.3261316055695811,0.580443189193631,0.5722102383859982,0.5413525071702604,0.35276158674714064,0.05260057117426409,0.8424131450591852,0.5880984547687482,3.500373631028178
