center_0,center_1,center_2,center_3,center_4,center_5,center_6,center_7,center_8,center_9,center_10,center_11,center_12,center_13,center_14,center_15,center_16,center_17,center_18,center_19,center_20,center_21,center_22,center_23,center_24,center_25,center_26,center_27,center_28,center_29,center_30,center_31,center_32,center_33,center_34,center_35,center_36,center_37,center_38,center_39,center_40,radius
0.287202305463506,0.23664313884556076,0.6817917582961377,0.7012435767794499,0.5055299962130633,0.8071107348715812,0.22849200945020753,0.3347993599793405,0.6149198580051469,0.9453465738703593,0.18671655264616105,0.06668709251897331,0.40856993333186487,0.19747916046149527,0.5634533142834068,0.7559579419652974,0.38451210182775963,0.1742444799031766,0.7419505565792793,0.9452894120017854,0.6896621999351333,0.4153459213437253,0.7844809008956983,0.9550321875937988,0.8696375531404781,0.49676116559815076,0.9536525719280631,0.6026537748094477,0.9291082865885308,0.4417969574624936,0.22793220858090957,0.013736148852831032,0.481828598313242,0.4797153499685526,0.8122509277448211,0.012228303250039763,0.6567746367047241,0.8582249827023278,0.14140342943324724,0.8783049094007784,0.6755779877797042,3.342548879824832
