center_0,center_1,center_2,center_3,center_4,center_5,center_6,center_7,center_8,center_9,center_10,center_11,center_12,center_13,center_14,center_15,center_16,center_17,center_18,center_19,center_20,center_21,center_22,center_23,center_24,center_25,center_26,center_27,center_28,center_29,center_30,center_31,center_32,center_33,center_34,center_35,center_36,center_37,center_38,center_39,center_40,center_41,radius
0.9186884445512942,0.18530797623457218,0.031992803425559435,0.7619272765289127,0.9496534365912672,0.03806732762826259,0.20837516756252716,0.4193577797187933,0.123391514898051,0.978170058056242,0.027466220161873833,0.7282112331413476,0.8369517735459401,0.1145360012625557,0.013988925849167999,0.4823632964687502,0.8318129494638894,0.6490582018701384,0.09054851258911745,0.21233846477879081,0.1865726036466091,0.6600734579433035,0.530547851332202,0.7743063730909434,0.7443300260787633,0.934922443655884,0.12976004477438208,0.7849199628553236,0.44387601953663125,0.5455534314175353,0.34932899842470466,0.7791743039696668,0.05005424490690458,0.8357336278398474,0.6492641883849884,0.18327853811780637,0.474948219994769,0.8039102880922563,0.9488208470758578,0.8136859890609106,0.7908937764544591,0.7107579480093248,3.638846541047625
0.06476544885057167,0.9547935641833315,0.8316076257187995,0.19810670579080558,0.040003413738232796,0.1071680565412988,0.0778476263942498,0.9777895773633813,0.49081809851595837,0.03176255492847879,0.7921778322011139,0.32238836173364416,0.3578703625141276,0.5052158942706217,0.7820863806691459,0.7870251833743498,0.5949549569300782,0.5469213847241672,0.9744782716925265,0.7982107382216201,0.9521536064029081,0.12050479227595823,0.6457667047630387,0.25929204443384524,0.14191339317281693,0.755722356329792,0.6175055602712078,0.3449601437869,0.3132975858603313,0.006615286121348096,0.7786708663675626,0.35695039347187496,0.6882348376147769,0.016490565019641856,0.13166994453919867,0.19300439549319814,0.9678236893345964,0.0021434962008172187,0.4491387446464795,0.4668390978639788,0.22617218681750162,0.15369550393445186,2.8903998448099952
