center_0,center_1,center_2,center_3,center_4,center_5,center_6,center_7,center_8,center_9,center_10,center_11,center_12,center_13,center_14,center_15,center_16,center_17,center_18,center_19,center_20,center_21,center_22,center_23,center_24,center_25,center_26,center_27,center_28,center_29,center_30,center_31,center_32,center_33,center_34,center_35,center_36,center_37,center_38,center_39,center_40,radius
0.11775959003026326,0.1096684152113413,0.28627011112709233,0.11296072364392096,0.2636940387769714,0.6681543841215157,0.5322706531920007,0.05897418584634362,0.04725682782043339,0.22495484994418402,0.6329821587771157,0.04134232645999314,0.8134739971850371,0.9783894714459112,0.42985806300897267,0.04303947669460484,0.9475433508367447,0.4667472279157533,0.49949731863205615,0.47516977333165566,0.6494262130652949,0.024938416020893084,0.057369682055487314,0.5887658986187662,0.7261903685992952,0.8374715409167246,0.681038583080037,0.5826826350616802,0.5710211591476609,0.5798806540807075,0.23710013327354418,0.5315421404409312,0.8652247410880166,0.37541808906915164,0.18334141061875542,0.5872255530233472,0.5099702975164934,0.5788654484502774,0.919350395740786,0.22281341266304167,0.1037323167096611,3.064562663055332
0.8094851190794696,0.76072912068586,0.9689204490858462,0.5785923390516172,0.9414125891315129,0.3298013146383457,0.8485983858117688,0.6557758938716989,0.6782462109399715,0.05811665677501954,0.5595775456586388,0.011434909502896273,0.15044610227781463,0.002600902519603099,0.88671424577341,0.781541464603782,0.05703586296602059,0.13831805413373977,0.8740406457017944,0.01891243912543128,0.47681496306351434,0.7940753149311037,0.9780209689447759,0.8659145908040318,0.6130807066339291,0.12854609560742636,0.8597762115838703,0.5783355563622252,0.23182795867944272,0.14288395039159085,0.3175051762672415,0.6760007531253824,0.981049002595288,0.2734143164616838,0.1799448620751518,0.015889627804153927,0.8598267619943254,0.8568718615320456,0.18241904016511967,0.1105896813517141,0.3370921159661069,3.4386754980994803
