center_0,center_1,center_2,center_3,center_4,center_5,center_6,center_7,center_8,center_9,center_10,center_11,center_12,center_13,center_14,center_15,center_16,center_17,center_18,center_19,center_20,center_21,center_22,center_23,center_24,center_25,center_26,center_27,center_28,center_29,center_30,center_31,center_32,center_33,center_34,center_35,center_36,center_37,center_38,center_39,center_40,radius
0.5499896890646716,0.7202216788103872,0.3261385463030534,0.9063413237798251,0.28046538658988596,0.8245516324142164,0.6279314183950748,0.9911478622601747,0.3144533937259,0.03609578122939827,0.9761889603660633,0.9232555094517365,0.27340132309049037,0.9098150323336095,0.20085571279914904,0.3577089857787381,0.6129277506679481,0.7856876450985665,0.5992793851377812,0.35156011860281566,0.5660643690263603,0.688857733488562,0.13999249257119506,0.44594096611173917,0.4526952814233215,0.9070625811842193,0.823602628485629,0.33728797035338964,0.8117749376596437,0.7546285219676092,0.3435208622272967,0.7361159481295324,0.8305835385831559,0.24803792707281325,0.27775233220742035,0.8263048545028425,0.6901589619386638,0.025528774594384185,0.8966948042773466,0.21527121347012046,0.6443720837243244,3.2993088369146113
