center_0,center_1,center_2,center_3,center_4,center_5,center_6,center_7,center_8,center_9,center_10,center_11,center_12,center_13,center_14,center_15,center_16,center_17,center_18,center_19,center_20,center_21,center_22,center_23,center_24,center_25,center_26,center_27,center_28,center_29,center_30,center_31,center_32,center_33,center_34,center_35,center_36,center_37,center_38,center_39,center_40,radius
0.5384098641986564,0.847820349515354,0.7582114291524812,0.804768147415192,0.34593373014471906,0.7571000674670088,0.34205844411569997,0.35014913315456786,0.8008826012195303,0.182657824532667,0.8994119247963005,0.3920195435704843,0.9964898278430294,0.09119969539741257,0.8670109945540577,0.21385835660715746,0.8488900701267968,0.7591134143405696,0.8604091840652016,0.6891114127402115,0.40222027462372145,0.01009305688516382,0.852720738368161,0.5781479292786563,0.3359725380676114,0.25821972374118407,0.8035378821650256,0.9234473147189748,0.4637530599393812,0.31436931214435193,0.5551757889243609,0.6744124207499855,0.310932797331147,0.0657924815293085,0.8720045766075079,0.7310774808442159,0.47050991420563637,0.7554435223683577,0.13874710840987525,0.10494811396287296,0.8834786554553882,3.422794556354093
0.9795294163804878,0.005676072070224025,0.6162770485712113,0.2907060882147774,0.14150963216706425,0.4986405444153995,0.744453347214437,0.38227907612557177,0.3213104288500398,0.9396133616582133,0.34853764150331845,0.781391272810392,0.23939849251566492,0.9005907592684071,0.40408492949803365,0.9824572504625566,0.5331245093540125,0.07967803549854446,0.18926007839404013,0.28308691101822725,0.8589749256690117,0.9997631746893417,0.034291383381141904,0.2603627254073948,0.41136861497380905,0.9263514406689421,0.6873128529666104,0.058528383986439114,0.7538253056189658,0.6433154689635115,0.8275870726549245,0.7857866509247556,0.21936780366578168,0.6926951068035995,0.13195777570931322,0.9469786510548015,0.8208832117329665,0.30394859566179644,0.5275376911880634,0.4673366245815539,0.0018058793420900887,3.2967914176539113
