center_0,center_1,center_2,center_3,center_4,center_5,center_6,center_7,center_8,center_9,center_10,center_11,center_12,center_13,center_14,center_15,center_16,center_17,center_18,center_19,center_20,center_21,center_22,center_23,center_24,center_25,center_26,center_27,center_28,center_29,center_30,center_31,center_32,center_33,center_34,center_35,center_36,center_37,center_38,center_39,center_40,radius
0.7142189728263312,0.966021658565294,0.6127323263183658,0.5778919866549738,0.051031521205646024,0.3109716109760635,0.9050400637682151,0.5644896898462242,0.4906278724359572,0.9176296581200164,0.5003537466347511,0.9319273592893619,0.6268231926194984,0.971942353904428,0.9997146105570608,0.7567882158226056,0.31428366300603683,0.11608382538134587,0.761487143527313,0.05012443732880589,0.8491072424542594,0.9823404912339814,0.8657876579744904,0.3104947760133664,0.9683343560244605,0.45841839686450203,0.22831097004126533,0.395882517109873,0.3610577777148728,0.8696862907492261,0.3208227841552844,0.6567890124725082,0.4504345681463451,0.32800416234713414,0.8411768819812434,0.38478770069035184,0.2680606017578948,0.24341589700509736,0.3335169997936328,0.005947439659195974,0.9304615097297496,3.7568450617607514
