center_0,center_1,center_2,center_3,center_4,center_5,center_6,center_7,center_8,center_9,center_10,center_11,center_12,center_13,center_14,center_15,center_16,center_17,center_18,center_19,center_20,center_21,center_22,center_23,center_24,center_25,center_26,center_27,center_28,center_29,center_30,center_31,center_32,center_33,center_34,center_35,center_36,center_37,center_38,center_39,center_40,radius
0.6421903932700787,0.7299050922848254,0.36189237814812236,0.2213800340175478,0.9926078704546952,0.01964511611833497,0.08466618645407742,0.2569939330354474,0.25035263962977394,0.7689318342059865,0.43798343659352923,0.8114188266529228,0.2778963938849085,0.48430086503127423,0.6427761145500024,0.03122137200104924,0.028005505813930243,0.5029858912145485,0.3411125392728054,0.8005843809398738,0.9026793655873451,0.7379231586758134,0.19797698742322367,0.15851876328741588,0.07024516407523407,0.3237774214031329,0.10001838805883345,0.583811216107148,0.12457393769136438,0.691990976694502,0.09344182326774475,0.981470474138877,0.246269730734908,0.4996784761549474,0.4494551735801222,0.4308371817785527,0.4801654047550544,0.5534958772034371,0.8685309220966095,0.31677263238389464,0.6770036370550331,2.8483004105589593
0.031809987302026554,0.41323389201735183,0.5642022956816942,0.6091760213528767,0.1133148590073011,0.11711049025266052,0.29841485583892,0.8235196074218345,0.9666484621691462,0.9230239287303498,0.7612337451146831,0.41035485931839866,0.8855491385755282,0.9975836361853118,0.4473825739770282,0.5212917882340363,0.9258866419578218,0.7732748982115375,0.08333471051591146,0.6084483172032817,0.232003049746488,0.4939172379649195,0.923596871411414,0.19396207140228272,0.8585268296414761,0.7832058975215639,0.8270869199120184,0.5844981892264148,0.9028275616557643,0.6561972647357299,0.3692395865122948,0.4318259656613479,0.9717044241916338,0.5710735082736664,0.5921677587301601,0.3238645393671358,0.6930960221991589,0.14467260349747335,0.732931346428715,0.33636105603458144,0.5241513507566924,3.524426314265676
