center_0,center_1,center_2,center_3,center_4,center_5,center_6,center_7,center_8,center_9,center_10,center_11,center_12,center_13,center_14,center_15,center_16,center_17,center_18,center_19,center_20,center_21,center_22,center_23,center_24,center_25,center_26,center_27,center_28,center_29,center_30,center_31,center_32,center_33,center_34,center_35,center_36,center_37,center_38,center_39,center_40,radius
0.2809314449254301,0.3806348149686989,0.290533011572943,0.18856094347409424,0.4566702186259446,0.31729993712665794,0.3490012729985582,0.6116080206891812,0.6780292645471416,0.08526557199350082,0.9938235030234467,0.1378492642750655,0.9822377638140106,0.8217716182455428,0.7534470658432868,0.1699180985949944,0.2996064476741829,0.671569579180698,0.0063520933048292205,0.47418149616207894,0.08891201088141087,0.257798475224398,0.4216817376417541,0.4749245153019007,0.1783148643900947,0.2102351656381054,0.42202987142853476,0.6344786873454451,0.27121706638550336,0.25192861740079875,0.695810713342093,0.424638408307216,0.14445321428829638,0.4099861694405196,0.19200729377339698,0.5029780238401949,0.39922345401609804,0.9204718827366141,0.4414815004530219,0.02906591537446135,0.39122546504593914,2.9549402516328267
0.9615599740418749,0.3205522289429583,0.11492353463840221,0.5350060804417341,0.333733386663957,0.6392972448754558,0.3496509390509809,0.9662626814782709,0.7167105550780338,0.6869212830237825,0.014837677784840575,0.46091581047765695,0.002420341643213031,0.18568960281703473,0.815507664703175,0.04486495722329065,0.37787347816371997,0.2674957315764642,0.985854444005807,0.1448640575317296,0.8118009637811201,0.4500025593413227,0.16076813080885977,0.5275744833352318,0.9970589681715814,0.35976216790105087,0.47312978090542557,0.17029638451662765,0.39605534744374105,0.4570252712889121,0.397501461355079,0.18444135100097814,0.9141396451093797,0.3950932004396126,0.39166145467966573,0.8745453436496488,0.6451310444165727,0.4194417828504833,0.7917086796672094,0.9159018296003865,0.04862270377253708,3.2099350007856295
