center_0,center_1,center_2,center_3,center_4,center_5,center_6,center_7,center_8,center_9,center_10,center_11,center_12,center_13,center_14,center_15,center_16,center_17,center_18,center_19,center_20,center_21,center_22,center_23,center_24,center_25,center_26,center_27,center_28,center_29,center_30,center_31,center_32,center_33,center_34,center_35,center_36,center_37,center_38,center_39,center_40,radius
0.4568367880685139,0.8362086637758683,0.3722281776293124,0.11900901982677303,0.042732688284277565,0.33862842649960656,0.6123824971835699,0.9470826779839991,0.28058504210815516,0.06545468484438977,0.3536152754967742,0.7691023396365222,0.15233846094877945,0.3766460697683409,0.5487259126604839,0.07481818498147941,0.8907969721897954,0.03267302286260698,0.978577658342324,0.2697137230675899,0.48311570485614364,0.17540040439275517,0.49168245807900024,0.6895778922730171,0.9976152100970596,0.8649225343820195,0.3987527780727643,0.9542191854434029,0.8650380890224971,0.6375065595007054,0.21387754980542917,0.7152093831706028,0.7482370574984712,0.56833719319008,0.933702590777139,0.3388059443222926,0.7781904979070874,0.27551467040027944,0.3334900640848053,0.1378971851354388,0.8650414637447185,3.0999259011371674
0.5535706633228641,0.10146268255107449,0.23320773274728057,0.8055429202990307,0.6261597731657226,0.16465282299398842,0.016913489904425205,0.31277723097833676,0.5592101415312556,0.686793077460881,0.9165324493041564,0.006405685213037415,0.7106925565827554,0.6779805504530814,0.4024674102164868,0.728001756635544,0.10578525319051413,0.23557627486901633,0.46602649450713485,0.32584430882495263,0.3032430228446079,0.9047130856253764,0.6854649323905624,0.3756552774974662,0.8330827710087678,0.7329058106976565,0.5706528141857047,0.38442807880565244,0.4714297031423671,0.009472868192699657,0.9798310557309979,0.939191035692903,0.3356560581023652,0.8593572716772492,0.2715035452395107,0.8408540498427901,0.17796336070801344,0.7499783264644921,0.349412625818707,0.9915734530786633,0.4100712011852493,3.184398736189063
