center_0,center_1,center_2,center_3,center_4,center_5,center_6,center_7,center_8,center_9,center_10,center_11,center_12,center_13,center_14,center_15,center_16,center_17,center_18,center_19,center_20,center_21,center_22,center_23,center_24,center_25,center_26,center_27,center_28,center_29,center_30,center_31,center_32,center_33,center_34,center_35,center_36,center_37,center_38,center_39,center_40,radius
0.6182051537734599,0.019398539451504493,0.1374123873615093,0.6798074769889725,0.07377915524000933,0.23122135155860246,0.47630487585756676,0.2788654949773891,0.2968189585196439,0.4496728566785917,0.19118884730443264,0.7983862426951709,0.03366363785172133,0.9152639344841544,0.44498954374455113,0.34575799194661305,0.941332084389605,0.24927069152793324,0.00785028665047438,0.7564360565642567,0.3904511287469591,0.07594880660416814,0.8687151605133521,0.7895162882830263,0.9925578337770641,0.06705619560437803,0.901703536426537,0.20564550382864144,0.17791025591576204,0.6632762232761447,0.7909933558226939,0.6829570774115291,0.8598760608088029,0.8577276533279006,0.2643338075377828,0.5366114423483105,0.9092654965719568,0.6121002214736211,0.07851182271713197,0.041496582883633115,0.6432694998362138,3.1202783437547645
0.3778133170691659,0.4644762913011268,0.20691893250309223,0.9139724065861012,0.9047679413462504,0.8340151680328824,0.8411180630624334,0.5391454760829414,0.233136122124721,0.9678921327624895,0.19503172930285184,0.3618385438409808,0.1569006497833978,0.38091757975845464,0.6453279022580488,0.3561200257595878,0.19996425750746993,0.9591472491605324,0.5989057620028526,0.08250614136442014,0.8777209104275735,0.3278076838069689,0.5850163333975034,0.4840122207662567,0.6841886417289793,0.8532484779647246,0.5046977765540449,0.8208196518955668,0.7992137077643897,0.40631184923055275,0.01410353965591149,0.20183509267842503,0.3395297476847452,0.052451418619602896,0.6096462886584106,0.6833857756283576,0.4957836954181045,0.5220591852012272,0.9857162737505467,0.7658764256366439,0.19555653832980013,3.3165462782918023
