center_0,center_1,center_2,center_3,center_4,center_5,center_6,center_7,center_8,center_9,center_10,center_11,center_12,center_13,center_14,center_15,center_16,center_17,center_18,center_19,center_20,center_21,center_22,center_23,center_24,center_25,center_26,center_27,center_28,center_29,center_30,center_31,center_32,center_33,center_34,center_35,center_36,center_37,center_38,center_39,center_40,radius
0.9005084100807168,0.24116423267971898,0.49183910170901723,0.31192092073480604,0.9591638755812109,0.33548842583061234,0.6590230847435006,0.6329076283694565,0.8026906546912417,0.2594005773178939,0.2729667766171747,0.7223009456842192,0.6521411035363788,0.6240196208571895,0.4786055286678156,0.6679083235448605,0.46159430876683893,0.11722569443302666,0.7618462402614895,0.8034078918891443,0.8009446189162276,0.23267689563931637,0.736132936384278,0.6815504334778468,0.22956950823580513,0.1549388690193878,0.2893359534311096,0.21871129563241032,0.8867593691031095,0.17197600673751823,0.09676568291909382,0.2068429541916399,0.419746444705715,0.9387421012173514,0.12217275297932739,0.9412655748300298,0.693922543083651,0.882319733297201,0.27598879387525477,0.22490105033694074,0.7723928044998621,3.2198738099825457
0.10790051665056588,0.5437668866887815,0.8041959791166298,0.6588525595193824,0.41831528159760434,0.3737944874546766,0.6735531051214837,0.11087990903002498,0.9597345736785736,0.09855502595242982,0.9846713922268108,0.1531265144710644,0.5045937016456793,0.00977732537278353,0.24439477994214565,0.2769209618229046,0.025207039763155747,0.9829566034974637,0.238328947553196,0.1308305151063398,0.3146186777056935,0.6882228346137159,0.31094478805966796,0.4169203650911688,0.12809727131589776,0.9965831751804897,0.8972885414018369,0.8322274895816384,0.30930338745026986,0.9185389157885011,0.612706346158471,0.056913007753121914,0.9396129185137166,0.13033100393862773,0.6972468062338367,0.22517024915713524,0.6154316769832041,0.3185841071334887,0.37334509545322236,0.3956361050690266,0.0629226118950521,3.089079172341298
