center_0,center_1,center_2,center_3,center_4,center_5,center_6,center_7,center_8,center_9,center_10,center_11,center_12,center_13,center_14,center_15,center_16,center_17,center_18,center_19,center_20,center_21,center_22,center_23,center_24,center_25,center_26,center_27,center_28,center_29,center_30,center_31,center_32,center_33,center_34,center_35,center_36,center_37,center_38,center_39,center_40,center_41,radius
0.3988802769677544,0.7880926853070751,0.6786424047415838,0.42237856736041923,0.6367167657410189,0.7165031300270684,0.28528570686520927,0.18223946384480427,0.7477259100995389,0.9222609908410719,0.24431051062562492,0.7146400548465771,0.6491884889782562,0.22230361118526465,0.5477985638670987,0.5650237262656458,0.6838929455148581,0.6795044462076264,0.14908380018153322,0.8809400886609213,0.9880102286932869,0.29790109836683176,0.6862392842777781,0.5946447846934901,0.6193048431748989,0.33663643535499455,0.3359951267864739,0.43998785871808344,0.7910724061265267,0.993736523415739,0.6416646281847304,0.49826332743632407,0.7313178716972711,0.42417363421675736,0.5295585975052577,0.12475136173159829,0.3073225898494387,0.2779926142250668,0.5062683826695171,0.44077039523374784,0.9995634608656305,0.7898852358245546,3.316412101955917
