center_0,center_1,center_2,center_3,center_4,center_5,center_6,center_7,center_8,center_9,center_10,center_11,center_12,center_13,center_14,center_15,center_16,center_17,center_18,center_19,center_20,center_21,center_22,center_23,center_24,center_25,center_26,center_27,center_28,center_29,center_30,center_31,center_32,center_33,center_34,center_35,center_36,center_37,center_38,center_39,center_40,radius
0.031782312689545233,0.3215247404810152,0.5665365685382228,0.9197740579786619,0.7729212855213219,0.7074214805042052,0.5183214295303857,0.011551616479746007,0.23553755795123066,0.9293220586153941,0.5222665884682663,0.11201162784515017,0.4739690332999166,0.5771368087823867,0.9482599632548638,0.2670096558468603,0.9843646954600253,0.7750058533347359,0.2962886305960091,0.961939694958499,0.9163520512688539,0.9443118709657959,0.10298825929700606,0.5342792286364009,0.7952683366484765,0.5369985735671108,0.804347746586523,0.7663780708849568,0.4363177578799661,0.5419795423180479,0.12868138211486002,0.7812254838491924,0.2122308727389831,0.9147264568186106,0.885613788841508,0.6867740914092325,0.8557081377895872,0.48071143279899453,0.23935907021556813,0.9110019511352501,0.4298656037778088,3.8151648238382774
