center_0,center_1,center_2,center_3,center_4,center_5,center_6,center_7,center_8,center_9,center_10,center_11,center_12,center_13,center_14,center_15,center_16,center_17,center_18,center_19,center_20,center_21,center_22,center_23,center_24,center_25,center_26,center_27,center_28,center_29,center_30,center_31,center_32,center_33,center_34,center_35,center_36,center_37,center_38,center_39,center_40,radius
0.5586314575108017,0.7469670856806152,0.8900904350840723,0.7582553592930222,0.9891492109916573,0.735913784008999,0.5007886583492879,0.2568401402110819,0.5099140976606558,0.16932550036099592,0.2214791932198612,0.5860134599533531,0.48913536973807115,0.06246126891702408,0.9977800041286169,0.7024730465680966,0.03274915878339857,0.7053512893246738,0.1929559436839049,0.9028201130848891,0.5072757953085857,0.780388461794197,0.22992545347921067,0.7049656865867314,0.15281555849520845,0.43671586424263464,0.8385351284721103,0.5992391059049456,0.7003030717280593,0.8692551531083653,0.9063073511490793,0.5233699430438269,0.24397330766297498,0.9844766207846809,0.5155638337538532,0.24254506586702673,0.9894820679866649,0.21998350544477308,0.7120832974511278,0.5245749279090016,0.6865123414211228,3.350494574157472
0.7977630068807925,0.04399244948254388,0.7162208968730913,0.20714019845195197,0.3030504654354774,0.9600807476580913,0.756938880477182,0.9869397975198066,0.6470026492728441,0.13394551420485123,0.8155174745076866,0.9126423981685693,0.494377813842943,0.7930084071021849,0.04090942822525112,0.12520474447714358,0.7956146947873493,0.38727057169017065,0.30199537617294225,0.155947273300442,0.8056034430558192,0.804418334983067,0.9933779122578001,0.062297943176884196,0.16312188900023716,0.8688056450992582,0.7442978879367654,0.8200610900666098,0.189308451636493,0.03305875670793956,0.08071892348579024,0.8808047954805076,0.927299398870049,0.19962143522325881,0.03234619534504557,0.7754903477814351,0.45459091804884766,0.9394458330566436,0.40938325717682733,0.05660565686614627,0.40325732608679565,3.410654294532313
