center_0,center_1,center_2,center_3,center_4,center_5,center_6,center_7,center_8,center_9,center_10,center_11,center_12,center_13,center_14,center_15,center_16,center_17,center_18,center_19,center_20,center_21,center_22,center_23,center_24,center_25,center_26,center_27,center_28,center_29,center_30,center_31,center_32,center_33,center_34,center_35,center_36,center_37,center_38,center_39,center_40,radius
0.7993517590699928,0.7288159255515392,0.5803397716769014,0.505103393602944,0.3117002381087318,0.11236465625604486,0.5322435120533489,0.6076989750845656,0.6902407569829623,0.6531568175961974,0.4233341205982607,0.07715329961586681,0.7818950790133696,0.33262360086362475,0.9175840106739849,0.08370818098690713,0.13007704513300355,0.42080973651936127,0.8513658051098659,0.6917187867680897,0.4738621706458349,0.5629232015940332,0.6595645118422739,0.09563751565732337,0.9410504250885309,0.898453204907109,0.3617159456739695,0.007808772056659419,0.683255451853754,0.5108678809789642,0.7631540383642277,0.5319872591462416,0.48211792331645864,0.05293098749104819,0.6214300744139554,0.6116884567263786,0.3541074499821508,0.957767844508194,0.9601517019826463,0.07555040781738986,0.18219414369214182,3.119301045670262
0.19484111207599664,0.08398010199851169,0.07081090968212234,0.03881082261208213,0.800095630981164,0.8988616566965445,0.5652590094827313,0.6143370596679435,0.27139939102138866,0.8563803667286223,0.06214451337909288,0.7108730501794,0.3762667886193217,0.34109380147064594,0.10020613769435238,0.8128404318044264,0.7288091938976549,0.9955532555424368,0.8135917779689524,0.7061312559904502,0.10946788684731279,0.3357243232296674,0.6898657590647879,0.5438795644566026,0.017106530719622648,0.2669333437744583,0.0311456627026514,0.05447014285981411,0.7811922601893045,0.43622585691948024,0.16946971636356578,0.43581610543841653,0.6215605913029889,0.9670539577246862,0.8904328908862271,0.4811942180209441,0.6579693207772936,0.07260310295437966,0.22889929233985185,0.18929240802271297,0.9250760747493548,3.20616844790911
