center_0,center_1,center_2,center_3,center_4,center_5,center_6,center_7,center_8,center_9,center_10,center_11,center_12,center_13,center_14,center_15,center_16,center_17,center_18,center_19,center_20,center_21,center_22,center_23,center_24,center_25,center_26,center_27,center_28,center_29,center_30,center_31,center_32,center_33,center_34,center_35,center_36,center_37,center_38,center_39,center_40,radius
0.7341725158684508,0.15774443187827836,0.29277970444490786,0.058618831063707355,0.2532810347185732,0.15648748720187922,0.35066807653073573,0.44154880458102175,0.7669072786500573,0.3215367436835953,0.35031589729342405,0.3295998516330735,0.07430702333537054,0.8861458083068047,0.2507087238850083,0.5648422513746423,0.6127867376615124,0.24949538049930164,0.2608943944167552,0.5064540108840057,0.0647695879941852,0.6689587433065849,0.6565882064967842,0.09617595578320681,0.031187926158615098,0.9884240172538856,0.19927545348250575,0.2731786366850907,0.5892778744226785,0.022469815375816382,0.6999106673101226,0.20703207016191416,0.2863570150923477,0.3587797124579063,0.44897394535568647,0.7698324374593872,0.9753461008329559,0.09940141216819542,0.04853118894221997,0.33207290674678613,0.7208099889537716,2.8879358281781657
0.8590717108766922,0.10900270597278583,0.8481300597093213,0.8129404008328541,0.908519495332507,0.20820204675281184,0.0883370366689028,0.7637275329074144,0.8714827098817893,0.4741470489740768,0.6522020913848258,0.9364464762554916,0.7675300650787498,0.6670402256636467,0.41292173342879634,0.9805409564233706,0.9266120523202305,0.67032581638002,0.1464333687842727,0.8870429909970249,0.5263794577948082,0.8901015096768469,0.9793911212563488,0.900911719610468,0.017166347994808984,0.48842425117132393,0.2955252208151209,0.691587241759741,0.5002944536589696,0.9763380099039685,0.2759638695445835,0.09531966340476439,0.4823599334948029,0.05420353665712885,0.43944170887172584,0.13384404220214596,0.129468325810437,0.8614736842810581,0.6717735409882156,0.9392854359451173,0.16049678760111152,3.6792245496464617
