center_0,center_1,center_2,center_3,center_4,center_5,center_6,center_7,center_8,center_9,center_10,center_11,center_12,center_13,center_14,center_15,center_16,center_17,center_18,center_19,center_20,center_21,center_22,center_23,center_24,center_25,center_26,center_27,center_28,center_29,center_30,center_31,center_32,center_33,center_34,center_35,center_36,center_37,center_38,center_39,center_40,radius
0.6681011442732357,0.49040305368501624,0.03184125005132887,0.5037390118372183,0.8350312355007853,0.04233262684891326,0.7870434614164691,0.6660930311915446,0.48842569538174985,0.019071075555848416,0.34065481501756145,0.7369562215545604,0.18838090345483038,0.04902372752247497,0.3229865588324956,0.7436992420240538,0.9882345383631649,0.8005192133424235,0.7068298517732977,0.9689223914708701,0.29973647203641884,0.5512576439433436,0.48975999422124894,0.43939538474386153,0.08846329245021944,0.2312533010040062,0.731115236140368,0.5741447336729434,0.23823201601982147,0.01601627429252428,0.11861960361937407,0.9686699399586388,0.1811408374671849,0.5639782077939032,0.10751158555789708,0.03337370182235033,0.061541047671856086,0.694153233019768,0.5938525065182234,0.5271789808408834,0.4213165477211591,3.2176874510600095
0.6655111922266314,0.8675017898012611,0.3991202506137419,0.606732051685365,0.6652221889544808,0.577112540513543,0.2742013438394004,0.5709307324248899,0.9650252107111309,0.9826463744584285,0.8603698309821326,0.1389157254219172,0.7743028924219253,0.8189921835334021,0.9638061024762771,0.18044856344163773,0.042025171366183445,0.1013142512530798,0.1018458309281205,0.408279943163662,0.8688660844414778,0.3102488420375592,0.6097171256430065,0.6310535450250739,0.30714642895602184,0.5494321198827868,0.6024291016052653,0.9507871406342603,0.2927329112401461,0.32199715470919155,0.9778241978492501,0.07369980426546541,0.3967846890113157,0.6395524311915378,0.9121458753261513,0.8945221568029144,0.25253169076671655,0.24882436502622085,0.6764687345018678,0.09883461345218447,0.5317021529760491,3.653647732722074
