center_0,center_1,center_2,center_3,center_4,center_5,center_6,center_7,center_8,center_9,center_10,center_11,center_12,center_13,center_14,center_15,center_16,center_17,center_18,center_19,center_20,center_21,center_22,center_23,center_24,center_25,center_26,center_27,center_28,center_29,center_30,center_31,center_32,center_33,center_34,center_35,center_36,center_37,center_38,center_39,center_40,radius
0.31354809467544786,0.9397850133523022,0.3421351649209111,0.38718952141499086,0.7879315841965162,0.5235255035398797,0.1806937690388689,0.928954552391721,0.09645253960358713,0.605918913552579,0.9577428668615598,0.27727365594121334,0.2216898550823494,0.9086782441563781,0.03905810034126411,0.7019840409843844,0.648894920747236,0.6418330357042084,0.5506379796491914,0.7849564668444402,0.059583831365703555,0.8318661467248425,0.923597619310812,0.18363841467106023,0.591119993803446,0.36811385086711745,0.5497617504496068,0.21162905533734855,0.8553260035851316,0.19668887146247427,0.9833890794315349,0.26192790668113364,0.7463867123993889,0.5135037251587066,0.37294418054440037,0.027342390521685522,0.544411449516242,0.5552343721005492,0.9746522600357324,0.4062829214432049,0.15431033710183795,3.390981513475799
0.16222658152754565,0.14081932058084679,0.3852319491770786,0.8387683970947705,0.05062471424593318,0.864783532559071,0.950200402268527,0.10802106864544991,0.7338347557525002,0.9810436839481756,0.6791042892877202,0.865878789988135,0.7218107392335322,0.025339874886028735,0.9478082168615721,0.1645850724874286,0.023247365745831305,0.7969906357027046,0.8668696875956486,0.011878908900031737,0.007821274772881082,0.5826938969645279,0.0899168783548715,0.7271085622796833,0.347302199063925,0.029517117363535128,0.8969787981299187,0.5534140647021213,0.1346909527060225,0.37132889387614776,0.027242830785616845,0.951718815368563,0.9265916986830016,0.7825684407568747,0.8762791776132439,0.00962554548519401,0.8287039666760166,0.0035706316060232224,0.7430633928257209,0.8561073710730341,0.6032066364770959,3.529015743845019
