center_0,center_1,center_2,center_3,center_4,center_5,center_6,center_7,center_8,center_9,center_10,center_11,center_12,center_13,center_14,center_15,center_16,center_17,center_18,center_19,center_20,center_21,center_22,center_23,center_24,center_25,center_26,center_27,center_28,center_29,center_30,center_31,center_32,center_33,center_34,center_35,center_36,center_37,center_38,center_39,center_40,radius
0.6705790719813237,0.003985755946234959,0.33057998008433165,0.7169710792666836,0.315757865491352,0.7633687322281388,0.5245911828431771,0.2293750564646434,0.8870311867421343,0.5118295199783502,0.4421493589680152,0.22063992044364655,0.18556512464386232,0.8208937842566618,0.48072389832741746,0.6677759983479384,0.23914699312603527,0.11290302883334569,0.6762529306744159,0.13062234631419456,0.2543390174418547,0.09818555759283654,0.3795954416480658,0.7121165213661302,0.5633212662085172,0.9830897472744595,0.4754737324663407,0.3959277113107871,0.9632056447364186,0.15024760261826098,0.9391248953731481,0.5402555679237773,0.1526633190374057,0.8724291892539686,0.598430745441501,0.17971980734106108,0.7361379120049469,0.14630670087348796,0.5901289543700105,0.14716746972452832,0.06946438183151993,3.062846846267037
0.002911876497714072,0.21320099184786212,0.7819298481461827,0.27057278406458285,0.9844084431152149,0.16557009974682935,0.4233645528935681,0.9348277381625419,0.7924589820798486,0.4193451453642161,0.9265946909981103,0.8860311585561075,0.04147661929304047,0.3875146364759865,0.8234634018142508,0.9153634126289811,0.9036532474266554,0.8403846901358134,0.24398038168605052,0.5085572774809786,0.5789450299489536,0.7194836357544959,0.9317533781569939,0.15566849489558043,0.1419841217072978,0.19168406040559838,0.1843255235617116,0.18009984552057767,0.23400724243994075,0.9077022553138671,0.23321777918354125,0.5095911462164376,0.4795304538715467,0.817615904628207,0.276651849825751,0.8221905182340733,0.4162255978416819,0.6035582712864922,0.3946945905529923,0.1352151245458112,0.6187187105246615,3.543977994093894
