center_0,center_1,center_2,center_3,center_4,center_5,center_6,center_7,center_8,center_9,center_10,center_11,center_12,center_13,center_14,center_15,center_16,center_17,center_18,center_19,center_20,center_21,center_22,center_23,center_24,center_25,center_26,center_27,center_28,center_29,center_30,center_31,center_32,center_33,center_34,center_35,center_36,center_37,center_38,center_39,center_40,radius
0.25054352636191835,0.1362465176530181,0.7162584573685395,0.4485368774167733,0.8459964329117927,0.16973801811930334,0.35115763289619817,0.469307680628678,0.029519402238141756,0.6654938327232879,0.41613345444045524,0.8130996874754456,0.04193613389627615,0.21918286208289162,0.9619685014387164,0.9235361217091893,0.2597983552749291,0.057274154665515886,0.6945383506969309,0.30288186599475664,0.9469174860621308,0.21501742497187937,0.8177350219846802,0.6965483717137423,0.5665091097339543,0.9794111167654911,0.6627325846561312,0.860524117538278,0.9004932767905027,0.3011222238090404,0.45236911104971456,0.47215211804519164,0.6269890883808454,0.21960381629501002,0.615678680442731,0.7659916132993349,0.5051160196586866,0.5567930023669088,0.16129368408120326,0.5526618770438254,0.8106916383055064,3.3887926078339428
