center_0,center_1,center_2,center_3,center_4,center_5,center_6,center_7,center_8,center_9,center_10,center_11,center_12,center_13,center_14,center_15,center_16,center_17,center_18,center_19,center_20,center_21,center_22,center_23,center_24,center_25,center_26,center_27,center_28,center_29,center_30,center_31,center_32,center_33,center_34,center_35,center_36,center_37,center_38,center_39,center_40,radius
0.11214318745839169,0.7699286028224486,0.12677516886221374,0.7670751163679091,0.3447533962838645,0.4765158186635876,0.0009192306087513202,0.858464370175207,0.016983055424866444,0.7222229502578862,0.38136167618688777,0.6668532877373283,0.3914487095504705,0.7839944183219878,0.5978743873802095,0.8994611183542917,0.5139940926096552,0.01600701102684876,0.44047570955625226,0.8930954432421558,0.7566482024354254,0.8562539559018515,0.7343228199420941,0.8021203441715125,0.22454418084605388,0.821897998976094,0.13800206749170063,0.9392979883705556,0.16597746708734828,0.9188836663232479,0.6059148826655549,0.9908048456102017,0.7216278735475696,0.02232816849751862,0.9118927437463453,0.4170227617440143,0.28549549642315775,0.7991566464204282,0.8576511298644433,0.6858713819489509,0.3422634719071379,3.369316804371687
0.08413966917865057,0.870418462456976,0.7007324364671745,0.16632208366541323,0.22389858753569702,0.9793506462936822,0.5205240574294531,0.9469358801525157,0.9900188266392335,0.3295253984796461,0.7051700557426082,0.4022491334027787,0.9760144878850664,0.11473491922541623,0.5358154439658268,0.3059438753809456,0.8817775114528639,0.6839368595851987,0.1385928247806223,0.10283817501738102,0.02929100736549295,0.07921121962772948,0.8019667223354378,0.3108356916661885,0.21348764780732488,0.8879121369662336,0.7625802433325344,0.0048108935952386744,0.9552895804137167,0.11935605879189004,0.4287069286140489,0.8742973166712414,0.6022363286215857,0.915573155660481,0.3260047931022555,0.8282197711587872,0.5859544977017144,0.5767831128263383,0.0429390143292111,0.22002427893604293,0.8021741210551103,3.007066986714925
