center_0,center_1,center_2,center_3,center_4,center_5,center_6,center_7,center_8,center_9,center_10,center_11,center_12,center_13,center_14,center_15,center_16,center_17,center_18,center_19,center_20,center_21,center_22,center_23,center_24,center_25,center_26,center_27,center_28,center_29,center_30,center_31,center_32,center_33,center_34,center_35,center_36,center_37,center_38,center_39,center_40,radius
0.5320769037948818,0.9357144219371213,0.1389959700993766,0.18339288995558078,0.9664101775109114,0.15697968470955626,0.3554475469539864,0.6131990662329581,0.31819758941157106,0.16274827880621068,0.010803871014530952,0.7638492858440483,0.9397031393692737,0.23180617446929686,0.10707176816113273,0.9885916575200383,0.4015365302354935,0.9343016548488365,0.37360769656365334,0.11239568509786191,0.7581123793681308,0.7661490345439222,0.8899561897763218,0.15395443746890458,0.22935742694070094,0.5171352344770807,0.06651579402209962,0.04155942920316591,0.9051973548413277,0.42684975729841257,0.340422851238413,0.13053892038768078,0.7223412884775724,0.6681579659605618,0.1757990221511997,0.5485992387171823,0.8985400449021292,0.9915901814650203,0.4502222318867236,0.6614358916518013,0.06256481889740162,3.106455933611721
0.10405069072915663,0.7151100570828837,0.7375560699219746,0.9261165257537436,0.480047243895419,0.7058265248224808,0.7391964853313691,0.7165821306632472,0.6177528756319142,0.4944288574527622,0.9496149817099329,0.48708105133145907,0.2466504383711149,0.06396333864475523,0.8124802583058665,0.23132577922083974,0.8784434175720449,0.1801456178942814,0.32355106634652264,0.042627470484724816,0.34249201421294406,0.36687284967892553,0.18341813045024902,0.9952613789171615,0.9518007116684432,0.9392977343233027,0.6070308138131779,0.9932581659587254,0.23009062987029205,0.7933599832415644,0.8345463009183244,0.9914967517838013,0.9103205104657007,0.9522657074774398,0.10401845108573271,0.4999743144322397,0.3014158652743192,0.7762329524671944,0.8195348223381634,0.44737031840418395,0.5394746801273747,3.417085785211194
