center_0,center_1,center_2,center_3,center_4,center_5,center_6,center_7,center_8,center_9,center_10,center_11,center_12,center_13,center_14,center_15,center_16,center_17,center_18,center_19,center_20,center_21,center_22,center_23,center_24,center_25,center_26,center_27,center_28,center_29,center_30,center_31,center_32,center_33,center_34,center_35,center_36,center_37,center_38,center_39,center_40,radius
0.596871560464898,0.5805279663670886,0.3659720870066113,0.18130739600823054,0.8446250795406222,0.4334316991072349,0.34868393253363106,0.44686406894440434,0.5611372591717244,0.6615063141839331,0.24973334770516142,0.47554912367396407,0.8091886990801189,0.7656802069714493,0.6155156229314495,0.005534672098340687,0.14280264429812928,0.261927339582555,0.7990408273022636,0.9510203989623882,0.9552548397389674,0.24703719445574113,0.02808956165010812,0.5699446175466388,0.773327179477082,0.11557600486225084,0.78371124157701,0.6048141955810136,0.9194122500892886,0.3422052146197002,0.5031681038905771,0.684339243126527,0.8281678643761796,0.20889608357731893,0.09176739641792464,0.5206913066974546,0.8983459084679029,0.42971280002487056,0.1728980322323892,0.7676219235357871,0.8671679099483215,3.1615313704381713
0.9599244717626335,0.4261784069832425,0.610983109159873,0.8395295947960982,0.7307094220258292,0.11037854183984541,0.06157057110794528,0.7725796752684813,0.07801991932488306,0.34846934877960833,0.9031184918832224,0.36211188552403417,0.024157790388359413,0.24905782269980492,0.7261654613666578,0.935140929632224,0.847979865425333,0.7712443320329885,0.426797476793352,0.47290144235324194,0.05914013963076503,0.9770170532951202,0.8214389643434256,0.7505893706976003,0.09242147844994453,0.0457646288653365,0.5506247872283927,0.6684670184763049,0.14282281794117468,0.6030531653396931,0.6618799305663217,0.6556156041850422,0.0200825815390272,0.5379098021515939,0.3406593042363111,0.732335427337528,0.1345670471467063,0.6394892024188432,0.7838768941187585,0.8610004718297881,0.2523627205273332,3.447132180911285
