center_0,center_1,center_2,center_3,center_4,center_5,center_6,center_7,center_8,center_9,center_10,center_11,center_12,center_13,center_14,center_15,center_16,center_17,center_18,center_19,center_20,center_21,center_22,center_23,center_24,center_25,center_26,center_27,center_28,center_29,center_30,center_31,center_32,center_33,center_34,center_35,center_36,center_37,center_38,center_39,center_40,center_41,radius
0.7628047753388008,0.4635174000650253,0.4388380793431639,0.0389218987498301,0.9158904032067732,0.17923782785692355,0.6355446781564059,0.28108780889398866,0.6356320826838743,0.256636683380162,0.3437804717376599,0.4555358386745846,0.18829861725186703,0.8617749897827729,0.7840943370710499,0.608746096302811,0.3357155872345392,0.0859510487156675,0.6031141208361248,0.5588571544982279,0.11765888803748592,0.5797380889596301,0.5480530909100344,0.98580782373558,0.6107439968285123,0.992488756782794,0.5708847112510342,0.4413958277617067,0.4220817233470239,0.2855072048331493,0.4471643455924901,0.005508946899893674,0.466210011754718,0.33414172005177323,0.005000728020805201,0.16858863630556464,0.7970033831854734,0.4020969019341062,0.722396240753751,0.3701203322371168,0.6887276746338533,0.402184212826151,3.1832581541886067
0.5508204278068081,0.013931527068053562,0.9568066175068313,0.7170165671275555,0.11440173807242449,0.8865671891968114,0.09350119532561574,0.8112302631169502,0.16373481096183384,0.9285643734822956,0.8201842465456987,0.25813189154157123,0.6152827069223429,0.462418604058755,0.07433015694755185,0.019347521520091893,0.9386001731864138,0.7219520161853935,0.5327517033763264,0.9479357007175845,0.939247654335361,0.6590893257201558,0.9062095453113501,0.2494081955856159,0.598758436646898,0.23347132711554686,0.1630355440962522,0.07318033578147465,0.4262815009560661,0.34604482839000805,0.8793586338606513,0.5166626420239251,0.9416642170162637,0.9013332295294657,0.868934409536723,0.7667008751536497,0.7647556424775405,0.22253675257817795,0.37167897433096886,0.2356050929234269,0.19334399276390002,0.9637159852049882,3.4429150343534354
